chirp,ID,chDur,carrier_freq,temp,mean_temp,temp_diff,chDur_decrease,carrier_increase,chDur_target,carrier_target,time_scale_factor,freq_scale_factor
LPL11_0,LPL,5412.0,5727.83203125,32.2,28.6,-3.6000000000000014,-480.9420000000002,-239.5800000000001,5892.942,5488.25203125,1.0888658536585365,0.9581726561301211
LPL11_2,LPL,5498.0,5534.033203125,32.2,28.6,-3.6000000000000014,-480.9420000000002,-239.5800000000001,5978.942,5294.453203125,1.087475809385231,0.9567078853331216
LPL11_6,LPL,5486.0,5620.166015625,32.2,28.6,-3.6000000000000014,-480.9420000000002,-239.5800000000001,5966.942,5380.586015625,1.0876671527524608,0.9573713660176716
LPL11_8,LPL,5508.0,5620.166015625,32.2,28.6,-3.6000000000000014,-480.9420000000002,-239.5800000000001,5988.942,5380.586015625,1.0873169934640523,0.9573713660176716
LPL11_9,LPL,5499.0,5534.033203125,32.2,28.6,-3.6000000000000014,-480.9420000000002,-239.5800000000001,5979.942,5294.453203125,1.0874599018003273,0.9567078853331216
LPL11_10,LPL,5330.0,5706.298828125,32.2,28.6,-3.6000000000000014,-480.9420000000002,-239.5800000000001,5810.942,5466.718828125,1.0902330206378987,0.95801481709665
LPL11_12,LPL,5433.0,5727.83203125,32.2,28.6,-3.6000000000000014,-480.9420000000002,-239.5800000000001,5913.942,5488.25203125,1.088522363335174,0.9581726561301211
LPL11_14,LPL,5282.0,5727.83203125,32.2,28.6,-3.6000000000000014,-480.9420000000002,-239.5800000000001,5762.942,5488.25203125,1.0910530102234002,0.9581726561301211
LPL11_17,LPL,5542.0,5706.298828125,32.2,28.6,-3.6000000000000014,-480.9420000000002,-239.5800000000001,6022.942,5466.718828125,1.0867813063875855,0.95801481709665
LPL11_19,LPL,5525.0,5620.166015625,32.2,28.6,-3.6000000000000014,-480.9420000000002,-239.5800000000001,6005.942,5380.586015625,1.0870483257918553,0.9573713660176716
LPL11_23,LPL,5574.0,5684.765625,32.2,28.6,-3.6000000000000014,-480.9420000000002,-239.5800000000001,6054.942,5445.185625,1.0862831001076427,0.9578557823129252
LPL11_25,LPL,5508.0,5727.83203125,32.2,28.6,-3.6000000000000014,-480.9420000000002,-239.5800000000001,5988.942,5488.25203125,1.0873169934640523,0.9581726561301211
LPL11_27,LPL,5447.0,5663.232421875,32.2,28.6,-3.6000000000000014,-480.9420000000002,-239.5800000000001,5927.942,5423.652421875,1.0882948411969893,0.95769553813921
LPL11_29,LPL,5578.0,5706.298828125,32.2,28.6,-3.6000000000000014,-480.9420000000002,-239.5800000000001,6058.942,5466.718828125,1.0862212262459665,0.95801481709665
LPL11_33,LPL,5533.0,5749.365234375,32.2,28.6,-3.6000000000000014,-480.9420000000002,-239.5800000000001,6013.942,5509.785234375,1.0869224652087477,0.958329312848735
LPL11_36,LPL,5610.0,5770.8984375,32.2,28.6,-3.6000000000000014,-480.9420000000002,-239.5800000000001,6090.942,5531.3184375,1.0857294117647058,0.9584848004873592
LPL11_38,LPL,5462.0,5620.166015625,32.2,28.6,-3.6000000000000014,-480.9420000000002,-239.5800000000001,5942.942,5380.586015625,1.0880523617722446,0.9573713660176716
LPL11_40,LPL,5504.0,5555.56640625,32.2,28.6,-3.6000000000000014,-480.9420000000002,-239.5800000000001,5984.942,5315.98640625,1.087380450581395,0.9568756842271792
LPL11_42,LPL,5451.0,5663.232421875,32.2,28.6,-3.6000000000000014,-480.9420000000002,-239.5800000000001,5931.942,5423.652421875,1.088230049532196,0.95769553813921
LPL11_44,LPL,5410.0,5663.232421875,32.2,28.6,-3.6000000000000014,-480.9420000000002,-239.5800000000001,5890.942,5423.652421875,1.0888987060998152,0.95769553813921
LPL11_46,LPL,5542.0,5684.765625,32.2,28.6,-3.6000000000000014,-480.9420000000002,-239.5800000000001,6022.942,5445.185625,1.0867813063875855,0.9578557823129252
LPL11_49,LPL,5537.0,5598.6328125,32.2,28.6,-3.6000000000000014,-480.9420000000002,-239.5800000000001,6017.942,5359.0528125,1.0868596713021492,0.957207409733124
LPL11_50,LPL,5611.0,5641.69921875,32.2,28.6,-3.6000000000000014,-480.9420000000002,-239.5800000000001,6091.942,5402.11921875,1.0857141329531277,0.9575340707275276
LPL11_52,LPL,5530.0,5878.564453125,32.2,28.6,-3.6000000000000014,-480.9420000000002,-239.5800000000001,6010.942,5638.984453125,1.0869696202531645,0.9592451521267849
LPL11_55,LPL,5442.0,5512.5,32.2,28.6,-3.6000000000000014,-480.9420000000002,-239.5800000000001,5922.942,5272.92,1.0883759647188531,0.956538775510204
LPL11_56,LPL,5432.0,5641.69921875,32.2,28.6,-3.6000000000000014,-480.9420000000002,-239.5800000000001,5912.942,5402.11921875,1.0885386597938145,0.9575340707275276
LPL11_58,LPL,5515.0,5857.03125,32.2,28.6,-3.6000000000000014,-480.9420000000002,-239.5800000000001,5995.942,5617.45125,1.087206165004533,0.9590953181272508
LPL11_60,LPL,5570.0,5684.765625,32.2,28.6,-3.6000000000000014,-480.9420000000002,-239.5800000000001,6050.942,5445.185625,1.086345062836625,0.9578557823129252
LPL11_62,LPL,5505.0,5706.298828125,32.2,28.6,-3.6000000000000014,-480.9420000000002,-239.5800000000001,5985.942,5466.718828125,1.0873645776566758,0.95801481709665
LPL11_64,LPL,5526.0,5813.96484375,32.2,28.6,-3.6000000000000014,-480.9420000000002,-239.5800000000001,6006.942,5574.38484375,1.0870325732899022,0.9587923204837492
LPL11_69,LPL,5344.0,5813.96484375,32.2,28.6,-3.6000000000000014,-480.9420000000002,-239.5800000000001,5824.942,5574.38484375,1.089996631736527,0.9587923204837492
LPL11_74,LPL,5560.0,5749.365234375,32.2,28.6,-3.6000000000000014,-480.9420000000002,-239.5800000000001,6040.942,5509.785234375,1.0865003597122302,0.958329312848735
LPL11_76,LPL,5487.0,5813.96484375,32.2,28.6,-3.6000000000000014,-480.9420000000002,-239.5800000000001,5967.942,5574.38484375,1.0876511755057408,0.9587923204837492
LPL11_78,LPL,5469.0,5577.099609375,32.2,28.6,-3.6000000000000014,-480.9420000000002,-239.5800000000001,5949.942,5337.519609375,1.0879396599012616,0.9570421873768812
LPL11_79,LPL,5386.0,5663.232421875,32.2,28.6,-3.6000000000000014,-480.9420000000002,-239.5800000000001,5866.942,5423.652421875,1.0892948384701078,0.95769553813921
LPL11_80,LPL,5429.0,5706.298828125,32.2,28.6,-3.6000000000000014,-480.9420000000002,-239.5800000000001,5909.942,5466.718828125,1.0885875851906428,0.95801481709665
LPL11_81,LPL,4668.0,5641.69921875,32.2,28.6,-3.6000000000000014,-480.9420000000002,-239.5800000000001,5148.942,5402.11921875,1.103029562982005,0.9575340707275276
LPL11_82,LPL,5154.0,5641.69921875,32.2,28.6,-3.6000000000000014,-480.9420000000002,-239.5800000000001,5634.942,5402.11921875,1.093314318975553,0.9575340707275276
LPL11_83,LPL,5474.0,5684.765625,32.2,28.6,-3.6000000000000014,-480.9420000000002,-239.5800000000001,5954.942,5445.185625,1.0878593350383632,0.9578557823129252
LPL11_84,LPL,5255.0,5598.6328125,32.2,28.6,-3.6000000000000014,-480.9420000000002,-239.5800000000001,5735.942,5359.0528125,1.0915208372978116,0.957207409733124
LPL11_86,LPL,5401.0,5727.83203125,32.2,28.6,-3.6000000000000014,-480.9420000000002,-239.5800000000001,5881.942,5488.25203125,1.0890468431771894,0.9581726561301211
LPL11_87,LPL,5370.0,5749.365234375,32.2,28.6,-3.6000000000000014,-480.9420000000002,-239.5800000000001,5850.942,5509.785234375,1.0895608938547483,0.958329312848735
LPL11_89,LPL,5483.0,5813.96484375,32.2,28.6,-3.6000000000000014,-480.9420000000002,-239.5800000000001,5963.942,5574.38484375,1.0877151194601495,0.9587923204837492
LPL11_91,LPL,4811.0,5792.431640625,32.2,28.6,-3.6000000000000014,-480.9420000000002,-239.5800000000001,5291.942,5552.851640625,1.0999671585948867,0.9586391320840604
LPL11_92,LPL,4825.0,5641.69921875,32.2,28.6,-3.6000000000000014,-480.9420000000002,-239.5800000000001,5305.942,5402.11921875,1.099677098445596,0.9575340707275276
LPL11_94,LPL,5477.0,5835.498046875,32.2,28.6,-3.6000000000000014,-480.9420000000002,-239.5800000000001,5957.942,5595.918046875,1.0878112105167062,0.9589443783417426
LPL11_95,LPL,5075.0,5792.431640625,32.2,28.6,-3.6000000000000014,-480.9420000000002,-239.5800000000001,5555.942,5552.851640625,1.094766896551724,0.9586391320840604
LPL11_96,LPL,4765.0,5598.6328125,32.2,28.6,-3.6000000000000014,-480.9420000000002,-239.5800000000001,5245.942,5359.0528125,1.1009322140608604,0.957207409733124
LPL11_99,LPL,5658.0,5512.5,32.2,28.6,-3.6000000000000014,-480.9420000000002,-239.5800000000001,6138.942,5272.92,1.085002120890774,0.956538775510204
LPL11_102,LPL,5542.0,5706.298828125,32.2,28.6,-3.6000000000000014,-480.9420000000002,-239.5800000000001,6022.942,5466.718828125,1.0867813063875855,0.95801481709665
LPL11_103,LPL,5342.0,5813.96484375,32.2,28.6,-3.6000000000000014,-480.9420000000002,-239.5800000000001,5822.942,5574.38484375,1.0900303257207038,0.9587923204837492
LPL11_106,LPL,5480.0,5792.431640625,32.2,28.6,-3.6000000000000014,-480.9420000000002,-239.5800000000001,5960.942,5552.851640625,1.0877631386861313,0.9586391320840604
LPL11_107,LPL,5493.0,5813.96484375,32.2,28.6,-3.6000000000000014,-480.9420000000002,-239.5800000000001,5973.942,5574.38484375,1.0875554341889675,0.9587923204837492
LPL11_109,LPL,5522.0,5641.69921875,32.2,28.6,-3.6000000000000014,-480.9420000000002,-239.5800000000001,6002.942,5402.11921875,1.0870956175298805,0.9575340707275276
LPL11_112,LPL,5661.0,5512.5,32.2,28.6,-3.6000000000000014,-480.9420000000002,-239.5800000000001,6141.942,5272.92,1.0849570747217807,0.956538775510204
LPL11_114,LPL,5383.0,5663.232421875,32.2,28.6,-3.6000000000000014,-480.9420000000002,-239.5800000000001,5863.942,5423.652421875,1.0893446033810144,0.95769553813921
LPL11_116,LPL,5566.0,5835.498046875,32.2,28.6,-3.6000000000000014,-480.9420000000002,-239.5800000000001,6046.942,5595.918046875,1.086407114624506,0.9589443783417426
LPL11_118,LPL,5490.0,5792.431640625,32.2,28.6,-3.6000000000000014,-480.9420000000002,-239.5800000000001,5970.942,5552.851640625,1.0876032786885246,0.9586391320840604
LPL11_120,LPL,5515.0,5684.765625,32.2,28.6,-3.6000000000000014,-480.9420000000002,-239.5800000000001,5995.942,5445.185625,1.087206165004533,0.9578557823129252
LPL11_122,LPL,5406.0,5770.8984375,32.2,28.6,-3.6000000000000014,-480.9420000000002,-239.5800000000001,5886.942,5531.3184375,1.0889644839067705,0.9584848004873592
LPL11_124,LPL,5580.0,5663.232421875,32.2,28.6,-3.6000000000000014,-480.9420000000002,-239.5800000000001,6060.942,5423.652421875,1.086190322580645,0.95769553813921
LPL11_127,LPL,5663.0,5857.03125,32.2,28.6,-3.6000000000000014,-480.9420000000002,-239.5800000000001,6143.942,5617.45125,1.0849270704573548,0.9590953181272508
LPL11_129,LPL,5545.0,5706.298828125,32.2,28.6,-3.6000000000000014,-480.9420000000002,-239.5800000000001,6025.942,5466.718828125,1.0867343552750226,0.95801481709665
LPL11_131,LPL,5598.0,5857.03125,32.2,28.6,-3.6000000000000014,-480.9420000000002,-239.5800000000001,6078.942,5617.45125,1.0859131832797428,0.9590953181272508
LPL11_133,LPL,5830.0,5878.564453125,32.2,28.6,-3.6000000000000014,-480.9420000000002,-239.5800000000001,6310.942,5638.984453125,1.0824943396226414,0.9592451521267849
LPL11_135,LPL,5301.0,5857.03125,32.2,28.6,-3.6000000000000014,-480.9420000000002,-239.5800000000001,5781.942,5617.45125,1.0907266553480477,0.9590953181272508
LPL11_137,LPL,5570.0,5706.298828125,32.2,28.6,-3.6000000000000014,-480.9420000000002,-239.5800000000001,6050.942,5466.718828125,1.086345062836625,0.95801481709665
LPL11_138,LPL,5113.0,5749.365234375,32.2,28.6,-3.6000000000000014,-480.9420000000002,-239.5800000000001,5593.942,5509.785234375,1.0940625855662038,0.958329312848735
LPL11_139,LPL,5519.0,5727.83203125,32.2,28.6,-3.6000000000000014,-480.9420000000002,-239.5800000000001,5999.942,5488.25203125,1.0871429606812828,0.9581726561301211
LPL11_141,LPL,5620.0,5620.166015625,32.2,28.6,-3.6000000000000014,-480.9420000000002,-239.5800000000001,6100.942,5380.586015625,1.085576868327402,0.9573713660176716
LPL11_142,LPL,4930.0,5792.431640625,32.2,28.6,-3.6000000000000014,-480.9420000000002,-239.5800000000001,5410.942,5552.851640625,1.09755415821501,0.9586391320840604
LPL11_144,LPL,5176.0,5835.498046875,32.2,28.6,-3.6000000000000014,-480.9420000000002,-239.5800000000001,5656.942,5595.918046875,1.0929176970633694,0.9589443783417426
LPL11_149,LPL,5501.0,6093.896484375,32.2,28.6,-3.6000000000000014,-480.9420000000002,-239.5800000000001,5981.942,5854.316484375,1.0874281039810942,0.9606852527583472
LPL11_150,LPL,4817.0,5813.96484375,32.2,28.6,-3.6000000000000014,-480.9420000000002,-239.5800000000001,5297.942,5574.38484375,1.099842640647706,0.9587923204837492
LPL11_151,LPL,5374.0,5749.365234375,32.2,28.6,-3.6000000000000014,-480.9420000000002,-239.5800000000001,5854.942,5509.785234375,1.0894942314849274,0.958329312848735
LPL11_155,LPL,5420.0,6115.4296875,32.2,28.6,-3.6000000000000014,-480.9420000000002,-239.5800000000001,5900.942,5875.8496875,1.0887346863468634,0.9608236849669446
LPL11_156,LPL,5498.0,5878.564453125,32.2,28.6,-3.6000000000000014,-480.9420000000002,-239.5800000000001,5978.942,5638.984453125,1.087475809385231,0.9592451521267849
LPL11_158,LPL,5486.0,6115.4296875,32.2,28.6,-3.6000000000000014,-480.9420000000002,-239.5800000000001,5966.942,5875.8496875,1.0876671527524608,0.9608236849669446
LPL11_160,LPL,4966.0,5878.564453125,32.2,28.6,-3.6000000000000014,-480.9420000000002,-239.5800000000001,5446.942,5638.984453125,1.0968469593233992,0.9592451521267849
LPL11_164,LPL,5520.0,5813.96484375,32.2,28.6,-3.6000000000000014,-480.9420000000002,-239.5800000000001,6000.942,5574.38484375,1.0871271739130437,0.9587923204837492
LPL11_166,LPL,5119.0,5813.96484375,32.2,28.6,-3.6000000000000014,-480.9420000000002,-239.5800000000001,5599.942,5574.38484375,1.0939523344403204,0.9587923204837492
LPL11_168,LPL,5559.0,5813.96484375,32.2,28.6,-3.6000000000000014,-480.9420000000002,-239.5800000000001,6039.942,5574.38484375,1.0865159201295198,0.9587923204837492
LPL11_169,LPL,4927.0,5835.498046875,32.2,28.6,-3.6000000000000014,-480.9420000000002,-239.5800000000001,5407.942,5595.918046875,1.0976135579460118,0.9589443783417426
LPL11_171,LPL,5601.0,5813.96484375,32.2,28.6,-3.6000000000000014,-480.9420000000002,-239.5800000000001,6081.942,5574.38484375,1.085867166577397,0.9587923204837492
LPL11_173,LPL,5539.0,5857.03125,32.2,28.6,-3.6000000000000014,-480.9420000000002,-239.5800000000001,6019.942,5617.45125,1.0868283083589096,0.9590953181272508
LPL11_174,LPL,5357.0,5813.96484375,32.2,28.6,-3.6000000000000014,-480.9420000000002,-239.5800000000001,5837.942,5574.38484375,1.0897782340862423,0.9587923204837492
LPL11_176,LPL,5512.0,5835.498046875,32.2,28.6,-3.6000000000000014,-480.9420000000002,-239.5800000000001,5992.942,5595.918046875,1.087253628447025,0.9589443783417426
LPL11_178,LPL,5497.0,5835.498046875,32.2,28.6,-3.6000000000000014,-480.9420000000002,-239.5800000000001,5977.942,5595.918046875,1.087491722757868,0.9589443783417426
LPL11_181,LPL,5539.0,5770.8984375,32.2,28.6,-3.6000000000000014,-480.9420000000002,-239.5800000000001,6019.942,5531.3184375,1.0868283083589096,0.9584848004873592
LPL11_182,LPL,5047.0,5792.431640625,32.2,28.6,-3.6000000000000014,-480.9420000000002,-239.5800000000001,5527.942,5552.851640625,1.0952926490984742,0.9586391320840604
LPL11_184,LPL,5241.0,6115.4296875,32.2,28.6,-3.6000000000000014,-480.9420000000002,-239.5800000000001,5721.942,5875.8496875,1.0917653119633657,0.9608236849669446
LPL11_185,LPL,5278.0,5792.431640625,32.2,28.6,-3.6000000000000014,-480.9420000000002,-239.5800000000001,5758.942,5552.851640625,1.0911220159151194,0.9586391320840604
LPL11_189,LPL,5436.0,5813.96484375,32.2,28.6,-3.6000000000000014,-480.9420000000002,-239.5800000000001,5916.942,5574.38484375,1.0884735099337748,0.9587923204837492
LPL11_191,LPL,5249.0,5555.56640625,32.2,28.6,-3.6000000000000014,-480.9420000000002,-239.5800000000001,5729.942,5315.98640625,1.0916254524671365,0.9568756842271792
LPL11_193,LPL,5156.0,5770.8984375,32.2,28.6,-3.6000000000000014,-480.9420000000002,-239.5800000000001,5636.942,5531.3184375,1.09327812257564,0.9584848004873592
LPL11_197,LPL,5201.0,5792.431640625,32.2,28.6,-3.6000000000000014,-480.9420000000002,-239.5800000000001,5681.942,5552.851640625,1.092471063257066,0.9586391320840604
LPL11_201,LPL,5701.0,5706.298828125,32.2,28.6,-3.6000000000000014,-480.9420000000002,-239.5800000000001,6181.942,5466.718828125,1.0843609893001227,0.95801481709665
LPL11_204,LPL,5477.0,6115.4296875,32.2,28.6,-3.6000000000000014,-480.9420000000002,-239.5800000000001,5957.942,5875.8496875,1.0878112105167062,0.9608236849669446
LPL11_206,LPL,5576.0,5792.431640625,32.2,28.6,-3.6000000000000014,-480.9420000000002,-239.5800000000001,6056.942,5552.851640625,1.0862521520803443,0.9586391320840604
LPL11_207,LPL,5305.0,6115.4296875,32.2,28.6,-3.6000000000000014,-480.9420000000002,-239.5800000000001,5785.942,5875.8496875,1.090658246936852,0.9608236849669446
LPL11_208,LPL,5525.0,5792.431640625,32.2,28.6,-3.6000000000000014,-480.9420000000002,-239.5800000000001,6005.942,5552.851640625,1.0870483257918553,0.9586391320840604
LPL11_210,LPL,4742.0,5749.365234375,32.2,28.6,-3.6000000000000014,-480.9420000000002,-239.5800000000001,5222.942,5509.785234375,1.1014217629692111,0.958329312848735
LPL11_211,LPL,4756.0,5534.033203125,32.2,28.6,-3.6000000000000014,-480.9420000000002,-239.5800000000001,5236.942,5294.453203125,1.101123212783852,0.9567078853331216
LPL11_213,LPL,5521.0,6115.4296875,32.2,28.6,-3.6000000000000014,-480.9420000000002,-239.5800000000001,6001.942,5875.8496875,1.0871113928636116,0.9608236849669446
LPL11_215,LPL,5362.0,5749.365234375,32.2,28.6,-3.6000000000000014,-480.9420000000002,-239.5800000000001,5842.942,5509.785234375,1.0896945169712793,0.958329312848735
LPL11_219,LPL,5090.0,5835.498046875,32.2,28.6,-3.6000000000000014,-480.9420000000002,-239.5800000000001,5570.942,5595.918046875,1.094487622789784,0.9589443783417426
LPL11_220,LPL,5235.0,5770.8984375,32.2,28.6,-3.6000000000000014,-480.9420000000002,-239.5800000000001,5715.942,5531.3184375,1.0918704871060172,0.9584848004873592
LPL11_222,LPL,4821.0,5749.365234375,32.2,28.6,-3.6000000000000014,-480.9420000000002,-239.5800000000001,5301.942,5509.785234375,1.0997598008711886,0.958329312848735
LPL11_225,LPL,5532.0,5706.298828125,32.2,28.6,-3.6000000000000014,-480.9420000000002,-239.5800000000001,6012.942,5466.718828125,1.0869381778741865,0.95801481709665
LPL11_226,LPL,5449.0,5641.69921875,32.2,28.6,-3.6000000000000014,-480.9420000000002,-239.5800000000001,5929.942,5402.11921875,1.0882624334740318,0.9575340707275276
LPL11_229,LPL,4872.0,5749.365234375,32.2,28.6,-3.6000000000000014,-480.9420000000002,-239.5800000000001,5352.942,5509.785234375,1.0987155172413794,0.958329312848735
LPL11_231,LPL,4854.0,5857.03125,32.2,28.6,-3.6000000000000014,-480.9420000000002,-239.5800000000001,5334.942,5617.45125,1.099081582200247,0.9590953181272508
LPL11_232,LPL,5459.0,5727.83203125,32.2,28.6,-3.6000000000000014,-480.9420000000002,-239.5800000000001,5939.942,5488.25203125,1.0881007510533065,0.9581726561301211
LPL11_235,LPL,5020.0,5770.8984375,32.2,28.6,-3.6000000000000014,-480.9420000000002,-239.5800000000001,5500.942,5531.3184375,1.0958051792828685,0.9584848004873592
LPL11_237,LPL,5451.0,5641.69921875,32.2,28.6,-3.6000000000000014,-480.9420000000002,-239.5800000000001,5931.942,5402.11921875,1.088230049532196,0.9575340707275276
LPL11_242,LPL,5708.0,5813.96484375,32.2,28.6,-3.6000000000000014,-480.9420000000002,-239.5800000000001,6188.942,5574.38484375,1.0842575332866151,0.9587923204837492
LPL11_244,LPL,5510.0,5555.56640625,32.2,28.6,-3.6000000000000014,-480.9420000000002,-239.5800000000001,5990.942,5315.98640625,1.087285299455535,0.9568756842271792
LPL11_245,LPL,5599.0,5598.6328125,32.2,28.6,-3.6000000000000014,-480.9420000000002,-239.5800000000001,6079.942,5359.0528125,1.0858978388998035,0.957207409733124
LPL11_248,LPL,5016.0,5813.96484375,32.2,28.6,-3.6000000000000014,-480.9420000000002,-239.5800000000001,5496.942,5574.38484375,1.0958815789473684,0.9587923204837492
LPL11_250,LPL,5648.0,5943.1640625,32.2,28.6,-3.6000000000000014,-480.9420000000002,-239.5800000000001,6128.942,5703.5840625,1.0851526203966009,0.9596881396036676
LPL11_251,LPL,5199.0,6115.4296875,32.2,28.6,-3.6000000000000014,-480.9420000000002,-239.5800000000001,5679.942,5875.8496875,1.0925066358915176,0.9608236849669446
LPL11_252,LPL,4898.0,5727.83203125,32.2,28.6,-3.6000000000000014,-480.9420000000002,-239.5800000000001,5378.942,5488.25203125,1.098191506737444,0.9581726561301211
LPL11_253,LPL,5350.0,5792.431640625,32.2,28.6,-3.6000000000000014,-480.9420000000002,-239.5800000000001,5830.942,5552.851640625,1.0898957009345795,0.9586391320840604
LPL11_256,LPL,4859.0,5813.96484375,32.2,28.6,-3.6000000000000014,-480.9420000000002,-239.5800000000001,5339.942,5574.38484375,1.0989796254373327,0.9587923204837492
LPL11_258,LPL,5447.0,5663.232421875,32.2,28.6,-3.6000000000000014,-480.9420000000002,-239.5800000000001,5927.942,5423.652421875,1.0882948411969893,0.95769553813921
LPL11_259,LPL,5478.0,5727.83203125,32.2,28.6,-3.6000000000000014,-480.9420000000002,-239.5800000000001,5958.942,5488.25203125,1.0877951807228916,0.9581726561301211
LPL11_260,LPL,4874.0,5857.03125,32.2,28.6,-3.6000000000000014,-480.9420000000002,-239.5800000000001,5354.942,5617.45125,1.0986750102585146,0.9590953181272508
LPL11_262,LPL,4868.0,5663.232421875,32.2,28.6,-3.6000000000000014,-480.9420000000002,-239.5800000000001,5348.942,5423.652421875,1.0987966310599837,0.95769553813921
LPL11_263,LPL,4815.0,5857.03125,32.2,28.6,-3.6000000000000014,-480.9420000000002,-239.5800000000001,5295.942,5617.45125,1.0998841121495326,0.9590953181272508
LPL11_264,LPL,5335.0,5878.564453125,32.2,28.6,-3.6000000000000014,-480.9420000000002,-239.5800000000001,5815.942,5638.984453125,1.0901484536082475,0.9592451521267849
LPL11_265,LPL,5173.0,6136.962890625,32.2,28.6,-3.6000000000000014,-480.9420000000002,-239.5800000000001,5653.942,5897.382890625,1.0929715832205684,0.9609611457214464
LPL11_269,LPL,5487.0,5835.498046875,32.2,28.6,-3.6000000000000014,-480.9420000000002,-239.5800000000001,5967.942,5595.918046875,1.0876511755057408,0.9589443783417426
LPL11_271,LPL,5399.0,5878.564453125,32.2,28.6,-3.6000000000000014,-480.9420000000002,-239.5800000000001,5879.942,5638.984453125,1.0890798295980737,0.9592451521267849
LPL11_272,LPL,5028.0,5813.96484375,32.2,28.6,-3.6000000000000014,-480.9420000000002,-239.5800000000001,5508.942,5574.38484375,1.0956527446300717,0.9587923204837492
LPL11_273,LPL,4873.0,5878.564453125,32.2,28.6,-3.6000000000000014,-480.9420000000002,-239.5800000000001,5353.942,5638.984453125,1.0986952595936794,0.9592451521267849
LPL11_275,LPL,5541.0,6136.962890625,32.2,28.6,-3.6000000000000014,-480.9420000000002,-239.5800000000001,6021.942,5897.382890625,1.0867969680563074,0.9609611457214464
LPL11_276,LPL,5321.0,5813.96484375,32.2,28.6,-3.6000000000000014,-480.9420000000002,-239.5800000000001,5801.942,5574.38484375,1.0903856417966549,0.9587923204837492
LPL11_277,LPL,5032.0,5835.498046875,32.2,28.6,-3.6000000000000014,-480.9420000000002,-239.5800000000001,5512.942,5595.918046875,1.0955767090620032,0.9589443783417426
LPL11_280,LPL,5239.0,6136.962890625,32.2,28.6,-3.6000000000000014,-480.9420000000002,-239.5800000000001,5719.942,5897.382890625,1.0918003435770185,0.9609611457214464
LPL11_281,LPL,5180.0,6158.49609375,32.2,28.6,-3.6000000000000014,-480.9420000000002,-239.5800000000001,5660.942,5918.91609375,1.092845945945946,0.961097645211931
LPL11_283,LPL,4743.0,5857.03125,32.2,28.6,-3.6000000000000014,-480.9420000000002,-239.5800000000001,5223.942,5617.45125,1.1014003795066414,0.9590953181272508
LPL11_285,LPL,5389.0,6158.49609375,32.2,28.6,-3.6000000000000014,-480.9420000000002,-239.5800000000001,5869.942,5918.91609375,1.0892451289664131,0.961097645211931
LPL11_286,LPL,5376.0,6158.49609375,32.2,28.6,-3.6000000000000014,-480.9420000000002,-239.5800000000001,5856.942,5918.91609375,1.0894609375,0.961097645211931
LPL11_287,LPL,5188.0,5835.498046875,32.2,28.6,-3.6000000000000014,-480.9420000000002,-239.5800000000001,5668.942,5595.918046875,1.0927027756360832,0.9589443783417426
LPL11_288,LPL,4890.0,5835.498046875,32.2,28.6,-3.6000000000000014,-480.9420000000002,-239.5800000000001,5370.942,5595.918046875,1.098352147239264,0.9589443783417426
LPL11_290,LPL,5025.0,5878.564453125,32.2,28.6,-3.6000000000000014,-480.9420000000002,-239.5800000000001,5505.942,5638.984453125,1.0957098507462686,0.9592451521267849
LPL11_291,LPL,4742.0,5900.09765625,32.2,28.6,-3.6000000000000014,-480.9420000000002,-239.5800000000001,5222.942,5660.51765625,1.1014217629692111,0.95939389244749
LPL11_294,LPL,4774.0,5900.09765625,32.2,28.6,-3.6000000000000014,-480.9420000000002,-239.5800000000001,5254.942,5660.51765625,1.100741935483871,0.95939389244749
LPL11_296,LPL,4853.0,5835.498046875,32.2,28.6,-3.6000000000000014,-480.9420000000002,-239.5800000000001,5333.942,5595.918046875,1.0991019987636514,0.9589443783417426
LPL11_298,LPL,5479.0,6136.962890625,32.2,28.6,-3.6000000000000014,-480.9420000000002,-239.5800000000001,5959.942,5897.382890625,1.0877791567804345,0.9609611457214464
LPL11_299,LPL,5066.0,5857.03125,32.2,28.6,-3.6000000000000014,-480.9420000000002,-239.5800000000001,5546.942,5617.45125,1.0949352546387685,0.9590953181272508
LPL11_300,LPL,4910.0,5900.09765625,32.2,28.6,-3.6000000000000014,-480.9420000000002,-239.5800000000001,5390.942,5660.51765625,1.0979515274949083,0.95939389244749
LPL11_301,LPL,5038.0,5900.09765625,32.2,28.6,-3.6000000000000014,-480.9420000000002,-239.5800000000001,5518.942,5660.51765625,1.09546288209607,0.95939389244749
LPL11_302,LPL,5352.0,6158.49609375,32.2,28.6,-3.6000000000000014,-480.9420000000002,-239.5800000000001,5832.942,5918.91609375,1.0898621076233184,0.961097645211931
LPL11_303,LPL,4906.0,5878.564453125,32.2,28.6,-3.6000000000000014,-480.9420000000002,-239.5800000000001,5386.942,5638.984453125,1.098031390134529,0.9592451521267849
LPL11_305,LPL,5040.0,5878.564453125,32.2,28.6,-3.6000000000000014,-480.9420000000002,-239.5800000000001,5520.942,5638.984453125,1.095425,0.9592451521267849
LPL11_307,LPL,4834.0,5813.96484375,32.2,28.6,-3.6000000000000014,-480.9420000000002,-239.5800000000001,5314.942,5574.38484375,1.0994915184112537,0.9587923204837492
LPL11_308,LPL,5121.0,5857.03125,32.2,28.6,-3.6000000000000014,-480.9420000000002,-239.5800000000001,5601.942,5617.45125,1.093915641476274,0.9590953181272508
LPL11_309,LPL,5196.0,5857.03125,32.2,28.6,-3.6000000000000014,-480.9420000000002,-239.5800000000001,5676.942,5617.45125,1.0925600461893763,0.9590953181272508
LPL11_310,LPL,5043.0,5835.498046875,32.2,28.6,-3.6000000000000014,-480.9420000000002,-239.5800000000001,5523.942,5595.918046875,1.0953682331945271,0.9589443783417426
LPL11_313,LPL,5508.0,5878.564453125,32.2,28.6,-3.6000000000000014,-480.9420000000002,-239.5800000000001,5988.942,5638.984453125,1.0873169934640523,0.9592451521267849
LPL11_314,LPL,5041.0,5813.96484375,32.2,28.6,-3.6000000000000014,-480.9420000000002,-239.5800000000001,5521.942,5574.38484375,1.095406070224162,0.9587923204837492
LPL11_316,LPL,5274.0,5857.03125,32.2,28.6,-3.6000000000000014,-480.9420000000002,-239.5800000000001,5754.942,5617.45125,1.0911911262798637,0.9590953181272508
LPL11_320,LPL,4897.0,5857.03125,32.2,28.6,-3.6000000000000014,-480.9420000000002,-239.5800000000001,5377.942,5617.45125,1.098211558096794,0.9590953181272508
LPL11_321,LPL,5011.0,5770.8984375,32.2,28.6,-3.6000000000000014,-480.9420000000002,-239.5800000000001,5491.942,5531.3184375,1.0959772500498903,0.9584848004873592
LPL11_325,LPL,4775.0,5663.232421875,32.2,28.6,-3.6000000000000014,-480.9420000000002,-239.5800000000001,5255.942,5423.652421875,1.100720837696335,0.95769553813921
LPL11_327,LPL,5368.0,5857.03125,32.2,28.6,-3.6000000000000014,-480.9420000000002,-239.5800000000001,5848.942,5617.45125,1.089594262295082,0.9590953181272508
LPL11_332,LPL,4947.0,5684.765625,32.2,28.6,-3.6000000000000014,-480.9420000000002,-239.5800000000001,5427.942,5445.185625,1.097218920557914,0.9578557823129252
LPL11_334,LPL,5211.0,5921.630859375,32.2,28.6,-3.6000000000000014,-480.9420000000002,-239.5800000000001,5691.942,5682.050859375,1.092293609671848,0.9595415510204082
LPL11_336,LPL,5139.0,6136.962890625,32.2,28.6,-3.6000000000000014,-480.9420000000002,-239.5800000000001,5619.942,5897.382890625,1.093586690017513,0.9609611457214464
LPL11_337,LPL,5485.0,5813.96484375,32.2,28.6,-3.6000000000000014,-480.9420000000002,-239.5800000000001,5965.942,5574.38484375,1.0876831358249772,0.9587923204837492
LPL11_338,LPL,5352.0,6136.962890625,32.2,28.6,-3.6000000000000014,-480.9420000000002,-239.5800000000001,5832.942,5897.382890625,1.0898621076233184,0.9609611457214464
LPL11_340,LPL,5678.0,5878.564453125,32.2,28.6,-3.6000000000000014,-480.9420000000002,-239.5800000000001,6158.942,5638.984453125,1.0847027122226136,0.9592451521267849
LPL11_342,LPL,5124.0,5835.498046875,32.2,28.6,-3.6000000000000014,-480.9420000000002,-239.5800000000001,5604.942,5595.918046875,1.0938606557377049,0.9589443783417426
LPL11_343,LPL,5299.0,5878.564453125,32.2,28.6,-3.6000000000000014,-480.9420000000002,-239.5800000000001,5779.942,5638.984453125,1.0907608982826948,0.9592451521267849
LPL11_344,LPL,5046.0,5835.498046875,32.2,28.6,-3.6000000000000014,-480.9420000000002,-239.5800000000001,5526.942,5595.918046875,1.0953115338882282,0.9589443783417426
LPL11_346,LPL,5482.0,5900.09765625,32.2,28.6,-3.6000000000000014,-480.9420000000002,-239.5800000000001,5962.942,5660.51765625,1.0877311200291864,0.95939389244749
LPL11_347,LPL,4970.0,5857.03125,32.2,28.6,-3.6000000000000014,-480.9420000000002,-239.5800000000001,5450.942,5617.45125,1.096769014084507,0.9590953181272508
LPL11_348,LPL,5028.0,5857.03125,32.2,28.6,-3.6000000000000014,-480.9420000000002,-239.5800000000001,5508.942,5617.45125,1.0956527446300717,0.9590953181272508
LPL11_350,LPL,5151.0,5921.630859375,32.2,28.6,-3.6000000000000014,-480.9420000000002,-239.5800000000001,5631.942,5682.050859375,1.0933686662783926,0.9595415510204082
LPL11_351,LPL,4898.0,5878.564453125,32.2,28.6,-3.6000000000000014,-480.9420000000002,-239.5800000000001,5378.942,5638.984453125,1.098191506737444,0.9592451521267849
LPL11_352,LPL,5100.0,5663.232421875,32.2,28.6,-3.6000000000000014,-480.9420000000002,-239.5800000000001,5580.942,5423.652421875,1.0943023529411764,0.95769553813921
LPL11_355,LPL,5218.0,5921.630859375,32.2,28.6,-3.6000000000000014,-480.9420000000002,-239.5800000000001,5698.942,5682.050859375,1.0921697968570334,0.9595415510204082
LPL11_359,LPL,4967.0,5749.365234375,32.2,28.6,-3.6000000000000014,-480.9420000000002,-239.5800000000001,5447.942,5509.785234375,1.0968274612442117,0.958329312848735
LPL11_360,LPL,4889.0,5878.564453125,32.2,28.6,-3.6000000000000014,-480.9420000000002,-239.5800000000001,5369.942,5638.984453125,1.0983722642667213,0.9592451521267849
LPL11_362,LPL,5575.0,6136.962890625,32.2,28.6,-3.6000000000000014,-480.9420000000002,-239.5800000000001,6055.942,5897.382890625,1.0862676233183857,0.9609611457214464
LPL11_374,LPL,5584.0,5706.298828125,32.2,28.6,-3.6000000000000014,-480.9420000000002,-239.5800000000001,6064.942,5466.718828125,1.086128581661891,0.95801481709665
LPL11_376,LPL,5214.0,5835.498046875,32.2,28.6,-3.6000000000000014,-480.9420000000002,-239.5800000000001,5694.942,5595.918046875,1.0922405063291138,0.9589443783417426
LPL11_377,LPL,5426.0,5813.96484375,32.2,28.6,-3.6000000000000014,-480.9420000000002,-239.5800000000001,5906.942,5574.38484375,1.0886365646885368,0.9587923204837492
LPL11_378,LPL,5774.0,5857.03125,32.2,28.6,-3.6000000000000014,-480.9420000000002,-239.5800000000001,6254.942,5617.45125,1.0832944232767578,0.9590953181272508
LPL11_380,LPL,5450.0,5770.8984375,32.2,28.6,-3.6000000000000014,-480.9420000000002,-239.5800000000001,5930.942,5531.3184375,1.08824623853211,0.9584848004873592
LPL11_381,LPL,5445.0,5770.8984375,32.2,28.6,-3.6000000000000014,-480.9420000000002,-239.5800000000001,5925.942,5531.3184375,1.0883272727272728,0.9584848004873592
LPL11_382,LPL,5418.0,5706.298828125,32.2,28.6,-3.6000000000000014,-480.9420000000002,-239.5800000000001,5898.942,5466.718828125,1.0887674418604651,0.95801481709665
LPL11_383,LPL,5479.0,5878.564453125,32.2,28.6,-3.6000000000000014,-480.9420000000002,-239.5800000000001,5959.942,5638.984453125,1.0877791567804345,0.9592451521267849
LPL11_384,LPL,5081.0,5620.166015625,32.2,28.6,-3.6000000000000014,-480.9420000000002,-239.5800000000001,5561.942,5380.586015625,1.0946549891753592,0.9573713660176716
LPL11_385,LPL,5477.0,5835.498046875,32.2,28.6,-3.6000000000000014,-480.9420000000002,-239.5800000000001,5957.942,5595.918046875,1.0878112105167062,0.9589443783417426
LPL11_386,LPL,4942.0,5663.232421875,32.2,28.6,-3.6000000000000014,-480.9420000000002,-239.5800000000001,5422.942,5423.652421875,1.0973172804532578,0.95769553813921
LPL11_387,LPL,5614.0,5792.431640625,32.2,28.6,-3.6000000000000014,-480.9420000000002,-239.5800000000001,6094.942,5552.851640625,1.0856683291770577,0.9586391320840604
LPL11_389,LPL,4977.0,5620.166015625,32.2,28.6,-3.6000000000000014,-480.9420000000002,-239.5800000000001,5457.942,5380.586015625,1.0966329113924052,0.9573713660176716
LPL11_390,LPL,5501.0,5813.96484375,32.2,28.6,-3.6000000000000014,-480.9420000000002,-239.5800000000001,5981.942,5574.38484375,1.0874281039810942,0.9587923204837492
LPL11_392,LPL,5005.0,5663.232421875,32.2,28.6,-3.6000000000000014,-480.9420000000002,-239.5800000000001,5485.942,5423.652421875,1.0960923076923077,0.95769553813921
LPL11_393,LPL,5019.0,5835.498046875,32.2,28.6,-3.6000000000000014,-480.9420000000002,-239.5800000000001,5499.942,5595.918046875,1.0958242677824268,0.9589443783417426
LPL11_394,LPL,5014.0,5900.09765625,32.2,28.6,-3.6000000000000014,-480.9420000000002,-239.5800000000001,5494.942,5660.51765625,1.095919824491424,0.95939389244749
LPL11_397,LPL,4861.0,5792.431640625,32.2,28.6,-3.6000000000000014,-480.9420000000002,-239.5800000000001,5341.942,5552.851640625,1.0989389014606048,0.9586391320840604
LPL11_398,LPL,4874.0,5727.83203125,32.2,28.6,-3.6000000000000014,-480.9420000000002,-239.5800000000001,5354.942,5488.25203125,1.0986750102585146,0.9581726561301211
LPL11_400,LPL,5515.0,5770.8984375,32.2,28.6,-3.6000000000000014,-480.9420000000002,-239.5800000000001,5995.942,5531.3184375,1.087206165004533,0.9584848004873592
LPL11_401,LPL,4827.0,5857.03125,32.2,28.6,-3.6000000000000014,-480.9420000000002,-239.5800000000001,5307.942,5617.45125,1.099635798632691,0.9590953181272508
LPL11_402,LPL,5422.0,5857.03125,32.2,28.6,-3.6000000000000014,-480.9420000000002,-239.5800000000001,5902.942,5617.45125,1.0887019549981556,0.9590953181272508
LPL11_403,LPL,5276.0,5641.69921875,32.2,28.6,-3.6000000000000014,-480.9420000000002,-239.5800000000001,5756.942,5402.11921875,1.0911565579984837,0.9575340707275276
LPL11_404,LPL,5493.0,5749.365234375,32.2,28.6,-3.6000000000000014,-480.9420000000002,-239.5800000000001,5973.942,5509.785234375,1.0875554341889675,0.958329312848735
LPL11_409,LPL,5099.0,5813.96484375,32.2,28.6,-3.6000000000000014,-480.9420000000002,-239.5800000000001,5579.942,5574.38484375,1.0943208472249462,0.9587923204837492
LPL11_410,LPL,5180.0,5792.431640625,32.2,28.6,-3.6000000000000014,-480.9420000000002,-239.5800000000001,5660.942,5552.851640625,1.092845945945946,0.9586391320840604
BKB21_14,BKB,5785.0,6007.763671875,29.1,28.6,-0.5,-66.7975,-33.275,5851.7975,5974.488671875,1.0115466724286948,0.9944613333983534
BKB21_18,BKB,5763.0,6309.228515625,29.1,28.6,-0.5,-66.7975,-33.275,5829.7975,6275.953515625,1.0115907513447857,0.9947259795840976
BKB21_76,BKB,5891.0,6266.162109375,29.1,28.6,-0.5,-66.7975,-33.275,5957.7975,6232.887109375,1.0113389068069936,0.9946897320211018
BKB21_128,BKB,5808.0,5964.697265625,29.1,28.6,-0.5,-66.7975,-33.275,5874.7975,5931.422265625,1.011500946969697,0.9944213430257784
BKB21_170,BKB,5658.0,5986.23046875,29.1,28.6,-0.5,-66.7975,-33.275,5724.7975,5952.95546875,1.0118058501237186,0.9944414101371964
BKB21_176,BKB,5907.0,6309.228515625,29.1,28.6,-0.5,-66.7975,-33.275,5973.7975,6275.953515625,1.0113081936685289,0.9947259795840976
BKB21_182,BKB,5867.0,6007.763671875,29.1,28.6,-0.5,-66.7975,-33.275,5933.7975,5974.488671875,1.011385290608488,0.9944613333983534
BKB21_275,BKB,6180.0,5921.630859375,29.1,28.6,-0.5,-66.7975,-33.275,6246.7975,5888.355859375,1.0108086569579289,0.9943807709750568
BKB21_340,BKB,5810.0,5964.697265625,29.1,28.6,-0.5,-66.7975,-33.275,5876.7975,5931.422265625,1.0114969879518072,0.9944213430257784
BKB21_366,BKB,5700.0,6029.296875,29.1,28.6,-0.5,-66.7975,-33.275,5766.7975,5996.021875,1.011718859649123,0.994481114350502
BKB21_372,BKB,5785.0,5900.09765625,29.1,28.6,-0.5,-66.7975,-33.275,5851.7975,5866.82265625,1.0115466724286948,0.9943602628399292
BKB21_430,BKB,5981.0,6007.763671875,29.1,28.6,-0.5,-66.7975,-33.275,6047.7975,5974.488671875,1.0111682828958368,0.9944613333983534
BKB21_459,BKB,5787.0,6287.6953125,29.1,28.6,-0.5,-66.7975,-33.275,5853.7975,6254.4203125,1.011542681873164,0.9947079178703444
BKB21_482,BKB,5778.0,5964.697265625,29.1,28.6,-0.5,-66.7975,-33.275,5844.7975,5931.422265625,1.011560661128418,0.9944213430257784
BKB21_496,BKB,5963.0,5943.1640625,29.1,28.6,-0.5,-66.7975,-33.275,6029.7975,5909.8890625,1.0112019956397786,0.9944011305005096
BKB21_498,BKB,5799.0,5964.697265625,29.1,28.6,-0.5,-66.7975,-33.275,5865.7975,5931.422265625,1.0115187963441972,0.9944213430257784
BKB21_500,BKB,5765.0,5964.697265625,29.1,28.6,-0.5,-66.7975,-33.275,5831.7975,5931.422265625,1.0115867302688637,0.9944213430257784
BKB21_502,BKB,5775.0,5943.1640625,29.1,28.6,-0.5,-66.7975,-33.275,5841.7975,5909.8890625,1.0115666666666665,0.9944011305005096
BKB21_504,BKB,5739.0,6007.763671875,29.1,28.6,-0.5,-66.7975,-33.275,5805.7975,5974.488671875,1.0116392228611255,0.9944613333983534
BKB21_508,BKB,5780.0,5900.09765625,29.1,28.6,-0.5,-66.7975,-33.275,5846.7975,5866.82265625,1.011556660899654,0.9943602628399292
BKB21_520,BKB,6080.0,5921.630859375,29.1,28.6,-0.5,-66.7975,-33.275,6146.7975,5888.355859375,1.0109864309210526,0.9943807709750568
BKB21_543,BKB,7167.0,5986.23046875,29.1,28.6,-0.5,-66.7975,-33.275,7233.7975,5952.95546875,1.0093201479000975,0.9944414101371964
RBB11_0,RBB,6479.0,5684.765625,27.8,28.6,0.8000000000000007,106.87600000000008,53.240000000000045,6372.124,5738.005625,0.9835042444821732,1.0093653817082389
RBB11_1,RBB,6382.0,5684.765625,27.8,28.6,0.8000000000000007,106.87600000000008,53.240000000000045,6275.124,5738.005625,0.9832535255405828,1.0093653817082389
RBB11_2,RBB,6767.0,5663.232421875,27.8,28.6,0.8000000000000007,106.87600000000008,53.240000000000045,6660.124,5716.472421875,0.9842062952563913,1.00940099152462
RBB11_3,RBB,6531.0,5598.6328125,27.8,28.6,0.8000000000000007,106.87600000000008,53.240000000000045,6424.124,5651.8728125,0.983635584137192,1.00950946450375
RBB11_4,RBB,6435.0,5684.765625,27.8,28.6,0.8000000000000007,106.87600000000008,53.240000000000045,6328.124,5738.005625,0.9833914529914528,1.0093653817082389
RBB11_5,RBB,6566.0,5684.765625,27.8,28.6,0.8000000000000007,106.87600000000008,53.240000000000045,6459.124,5738.005625,0.9837228144989338,1.0093653817082389
RBB11_6,RBB,6478.0,5749.365234375,27.8,28.6,0.8000000000000007,106.87600000000008,53.240000000000045,6371.124,5802.605234375,0.9835016980549552,1.0092601527002811
RBB11_8,RBB,6459.0,5706.298828125,27.8,28.6,0.8000000000000007,106.87600000000008,53.240000000000045,6352.124,5759.538828125,0.9834531661247872,1.0093300406451888
RBB11_9,RBB,6551.0,5706.298828125,27.8,28.6,0.8000000000000007,106.87600000000008,53.240000000000045,6444.124,5759.538828125,0.9836855441917264,1.0093300406451888
RBB11_10,RBB,6462.0,5727.83203125,27.8,28.6,0.8000000000000007,106.87600000000008,53.240000000000045,6355.124,5781.07203125,0.9834608480346642,1.0092949653044174
RBB11_11,RBB,6462.0,5770.8984375,27.8,28.6,0.8000000000000007,106.87600000000008,53.240000000000045,6355.124,5824.1384375,0.9834608480346642,1.009225599891698
RBB11_13,RBB,6447.0,5706.298828125,27.8,28.6,0.8000000000000007,106.87600000000008,53.240000000000045,6340.124,5759.538828125,0.9834223669923996,1.0093300406451888
RBB11_15,RBB,6431.0,5706.298828125,27.8,28.6,0.8000000000000007,106.87600000000008,53.240000000000045,6324.124,5759.538828125,0.9833811226869849,1.0093300406451888
RBB11_16,RBB,6517.0,5663.232421875,27.8,28.6,0.8000000000000007,106.87600000000008,53.240000000000045,6410.124,5716.472421875,0.9836004296455424,1.00940099152462
RBB11_17,RBB,6594.0,5727.83203125,27.8,28.6,0.8000000000000007,106.87600000000008,53.240000000000045,6487.124,5781.07203125,0.983791932059448,1.0092949653044174
RBB11_18,RBB,6520.0,5706.298828125,27.8,28.6,0.8000000000000007,106.87600000000008,53.240000000000045,6413.124,5759.538828125,0.9836079754601228,1.0093300406451888
RBB11_19,RBB,6449.0,5706.298828125,27.8,28.6,0.8000000000000007,106.87600000000008,53.240000000000045,6342.124,5759.538828125,0.983427508140797,1.0093300406451888
RBB11_23,RBB,6491.0,5706.298828125,27.8,28.6,0.8000000000000007,106.87600000000008,53.240000000000045,6384.124,5759.538828125,0.9835347404097982,1.0093300406451888
RBB11_24,RBB,6591.0,5663.232421875,27.8,28.6,0.8000000000000007,106.87600000000008,53.240000000000045,6484.124,5716.472421875,0.9837845546957972,1.00940099152462
RBB11_26,RBB,6183.0,5727.83203125,27.8,28.6,0.8000000000000007,106.87600000000008,53.240000000000045,6076.124,5781.07203125,0.9827145398673782,1.0092949653044174
RBB11_27,RBB,6544.0,5684.765625,27.8,28.6,0.8000000000000007,106.87600000000008,53.240000000000045,6437.124,5738.005625,0.9836680929095354,1.0093653817082389
RBB11_28,RBB,6514.0,5770.8984375,27.8,28.6,0.8000000000000007,106.87600000000008,53.240000000000045,6407.124,5824.1384375,0.983592876880565,1.009225599891698
RBB11_29,RBB,6578.0,5684.765625,27.8,28.6,0.8000000000000007,106.87600000000008,53.240000000000045,6471.124,5738.005625,0.983752508361204,1.0093653817082389
RBB11_30,RBB,6526.0,5663.232421875,27.8,28.6,0.8000000000000007,106.87600000000008,53.240000000000045,6419.124,5716.472421875,0.9836230462764328,1.00940099152462
RBB11_31,RBB,6412.0,5770.8984375,27.8,28.6,0.8000000000000007,106.87600000000008,53.240000000000045,6305.124,5824.1384375,0.9833318777292576,1.009225599891698
RBB11_32,RBB,6439.0,5727.83203125,27.8,28.6,0.8000000000000007,106.87600000000008,53.240000000000045,6332.124,5781.07203125,0.9834017704612518,1.0092949653044174
RBB11_33,RBB,6484.0,5663.232421875,27.8,28.6,0.8000000000000007,106.87600000000008,53.240000000000045,6377.124,5716.472421875,0.9835169648365206,1.00940099152462
RBB11_34,RBB,6448.0,5684.765625,27.8,28.6,0.8000000000000007,106.87600000000008,53.240000000000045,6341.124,5738.005625,0.9834249379652604,1.0093653817082389
RBB11_35,RBB,6449.0,5663.232421875,27.8,28.6,0.8000000000000007,106.87600000000008,53.240000000000045,6342.124,5716.472421875,0.983427508140797,1.00940099152462
RBB11_37,RBB,6507.0,5727.83203125,27.8,28.6,0.8000000000000007,106.87600000000008,53.240000000000045,6400.124,5781.07203125,0.9835752266789612,1.0092949653044174
RBB11_39,RBB,6433.0,5727.83203125,27.8,28.6,0.8000000000000007,106.87600000000008,53.240000000000045,6326.124,5781.07203125,0.9833862894450488,1.0092949653044174
RBB11_40,RBB,6547.0,5727.83203125,27.8,28.6,0.8000000000000007,106.87600000000008,53.240000000000045,6440.124,5781.07203125,0.9836755765999694,1.0092949653044174
RBB11_42,RBB,6408.0,5684.765625,27.8,28.6,0.8000000000000007,106.87600000000008,53.240000000000045,6301.124,5738.005625,0.9833214731585518,1.0093653817082389
RBB11_43,RBB,6504.0,5749.365234375,27.8,28.6,0.8000000000000007,106.87600000000008,53.240000000000045,6397.124,5802.605234375,0.9835676506765068,1.0092601527002811
RBB11_44,RBB,6513.0,5684.765625,27.8,28.6,0.8000000000000007,106.87600000000008,53.240000000000045,6406.124,5738.005625,0.9835903577460464,1.0093653817082389
RBB11_45,RBB,6582.0,5792.431640625,27.8,28.6,0.8000000000000007,106.87600000000008,53.240000000000045,6475.124,5845.671640625,0.983762382254634,1.0091913039813198
RBB11_46,RBB,6465.0,5706.298828125,27.8,28.6,0.8000000000000007,106.87600000000008,53.240000000000045,6358.124,5759.538828125,0.9834685228151584,1.0093300406451888
RBB11_49,RBB,6409.0,5469.43359375,27.8,28.6,0.8000000000000007,106.87600000000008,53.240000000000045,6302.124,5522.67359375,0.9833240755188016,1.0097340975235238
RBB11_50,RBB,6556.0,5490.966796875,27.8,28.6,0.8000000000000007,106.87600000000008,53.240000000000045,6449.124,5544.206796875,0.9836979865771812,1.009695924592059
RBB11_51,RBB,6392.0,5490.966796875,27.8,28.6,0.8000000000000007,106.87600000000008,53.240000000000045,6285.124,5544.206796875,0.9832797246558196,1.009695924592059
RBB11_53,RBB,6505.0,5555.56640625,27.8,28.6,0.8000000000000007,106.87600000000008,53.240000000000045,6398.124,5608.80640625,0.9835701767870868,1.009583181282849
RBB11_54,RBB,6504.0,5512.5,27.8,28.6,0.8000000000000007,106.87600000000008,53.240000000000045,6397.124,5565.74,0.9835676506765068,1.0096580498866212
RBB11_55,RBB,6589.0,5512.5,27.8,28.6,0.8000000000000007,106.87600000000008,53.240000000000045,6482.124,5565.74,0.983779632721202,1.0096580498866212
RBB11_56,RBB,6536.0,5577.099609375,27.8,28.6,0.8000000000000007,106.87600000000008,53.240000000000045,6429.124,5630.339609375,0.9836481028151774,1.0095461805829151
RBB11_57,RBB,6417.0,5534.033203125,27.8,28.6,0.8000000000000007,106.87600000000008,53.240000000000045,6310.124,5587.273203125,0.9833448652018076,1.009620469925973
RBB11_58,RBB,6520.0,5663.232421875,27.8,28.6,0.8000000000000007,106.87600000000008,53.240000000000045,6413.124,5716.472421875,0.9836079754601228,1.00940099152462
RBB11_59,RBB,6551.0,5663.232421875,27.8,28.6,0.8000000000000007,106.87600000000008,53.240000000000045,6444.124,5716.472421875,0.9836855441917264,1.00940099152462
RBB11_60,RBB,6387.0,5727.83203125,27.8,28.6,0.8000000000000007,106.87600000000008,53.240000000000045,6280.124,5781.07203125,0.9832666353530608,1.0092949653044174
RBB11_61,RBB,6554.0,5663.232421875,27.8,28.6,0.8000000000000007,106.87600000000008,53.240000000000045,6447.124,5716.472421875,0.983693011901129,1.00940099152462
RBB11_62,RBB,6584.0,5749.365234375,27.8,28.6,0.8000000000000007,106.87600000000008,53.240000000000045,6477.124,5802.605234375,0.9837673147023086,1.0092601527002811
RBB11_63,RBB,6387.0,5577.099609375,27.8,28.6,0.8000000000000007,106.87600000000008,53.240000000000045,6280.124,5630.339609375,0.9832666353530608,1.0095461805829151
RBB11_64,RBB,6330.0,5684.765625,27.8,28.6,0.8000000000000007,106.87600000000008,53.240000000000045,6223.124,5738.005625,0.9831159557661928,1.0093653817082389
RBB11_67,RBB,6407.0,5706.298828125,27.8,28.6,0.8000000000000007,106.87600000000008,53.240000000000045,6300.124,5759.538828125,0.9833188699859527,1.0093300406451888
RBB11_68,RBB,6646.0,5706.298828125,27.8,28.6,0.8000000000000007,106.87600000000008,53.240000000000045,6539.124,5759.538828125,0.9839187481191694,1.0093300406451888
RBB11_69,RBB,6505.0,5663.232421875,27.8,28.6,0.8000000000000007,106.87600000000008,53.240000000000045,6398.124,5716.472421875,0.9835701767870868,1.00940099152462
RBB11_71,RBB,6512.0,5706.298828125,27.8,28.6,0.8000000000000007,106.87600000000008,53.240000000000045,6405.124,5759.538828125,0.9835878378378378,1.0093300406451888
RBB11_72,RBB,6452.0,5749.365234375,27.8,28.6,0.8000000000000007,106.87600000000008,53.240000000000045,6345.124,5802.605234375,0.9834352138871668,1.0092601527002811
RBB11_73,RBB,6534.0,5706.298828125,27.8,28.6,0.8000000000000007,106.87600000000008,53.240000000000045,6427.124,5759.538828125,0.9836430976430977,1.0093300406451888
RBB11_74,RBB,6420.0,5727.83203125,27.8,28.6,0.8000000000000007,106.87600000000008,53.240000000000045,6313.124,5781.07203125,0.9833526479750778,1.0092949653044174
RBB11_78,RBB,6509.0,5684.765625,27.8,28.6,0.8000000000000007,106.87600000000008,53.240000000000045,6402.124,5738.005625,0.9835802734675064,1.0093653817082389
RBB11_80,RBB,6278.0,5727.83203125,27.8,28.6,0.8000000000000007,106.87600000000008,53.240000000000045,6171.124,5781.07203125,0.9829761070404588,1.0092949653044174
RBB11_81,RBB,6455.0,5684.765625,27.8,28.6,0.8000000000000007,106.87600000000008,53.240000000000045,6348.124,5738.005625,0.9834429124709528,1.0093653817082389
RBB11_82,RBB,6421.0,5684.765625,27.8,28.6,0.8000000000000007,106.87600000000008,53.240000000000045,6314.124,5738.005625,0.9833552406167264,1.0093653817082389
RBB11_83,RBB,6406.0,5749.365234375,27.8,28.6,0.8000000000000007,106.87600000000008,53.240000000000045,6299.124,5802.605234375,0.9833162660006244,1.0092601527002811
RBB11_84,RBB,6584.0,5706.298828125,27.8,28.6,0.8000000000000007,106.87600000000008,53.240000000000045,6477.124,5759.538828125,0.9837673147023086,1.0093300406451888
RBB11_86,RBB,6551.0,5706.298828125,27.8,28.6,0.8000000000000007,106.87600000000008,53.240000000000045,6444.124,5759.538828125,0.9836855441917264,1.0093300406451888
RBB11_87,RBB,6402.0,5727.83203125,27.8,28.6,0.8000000000000007,106.87600000000008,53.240000000000045,6295.124,5781.07203125,0.9833058419243986,1.0092949653044174
RBB11_89,RBB,6389.0,5727.83203125,27.8,28.6,0.8000000000000007,106.87600000000008,53.240000000000045,6282.124,5781.07203125,0.9832718735326342,1.0092949653044174
RBB11_90,RBB,6459.0,5770.8984375,27.8,28.6,0.8000000000000007,106.87600000000008,53.240000000000045,6352.124,5824.1384375,0.9834531661247872,1.009225599891698
RBB11_91,RBB,6774.0,5663.232421875,27.8,28.6,0.8000000000000007,106.87600000000008,53.240000000000045,6667.124,5716.472421875,0.9842226158842632,1.00940099152462
RBB11_94,RBB,6384.0,5663.232421875,27.8,28.6,0.8000000000000007,106.87600000000008,53.240000000000045,6277.124,5716.472421875,0.9832587719298246,1.00940099152462
RBB11_95,RBB,6494.0,5878.564453125,27.8,28.6,0.8000000000000007,106.87600000000008,53.240000000000045,6387.124,5931.804453125,0.9835423467816444,1.0090566328607145
RBB11_96,RBB,6488.0,5770.8984375,27.8,28.6,0.8000000000000007,106.87600000000008,53.240000000000045,6381.124,5824.1384375,0.9835271270036992,1.009225599891698
RBB11_100,RBB,6493.0,5792.431640625,27.8,28.6,0.8000000000000007,106.87600000000008,53.240000000000045,6386.124,5845.671640625,0.983539812105344,1.0091913039813198
RBB11_101,RBB,6497.0,5770.8984375,27.8,28.6,0.8000000000000007,106.87600000000008,53.240000000000045,6390.124,5824.1384375,0.9835499461289826,1.009225599891698
RBB11_104,RBB,6432.0,5641.69921875,27.8,28.6,0.8000000000000007,106.87600000000008,53.240000000000045,6325.124,5694.93921875,0.9833837064676616,1.0094368731716603
RBB11_105,RBB,6524.0,5706.298828125,27.8,28.6,0.8000000000000007,106.87600000000008,53.240000000000045,6417.124,5759.538828125,0.9836180257510728,1.0093300406451888
RBB11_106,RBB,6524.0,5684.765625,27.8,28.6,0.8000000000000007,106.87600000000008,53.240000000000045,6417.124,5738.005625,0.9836180257510728,1.0093653817082389
RBB11_108,RBB,6418.0,5684.765625,27.8,28.6,0.8000000000000007,106.87600000000008,53.240000000000045,6311.124,5738.005625,0.9833474602679962,1.0093653817082389
RBB11_111,RBB,6433.0,5641.69921875,27.8,28.6,0.8000000000000007,106.87600000000008,53.240000000000045,6326.124,5694.93921875,0.9833862894450488,1.0094368731716603
RBB11_115,RBB,6485.0,5770.8984375,27.8,28.6,0.8000000000000007,106.87600000000008,53.240000000000045,6378.124,5824.1384375,0.9835195065535852,1.009225599891698
RBB11_118,RBB,6485.0,5792.431640625,27.8,28.6,0.8000000000000007,106.87600000000008,53.240000000000045,6378.124,5845.671640625,0.9835195065535852,1.0091913039813198
RBB11_119,RBB,6421.0,5900.09765625,27.8,28.6,0.8000000000000007,106.87600000000008,53.240000000000045,6314.124,5953.33765625,0.9833552406167264,1.009023579456113
RBB11_120,RBB,6463.0,5727.83203125,27.8,28.6,0.8000000000000007,106.87600000000008,53.240000000000045,6356.124,5781.07203125,0.9834634070864924,1.0092949653044174
RBB11_121,RBB,6504.0,5770.8984375,27.8,28.6,0.8000000000000007,106.87600000000008,53.240000000000045,6397.124,5824.1384375,0.9835676506765068,1.009225599891698
RBB11_122,RBB,6403.0,5857.03125,27.8,28.6,0.8000000000000007,106.87600000000008,53.240000000000045,6296.124,5910.27125,0.983308449164454,1.0090899293050553
RBB11_123,RBB,6540.0,5641.69921875,27.8,28.6,0.8000000000000007,106.87600000000008,53.240000000000045,6433.124,5694.93921875,0.9836581039755352,1.0094368731716603
RBB11_124,RBB,6503.0,5727.83203125,27.8,28.6,0.8000000000000007,106.87600000000008,53.240000000000045,6396.124,5781.07203125,0.9835651237890204,1.0092949653044174
RBB11_125,RBB,6523.0,5792.431640625,27.8,28.6,0.8000000000000007,106.87600000000008,53.240000000000045,6416.124,5845.671640625,0.9836155143338954,1.0091913039813198
RBB11_126,RBB,6422.0,5663.232421875,27.8,28.6,0.8000000000000007,106.87600000000008,53.240000000000045,6315.124,5716.472421875,0.98335783245095,1.00940099152462
RBB11_128,RBB,6438.0,5663.232421875,27.8,28.6,0.8000000000000007,106.87600000000008,53.240000000000045,6331.124,5716.472421875,0.983399192295744,1.00940099152462
RBB11_129,RBB,6441.0,5727.83203125,27.8,28.6,0.8000000000000007,106.87600000000008,53.240000000000045,6334.124,5781.07203125,0.9834069243906224,1.0092949653044174
RBB11_132,RBB,6495.0,5684.765625,27.8,28.6,0.8000000000000007,106.87600000000008,53.240000000000045,6388.124,5738.005625,0.9835448806774442,1.0093653817082389
RBB11_133,RBB,6570.0,5684.765625,27.8,28.6,0.8000000000000007,106.87600000000008,53.240000000000045,6463.124,5738.005625,0.9837327245053272,1.0093653817082389
RBB11_134,RBB,6413.0,5620.166015625,27.8,28.6,0.8000000000000007,106.87600000000008,53.240000000000045,6306.124,5673.406015625,0.9833344768439108,1.0094730297738508
RBB11_135,RBB,6465.0,5706.298828125,27.8,28.6,0.8000000000000007,106.87600000000008,53.240000000000045,6358.124,5759.538828125,0.9834685228151584,1.0093300406451888
RBB11_138,RBB,6647.0,5706.298828125,27.8,28.6,0.8000000000000007,106.87600000000008,53.240000000000045,6540.124,5759.538828125,0.9839211674439596,1.0093300406451888
RBB11_139,RBB,6418.0,5900.09765625,27.8,28.6,0.8000000000000007,106.87600000000008,53.240000000000045,6311.124,5953.33765625,0.9833474602679962,1.009023579456113
RBB11_140,RBB,6444.0,5921.630859375,27.8,28.6,0.8000000000000007,106.87600000000008,53.240000000000045,6337.124,5974.870859375,0.9834146492861576,1.0089907664399094
RBB11_141,RBB,6398.0,5706.298828125,27.8,28.6,0.8000000000000007,106.87600000000008,53.240000000000045,6291.124,5759.538828125,0.9832954048140043,1.0093300406451888
RBB11_145,RBB,6513.0,5813.96484375,27.8,28.6,0.8000000000000007,106.87600000000008,53.240000000000045,6406.124,5867.20484375,0.9835903577460464,1.0091572621147225
RBB11_146,RBB,6503.0,5706.298828125,27.8,28.6,0.8000000000000007,106.87600000000008,53.240000000000045,6396.124,5759.538828125,0.9835651237890204,1.0093300406451888
RBB11_151,RBB,6501.0,5684.765625,27.8,28.6,0.8000000000000007,106.87600000000008,53.240000000000045,6394.124,5738.005625,0.9835600676818952,1.0093653817082389
RBB11_152,RBB,6462.0,5641.69921875,27.8,28.6,0.8000000000000007,106.87600000000008,53.240000000000045,6355.124,5694.93921875,0.9834608480346642,1.0094368731716603
RBB11_153,RBB,6485.0,5641.69921875,27.8,28.6,0.8000000000000007,106.87600000000008,53.240000000000045,6378.124,5694.93921875,0.9835195065535852,1.0094368731716603
RBB11_154,RBB,6457.0,5663.232421875,27.8,28.6,0.8000000000000007,106.87600000000008,53.240000000000045,6350.124,5716.472421875,0.9834480408858602,1.00940099152462
RBB11_155,RBB,6378.0,5641.69921875,27.8,28.6,0.8000000000000007,106.87600000000008,53.240000000000045,6271.124,5694.93921875,0.9832430228911884,1.0094368731716603
RBB11_157,RBB,6507.0,5878.564453125,27.8,28.6,0.8000000000000007,106.87600000000008,53.240000000000045,6400.124,5931.804453125,0.9835752266789612,1.0090566328607145
RBB11_158,RBB,6454.0,5857.03125,27.8,28.6,0.8000000000000007,106.87600000000008,53.240000000000045,6347.124,5910.27125,0.9834403470715836,1.0090899293050553
RBB11_159,RBB,6451.0,5684.765625,27.8,28.6,0.8000000000000007,106.87600000000008,53.240000000000045,6344.124,5738.005625,0.9834326461013796,1.0093653817082389
RBB11_160,RBB,6592.0,5663.232421875,27.8,28.6,0.8000000000000007,106.87600000000008,53.240000000000045,6485.124,5716.472421875,0.9837870145631068,1.00940099152462
RBB11_161,RBB,6599.0,5684.765625,27.8,28.6,0.8000000000000007,106.87600000000008,53.240000000000045,6492.124,5738.005625,0.983804212759509,1.0093653817082389
RBB11_162,RBB,6634.0,5641.69921875,27.8,28.6,0.8000000000000007,106.87600000000008,53.240000000000045,6527.124,5694.93921875,0.9838896593307204,1.0094368731716603
RBB11_163,RBB,6416.0,5857.03125,27.8,28.6,0.8000000000000007,106.87600000000008,53.240000000000045,6309.124,5910.27125,0.9833422693266832,1.0090899293050553
RBB11_164,RBB,6484.0,5663.232421875,27.8,28.6,0.8000000000000007,106.87600000000008,53.240000000000045,6377.124,5716.472421875,0.9835169648365206,1.00940099152462
RBB11_165,RBB,6564.0,5641.69921875,27.8,28.6,0.8000000000000007,106.87600000000008,53.240000000000045,6457.124,5694.93921875,0.9837178549664838,1.0094368731716603
RBB11_167,RBB,6446.0,5663.232421875,27.8,28.6,0.8000000000000007,106.87600000000008,53.240000000000045,6339.124,5716.472421875,0.983419795221843,1.00940099152462
RBB11_168,RBB,6492.0,5684.765625,27.8,28.6,0.8000000000000007,106.87600000000008,53.240000000000045,6385.124,5738.005625,0.9835372766481824,1.0093653817082389
RBB11_169,RBB,6354.0,5921.630859375,27.8,28.6,0.8000000000000007,106.87600000000008,53.240000000000045,6247.124,5974.870859375,0.9831797293043752,1.0089907664399094
RBB11_170,RBB,6517.0,5598.6328125,27.8,28.6,0.8000000000000007,106.87600000000008,53.240000000000045,6410.124,5651.8728125,0.9836004296455424,1.00950946450375
RBB11_171,RBB,6382.0,5878.564453125,27.8,28.6,0.8000000000000007,106.87600000000008,53.240000000000045,6275.124,5931.804453125,0.9832535255405828,1.0090566328607145
RBB11_172,RBB,6415.0,5641.69921875,27.8,28.6,0.8000000000000007,106.87600000000008,53.240000000000045,6308.124,5694.93921875,0.9833396726422448,1.0094368731716603
RBB11_173,RBB,6522.0,5727.83203125,27.8,28.6,0.8000000000000007,106.87600000000008,53.240000000000045,6415.124,5781.07203125,0.9836130021465808,1.0092949653044174
RBB11_174,RBB,6443.0,5663.232421875,27.8,28.6,0.8000000000000007,106.87600000000008,53.240000000000045,6336.124,5716.472421875,0.9834120751202856,1.00940099152462
RBB11_175,RBB,6549.0,5900.09765625,27.8,28.6,0.8000000000000007,106.87600000000008,53.240000000000045,6442.124,5953.33765625,0.98368056191785,1.009023579456113
RBB11_176,RBB,6467.0,5663.232421875,27.8,28.6,0.8000000000000007,106.87600000000008,53.240000000000045,6360.124,5716.472421875,0.9834736353796196,1.00940099152462
RBB11_177,RBB,6513.0,5706.298828125,27.8,28.6,0.8000000000000007,106.87600000000008,53.240000000000045,6406.124,5759.538828125,0.9835903577460464,1.0093300406451888
RBB11_178,RBB,6370.0,5663.232421875,27.8,28.6,0.8000000000000007,106.87600000000008,53.240000000000045,6263.124,5716.472421875,0.983221978021978,1.00940099152462
RBB11_179,RBB,6585.0,5663.232421875,27.8,28.6,0.8000000000000007,106.87600000000008,53.240000000000045,6478.124,5716.472421875,0.9837697798025816,1.00940099152462
RBB11_182,RBB,6575.0,5706.298828125,27.8,28.6,0.8000000000000007,106.87600000000008,53.240000000000045,6468.124,5759.538828125,0.9837450950570342,1.0093300406451888
RBB11_183,RBB,6375.0,5641.69921875,27.8,28.6,0.8000000000000007,106.87600000000008,53.240000000000045,6268.124,5694.93921875,0.983235137254902,1.0094368731716603
RBB11_184,RBB,6598.0,5641.69921875,27.8,28.6,0.8000000000000007,106.87600000000008,53.240000000000045,6491.124,5694.93921875,0.9838017581085176,1.0094368731716603
RBB11_185,RBB,6532.0,5663.232421875,27.8,28.6,0.8000000000000007,106.87600000000008,53.240000000000045,6425.124,5716.472421875,0.9836380894060012,1.00940099152462
RBB11_186,RBB,6368.0,5727.83203125,27.8,28.6,0.8000000000000007,106.87600000000008,53.240000000000045,6261.124,5781.07203125,0.9832167085427136,1.0092949653044174
RBB11_187,RBB,6506.0,5663.232421875,27.8,28.6,0.8000000000000007,106.87600000000008,53.240000000000045,6399.124,5716.472421875,0.9835727021211188,1.00940099152462
RBB11_190,RBB,6335.0,5684.765625,27.8,28.6,0.8000000000000007,106.87600000000008,53.240000000000045,6228.124,5738.005625,0.9831292817679558,1.0093653817082389
RBB11_191,RBB,6467.0,5663.232421875,27.8,28.6,0.8000000000000007,106.87600000000008,53.240000000000045,6360.124,5716.472421875,0.9834736353796196,1.00940099152462
RBB11_192,RBB,6442.0,5727.83203125,27.8,28.6,0.8000000000000007,106.87600000000008,53.240000000000045,6335.124,5781.07203125,0.9834095001552312,1.0092949653044174
RBB11_193,RBB,6308.0,5641.69921875,27.8,28.6,0.8000000000000007,106.87600000000008,53.240000000000045,6201.124,5694.93921875,0.9830570703868104,1.0094368731716603
RBB11_194,RBB,6509.0,5749.365234375,27.8,28.6,0.8000000000000007,106.87600000000008,53.240000000000045,6402.124,5802.605234375,0.9835802734675064,1.0092601527002811
RBB11_195,RBB,6498.0,5620.166015625,27.8,28.6,0.8000000000000007,106.87600000000008,53.240000000000045,6391.124,5673.406015625,0.9835524776854416,1.0094730297738508
RBB11_196,RBB,6671.0,5641.69921875,27.8,28.6,0.8000000000000007,106.87600000000008,53.240000000000045,6564.124,5694.93921875,0.9839790136411332,1.0094368731716603
RBB11_197,RBB,6659.0,5620.166015625,27.8,28.6,0.8000000000000007,106.87600000000008,53.240000000000045,6552.124,5673.406015625,0.9839501426640636,1.0094730297738508
RBB11_198,RBB,6447.0,5857.03125,27.8,28.6,0.8000000000000007,106.87600000000008,53.240000000000045,6340.124,5910.27125,0.9834223669923996,1.0090899293050553
RBB11_199,RBB,6357.0,5620.166015625,27.8,28.6,0.8000000000000007,106.87600000000008,53.240000000000045,6250.124,5673.406015625,0.9831876671385874,1.0094730297738508
RBB11_200,RBB,6587.0,5706.298828125,27.8,28.6,0.8000000000000007,106.87600000000008,53.240000000000045,6480.124,5759.538828125,0.9837747077577046,1.0093300406451888
RBB11_201,RBB,6413.0,5706.298828125,27.8,28.6,0.8000000000000007,106.87600000000008,53.240000000000045,6306.124,5759.538828125,0.9833344768439108,1.0093300406451888
RBB11_202,RBB,6310.0,5727.83203125,27.8,28.6,0.8000000000000007,106.87600000000008,53.240000000000045,6203.124,5781.07203125,0.9830624405705228,1.0092949653044174
RBB11_203,RBB,6511.0,5921.630859375,27.8,28.6,0.8000000000000007,106.87600000000008,53.240000000000045,6404.124,5974.870859375,0.9835853171555828,1.0089907664399094
RBB11_204,RBB,6523.0,5986.23046875,27.8,28.6,0.8000000000000007,106.87600000000008,53.240000000000045,6416.124,6039.47046875,0.9836155143338954,1.0088937437804857
RBB11_205,RBB,6421.0,5792.431640625,27.8,28.6,0.8000000000000007,106.87600000000008,53.240000000000045,6314.124,5845.671640625,0.9833552406167264,1.0091913039813198
RBB11_206,RBB,6402.0,5641.69921875,27.8,28.6,0.8000000000000007,106.87600000000008,53.240000000000045,6295.124,5694.93921875,0.9833058419243986,1.0094368731716603
RBB11_209,RBB,6442.0,5749.365234375,27.8,28.6,0.8000000000000007,106.87600000000008,53.240000000000045,6335.124,5802.605234375,0.9834095001552312,1.0092601527002811
RBB11_210,RBB,6511.0,5641.69921875,27.8,28.6,0.8000000000000007,106.87600000000008,53.240000000000045,6404.124,5694.93921875,0.9835853171555828,1.0094368731716603
RBB11_211,RBB,6509.0,5684.765625,27.8,28.6,0.8000000000000007,106.87600000000008,53.240000000000045,6402.124,5738.005625,0.9835802734675064,1.0093653817082389
RBB11_212,RBB,6540.0,5727.83203125,27.8,28.6,0.8000000000000007,106.87600000000008,53.240000000000045,6433.124,5781.07203125,0.9836581039755352,1.0092949653044174
RBB11_213,RBB,6546.0,5620.166015625,27.8,28.6,0.8000000000000007,106.87600000000008,53.240000000000045,6439.124,5673.406015625,0.9836730827986556,1.0094730297738508
RBB11_215,RBB,6344.0,5900.09765625,27.8,28.6,0.8000000000000007,106.87600000000008,53.240000000000045,6237.124,5953.33765625,0.983153215636822,1.009023579456113
RBB11_218,RBB,6507.0,5663.232421875,27.8,28.6,0.8000000000000007,106.87600000000008,53.240000000000045,6400.124,5716.472421875,0.9835752266789612,1.00940099152462
RBB11_219,RBB,6483.0,5727.83203125,27.8,28.6,0.8000000000000007,106.87600000000008,53.240000000000045,6376.124,5781.07203125,0.9835144223353386,1.0092949653044174
RBB11_220,RBB,6405.0,5684.765625,27.8,28.6,0.8000000000000007,106.87600000000008,53.240000000000045,6298.124,5738.005625,0.9833136612021858,1.0093653817082389
RBB11_221,RBB,6446.0,5749.365234375,27.8,28.6,0.8000000000000007,106.87600000000008,53.240000000000045,6339.124,5802.605234375,0.983419795221843,1.0092601527002811
RBB11_222,RBB,6553.0,5641.69921875,27.8,28.6,0.8000000000000007,106.87600000000008,53.240000000000045,6446.124,5694.93921875,0.9836905234243858,1.0094368731716603
RBB11_223,RBB,6464.0,5921.630859375,27.8,28.6,0.8000000000000007,106.87600000000008,53.240000000000045,6357.124,5974.870859375,0.9834659653465346,1.0089907664399094
RBB11_226,RBB,6399.0,5641.69921875,27.8,28.6,0.8000000000000007,106.87600000000008,53.240000000000045,6292.124,5694.93921875,0.9832980153148928,1.0094368731716603
RBB11_227,RBB,6400.0,5749.365234375,27.8,28.6,0.8000000000000007,106.87600000000008,53.240000000000045,6293.124,5802.605234375,0.983300625,1.0092601527002811
RBB11_228,RBB,6397.0,5878.564453125,27.8,28.6,0.8000000000000007,106.87600000000008,53.240000000000045,6290.124,5931.804453125,0.9832927934969516,1.0090566328607145
RBB11_229,RBB,6533.0,5620.166015625,27.8,28.6,0.8000000000000007,106.87600000000008,53.240000000000045,6426.124,5673.406015625,0.9836405939078524,1.0094730297738508
RBB11_230,RBB,6552.0,5835.498046875,27.8,28.6,0.8000000000000007,106.87600000000008,53.240000000000045,6445.124,5888.738046875,0.9836880341880342,1.009123471479613
RBB11_232,RBB,6443.0,5598.6328125,27.8,28.6,0.8000000000000007,106.87600000000008,53.240000000000045,6336.124,5651.8728125,0.9834120751202856,1.00950946450375
RBB11_233,RBB,6435.0,5684.765625,27.8,28.6,0.8000000000000007,106.87600000000008,53.240000000000045,6328.124,5738.005625,0.9833914529914528,1.0093653817082389
RBB11_234,RBB,6574.0,5577.099609375,27.8,28.6,0.8000000000000007,106.87600000000008,53.240000000000045,6467.124,5630.339609375,0.983742622452084,1.0095461805829151
RBB11_235,RBB,6552.0,5641.69921875,27.8,28.6,0.8000000000000007,106.87600000000008,53.240000000000045,6445.124,5694.93921875,0.9836880341880342,1.0094368731716603
RBB11_236,RBB,6364.0,5641.69921875,27.8,28.6,0.8000000000000007,106.87600000000008,53.240000000000045,6257.124,5694.93921875,0.98320615964802,1.0094368731716603
RBB11_237,RBB,6584.0,5577.099609375,27.8,28.6,0.8000000000000007,106.87600000000008,53.240000000000045,6477.124,5630.339609375,0.9837673147023086,1.0095461805829151
RBB11_238,RBB,6542.0,5749.365234375,27.8,28.6,0.8000000000000007,106.87600000000008,53.240000000000045,6435.124,5802.605234375,0.9836630999694282,1.0092601527002811
RBB11_239,RBB,6467.0,5663.232421875,27.8,28.6,0.8000000000000007,106.87600000000008,53.240000000000045,6360.124,5716.472421875,0.9834736353796196,1.00940099152462
RBB11_240,RBB,6506.0,5749.365234375,27.8,28.6,0.8000000000000007,106.87600000000008,53.240000000000045,6399.124,5802.605234375,0.9835727021211188,1.0092601527002811
LPL31_13,LPL,6351.0,5835.498046875,28.1,28.6,0.5,66.7975,33.275,6284.2025,5868.773046875,0.9894823649818928,1.005702169674758
LPL31_18,LPL,6299.0,5857.03125,28.1,28.6,0.5,66.7975,33.275,6232.2025,5890.30625,0.9893955389744404,1.0056812058156597
LPL31_21,LPL,6132.0,5857.03125,28.1,28.6,0.5,66.7975,33.275,6065.2025,5890.30625,0.9891067351598174,1.0056812058156597
LPL31_24,LPL,6078.0,5835.498046875,28.1,28.6,0.5,66.7975,33.275,6011.2025,5868.773046875,0.9890099539322146,1.005702169674758
LPL31_26,LPL,6109.0,5900.09765625,28.1,28.6,0.5,66.7975,33.275,6042.2025,5933.37265625,0.989065722704207,1.0056397371600707
LPL31_28,LPL,6279.0,5878.564453125,28.1,28.6,0.5,66.7975,33.275,6212.2025,5911.839453125,0.9893617614269788,1.0056603955379464
LPL31_30,LPL,6243.0,5878.564453125,28.1,28.6,0.5,66.7975,33.275,6176.2025,5911.839453125,0.9893004164664424,1.0056603955379464
LPL31_31,LPL,6315.0,5663.232421875,28.1,28.6,0.5,66.7975,33.275,6248.2025,5696.507421875,0.9894224069675376,1.0058756197028875
LPL31_33,LPL,5982.0,5857.03125,28.1,28.6,0.5,66.7975,33.275,5915.2025,5890.30625,0.9888335840855902,1.0056812058156597
LPL31_34,LPL,6378.0,5512.5,28.1,28.6,0.5,66.7975,33.275,6311.2025,5545.775,0.9895268893069928,1.0060362811791383
LPL31_36,LPL,6126.0,5835.498046875,28.1,28.6,0.5,66.7975,33.275,6059.2025,5868.773046875,0.9890960659484166,1.005702169674758
LPL31_38,LPL,6331.0,5878.564453125,28.1,28.6,0.5,66.7975,33.275,6264.2025,5911.839453125,0.9894491391565314,1.0056603955379464
LPL31_40,LPL,6078.0,5835.498046875,28.1,28.6,0.5,66.7975,33.275,6011.2025,5868.773046875,0.9890099539322146,1.005702169674758
LPL31_41,LPL,6373.0,5426.3671875,28.1,28.6,0.5,66.7975,33.275,6306.2025,5459.6421875,0.9895186725247136,1.0061320951661088
LPL31_42,LPL,6069.0,5663.232421875,28.1,28.6,0.5,66.7975,33.275,6002.2025,5696.507421875,0.988993656286044,1.0058756197028875
LPL31_44,LPL,6364.0,5641.69921875,28.1,28.6,0.5,66.7975,33.275,6297.2025,5674.97421875,0.9895038497800126,1.0058980457322877
LPL31_45,LPL,6252.0,5684.765625,28.1,28.6,0.5,66.7975,33.275,6185.2025,5718.040625,0.98931581893794,1.0058533635676492
LPL31_46,LPL,5939.0,5490.966796875,28.1,28.6,0.5,66.7975,33.275,5872.2025,5524.241796875,0.9887527361508672,1.006059952870037
LPL31_48,LPL,6141.0,5900.09765625,28.1,28.6,0.5,66.7975,33.275,6074.2025,5933.37265625,0.989122699886012,1.0056397371600707
LPL31_50,LPL,6241.0,5878.564453125,28.1,28.6,0.5,66.7975,33.275,6174.2025,5911.839453125,0.9892969876622336,1.0056603955379464
LPL31_51,LPL,6125.0,5878.564453125,28.1,28.6,0.5,66.7975,33.275,6058.2025,5911.839453125,0.9890942857142858,1.0056603955379464
LPL31_53,LPL,6155.0,5878.564453125,28.1,28.6,0.5,66.7975,33.275,6088.2025,5911.839453125,0.9891474411047928,1.0056603955379464
LPL31_55,LPL,6190.0,5900.09765625,28.1,28.6,0.5,66.7975,33.275,6123.2025,5933.37265625,0.989208804523425,1.0056397371600707
LPL31_57,LPL,6376.0,5878.564453125,28.1,28.6,0.5,66.7975,33.275,6309.2025,5911.839453125,0.989523604140527,1.0056603955379464
LPL31_59,LPL,5886.0,5490.966796875,28.1,28.6,0.5,66.7975,33.275,5819.2025,5524.241796875,0.9886514610941216,1.006059952870037
LPL31_61,LPL,6390.0,5878.564453125,28.1,28.6,0.5,66.7975,33.275,6323.2025,5911.839453125,0.9895465571205008,1.0056603955379464
LPL31_63,LPL,6122.0,5878.564453125,28.1,28.6,0.5,66.7975,33.275,6055.2025,5911.839453125,0.9890889415223784,1.0056603955379464
LPL31_64,LPL,5916.0,5490.966796875,28.1,28.6,0.5,66.7975,33.275,5849.2025,5524.241796875,0.9887090094658554,1.006059952870037
LPL31_65,LPL,5992.0,5878.564453125,28.1,28.6,0.5,66.7975,33.275,5925.2025,5911.839453125,0.9888522196261684,1.0056603955379464
LPL31_67,LPL,6164.0,5663.232421875,28.1,28.6,0.5,66.7975,33.275,6097.2025,5696.507421875,0.989163286826736,1.0058756197028875
LPL31_68,LPL,6156.0,5641.69921875,28.1,28.6,0.5,66.7975,33.275,6089.2025,5674.97421875,0.98914920402859,1.0058980457322877
LPL31_69,LPL,6363.0,5684.765625,28.1,28.6,0.5,66.7975,33.275,6296.2025,5718.040625,0.989502200220022,1.0058533635676492
LPL31_71,LPL,6383.0,5706.298828125,28.1,28.6,0.5,66.7975,33.275,6316.2025,5739.573828125,0.989535093216356,1.005831275403243
LPL31_72,LPL,6098.0,5878.564453125,28.1,28.6,0.5,66.7975,33.275,6031.2025,5911.839453125,0.9890459986880944,1.0056603955379464
LPL31_73,LPL,6178.0,5577.099609375,28.1,28.6,0.5,66.7975,33.275,6111.2025,5610.374609375,0.9891878439624474,1.005966362864322
LPL31_74,LPL,6246.0,5857.03125,28.1,28.6,0.5,66.7975,33.275,6179.2025,5890.30625,0.9893055555555555,1.0056812058156597
LPL31_85,LPL,6403.0,5770.8984375,28.1,28.6,0.5,66.7975,33.275,6336.2025,5804.1734375,0.989567780727784,1.0057659999323112
LPL31_86,LPL,6391.0,5792.431640625,28.1,28.6,0.5,66.7975,33.275,6324.2025,5825.706640625,0.9895481927710844,1.005744564988325
LPL31_95,LPL,6501.0,5792.431640625,28.1,28.6,0.5,66.7975,33.275,6434.2025,5825.706640625,0.9897250423011844,1.005744564988325
LPL31_97,LPL,6571.0,5620.166015625,28.1,28.6,0.5,66.7975,33.275,6504.2025,5653.441015625,0.989834500076092,1.0059206436086567
LPL31_98,LPL,6118.0,5663.232421875,28.1,28.6,0.5,66.7975,33.275,6051.2025,5696.507421875,0.9890818077803204,1.0058756197028875
LPL31_100,LPL,6349.0,5598.6328125,28.1,28.6,0.5,66.7975,33.275,6282.2025,5631.9078125,0.9894790518191842,1.005943415314844
LPL31_102,LPL,6234.0,5684.765625,28.1,28.6,0.5,66.7975,33.275,6167.2025,5718.040625,0.9892849695219764,1.0058533635676492
LPL31_104,LPL,6265.0,5620.166015625,28.1,28.6,0.5,66.7975,33.275,6198.2025,5653.441015625,0.9893379888268156,1.0059206436086567
LPL31_106,LPL,6263.0,5620.166015625,28.1,28.6,0.5,66.7975,33.275,6196.2025,5653.441015625,0.9893345840651444,1.0059206436086567
LPL31_108,LPL,6400.0,5641.69921875,28.1,28.6,0.5,66.7975,33.275,6333.2025,5674.97421875,0.989562890625,1.0058980457322877
LPL31_109,LPL,5886.0,5641.69921875,28.1,28.6,0.5,66.7975,33.275,5819.2025,5674.97421875,0.9886514610941216,1.0058980457322877
LPL31_110,LPL,6318.0,5684.765625,28.1,28.6,0.5,66.7975,33.275,6251.2025,5718.040625,0.9894274295663184,1.0058533635676492
LPL31_111,LPL,6145.0,5684.765625,28.1,28.6,0.5,66.7975,33.275,6078.2025,5718.040625,0.9891297803091944,1.0058533635676492
LPL31_112,LPL,6328.0,5620.166015625,28.1,28.6,0.5,66.7975,33.275,6261.2025,5653.441015625,0.9894441371681416,1.0059206436086567
LPL31_114,LPL,6485.0,5577.099609375,28.1,28.6,0.5,66.7975,33.275,6418.2025,5610.374609375,0.9896996915959908,1.005966362864322
LPL31_117,LPL,6420.0,5706.298828125,28.1,28.6,0.5,66.7975,33.275,6353.2025,5739.573828125,0.9895954049844238,1.005831275403243
LPL31_119,LPL,6300.0,5706.298828125,28.1,28.6,0.5,66.7975,33.275,6233.2025,5739.573828125,0.9893972222222224,1.005831275403243
LPL31_121,LPL,6374.0,5706.298828125,28.1,28.6,0.5,66.7975,33.275,6307.2025,5739.573828125,0.9895203169124568,1.005831275403243
LPL31_123,LPL,6082.0,5663.232421875,28.1,28.6,0.5,66.7975,33.275,6015.2025,5696.507421875,0.9890171818480764,1.0058756197028875
LPL31_124,LPL,6313.0,5641.69921875,28.1,28.6,0.5,66.7975,33.275,6246.2025,5674.97421875,0.9894190559163633,1.0058980457322877
LPL31_125,LPL,5968.0,5684.765625,28.1,28.6,0.5,66.7975,33.275,5901.2025,5718.040625,0.9888073894101878,1.0058533635676492
LPL31_126,LPL,6096.0,5577.099609375,28.1,28.6,0.5,66.7975,33.275,6029.2025,5610.374609375,0.9890424048556432,1.005966362864322
LPL31_128,LPL,6255.0,5598.6328125,28.1,28.6,0.5,66.7975,33.275,6188.2025,5631.9078125,0.9893209432454038,1.005943415314844
LPL31_129,LPL,6229.0,5684.765625,28.1,28.6,0.5,66.7975,33.275,6162.2025,5718.040625,0.989276368598491,1.0058533635676492
LPL31_130,LPL,6161.0,5684.765625,28.1,28.6,0.5,66.7975,33.275,6094.2025,5718.040625,0.9891580100633016,1.0058533635676492
LPL31_131,LPL,6257.0,5727.83203125,28.1,28.6,0.5,66.7975,33.275,6190.2025,5761.10703125,0.9893243567204733,1.0058093533152608
LPL31_132,LPL,6099.0,5598.6328125,28.1,28.6,0.5,66.7975,33.275,6032.2025,5631.9078125,0.989047794720446,1.005943415314844
LPL31_133,LPL,6200.0,5684.765625,28.1,28.6,0.5,66.7975,33.275,6133.2025,5718.040625,0.9892262096774194,1.0058533635676492
LPL31_135,LPL,6017.0,5641.69921875,28.1,28.6,0.5,66.7975,33.275,5950.2025,5674.97421875,0.9888985374771482,1.0058980457322877
LPL31_136,LPL,6283.0,5706.298828125,28.1,28.6,0.5,66.7975,33.275,6216.2025,5739.573828125,0.9893685341397422,1.005831275403243
LPL31_137,LPL,6156.0,5663.232421875,28.1,28.6,0.5,66.7975,33.275,6089.2025,5696.507421875,0.98914920402859,1.0058756197028875
LPL31_139,LPL,5917.0,5426.3671875,28.1,28.6,0.5,66.7975,33.275,5850.2025,5459.6421875,0.9887109176947778,1.0061320951661088
LPL31_140,LPL,6052.0,5447.900390625,28.1,28.6,0.5,66.7975,33.275,5985.2025,5481.175390625,0.9889627395902182,1.0061078576358078
LPL31_141,LPL,6227.0,5469.43359375,28.1,28.6,0.5,66.7975,33.275,6160.2025,5502.70859375,0.9892729243616508,1.0060838109522023
LPL31_142,LPL,6117.0,5490.966796875,28.1,28.6,0.5,66.7975,33.275,6050.2025,5524.241796875,0.9890800228870362,1.006059952870037
LPL31_143,LPL,6156.0,5490.966796875,28.1,28.6,0.5,66.7975,33.275,6089.2025,5524.241796875,0.98914920402859,1.006059952870037
LPL31_145,LPL,6282.0,5641.69921875,28.1,28.6,0.5,66.7975,33.275,6215.2025,5674.97421875,0.989366841770137,1.0058980457322877
LPL31_147,LPL,6199.0,5684.765625,28.1,28.6,0.5,66.7975,33.275,6132.2025,5718.040625,0.9892244716889822,1.0058533635676492
LPL31_150,LPL,6415.0,5706.298828125,28.1,28.6,0.5,66.7975,33.275,6348.2025,5739.573828125,0.989587295401403,1.005831275403243
LPL31_152,LPL,6006.0,5577.099609375,28.1,28.6,0.5,66.7975,33.275,5939.2025,5610.374609375,0.9888782051282052,1.005966362864322
LPL31_153,LPL,6092.0,5641.69921875,28.1,28.6,0.5,66.7975,33.275,6025.2025,5674.97421875,0.989035210111622,1.0058980457322877
LPL31_155,LPL,6166.0,5598.6328125,28.1,28.6,0.5,66.7975,33.275,6099.2025,5631.9078125,0.9891668018164126,1.005943415314844
LPL31_156,LPL,6202.0,5620.166015625,28.1,28.6,0.5,66.7975,33.275,6135.2025,5653.441015625,0.989229683972912,1.0059206436086567
LPL31_158,LPL,6330.0,5641.69921875,28.1,28.6,0.5,66.7975,33.275,6263.2025,5674.97421875,0.9894474723538704,1.0058980457322877
LPL31_159,LPL,6078.0,5598.6328125,28.1,28.6,0.5,66.7975,33.275,6011.2025,5631.9078125,0.9890099539322146,1.005943415314844
LPL31_160,LPL,6237.0,5684.765625,28.1,28.6,0.5,66.7975,33.275,6170.2025,5718.040625,0.98929012345679,1.0058533635676492
LPL31_161,LPL,5984.0,5512.5,28.1,28.6,0.5,66.7975,33.275,5917.2025,5545.775,0.9888373161764706,1.0060362811791383
LPL31_162,LPL,6265.0,5641.69921875,28.1,28.6,0.5,66.7975,33.275,6198.2025,5674.97421875,0.9893379888268156,1.0058980457322877
LPL31_164,LPL,6052.0,5598.6328125,28.1,28.6,0.5,66.7975,33.275,5985.2025,5631.9078125,0.9889627395902182,1.005943415314844
BKB12_2,BKB,6457.0,6244.62890625,27.0,28.6,1.6000000000000014,213.75200000000015,106.48000000000008,6243.248,6351.1089062500005,0.9668960817717206,1.0170514535929316
BKB12_14,BKB,6125.0,5986.23046875,27.0,28.6,1.6000000000000014,213.75200000000015,106.48000000000008,5911.248,6092.7104687500005,0.9651017142857142,1.0177874875609718
BKB12_15,BKB,6027.0,5986.23046875,27.0,28.6,1.6000000000000014,213.75200000000015,106.48000000000008,5813.248,6092.7104687500005,0.964534262485482,1.0177874875609718
BKB12_16,BKB,5879.0,5921.630859375,27.0,28.6,1.6000000000000014,213.75200000000015,106.48000000000008,5665.248,6028.1108593750005,0.9636414356183024,1.0179815328798187
BKB12_19,BKB,5998.0,5986.23046875,27.0,28.6,1.6000000000000014,213.75200000000015,106.48000000000008,5784.248,6092.7104687500005,0.9643627875958652,1.0177874875609718
BKB12_21,BKB,5910.0,6201.5625,27.0,28.6,1.6000000000000014,213.75200000000015,106.48000000000008,5696.248,6308.0425000000005,0.9638321489001692,1.0171698664651043
BKB12_23,BKB,6189.0,5986.23046875,27.0,28.6,1.6000000000000014,213.75200000000015,106.48000000000008,5975.248,6092.7104687500005,0.9654625949264825,1.0177874875609718
BKB12_24,BKB,5982.0,6244.62890625,27.0,28.6,1.6000000000000014,213.75200000000015,106.48000000000008,5768.248,6351.1089062500005,0.9642674690738884,1.0170514535929316
BKB12_25,BKB,5944.0,6244.62890625,27.0,28.6,1.6000000000000014,213.75200000000015,106.48000000000008,5730.248,6351.1089062500005,0.9640390309555854,1.0170514535929316
BKB12_26,BKB,5937.0,6266.162109375,27.0,28.6,1.6000000000000014,213.75200000000015,106.48000000000008,5723.248,6372.6421093750005,0.9639966312952668,1.0169928575324747
BKB12_29,BKB,5998.0,6223.095703125,27.0,28.6,1.6000000000000014,213.75200000000015,106.48000000000008,5784.248,6329.5757031250005,0.9643627875958652,1.0171104551624572
BKB12_30,BKB,5872.0,6287.6953125,27.0,28.6,1.6000000000000014,213.75200000000015,106.48000000000008,5658.248,6394.1753125000005,0.9635980926430516,1.0169346628148976
BKB12_31,BKB,5818.0,6180.029296875,27.0,28.6,1.6000000000000014,213.75200000000015,106.48000000000008,5604.248,6286.5092968750005,0.96326022688209,1.0172296917837984
BKB12_34,BKB,6234.0,6223.095703125,27.0,28.6,1.6000000000000014,213.75200000000015,106.48000000000008,6020.248,6329.5757031250005,0.965711902470324,1.0171104551624572
BKB12_36,BKB,5957.0,6029.296875,27.0,28.6,1.6000000000000014,213.75200000000015,106.48000000000008,5743.248,6135.7768750000005,0.9641175088131608,1.0176604340783932
BKB12_37,BKB,5896.0,6050.830078125,27.0,28.6,1.6000000000000014,213.75200000000015,106.48000000000008,5682.248,6157.3100781250005,0.9637462686567164,1.0175975855585415
BKB12_39,BKB,6101.0,5964.697265625,27.0,28.6,1.6000000000000014,213.75200000000015,106.48000000000008,5887.248,6071.1772656250005,0.964964432060318,1.0178517023175095
BKB12_41,BKB,5948.0,6115.4296875,27.0,28.6,1.6000000000000014,213.75200000000015,106.48000000000008,5734.248,6221.9096875000005,0.9640632145258908,1.017411695570247
BKB12_43,BKB,6125.0,6007.763671875,27.0,28.6,1.6000000000000014,213.75200000000015,106.48000000000008,5911.248,6114.2436718750005,0.9651017142857142,1.017723733125269
BKB12_45,BKB,6159.0,6266.162109375,27.0,28.6,1.6000000000000014,213.75200000000015,106.48000000000008,5945.248,6372.6421093750005,0.9652943659685012,1.0169928575324747
BKB12_47,BKB,6182.0,6244.62890625,27.0,28.6,1.6000000000000014,213.75200000000015,106.48000000000008,5968.248,6351.1089062500005,0.965423487544484,1.0170514535929316
BKB12_49,BKB,6043.0,6223.095703125,27.0,28.6,1.6000000000000014,213.75200000000015,106.48000000000008,5829.248,6329.5757031250005,0.9646281648187984,1.0171104551624572
BKB12_51,BKB,6161.0,6007.763671875,27.0,28.6,1.6000000000000014,213.75200000000015,106.48000000000008,5947.248,6114.2436718750005,0.9653056322025644,1.017723733125269
BKB12_55,BKB,6184.0,6180.029296875,27.0,28.6,1.6000000000000014,213.75200000000015,106.48000000000008,5970.248,6286.5092968750005,0.9654346701164296,1.0172296917837984
BKB12_56,BKB,5976.0,6007.763671875,27.0,28.6,1.6000000000000014,213.75200000000015,106.48000000000008,5762.248,6114.2436718750005,0.964231593038822,1.017723733125269
BKB12_61,BKB,5980.0,6136.962890625,27.0,28.6,1.6000000000000014,213.75200000000015,106.48000000000008,5766.248,6243.4428906250005,0.9642555183946488,1.0173506019015794
BKB12_66,BKB,5820.0,5749.365234375,27.0,28.6,1.6000000000000014,213.75200000000015,106.48000000000008,5606.248,5855.8452343750005,0.9632728522336768,1.0185203054005625
BKB12_68,BKB,5845.0,6201.5625,27.0,28.6,1.6000000000000014,213.75200000000015,106.48000000000008,5631.248,6308.0425000000005,0.9634299401197604,1.0171698664651043
BKB12_70,BKB,5988.0,5749.365234375,27.0,28.6,1.6000000000000014,213.75200000000015,106.48000000000008,5774.248,5855.8452343750005,0.9643032732130928,1.0185203054005625
BKB12_72,BKB,5869.0,5792.431640625,27.0,28.6,1.6000000000000014,213.75200000000015,106.48000000000008,5655.248,5898.9116406250005,0.9635794854319304,1.01838260796264
BKB12_79,BKB,6167.0,6136.962890625,27.0,28.6,1.6000000000000014,213.75200000000015,106.48000000000008,5953.248,6243.4428906250005,0.9653393870601588,1.0173506019015794
BKB12_81,BKB,5864.0,6201.5625,27.0,28.6,1.6000000000000014,213.75200000000015,106.48000000000008,5650.248,6308.0425000000005,0.9635484311050476,1.0171698664651043
BKB12_85,BKB,6206.0,6180.029296875,27.0,28.6,1.6000000000000014,213.75200000000015,106.48000000000008,5992.248,6286.5092968750005,0.9655572027070576,1.0172296917837984
BKB12_87,BKB,5872.0,6180.029296875,27.0,28.6,1.6000000000000014,213.75200000000015,106.48000000000008,5658.248,6286.5092968750005,0.9635980926430516,1.0172296917837984
BKB12_91,BKB,6067.0,6136.962890625,27.0,28.6,1.6000000000000014,213.75200000000015,106.48000000000008,5853.248,6243.4428906250005,0.964768089665403,1.0173506019015794
BKB12_92,BKB,6071.0,6201.5625,27.0,28.6,1.6000000000000014,213.75200000000015,106.48000000000008,5857.248,6308.0425000000005,0.9647913029155,1.0171698664651043
BKB12_94,BKB,5990.0,6136.962890625,27.0,28.6,1.6000000000000014,213.75200000000015,106.48000000000008,5776.248,6243.4428906250005,0.9643151919866444,1.0173506019015794
BKB12_96,BKB,5981.0,6158.49609375,27.0,28.6,1.6000000000000014,213.75200000000015,106.48000000000008,5767.248,6264.9760937500005,0.964261494733322,1.017289935461364
BKB12_97,BKB,5895.0,6093.896484375,27.0,28.6,1.6000000000000014,213.75200000000015,106.48000000000008,5681.248,6200.3764843750005,0.9637401187446988,1.0174732209962902
BKB12_98,BKB,5877.0,6158.49609375,27.0,28.6,1.6000000000000014,213.75200000000015,106.48000000000008,5663.248,6264.9760937500005,0.9636290624468266,1.017289935461364
BKB12_100,BKB,5912.0,6136.962890625,27.0,28.6,1.6000000000000014,213.75200000000015,106.48000000000008,5698.248,6243.4428906250005,0.9638443843031124,1.0173506019015794
BKB12_106,BKB,6066.0,6050.830078125,27.0,28.6,1.6000000000000014,213.75200000000015,106.48000000000008,5852.248,6157.3100781250005,0.9647622815694032,1.0175975855585415
BKB12_107,BKB,6042.0,6158.49609375,27.0,28.6,1.6000000000000014,213.75200000000015,106.48000000000008,5828.248,6264.9760937500005,0.964622310493214,1.017289935461364
BKB12_109,BKB,6006.0,6180.029296875,27.0,28.6,1.6000000000000014,213.75200000000015,106.48000000000008,5792.248,6286.5092968750005,0.9644102564102564,1.0172296917837984
BKB12_119,BKB,6131.0,6136.962890625,27.0,28.6,1.6000000000000014,213.75200000000015,106.48000000000008,5917.248,6243.4428906250005,0.965135866905888,1.0173506019015794
BKB12_121,BKB,6150.0,6180.029296875,27.0,28.6,1.6000000000000014,213.75200000000015,106.48000000000008,5936.248,6286.5092968750005,0.9652435772357724,1.0172296917837984
BKB12_123,BKB,5873.0,6029.296875,27.0,28.6,1.6000000000000014,213.75200000000015,106.48000000000008,5659.248,6135.7768750000005,0.9636042908224076,1.0176604340783932
BKB12_126,BKB,6038.0,6201.5625,27.0,28.6,1.6000000000000014,213.75200000000015,106.48000000000008,5824.248,6308.0425000000005,0.9645988737992712,1.0171698664651043
BKB12_128,BKB,5931.0,6158.49609375,27.0,28.6,1.6000000000000014,213.75200000000015,106.48000000000008,5717.248,6264.9760937500005,0.9639602090709828,1.017289935461364
BKB12_130,BKB,6057.0,6201.5625,27.0,28.6,1.6000000000000014,213.75200000000015,106.48000000000008,5843.248,6308.0425000000005,0.9647099224038302,1.0171698664651043
BKB12_132,BKB,6146.0,6180.029296875,27.0,28.6,1.6000000000000014,213.75200000000015,106.48000000000008,5932.248,6286.5092968750005,0.9652209567198176,1.0172296917837984
BKB12_134,BKB,6033.0,5813.96484375,27.0,28.6,1.6000000000000014,213.75200000000015,106.48000000000008,5819.248,5920.4448437500005,0.9645695342284104,1.018314524229445
BKB12_140,BKB,5805.0,5792.431640625,27.0,28.6,1.6000000000000014,213.75200000000015,106.48000000000008,5591.248,5898.9116406250005,0.9631779500430664,1.01838260796264
BKB12_142,BKB,5867.0,5835.498046875,27.0,28.6,1.6000000000000014,213.75200000000015,106.48000000000008,5653.248,5941.9780468750005,0.9635670700528378,1.0182469429592256
BKB12_143,BKB,5996.0,5835.498046875,27.0,28.6,1.6000000000000014,213.75200000000015,106.48000000000008,5782.248,5941.9780468750005,0.9643509006004002,1.0182469429592256
BKB12_145,BKB,6028.0,5986.23046875,27.0,28.6,1.6000000000000014,213.75200000000015,106.48000000000008,5814.248,6092.7104687500005,0.9645401459854014,1.0177874875609718
BKB12_148,BKB,6036.0,6007.763671875,27.0,28.6,1.6000000000000014,213.75200000000015,106.48000000000008,5822.248,6114.2436718750005,0.9645871438038436,1.017723733125269
BKB12_150,BKB,5992.0,5986.23046875,27.0,28.6,1.6000000000000014,213.75200000000015,106.48000000000008,5778.248,6092.7104687500005,0.9643271028037382,1.0177874875609718
BKB12_151,BKB,6508.0,5792.431640625,27.0,28.6,1.6000000000000014,213.75200000000015,106.48000000000008,6294.248,5898.9116406250005,0.967155500921942,1.01838260796264
BKB12_171,BKB,5800.0,6093.896484375,27.0,28.6,1.6000000000000014,213.75200000000015,106.48000000000008,5586.248,6200.3764843750005,0.9631462068965516,1.0174732209962902
BKB12_216,BKB,5950.0,5986.23046875,27.0,28.6,1.6000000000000014,213.75200000000015,106.48000000000008,5736.248,6092.7104687500005,0.964075294117647,1.0177874875609718
BKB12_221,BKB,5921.0,6180.029296875,27.0,28.6,1.6000000000000014,213.75200000000015,106.48000000000008,5707.248,6286.5092968750005,0.9638993413274785,1.0172296917837984
BKB12_228,BKB,5774.0,6072.36328125,27.0,28.6,1.6000000000000014,213.75200000000015,106.48000000000008,5560.248,6178.8432812500005,0.9629802563214408,1.017535182772873
BKB12_245,BKB,5900.0,6158.49609375,27.0,28.6,1.6000000000000014,213.75200000000015,106.48000000000008,5686.248,6264.9760937500005,0.9637708474576272,1.017289935461364
BKB12_248,BKB,5944.0,6180.029296875,27.0,28.6,1.6000000000000014,213.75200000000015,106.48000000000008,5730.248,6286.5092968750005,0.9640390309555854,1.0172296917837984
BKB12_266,BKB,5921.0,6029.296875,27.0,28.6,1.6000000000000014,213.75200000000015,106.48000000000008,5707.248,6135.7768750000005,0.9638993413274785,1.0176604340783932
BKB12_273,BKB,5928.0,6158.49609375,27.0,28.6,1.6000000000000014,213.75200000000015,106.48000000000008,5714.248,6264.9760937500005,0.9639419703103912,1.017289935461364
BKB12_275,BKB,5989.0,6115.4296875,27.0,28.6,1.6000000000000014,213.75200000000015,106.48000000000008,5775.248,6221.9096875000005,0.964309233594924,1.017411695570247
BKB12_283,BKB,5889.0,6136.962890625,27.0,28.6,1.6000000000000014,213.75200000000015,106.48000000000008,5675.248,6243.4428906250005,0.9637031754117846,1.0173506019015794
BKB12_288,BKB,6085.0,6180.029296875,27.0,28.6,1.6000000000000014,213.75200000000015,106.48000000000008,5871.248,6286.5092968750005,0.9648723089564504,1.0172296917837984
BKB12_291,BKB,5948.0,6007.763671875,27.0,28.6,1.6000000000000014,213.75200000000015,106.48000000000008,5734.248,6114.2436718750005,0.9640632145258908,1.017723733125269
BKB12_293,BKB,6078.0,6029.296875,27.0,28.6,1.6000000000000014,213.75200000000015,106.48000000000008,5864.248,6135.7768750000005,0.9648318525830863,1.0176604340783932
BKB12_295,BKB,5833.0,5900.09765625,27.0,28.6,1.6000000000000014,213.75200000000015,106.48000000000008,5619.248,6006.5776562500005,0.963354705983199,1.0180471589122269
BKB12_297,BKB,5990.0,6158.49609375,27.0,28.6,1.6000000000000014,213.75200000000015,106.48000000000008,5776.248,6264.9760937500005,0.9643151919866444,1.017289935461364
BKB12_298,BKB,6072.0,5900.09765625,27.0,28.6,1.6000000000000014,213.75200000000015,106.48000000000008,5858.248,6006.5776562500005,0.9647971014492752,1.0180471589122269
BKB12_299,BKB,5856.0,6115.4296875,27.0,28.6,1.6000000000000014,213.75200000000015,106.48000000000008,5642.248,6221.9096875000005,0.9634986338797812,1.017411695570247
BKB12_310,BKB,6012.0,6093.896484375,27.0,28.6,1.6000000000000014,213.75200000000015,106.48000000000008,5798.248,6200.3764843750005,0.9644457751164336,1.0174732209962902
BKB12_312,BKB,5977.0,6029.296875,27.0,28.6,1.6000000000000014,213.75200000000015,106.48000000000008,5763.248,6135.7768750000005,0.9642375773799564,1.0176604340783932
BKB12_314,BKB,5962.0,6050.830078125,27.0,28.6,1.6000000000000014,213.75200000000015,106.48000000000008,5748.248,6157.3100781250005,0.9641476014760146,1.0175975855585415
BKB12_316,BKB,6118.0,6029.296875,27.0,28.6,1.6000000000000014,213.75200000000015,106.48000000000008,5904.248,6135.7768750000005,0.9650617848970252,1.0176604340783932
BKB12_324,BKB,5997.0,6007.763671875,27.0,28.6,1.6000000000000014,213.75200000000015,106.48000000000008,5783.248,6114.2436718750005,0.9643568450892112,1.017723733125269
BKB12_337,BKB,5800.0,5964.697265625,27.0,28.6,1.6000000000000014,213.75200000000015,106.48000000000008,5586.248,6071.1772656250005,0.9631462068965516,1.0178517023175095
BKB12_338,BKB,5846.0,6223.095703125,27.0,28.6,1.6000000000000014,213.75200000000015,106.48000000000008,5632.248,6329.5757031250005,0.9634361956893602,1.0171104551624572
LPL21_0,LPL,5471.0,5900.09765625,30.4,28.6,-1.7999999999999972,-240.4709999999996,-119.7899999999998,5711.471,5780.30765625,1.0439537561688903,0.9796969462237448
LPL21_1,LPL,5129.0,5900.09765625,30.4,28.6,-1.7999999999999972,-240.4709999999996,-119.7899999999998,5369.471,5780.30765625,1.046884577890427,0.9796969462237448
LPL21_2,LPL,5389.0,5878.564453125,30.4,28.6,-1.7999999999999972,-240.4709999999996,-119.7899999999998,5629.471,5758.774453125,1.0446225644832063,0.9796225760633924
LPL21_3,LPL,5526.0,5921.630859375,30.4,28.6,-1.7999999999999972,-240.4709999999996,-119.7899999999998,5766.471,5801.840859375,1.043516286644951,0.979770775510204
LPL21_4,LPL,5287.0,5813.96484375,30.4,28.6,-1.7999999999999972,-240.4709999999996,-119.7899999999998,5527.471,5694.17484375,1.0454834499716283,0.9793961602418744
LPL21_5,LPL,5668.0,5857.03125,30.4,28.6,-1.7999999999999972,-240.4709999999996,-119.7899999999998,5908.471,5737.24125,1.0424260762173605,0.9795476590636256
LPL21_6,LPL,5708.0,5900.09765625,30.4,28.6,-1.7999999999999972,-240.4709999999996,-119.7899999999998,5948.471,5780.30765625,1.0421287666433077,0.9796969462237448
LPL21_7,LPL,5560.0,5878.564453125,30.4,28.6,-1.7999999999999972,-240.4709999999996,-119.7899999999998,5800.471,5758.774453125,1.0432501798561151,0.9796225760633924
LPL21_8,LPL,5618.0,5878.564453125,30.4,28.6,-1.7999999999999972,-240.4709999999996,-119.7899999999998,5858.471,5758.774453125,1.0428036667853329,0.9796225760633924
LPL21_9,LPL,5427.0,5857.03125,30.4,28.6,-1.7999999999999972,-240.4709999999996,-119.7899999999998,5667.471,5737.24125,1.0443101160862354,0.9795476590636256
LPL21_10,LPL,5549.0,5900.09765625,30.4,28.6,-1.7999999999999972,-240.4709999999996,-119.7899999999998,5789.471,5780.30765625,1.0433359163813298,0.9796969462237448
LPL21_11,LPL,5662.0,5813.96484375,30.4,28.6,-1.7999999999999972,-240.4709999999996,-119.7899999999998,5902.471,5694.17484375,1.0424710349699753,0.9793961602418744
LPL21_13,LPL,5799.0,5857.03125,30.4,28.6,-1.7999999999999972,-240.4709999999996,-119.7899999999998,6039.471,5737.24125,1.04146766683911,0.9795476590636256
LPL21_14,LPL,5655.0,5921.630859375,30.4,28.6,-1.7999999999999972,-240.4709999999996,-119.7899999999998,5895.471,5801.840859375,1.0425236074270556,0.979770775510204
LPL21_15,LPL,5501.0,5878.564453125,30.4,28.6,-1.7999999999999972,-240.4709999999996,-119.7899999999998,5741.471,5758.774453125,1.043714051990547,0.9796225760633924
LPL21_16,LPL,5591.0,5900.09765625,30.4,28.6,-1.7999999999999972,-240.4709999999996,-119.7899999999998,5831.471,5780.30765625,1.0430103738150598,0.9796969462237448
LPL21_17,LPL,5467.0,5878.564453125,30.4,28.6,-1.7999999999999972,-240.4709999999996,-119.7899999999998,5707.471,5758.774453125,1.0439859154929576,0.9796225760633924
LPL21_18,LPL,5499.0,5857.03125,30.4,28.6,-1.7999999999999972,-240.4709999999996,-119.7899999999998,5739.471,5737.24125,1.0437299509001636,0.9795476590636256
LPL21_19,LPL,5434.0,5770.8984375,30.4,28.6,-1.7999999999999972,-240.4709999999996,-119.7899999999998,5674.471,5651.1084375,1.0442530364372469,0.9792424002436796
LPL21_20,LPL,5433.0,5964.697265625,30.4,28.6,-1.7999999999999972,-240.4709999999996,-119.7899999999998,5673.471,5844.907265625,1.0442611816675869,0.979916834892802
LPL21_21,LPL,5625.0,5964.697265625,30.4,28.6,-1.7999999999999972,-240.4709999999996,-119.7899999999998,5865.471,5844.907265625,1.0427504,0.979916834892802
LPL21_22,LPL,5542.0,5857.03125,30.4,28.6,-1.7999999999999972,-240.4709999999996,-119.7899999999998,5782.471,5737.24125,1.0433906531937929,0.9795476590636256
LPL21_23,LPL,5327.0,5813.96484375,30.4,28.6,-1.7999999999999972,-240.4709999999996,-119.7899999999998,5567.471,5694.17484375,1.0451419185282522,0.9793961602418744
LPL21_24,LPL,5699.0,5900.09765625,30.4,28.6,-1.7999999999999972,-240.4709999999996,-119.7899999999998,5939.471,5780.30765625,1.0421952974206,0.9796969462237448
LPL21_25,LPL,5476.0,5857.03125,30.4,28.6,-1.7999999999999972,-240.4709999999996,-119.7899999999998,5716.471,5737.24125,1.043913623082542,0.9795476590636256
LPL21_26,LPL,5386.0,5878.564453125,30.4,28.6,-1.7999999999999972,-240.4709999999996,-119.7899999999998,5626.471,5758.774453125,1.0446474192350537,0.9796225760633924
LPL21_27,LPL,5657.0,5857.03125,30.4,28.6,-1.7999999999999972,-240.4709999999996,-119.7899999999998,5897.471,5737.24125,1.0425085734488244,0.9795476590636256
LPL21_28,LPL,5636.0,5835.498046875,30.4,28.6,-1.7999999999999972,-240.4709999999996,-119.7899999999998,5876.471,5715.708046875,1.0426669623846698,0.9794721891708712
LPL21_29,LPL,5704.0,5835.498046875,30.4,28.6,-1.7999999999999972,-240.4709999999996,-119.7899999999998,5944.471,5715.708046875,1.042158309957924,0.9794721891708712
LPL21_30,LPL,5768.0,5835.498046875,30.4,28.6,-1.7999999999999972,-240.4709999999996,-119.7899999999998,6008.471,5715.708046875,1.0416905339805824,0.9794721891708712
LPL21_31,LPL,5769.0,5921.630859375,30.4,28.6,-1.7999999999999972,-240.4709999999996,-119.7899999999998,6009.471,5801.840859375,1.0416833073322933,0.979770775510204
LPL21_33,LPL,5783.0,5857.03125,30.4,28.6,-1.7999999999999972,-240.4709999999996,-119.7899999999998,6023.471,5737.24125,1.0415823966799238,0.9795476590636256
LPL21_34,LPL,5389.0,6115.4296875,30.4,28.6,-1.7999999999999972,-240.4709999999996,-119.7899999999998,5629.471,5995.6396875,1.0446225644832063,0.9804118424834722
LPL21_35,LPL,5673.0,5792.431640625,30.4,28.6,-1.7999999999999972,-240.4709999999996,-119.7899999999998,5913.471,5672.641640625,1.042388683236383,0.9793195660420302
LPL21_36,LPL,5535.0,5878.564453125,30.4,28.6,-1.7999999999999972,-240.4709999999996,-119.7899999999998,5775.471,5758.774453125,1.0434455284552844,0.9796225760633924
LPL21_37,LPL,5751.0,5878.564453125,30.4,28.6,-1.7999999999999972,-240.4709999999996,-119.7899999999998,5991.471,5758.774453125,1.0418137715179967,0.9796225760633924
LPL21_38,LPL,5241.0,5857.03125,30.4,28.6,-1.7999999999999972,-240.4709999999996,-119.7899999999998,5481.471,5737.24125,1.0458826559816827,0.9795476590636256
LPL21_39,LPL,5585.0,5813.96484375,30.4,28.6,-1.7999999999999972,-240.4709999999996,-119.7899999999998,5825.471,5694.17484375,1.0430565801253355,0.9793961602418744
LPL21_40,LPL,5510.0,5835.498046875,30.4,28.6,-1.7999999999999972,-240.4709999999996,-119.7899999999998,5750.471,5715.708046875,1.0436426497277675,0.9794721891708712
LPL21_42,LPL,5451.0,5900.09765625,30.4,28.6,-1.7999999999999972,-240.4709999999996,-119.7899999999998,5691.471,5780.30765625,1.044115024766098,0.9796969462237448
LPL21_43,LPL,5627.0,5792.431640625,30.4,28.6,-1.7999999999999972,-240.4709999999996,-119.7899999999998,5867.471,5672.641640625,1.0427352052603518,0.9793195660420302
LPL21_44,LPL,5183.0,6136.962890625,30.4,28.6,-1.7999999999999972,-240.4709999999996,-119.7899999999998,5423.471,6017.172890625,1.0463961026432569,0.9804805728607232
LPL21_45,LPL,5527.0,5857.03125,30.4,28.6,-1.7999999999999972,-240.4709999999996,-119.7899999999998,5767.471,5737.24125,1.0435084132440744,0.9795476590636256
LPL21_46,LPL,5496.0,5943.1640625,30.4,28.6,-1.7999999999999972,-240.4709999999996,-119.7899999999998,5736.471,5823.3740625,1.043753820960699,0.9798440698018338
LPL21_47,LPL,5624.0,5857.03125,30.4,28.6,-1.7999999999999972,-240.4709999999996,-119.7899999999998,5864.471,5737.24125,1.042758001422475,0.9795476590636256
LPL21_48,LPL,5478.0,5727.83203125,30.4,28.6,-1.7999999999999972,-240.4709999999996,-119.7899999999998,5718.471,5608.04203125,1.0438975903614458,0.9790863280650606
LPL21_49,LPL,5507.0,5878.564453125,30.4,28.6,-1.7999999999999972,-240.4709999999996,-119.7899999999998,5747.471,5758.774453125,1.043666424550572,0.9796225760633924
LPL21_50,LPL,5561.0,5900.09765625,30.4,28.6,-1.7999999999999972,-240.4709999999996,-119.7899999999998,5801.471,5780.30765625,1.0432424024456033,0.9796969462237448
LPL21_51,LPL,5534.0,5900.09765625,30.4,28.6,-1.7999999999999972,-240.4709999999996,-119.7899999999998,5774.471,5780.30765625,1.0434533791109504,0.9796969462237448
LPL21_52,LPL,5565.0,5878.564453125,30.4,28.6,-1.7999999999999972,-240.4709999999996,-119.7899999999998,5805.471,5758.774453125,1.043211320754717,0.9796225760633924
LPL21_53,LPL,5446.0,5770.8984375,30.4,28.6,-1.7999999999999972,-240.4709999999996,-119.7899999999998,5686.471,5651.1084375,1.0441555269922878,0.9792424002436796
LPL21_54,LPL,5601.0,5813.96484375,30.4,28.6,-1.7999999999999972,-240.4709999999996,-119.7899999999998,5841.471,5694.17484375,1.0429335832886983,0.9793961602418744
LPL21_55,LPL,5467.0,6136.962890625,30.4,28.6,-1.7999999999999972,-240.4709999999996,-119.7899999999998,5707.471,6017.172890625,1.0439859154929576,0.9804805728607232
LPL21_56,LPL,5793.0,5878.564453125,30.4,28.6,-1.7999999999999972,-240.4709999999996,-119.7899999999998,6033.471,5758.774453125,1.0415106162610046,0.9796225760633924
LPL21_57,LPL,5531.0,5749.365234375,30.4,28.6,-1.7999999999999972,-240.4709999999996,-119.7899999999998,5771.471,5629.575234375,1.043476948110649,0.9791646564243676
LPL21_58,LPL,5613.0,6136.962890625,30.4,28.6,-1.7999999999999972,-240.4709999999996,-119.7899999999998,5853.471,6017.172890625,1.0428417958311065,0.9804805728607232
LPL21_59,LPL,5508.0,5813.96484375,30.4,28.6,-1.7999999999999972,-240.4709999999996,-119.7899999999998,5748.471,5694.17484375,1.0436584967320262,0.9793961602418744
LPL21_60,LPL,5638.0,6136.962890625,30.4,28.6,-1.7999999999999972,-240.4709999999996,-119.7899999999998,5878.471,6017.172890625,1.0426518268889675,0.9804805728607232
LPL21_61,LPL,5835.0,6136.962890625,30.4,28.6,-1.7999999999999972,-240.4709999999996,-119.7899999999998,6075.471,6017.172890625,1.041211825192802,0.9804805728607232
LPL21_62,LPL,5622.0,5792.431640625,30.4,28.6,-1.7999999999999972,-240.4709999999996,-119.7899999999998,5862.471,5672.641640625,1.0427732123799358,0.9793195660420302
LPL21_63,LPL,5482.0,6136.962890625,30.4,28.6,-1.7999999999999972,-240.4709999999996,-119.7899999999998,5722.471,6017.172890625,1.0438655600145932,0.9804805728607232
LPL21_64,LPL,5766.0,6136.962890625,30.4,28.6,-1.7999999999999972,-240.4709999999996,-119.7899999999998,6006.471,6017.172890625,1.0417049947970862,0.9804805728607232
LPL21_65,LPL,5605.0,5857.03125,30.4,28.6,-1.7999999999999972,-240.4709999999996,-119.7899999999998,5845.471,5737.24125,1.0429029438001782,0.9795476590636256
LPL21_66,LPL,5726.0,5878.564453125,30.4,28.6,-1.7999999999999972,-240.4709999999996,-119.7899999999998,5966.471,5758.774453125,1.0419963325183372,0.9796225760633924
LPL21_67,LPL,5683.0,5663.232421875,30.4,28.6,-1.7999999999999972,-240.4709999999996,-119.7899999999998,5923.471,5543.442421875,1.042314094668309,0.978847769069605
LPL21_68,LPL,5752.0,5835.498046875,30.4,28.6,-1.7999999999999972,-240.4709999999996,-119.7899999999998,5992.471,5715.708046875,1.0418065020862308,0.9794721891708712
LPL21_69,LPL,5675.0,5835.498046875,30.4,28.6,-1.7999999999999972,-240.4709999999996,-119.7899999999998,5915.471,5715.708046875,1.042373744493392,0.9794721891708712
LPL21_70,LPL,5572.0,5792.431640625,30.4,28.6,-1.7999999999999972,-240.4709999999996,-119.7899999999998,5812.471,5672.641640625,1.0431570351758792,0.9793195660420302
LPL21_71,LPL,5532.0,5835.498046875,30.4,28.6,-1.7999999999999972,-240.4709999999996,-119.7899999999998,5772.471,5715.708046875,1.0434690889370932,0.9794721891708712
LPL21_72,LPL,5587.0,5813.96484375,30.4,28.6,-1.7999999999999972,-240.4709999999996,-119.7899999999998,5827.471,5694.17484375,1.0430411669948092,0.9793961602418744
LPL21_73,LPL,5795.0,5857.03125,30.4,28.6,-1.7999999999999972,-240.4709999999996,-119.7899999999998,6035.471,5737.24125,1.0414962899050906,0.9795476590636256
LPL21_74,LPL,5672.0,6115.4296875,30.4,28.6,-1.7999999999999972,-240.4709999999996,-119.7899999999998,5912.471,5995.6396875,1.0423961565585331,0.9804118424834722
LPL21_75,LPL,5723.0,5878.564453125,30.4,28.6,-1.7999999999999972,-240.4709999999996,-119.7899999999998,5963.471,5758.774453125,1.042018347020793,0.9796225760633924
LPL21_76,LPL,5671.0,5878.564453125,30.4,28.6,-1.7999999999999972,-240.4709999999996,-119.7899999999998,5911.471,5758.774453125,1.042403632516311,0.9796225760633924
LPL21_77,LPL,5570.0,5857.03125,30.4,28.6,-1.7999999999999972,-240.4709999999996,-119.7899999999998,5810.471,5737.24125,1.0431725314183122,0.9795476590636256
LPL21_78,LPL,5522.0,5835.498046875,30.4,28.6,-1.7999999999999972,-240.4709999999996,-119.7899999999998,5762.471,5715.708046875,1.04354780876494,0.9794721891708712
LPL21_79,LPL,5882.0,5770.8984375,30.4,28.6,-1.7999999999999972,-240.4709999999996,-119.7899999999998,6122.471,5651.1084375,1.040882522951377,0.9792424002436796
LPL21_80,LPL,5761.0,5770.8984375,30.4,28.6,-1.7999999999999972,-240.4709999999996,-119.7899999999998,6001.471,5651.1084375,1.041741190765492,0.9792424002436796
LPL21_81,LPL,5882.0,6136.962890625,30.4,28.6,-1.7999999999999972,-240.4709999999996,-119.7899999999998,6122.471,6017.172890625,1.040882522951377,0.9804805728607232
LPL21_82,LPL,5622.0,6136.962890625,30.4,28.6,-1.7999999999999972,-240.4709999999996,-119.7899999999998,5862.471,6017.172890625,1.0427732123799358,0.9804805728607232
LPL21_83,LPL,5571.0,6136.962890625,30.4,28.6,-1.7999999999999972,-240.4709999999996,-119.7899999999998,5811.471,6017.172890625,1.0431647819063004,0.9804805728607232
LPL21_84,LPL,5595.0,6158.49609375,30.4,28.6,-1.7999999999999972,-240.4709999999996,-119.7899999999998,5835.471,6038.70609375,1.0429796246648793,0.9805488226059654
LPL21_85,LPL,5574.0,6115.4296875,30.4,28.6,-1.7999999999999972,-240.4709999999996,-119.7899999999998,5814.471,5995.6396875,1.0431415500538213,0.9804118424834722
LPL21_87,LPL,5805.0,5813.96484375,30.4,28.6,-1.7999999999999972,-240.4709999999996,-119.7899999999998,6045.471,5694.17484375,1.0414248062015503,0.9793961602418744
LPL21_88,LPL,5891.0,6093.896484375,30.4,28.6,-1.7999999999999972,-240.4709999999996,-119.7899999999998,6131.471,5974.106484375,1.0408200645051773,0.9803426263791736
LPL21_89,LPL,5608.0,6050.830078125,30.4,28.6,-1.7999999999999972,-240.4709999999996,-119.7899999999998,5848.471,5931.040078125,1.0428799928673322,0.980202716246641
LPL21_91,LPL,5719.0,6093.896484375,30.4,28.6,-1.7999999999999972,-240.4709999999996,-119.7899999999998,5959.471,5974.106484375,1.042047735618115,0.9803426263791736
LPL21_92,LPL,5694.0,6115.4296875,30.4,28.6,-1.7999999999999972,-240.4709999999996,-119.7899999999998,5934.471,5995.6396875,1.0422323498419388,0.9804118424834722
LPL21_93,LPL,5618.0,5857.03125,30.4,28.6,-1.7999999999999972,-240.4709999999996,-119.7899999999998,5858.471,5737.24125,1.0428036667853329,0.9795476590636256
LPL21_94,LPL,5839.0,5706.298828125,30.4,28.6,-1.7999999999999972,-240.4709999999996,-119.7899999999998,6079.471,5586.508828125,1.041183593081007,0.979007408548325
LPL21_95,LPL,5542.0,6115.4296875,30.4,28.6,-1.7999999999999972,-240.4709999999996,-119.7899999999998,5782.471,5995.6396875,1.0433906531937929,0.9804118424834722
LPL21_96,LPL,5510.0,5749.365234375,30.4,28.6,-1.7999999999999972,-240.4709999999996,-119.7899999999998,5750.471,5629.575234375,1.0436426497277675,0.9791646564243676
LPL21_97,LPL,5417.0,5663.232421875,30.4,28.6,-1.7999999999999972,-240.4709999999996,-119.7899999999998,5657.471,5543.442421875,1.0443919143437326,0.978847769069605
LPL21_98,LPL,5716.0,5813.96484375,30.4,28.6,-1.7999999999999972,-240.4709999999996,-119.7899999999998,5956.471,5694.17484375,1.0420698040587824,0.9793961602418744
LPL21_99,LPL,5586.0,5921.630859375,30.4,28.6,-1.7999999999999972,-240.4709999999996,-119.7899999999998,5826.471,5801.840859375,1.043048872180451,0.979770775510204
LPL21_100,LPL,5345.0,6115.4296875,30.4,28.6,-1.7999999999999972,-240.4709999999996,-119.7899999999998,5585.471,5995.6396875,1.0449898971000935,0.9804118424834722
LPL21_101,LPL,5631.0,5878.564453125,30.4,28.6,-1.7999999999999972,-240.4709999999996,-119.7899999999998,5871.471,5758.774453125,1.0427048481619603,0.9796225760633924
LPL21_102,LPL,5495.0,6093.896484375,30.4,28.6,-1.7999999999999972,-240.4709999999996,-119.7899999999998,5735.471,5974.106484375,1.0437617834394903,0.9803426263791736
LPL21_104,LPL,5720.0,5835.498046875,30.4,28.6,-1.7999999999999972,-240.4709999999996,-119.7899999999998,5960.471,5715.708046875,1.0420403846153845,0.9794721891708712
LPL21_105,LPL,5713.0,5706.298828125,30.4,28.6,-1.7999999999999972,-240.4709999999996,-119.7899999999998,5953.471,5586.508828125,1.042091895676527,0.979007408548325
LPL21_106,LPL,5830.0,5727.83203125,30.4,28.6,-1.7999999999999972,-240.4709999999996,-119.7899999999998,6070.471,5608.04203125,1.0412471698113206,0.9790863280650606
LPL21_107,LPL,5853.0,5577.099609375,30.4,28.6,-1.7999999999999972,-240.4709999999996,-119.7899999999998,6093.471,5457.309609375,1.0410850845720143,0.9785210936884406
LPL21_109,LPL,5726.0,5857.03125,30.4,28.6,-1.7999999999999972,-240.4709999999996,-119.7899999999998,5966.471,5737.24125,1.0419963325183372,0.9795476590636256
LPL21_110,LPL,5702.0,5835.498046875,30.4,28.6,-1.7999999999999972,-240.4709999999996,-119.7899999999998,5942.471,5715.708046875,1.0421730971588916,0.9794721891708712
LPL21_111,LPL,5656.0,5857.03125,30.4,28.6,-1.7999999999999972,-240.4709999999996,-119.7899999999998,5896.471,5737.24125,1.042516089108911,0.9795476590636256
LPL21_112,LPL,5723.0,6093.896484375,30.4,28.6,-1.7999999999999972,-240.4709999999996,-119.7899999999998,5963.471,5974.106484375,1.042018347020793,0.9803426263791736
LPL21_113,LPL,5510.0,5835.498046875,30.4,28.6,-1.7999999999999972,-240.4709999999996,-119.7899999999998,5750.471,5715.708046875,1.0436426497277675,0.9794721891708712
LPL21_114,LPL,5588.0,5792.431640625,30.4,28.6,-1.7999999999999972,-240.4709999999996,-119.7899999999998,5828.471,5672.641640625,1.043033464566929,0.9793195660420302
LPL21_115,LPL,5729.0,5900.09765625,30.4,28.6,-1.7999999999999972,-240.4709999999996,-119.7899999999998,5969.471,5780.30765625,1.04197434107174,0.9796969462237448
LPL21_116,LPL,5643.0,5663.232421875,30.4,28.6,-1.7999999999999972,-240.4709999999996,-119.7899999999998,5883.471,5543.442421875,1.042614035087719,0.978847769069605
LPL21_117,LPL,5593.0,5813.96484375,30.4,28.6,-1.7999999999999972,-240.4709999999996,-119.7899999999998,5833.471,5694.17484375,1.0429949937421776,0.9793961602418744
LPL21_118,LPL,5889.0,5620.166015625,30.4,28.6,-1.7999999999999972,-240.4709999999996,-119.7899999999998,6129.471,5500.376015625,1.0408339276617422,0.9786856830088356
LPL21_119,LPL,5738.0,6136.962890625,30.4,28.6,-1.7999999999999972,-240.4709999999996,-119.7899999999998,5978.471,6017.172890625,1.041908504705472,0.9804805728607232
LPL21_120,LPL,5603.0,5857.03125,30.4,28.6,-1.7999999999999972,-240.4709999999996,-119.7899999999998,5843.471,5737.24125,1.0429182580760306,0.9795476590636256
LPL21_121,LPL,5533.0,5598.6328125,30.4,28.6,-1.7999999999999972,-240.4709999999996,-119.7899999999998,5773.471,5478.8428125,1.0434612326043735,0.978603704866562
LPL21_122,LPL,5716.0,5943.1640625,30.4,28.6,-1.7999999999999972,-240.4709999999996,-119.7899999999998,5956.471,5823.3740625,1.0420698040587824,0.9798440698018338
LPL21_123,LPL,5466.0,5727.83203125,30.4,28.6,-1.7999999999999972,-240.4709999999996,-119.7899999999998,5706.471,5608.04203125,1.0439939626783754,0.9790863280650606
LPL21_124,LPL,5620.0,5878.564453125,30.4,28.6,-1.7999999999999972,-240.4709999999996,-119.7899999999998,5860.471,5758.774453125,1.042788434163701,0.9796225760633924
LPL21_125,LPL,5453.0,5598.6328125,30.4,28.6,-1.7999999999999972,-240.4709999999996,-119.7899999999998,5693.471,5478.8428125,1.0440988446726571,0.978603704866562
LPL21_126,LPL,5657.0,5921.630859375,30.4,28.6,-1.7999999999999972,-240.4709999999996,-119.7899999999998,5897.471,5801.840859375,1.0425085734488244,0.979770775510204
LPL21_127,LPL,5564.0,5878.564453125,30.4,28.6,-1.7999999999999972,-240.4709999999996,-119.7899999999998,5804.471,5758.774453125,1.0432190869877784,0.9796225760633924
LPL21_133,LPL,5935.0,5598.6328125,30.4,28.6,-1.7999999999999972,-240.4709999999996,-119.7899999999998,6175.471,5478.8428125,1.0405174389216512,0.978603704866562
LPL21_134,LPL,5786.0,5835.498046875,30.4,28.6,-1.7999999999999972,-240.4709999999996,-119.7899999999998,6026.471,5715.708046875,1.0415608365019011,0.9794721891708712
LPL21_135,LPL,5871.0,5921.630859375,30.4,28.6,-1.7999999999999972,-240.4709999999996,-119.7899999999998,6111.471,5801.840859375,1.04095912110373,0.979770775510204
LPL21_136,LPL,5879.0,5620.166015625,30.4,28.6,-1.7999999999999972,-240.4709999999996,-119.7899999999998,6119.471,5500.376015625,1.0409033849294096,0.9786856830088356
LPL21_138,LPL,5831.0,5792.431640625,30.4,28.6,-1.7999999999999972,-240.4709999999996,-119.7899999999998,6071.471,5672.641640625,1.0412400960384154,0.9793195660420302
LPL21_140,LPL,5760.0,5835.498046875,30.4,28.6,-1.7999999999999972,-240.4709999999996,-119.7899999999998,6000.471,5715.708046875,1.0417484375,0.9794721891708712
LPL21_141,LPL,5749.0,5684.765625,30.4,28.6,-1.7999999999999972,-240.4709999999996,-119.7899999999998,5989.471,5564.975625,1.0418283179683423,0.9789278911564626
LPL21_142,LPL,5656.0,5813.96484375,30.4,28.6,-1.7999999999999972,-240.4709999999996,-119.7899999999998,5896.471,5694.17484375,1.042516089108911,0.9793961602418744
LPL21_143,LPL,5728.0,5835.498046875,30.4,28.6,-1.7999999999999972,-240.4709999999996,-119.7899999999998,5968.471,5715.708046875,1.0419816689944132,0.9794721891708712
LPL21_144,LPL,5772.0,5921.630859375,30.4,28.6,-1.7999999999999972,-240.4709999999996,-119.7899999999998,6012.471,5801.840859375,1.0416616424116425,0.979770775510204
LPL21_145,LPL,5794.0,6136.962890625,30.4,28.6,-1.7999999999999972,-240.4709999999996,-119.7899999999998,6034.471,6017.172890625,1.041503451846738,0.9804805728607232
LPL21_146,LPL,5525.0,6136.962890625,30.4,28.6,-1.7999999999999972,-240.4709999999996,-119.7899999999998,5765.471,6017.172890625,1.0435241628959275,0.9804805728607232
LPL21_147,LPL,5720.0,5835.498046875,30.4,28.6,-1.7999999999999972,-240.4709999999996,-119.7899999999998,5960.471,5715.708046875,1.0420403846153845,0.9794721891708712
LPL21_148,LPL,5658.0,5727.83203125,30.4,28.6,-1.7999999999999972,-240.4709999999996,-119.7899999999998,5898.471,5608.04203125,1.042501060445387,0.9790863280650606
LPL21_149,LPL,5396.0,6136.962890625,30.4,28.6,-1.7999999999999972,-240.4709999999996,-119.7899999999998,5636.471,6017.172890625,1.0445646775389177,0.9804805728607232
LPL21_150,LPL,5732.0,5943.1640625,30.4,28.6,-1.7999999999999972,-240.4709999999996,-119.7899999999998,5972.471,5823.3740625,1.041952372644801,0.9798440698018338
LPL21_151,LPL,5791.0,5857.03125,30.4,28.6,-1.7999999999999972,-240.4709999999996,-119.7899999999998,6031.471,5737.24125,1.0415249525125194,0.9795476590636256
LPL21_152,LPL,5726.0,5943.1640625,30.4,28.6,-1.7999999999999972,-240.4709999999996,-119.7899999999998,5966.471,5823.3740625,1.0419963325183372,0.9798440698018338
LPL21_153,LPL,5573.0,5749.365234375,30.4,28.6,-1.7999999999999972,-240.4709999999996,-119.7899999999998,5813.471,5629.575234375,1.0431492912255518,0.9791646564243676
LPL21_154,LPL,5632.0,5857.03125,30.4,28.6,-1.7999999999999972,-240.4709999999996,-119.7899999999998,5872.471,5737.24125,1.042697265625,0.9795476590636256
LPL21_155,LPL,5508.0,5835.498046875,30.4,28.6,-1.7999999999999972,-240.4709999999996,-119.7899999999998,5748.471,5715.708046875,1.0436584967320262,0.9794721891708712
LPL21_157,LPL,5800.0,5620.166015625,30.4,28.6,-1.7999999999999972,-240.4709999999996,-119.7899999999998,6040.471,5500.376015625,1.0414605172413791,0.9786856830088356
LPL21_158,LPL,5760.0,5878.564453125,30.4,28.6,-1.7999999999999972,-240.4709999999996,-119.7899999999998,6000.471,5758.774453125,1.0417484375,0.9796225760633924
LPL21_159,LPL,5466.0,5577.099609375,30.4,28.6,-1.7999999999999972,-240.4709999999996,-119.7899999999998,5706.471,5457.309609375,1.0439939626783754,0.9785210936884406
LPL21_160,LPL,5950.0,5921.630859375,30.4,28.6,-1.7999999999999972,-240.4709999999996,-119.7899999999998,6190.471,5801.840859375,1.040415294117647,0.979770775510204
LPL21_161,LPL,5839.0,5620.166015625,30.4,28.6,-1.7999999999999972,-240.4709999999996,-119.7899999999998,6079.471,5500.376015625,1.041183593081007,0.9786856830088356
LPL21_162,LPL,5454.0,5857.03125,30.4,28.6,-1.7999999999999972,-240.4709999999996,-119.7899999999998,5694.471,5737.24125,1.0440907590759074,0.9795476590636256
LPL21_163,LPL,5356.0,5706.298828125,30.4,28.6,-1.7999999999999972,-240.4709999999996,-119.7899999999998,5596.471,5586.508828125,1.0448974981329349,0.979007408548325
LPL21_164,LPL,5667.0,5921.630859375,30.4,28.6,-1.7999999999999972,-240.4709999999996,-119.7899999999998,5907.471,5801.840859375,1.042433562731604,0.979770775510204
LPL21_165,LPL,5465.0,5727.83203125,30.4,28.6,-1.7999999999999972,-240.4709999999996,-119.7899999999998,5705.471,5608.04203125,1.044002012808783,0.9790863280650606
LPL21_166,LPL,5759.0,5878.564453125,30.4,28.6,-1.7999999999999972,-240.4709999999996,-119.7899999999998,5999.471,5758.774453125,1.041755686751172,0.9796225760633924
LPL21_167,LPL,5716.0,5792.431640625,30.4,28.6,-1.7999999999999972,-240.4709999999996,-119.7899999999998,5956.471,5672.641640625,1.0420698040587824,0.9793195660420302
LPL21_168,LPL,5560.0,5727.83203125,30.4,28.6,-1.7999999999999972,-240.4709999999996,-119.7899999999998,5800.471,5608.04203125,1.0432501798561151,0.9790863280650606
LPL21_169,LPL,5727.0,5749.365234375,30.4,28.6,-1.7999999999999972,-240.4709999999996,-119.7899999999998,5967.471,5629.575234375,1.0419889994761655,0.9791646564243676
LPL21_170,LPL,5491.0,5663.232421875,30.4,28.6,-1.7999999999999972,-240.4709999999996,-119.7899999999998,5731.471,5543.442421875,1.043793662356583,0.978847769069605
LPL21_171,LPL,5510.0,5792.431640625,30.4,28.6,-1.7999999999999972,-240.4709999999996,-119.7899999999998,5750.471,5672.641640625,1.0436426497277675,0.9793195660420302
LPL21_172,LPL,5577.0,5727.83203125,30.4,28.6,-1.7999999999999972,-240.4709999999996,-119.7899999999998,5817.471,5608.04203125,1.0431183431952662,0.9790863280650606
LPL21_173,LPL,5602.0,5706.298828125,30.4,28.6,-1.7999999999999972,-240.4709999999996,-119.7899999999998,5842.471,5586.508828125,1.0429259193145304,0.979007408548325
LPL21_174,LPL,5770.0,5598.6328125,30.4,28.6,-1.7999999999999972,-240.4709999999996,-119.7899999999998,6010.471,5478.8428125,1.041676083188908,0.978603704866562
LPL21_175,LPL,5592.0,6093.896484375,30.4,28.6,-1.7999999999999972,-240.4709999999996,-119.7899999999998,5832.471,5974.106484375,1.0430026824034333,0.9803426263791736
LPL21_176,LPL,5805.0,5878.564453125,30.4,28.6,-1.7999999999999972,-240.4709999999996,-119.7899999999998,6045.471,5758.774453125,1.0414248062015503,0.9796225760633924
LPL21_177,LPL,5240.0,5663.232421875,30.4,28.6,-1.7999999999999972,-240.4709999999996,-119.7899999999998,5480.471,5543.442421875,1.0458914122137404,0.978847769069605
LPL21_178,LPL,5747.0,6115.4296875,30.4,28.6,-1.7999999999999972,-240.4709999999996,-119.7899999999998,5987.471,5995.6396875,1.04184287454324,0.9804118424834722
LPL21_179,LPL,5583.0,5857.03125,30.4,28.6,-1.7999999999999972,-240.4709999999996,-119.7899999999998,5823.471,5737.24125,1.043072004298764,0.9795476590636256
LPL21_180,LPL,5797.0,6136.962890625,30.4,28.6,-1.7999999999999972,-240.4709999999996,-119.7899999999998,6037.471,6017.172890625,1.041481973434535,0.9804805728607232
LPL21_181,LPL,5534.0,5663.232421875,30.4,28.6,-1.7999999999999972,-240.4709999999996,-119.7899999999998,5774.471,5543.442421875,1.0434533791109504,0.978847769069605
LPL21_182,LPL,5458.0,6115.4296875,30.4,28.6,-1.7999999999999972,-240.4709999999996,-119.7899999999998,5698.471,5995.6396875,1.0440584463173324,0.9804118424834722
LPL21_183,LPL,5405.0,6136.962890625,30.4,28.6,-1.7999999999999972,-240.4709999999996,-119.7899999999998,5645.471,6017.172890625,1.0444904717853838,0.9804805728607232
LPL21_184,LPL,5632.0,6136.962890625,30.4,28.6,-1.7999999999999972,-240.4709999999996,-119.7899999999998,5872.471,6017.172890625,1.042697265625,0.9804805728607232
LPL21_185,LPL,5567.0,5663.232421875,30.4,28.6,-1.7999999999999972,-240.4709999999996,-119.7899999999998,5807.471,5543.442421875,1.0431957966588823,0.978847769069605
LPL21_186,LPL,5688.0,5835.498046875,30.4,28.6,-1.7999999999999972,-240.4709999999996,-119.7899999999998,5928.471,5715.708046875,1.042276898734177,0.9794721891708712
LPL21_187,LPL,5781.0,6115.4296875,30.4,28.6,-1.7999999999999972,-240.4709999999996,-119.7899999999998,6021.471,5995.6396875,1.04159678256357,0.9804118424834722
LPL21_188,LPL,5632.0,5684.765625,30.4,28.6,-1.7999999999999972,-240.4709999999996,-119.7899999999998,5872.471,5564.975625,1.042697265625,0.9789278911564626
LPL21_189,LPL,5552.0,6136.962890625,30.4,28.6,-1.7999999999999972,-240.4709999999996,-119.7899999999998,5792.471,6017.172890625,1.0433125,0.9804805728607232
LPL21_190,LPL,5589.0,6136.962890625,30.4,28.6,-1.7999999999999972,-240.4709999999996,-119.7899999999998,5829.471,6017.172890625,1.04302576489533,0.9804805728607232
LPL21_191,LPL,5645.0,6115.4296875,30.4,28.6,-1.7999999999999972,-240.4709999999996,-119.7899999999998,5885.471,5995.6396875,1.0425989371124889,0.9804118424834722
LPL21_192,LPL,5502.0,5943.1640625,30.4,28.6,-1.7999999999999972,-240.4709999999996,-119.7899999999998,5742.471,5823.3740625,1.043706106870229,0.9798440698018338
LPL21_193,LPL,5649.0,6115.4296875,30.4,28.6,-1.7999999999999972,-240.4709999999996,-119.7899999999998,5889.471,5995.6396875,1.0425687732342006,0.9804118424834722
LPL21_194,LPL,5727.0,5598.6328125,30.4,28.6,-1.7999999999999972,-240.4709999999996,-119.7899999999998,5967.471,5478.8428125,1.0419889994761655,0.978603704866562
LPL21_195,LPL,5756.0,6136.962890625,30.4,28.6,-1.7999999999999972,-240.4709999999996,-119.7899999999998,5996.471,6017.172890625,1.04177744961779,0.9804805728607232
LPL21_196,LPL,5764.0,6136.962890625,30.4,28.6,-1.7999999999999972,-240.4709999999996,-119.7899999999998,6004.471,6017.172890625,1.0417194656488549,0.9804805728607232
LPL21_197,LPL,5514.0,6136.962890625,30.4,28.6,-1.7999999999999972,-240.4709999999996,-119.7899999999998,5754.471,6017.172890625,1.0436109902067463,0.9804805728607232
LPL21_198,LPL,5531.0,5857.03125,30.4,28.6,-1.7999999999999972,-240.4709999999996,-119.7899999999998,5771.471,5737.24125,1.043476948110649,0.9795476590636256
LPL21_199,LPL,5456.0,5857.03125,30.4,28.6,-1.7999999999999972,-240.4709999999996,-119.7899999999998,5696.471,5737.24125,1.0440745967741936,0.9795476590636256
LPL21_200,LPL,5628.0,5857.03125,30.4,28.6,-1.7999999999999972,-240.4709999999996,-119.7899999999998,5868.471,5737.24125,1.0427276119402984,0.9795476590636256
LPL21_201,LPL,5663.0,5921.630859375,30.4,28.6,-1.7999999999999972,-240.4709999999996,-119.7899999999998,5903.471,5801.840859375,1.0424635352286773,0.979770775510204
LPL21_202,LPL,5590.0,5900.09765625,30.4,28.6,-1.7999999999999972,-240.4709999999996,-119.7899999999998,5830.471,5780.30765625,1.043018067978533,0.9796969462237448
LPL21_203,LPL,5440.0,5749.365234375,30.4,28.6,-1.7999999999999972,-240.4709999999996,-119.7899999999998,5680.471,5629.575234375,1.0442042279411765,0.9791646564243676
LPL21_204,LPL,5630.0,5835.498046875,30.4,28.6,-1.7999999999999972,-240.4709999999996,-119.7899999999998,5870.471,5715.708046875,1.04271243339254,0.9794721891708712
LPL21_206,LPL,5759.0,5813.96484375,30.4,28.6,-1.7999999999999972,-240.4709999999996,-119.7899999999998,5999.471,5694.17484375,1.041755686751172,0.9793961602418744
LPL21_207,LPL,5553.0,5792.431640625,30.4,28.6,-1.7999999999999972,-240.4709999999996,-119.7899999999998,5793.471,5672.641640625,1.0433047001620743,0.9793195660420302
LPL21_208,LPL,5785.0,5792.431640625,30.4,28.6,-1.7999999999999972,-240.4709999999996,-119.7899999999998,6025.471,5672.641640625,1.0415680207433016,0.9793195660420302
LPL21_209,LPL,5758.0,5684.765625,30.4,28.6,-1.7999999999999972,-240.4709999999996,-119.7899999999998,5998.471,5564.975625,1.0417629385203195,0.9789278911564626
LPL21_210,LPL,5693.0,5684.765625,30.4,28.6,-1.7999999999999972,-240.4709999999996,-119.7899999999998,5933.471,5564.975625,1.0422397681363076,0.9789278911564626
LPL21_211,LPL,5792.0,6115.4296875,30.4,28.6,-1.7999999999999972,-240.4709999999996,-119.7899999999998,6032.471,5995.6396875,1.041517783149171,0.9804118424834722
LPL21_212,LPL,5728.0,5943.1640625,30.4,28.6,-1.7999999999999972,-240.4709999999996,-119.7899999999998,5968.471,5823.3740625,1.0419816689944132,0.9798440698018338
LPL21_213,LPL,5630.0,6136.962890625,30.4,28.6,-1.7999999999999972,-240.4709999999996,-119.7899999999998,5870.471,6017.172890625,1.04271243339254,0.9804805728607232
LPL21_214,LPL,5707.0,6115.4296875,30.4,28.6,-1.7999999999999972,-240.4709999999996,-119.7899999999998,5947.471,5995.6396875,1.0421361485894514,0.9804118424834722
LPL21_215,LPL,5775.0,6115.4296875,30.4,28.6,-1.7999999999999972,-240.4709999999996,-119.7899999999998,6015.471,5995.6396875,1.04164,0.9804118424834722
LPL21_216,LPL,5784.0,6093.896484375,30.4,28.6,-1.7999999999999972,-240.4709999999996,-119.7899999999998,6024.471,5974.106484375,1.0415752074688795,0.9803426263791736
LPL21_217,LPL,5712.0,6136.962890625,30.4,28.6,-1.7999999999999972,-240.4709999999996,-119.7899999999998,5952.471,6017.172890625,1.0420992647058822,0.9804805728607232
LPL21_218,LPL,5800.0,6136.962890625,30.4,28.6,-1.7999999999999972,-240.4709999999996,-119.7899999999998,6040.471,6017.172890625,1.0414605172413791,0.9804805728607232
LPL21_219,LPL,5827.0,5598.6328125,30.4,28.6,-1.7999999999999972,-240.4709999999996,-119.7899999999998,6067.471,5478.8428125,1.0412684056976145,0.978603704866562
LPL21_220,LPL,5805.0,6136.962890625,30.4,28.6,-1.7999999999999972,-240.4709999999996,-119.7899999999998,6045.471,6017.172890625,1.0414248062015503,0.9804805728607232
LPL21_221,LPL,5572.0,5577.099609375,30.4,28.6,-1.7999999999999972,-240.4709999999996,-119.7899999999998,5812.471,5457.309609375,1.0431570351758792,0.9785210936884406
LPL21_222,LPL,5855.0,6136.962890625,30.4,28.6,-1.7999999999999972,-240.4709999999996,-119.7899999999998,6095.471,6017.172890625,1.0410710503842868,0.9804805728607232
LPL21_223,LPL,5779.0,5727.83203125,30.4,28.6,-1.7999999999999972,-240.4709999999996,-119.7899999999998,6019.471,5608.04203125,1.0416111784045683,0.9790863280650606
LPL21_225,LPL,5820.0,6136.962890625,30.4,28.6,-1.7999999999999972,-240.4709999999996,-119.7899999999998,6060.471,6017.172890625,1.0413180412371132,0.9804805728607232
LPL21_226,LPL,5826.0,6136.962890625,30.4,28.6,-1.7999999999999972,-240.4709999999996,-119.7899999999998,6066.471,6017.172890625,1.0412754891864058,0.9804805728607232
LPL21_227,LPL,5687.0,6136.962890625,30.4,28.6,-1.7999999999999972,-240.4709999999996,-119.7899999999998,5927.471,6017.172890625,1.042284332688588,0.9804805728607232
LPL21_228,LPL,5509.0,6115.4296875,30.4,28.6,-1.7999999999999972,-240.4709999999996,-119.7899999999998,5749.471,5995.6396875,1.0436505717916136,0.9804118424834722
LPL21_229,LPL,5848.0,5943.1640625,30.4,28.6,-1.7999999999999972,-240.4709999999996,-119.7899999999998,6088.471,5823.3740625,1.0411202120383036,0.9798440698018338
LPL21_230,LPL,5695.0,6115.4296875,30.4,28.6,-1.7999999999999972,-240.4709999999996,-119.7899999999998,5935.471,5995.6396875,1.0422249341527654,0.9804118424834722
LPL21_231,LPL,5814.0,5770.8984375,30.4,28.6,-1.7999999999999972,-240.4709999999996,-119.7899999999998,6054.471,5651.1084375,1.041360681114551,0.9792424002436796
LPL21_232,LPL,5562.0,5857.03125,30.4,28.6,-1.7999999999999972,-240.4709999999996,-119.7899999999998,5802.471,5737.24125,1.043234627831715,0.9795476590636256
LPL21_233,LPL,5575.0,5878.564453125,30.4,28.6,-1.7999999999999972,-240.4709999999996,-119.7899999999998,5815.471,5758.774453125,1.0431338116591928,0.9796225760633924
LPL21_234,LPL,5636.0,6136.962890625,30.4,28.6,-1.7999999999999972,-240.4709999999996,-119.7899999999998,5876.471,6017.172890625,1.0426669623846698,0.9804805728607232
LPL21_237,LPL,5891.0,6136.962890625,30.4,28.6,-1.7999999999999972,-240.4709999999996,-119.7899999999998,6131.471,6017.172890625,1.0408200645051773,0.9804805728607232
LPL21_238,LPL,5575.0,5900.09765625,30.4,28.6,-1.7999999999999972,-240.4709999999996,-119.7899999999998,5815.471,5780.30765625,1.0431338116591928,0.9796969462237448
LPL21_239,LPL,5761.0,5577.099609375,30.4,28.6,-1.7999999999999972,-240.4709999999996,-119.7899999999998,6001.471,5457.309609375,1.041741190765492,0.9785210936884406
LPL21_240,LPL,5602.0,5813.96484375,30.4,28.6,-1.7999999999999972,-240.4709999999996,-119.7899999999998,5842.471,5694.17484375,1.0429259193145304,0.9793961602418744
LPL21_241,LPL,5849.0,6136.962890625,30.4,28.6,-1.7999999999999972,-240.4709999999996,-119.7899999999998,6089.471,6017.172890625,1.0411131817404684,0.9804805728607232
LPL21_242,LPL,5946.0,5943.1640625,30.4,28.6,-1.7999999999999972,-240.4709999999996,-119.7899999999998,6186.471,5823.3740625,1.0404424823410696,0.9798440698018338
LPL21_243,LPL,5811.0,5943.1640625,30.4,28.6,-1.7999999999999972,-240.4709999999996,-119.7899999999998,6051.471,5823.3740625,1.041382034073309,0.9798440698018338
LPL21_244,LPL,5612.0,5857.03125,30.4,28.6,-1.7999999999999972,-240.4709999999996,-119.7899999999998,5852.471,5737.24125,1.0428494297933,0.9795476590636256
LPL21_245,LPL,5881.0,5857.03125,30.4,28.6,-1.7999999999999972,-240.4709999999996,-119.7899999999998,6121.471,5737.24125,1.040889474579153,0.9795476590636256
LPL21_246,LPL,5265.0,6115.4296875,30.4,28.6,-1.7999999999999972,-240.4709999999996,-119.7899999999998,5505.471,5995.6396875,1.045673504273504,0.9804118424834722
LPL21_247,LPL,5692.0,5835.498046875,30.4,28.6,-1.7999999999999972,-240.4709999999996,-119.7899999999998,5932.471,5715.708046875,1.0422471890372451,0.9794721891708712
LPL21_248,LPL,5693.0,5878.564453125,30.4,28.6,-1.7999999999999972,-240.4709999999996,-119.7899999999998,5933.471,5758.774453125,1.0422397681363076,0.9796225760633924
LPL21_249,LPL,5498.0,5900.09765625,30.4,28.6,-1.7999999999999972,-240.4709999999996,-119.7899999999998,5738.471,5780.30765625,1.0437379046926154,0.9796969462237448
LPL21_250,LPL,5754.0,5943.1640625,30.4,28.6,-1.7999999999999972,-240.4709999999996,-119.7899999999998,5994.471,5823.3740625,1.0417919708029195,0.9798440698018338
LPL21_251,LPL,5647.0,5900.09765625,30.4,28.6,-1.7999999999999972,-240.4709999999996,-119.7899999999998,5887.471,5780.30765625,1.042583849831769,0.9796969462237448
LPL21_252,LPL,5617.0,5900.09765625,30.4,28.6,-1.7999999999999972,-240.4709999999996,-119.7899999999998,5857.471,5780.30765625,1.0428112871639663,0.9796969462237448
LPL21_253,LPL,5699.0,5943.1640625,30.4,28.6,-1.7999999999999972,-240.4709999999996,-119.7899999999998,5939.471,5823.3740625,1.0421952974206,0.9798440698018338
LPL21_254,LPL,5493.0,6136.962890625,30.4,28.6,-1.7999999999999972,-240.4709999999996,-119.7899999999998,5733.471,6017.172890625,1.0437777170944835,0.9804805728607232
LPL21_255,LPL,5916.0,5921.630859375,30.4,28.6,-1.7999999999999972,-240.4709999999996,-119.7899999999998,6156.471,5801.840859375,1.0406475659229208,0.979770775510204
LPL21_256,LPL,5682.0,6136.962890625,30.4,28.6,-1.7999999999999972,-240.4709999999996,-119.7899999999998,5922.471,6017.172890625,1.0423215417106653,0.9804805728607232
LPL21_257,LPL,5617.0,5857.03125,30.4,28.6,-1.7999999999999972,-240.4709999999996,-119.7899999999998,5857.471,5737.24125,1.0428112871639663,0.9795476590636256
LPL21_258,LPL,5686.0,5813.96484375,30.4,28.6,-1.7999999999999972,-240.4709999999996,-119.7899999999998,5926.471,5694.17484375,1.0422917692578262,0.9793961602418744
LPL21_259,LPL,5756.0,5900.09765625,30.4,28.6,-1.7999999999999972,-240.4709999999996,-119.7899999999998,5996.471,5780.30765625,1.04177744961779,0.9796969462237448
LPL21_260,LPL,5809.0,6136.962890625,30.4,28.6,-1.7999999999999972,-240.4709999999996,-119.7899999999998,6049.471,6017.172890625,1.0413962816319504,0.9804805728607232
LPL21_263,LPL,5668.0,5921.630859375,30.4,28.6,-1.7999999999999972,-240.4709999999996,-119.7899999999998,5908.471,5801.840859375,1.0424260762173605,0.979770775510204
LPL21_264,LPL,5656.0,5770.8984375,30.4,28.6,-1.7999999999999972,-240.4709999999996,-119.7899999999998,5896.471,5651.1084375,1.042516089108911,0.9792424002436796
LPL21_265,LPL,5699.0,5857.03125,30.4,28.6,-1.7999999999999972,-240.4709999999996,-119.7899999999998,5939.471,5737.24125,1.0421952974206,0.9795476590636256
LPL21_266,LPL,5797.0,5943.1640625,30.4,28.6,-1.7999999999999972,-240.4709999999996,-119.7899999999998,6037.471,5823.3740625,1.041481973434535,0.9798440698018338
LPL21_267,LPL,5871.0,5921.630859375,30.4,28.6,-1.7999999999999972,-240.4709999999996,-119.7899999999998,6111.471,5801.840859375,1.04095912110373,0.979770775510204
LPL21_268,LPL,5727.0,6093.896484375,30.4,28.6,-1.7999999999999972,-240.4709999999996,-119.7899999999998,5967.471,5974.106484375,1.0419889994761655,0.9803426263791736
LPL21_269,LPL,5508.0,6136.962890625,30.4,28.6,-1.7999999999999972,-240.4709999999996,-119.7899999999998,5748.471,6017.172890625,1.0436584967320262,0.9804805728607232
LPL21_270,LPL,5566.0,6136.962890625,30.4,28.6,-1.7999999999999972,-240.4709999999996,-119.7899999999998,5806.471,6017.172890625,1.043203557312253,0.9804805728607232
LPL21_271,LPL,5481.0,6115.4296875,30.4,28.6,-1.7999999999999972,-240.4709999999996,-119.7899999999998,5721.471,5995.6396875,1.0438735632183906,0.9804118424834722
LPL21_272,LPL,5758.0,5921.630859375,30.4,28.6,-1.7999999999999972,-240.4709999999996,-119.7899999999998,5998.471,5801.840859375,1.0417629385203195,0.979770775510204
LPL21_273,LPL,5721.0,5598.6328125,30.4,28.6,-1.7999999999999972,-240.4709999999996,-119.7899999999998,5961.471,5478.8428125,1.0420330361824854,0.978603704866562
LPL21_274,LPL,5616.0,5878.564453125,30.4,28.6,-1.7999999999999972,-240.4709999999996,-119.7899999999998,5856.471,5758.774453125,1.0428189102564105,0.9796225760633924
LPL21_275,LPL,5808.0,5878.564453125,30.4,28.6,-1.7999999999999972,-240.4709999999996,-119.7899999999998,6048.471,5758.774453125,1.041403409090909,0.9796225760633924
LPL21_276,LPL,5776.0,5555.56640625,30.4,28.6,-1.7999999999999972,-240.4709999999996,-119.7899999999998,6016.471,5435.77640625,1.0416327908587255,0.9784378421135896
LPL21_277,LPL,5690.0,5835.498046875,30.4,28.6,-1.7999999999999972,-240.4709999999996,-119.7899999999998,5930.471,5715.708046875,1.042262038664323,0.9794721891708712
LPL21_279,LPL,5645.0,6136.962890625,30.4,28.6,-1.7999999999999972,-240.4709999999996,-119.7899999999998,5885.471,6017.172890625,1.0425989371124889,0.9804805728607232
LPL21_280,LPL,5771.0,5792.431640625,30.4,28.6,-1.7999999999999972,-240.4709999999996,-119.7899999999998,6011.471,5672.641640625,1.0416688615491247,0.9793195660420302
LPL21_281,LPL,5902.0,5878.564453125,30.4,28.6,-1.7999999999999972,-240.4709999999996,-119.7899999999998,6142.471,5758.774453125,1.0407439850898,0.9796225760633924
LPL21_282,LPL,5718.0,5577.099609375,30.4,28.6,-1.7999999999999972,-240.4709999999996,-119.7899999999998,5958.471,5457.309609375,1.042055089192025,0.9785210936884406
LPL21_284,LPL,5814.0,5878.564453125,30.4,28.6,-1.7999999999999972,-240.4709999999996,-119.7899999999998,6054.471,5758.774453125,1.041360681114551,0.9796225760633924
LPL21_285,LPL,5520.0,6115.4296875,30.4,28.6,-1.7999999999999972,-240.4709999999996,-119.7899999999998,5760.471,5995.6396875,1.0435635869565216,0.9804118424834722
LPL21_286,LPL,5937.0,5943.1640625,30.4,28.6,-1.7999999999999972,-240.4709999999996,-119.7899999999998,6177.471,5823.3740625,1.0405037897928249,0.9798440698018338
LPL21_288,LPL,5582.0,5684.765625,30.4,28.6,-1.7999999999999972,-240.4709999999996,-119.7899999999998,5822.471,5564.975625,1.0430797205302758,0.9789278911564626
LPL21_289,LPL,5838.0,6115.4296875,30.4,28.6,-1.7999999999999972,-240.4709999999996,-119.7899999999998,6078.471,5995.6396875,1.0411906474820145,0.9804118424834722
LPL21_291,LPL,5977.0,5900.09765625,30.4,28.6,-1.7999999999999972,-240.4709999999996,-119.7899999999998,6217.471,5780.30765625,1.040232725447549,0.9796969462237448
LPL21_292,LPL,5708.0,5900.09765625,30.4,28.6,-1.7999999999999972,-240.4709999999996,-119.7899999999998,5948.471,5780.30765625,1.0421287666433077,0.9796969462237448
LPL21_293,LPL,5862.0,5813.96484375,30.4,28.6,-1.7999999999999972,-240.4709999999996,-119.7899999999998,6102.471,5694.17484375,1.0410220061412487,0.9793961602418744
LPL21_294,LPL,5783.0,6115.4296875,30.4,28.6,-1.7999999999999972,-240.4709999999996,-119.7899999999998,6023.471,5995.6396875,1.0415823966799238,0.9804118424834722
LPL21_296,LPL,5836.0,6115.4296875,30.4,28.6,-1.7999999999999972,-240.4709999999996,-119.7899999999998,6076.471,5995.6396875,1.0412047635366688,0.9804118424834722
LPL21_297,LPL,5807.0,5706.298828125,30.4,28.6,-1.7999999999999972,-240.4709999999996,-119.7899999999998,6047.471,5586.508828125,1.0414105390046495,0.979007408548325
LPL21_298,LPL,5672.0,6158.49609375,30.4,28.6,-1.7999999999999972,-240.4709999999996,-119.7899999999998,5912.471,6038.70609375,1.0423961565585331,0.9805488226059654
LPL21_299,LPL,5885.0,5921.630859375,30.4,28.6,-1.7999999999999972,-240.4709999999996,-119.7899999999998,6125.471,5801.840859375,1.0408616822429906,0.979770775510204
LPL21_300,LPL,5279.0,5857.03125,30.4,28.6,-1.7999999999999972,-240.4709999999996,-119.7899999999998,5519.471,5737.24125,1.045552377344194,0.9795476590636256
LPL21_301,LPL,5634.0,5943.1640625,30.4,28.6,-1.7999999999999972,-240.4709999999996,-119.7899999999998,5874.471,5823.3740625,1.042682108626198,0.9798440698018338
LPL21_302,LPL,5616.0,5921.630859375,30.4,28.6,-1.7999999999999972,-240.4709999999996,-119.7899999999998,5856.471,5801.840859375,1.0428189102564105,0.979770775510204
LPL21_303,LPL,5693.0,5921.630859375,30.4,28.6,-1.7999999999999972,-240.4709999999996,-119.7899999999998,5933.471,5801.840859375,1.0422397681363076,0.979770775510204
LPL21_304,LPL,5705.0,5620.166015625,30.4,28.6,-1.7999999999999972,-240.4709999999996,-119.7899999999998,5945.471,5500.376015625,1.042150920245399,0.9786856830088356
LPL21_305,LPL,5884.0,5921.630859375,30.4,28.6,-1.7999999999999972,-240.4709999999996,-119.7899999999998,6124.471,5801.840859375,1.0408686267845002,0.979770775510204
LPL21_306,LPL,5467.0,6136.962890625,30.4,28.6,-1.7999999999999972,-240.4709999999996,-119.7899999999998,5707.471,6017.172890625,1.0439859154929576,0.9804805728607232
LPL21_307,LPL,5917.0,5943.1640625,30.4,28.6,-1.7999999999999972,-240.4709999999996,-119.7899999999998,6157.471,5823.3740625,1.0406406962988,0.9798440698018338
LPL21_308,LPL,5460.0,5835.498046875,30.4,28.6,-1.7999999999999972,-240.4709999999996,-119.7899999999998,5700.471,5715.708046875,1.0440423076923075,0.9794721891708712
LPL21_309,LPL,5423.0,6136.962890625,30.4,28.6,-1.7999999999999972,-240.4709999999996,-119.7899999999998,5663.471,6017.172890625,1.044342799188641,0.9804805728607232
LPL21_310,LPL,5988.0,5964.697265625,30.4,28.6,-1.7999999999999972,-240.4709999999996,-119.7899999999998,6228.471,5844.907265625,1.0401588176352703,0.979916834892802
LPL21_311,LPL,5672.0,5900.09765625,30.4,28.6,-1.7999999999999972,-240.4709999999996,-119.7899999999998,5912.471,5780.30765625,1.0423961565585331,0.9796969462237448
LPL21_312,LPL,5644.0,5943.1640625,30.4,28.6,-1.7999999999999972,-240.4709999999996,-119.7899999999998,5884.471,5823.3740625,1.0426064847625796,0.9798440698018338
LPL21_313,LPL,5767.0,6115.4296875,30.4,28.6,-1.7999999999999972,-240.4709999999996,-119.7899999999998,6007.471,5995.6396875,1.0416977631350788,0.9804118424834722
LPL21_314,LPL,5757.0,6093.896484375,30.4,28.6,-1.7999999999999972,-240.4709999999996,-119.7899999999998,5997.471,5974.106484375,1.0417701928087544,0.9803426263791736
LPL21_315,LPL,5758.0,5813.96484375,30.4,28.6,-1.7999999999999972,-240.4709999999996,-119.7899999999998,5998.471,5694.17484375,1.0417629385203195,0.9793961602418744
LPL21_316,LPL,5687.0,5878.564453125,30.4,28.6,-1.7999999999999972,-240.4709999999996,-119.7899999999998,5927.471,5758.774453125,1.042284332688588,0.9796225760633924
LPL21_317,LPL,5709.0,6115.4296875,30.4,28.6,-1.7999999999999972,-240.4709999999996,-119.7899999999998,5949.471,5995.6396875,1.0421213872832369,0.9804118424834722
LPL21_318,LPL,5867.0,5900.09765625,30.4,28.6,-1.7999999999999972,-240.4709999999996,-119.7899999999998,6107.471,5780.30765625,1.0409870461905573,0.9796969462237448
LPL21_319,LPL,5814.0,5964.697265625,30.4,28.6,-1.7999999999999972,-240.4709999999996,-119.7899999999998,6054.471,5844.907265625,1.041360681114551,0.979916834892802
LPL21_321,LPL,5910.0,5706.298828125,30.4,28.6,-1.7999999999999972,-240.4709999999996,-119.7899999999998,6150.471,5586.508828125,1.0406888324873096,0.979007408548325
LPL21_322,LPL,5862.0,5749.365234375,30.4,28.6,-1.7999999999999972,-240.4709999999996,-119.7899999999998,6102.471,5629.575234375,1.0410220061412487,0.9791646564243676
LPL21_323,LPL,5868.0,5727.83203125,30.4,28.6,-1.7999999999999972,-240.4709999999996,-119.7899999999998,6108.471,5608.04203125,1.0409800613496931,0.9790863280650606
LPL21_324,LPL,5757.0,6115.4296875,30.4,28.6,-1.7999999999999972,-240.4709999999996,-119.7899999999998,5997.471,5995.6396875,1.0417701928087544,0.9804118424834722
LPL21_325,LPL,5699.0,5857.03125,30.4,28.6,-1.7999999999999972,-240.4709999999996,-119.7899999999998,5939.471,5737.24125,1.0421952974206,0.9795476590636256
LPL21_326,LPL,5715.0,5878.564453125,30.4,28.6,-1.7999999999999972,-240.4709999999996,-119.7899999999998,5955.471,5758.774453125,1.0420771653543306,0.9796225760633924
LPL21_327,LPL,5679.0,5813.96484375,30.4,28.6,-1.7999999999999972,-240.4709999999996,-119.7899999999998,5919.471,5694.17484375,1.0423438985736924,0.9793961602418744
LPL21_328,LPL,5879.0,6136.962890625,30.4,28.6,-1.7999999999999972,-240.4709999999996,-119.7899999999998,6119.471,6017.172890625,1.0409033849294096,0.9804805728607232
LPL21_329,LPL,5851.0,5857.03125,30.4,28.6,-1.7999999999999972,-240.4709999999996,-119.7899999999998,6091.471,5737.24125,1.041099128354127,0.9795476590636256
LPL21_330,LPL,5506.0,5857.03125,30.4,28.6,-1.7999999999999972,-240.4709999999996,-119.7899999999998,5746.471,5737.24125,1.0436743552488197,0.9795476590636256
LPL21_331,LPL,5650.0,5792.431640625,30.4,28.6,-1.7999999999999972,-240.4709999999996,-119.7899999999998,5890.471,5672.641640625,1.042561238938053,0.9793195660420302
LPL21_332,LPL,5780.0,5813.96484375,30.4,28.6,-1.7999999999999972,-240.4709999999996,-119.7899999999998,6020.471,5694.17484375,1.041603979238754,0.9793961602418744
LPL21_333,LPL,5793.0,5770.8984375,30.4,28.6,-1.7999999999999972,-240.4709999999996,-119.7899999999998,6033.471,5651.1084375,1.0415106162610046,0.9792424002436796
LPL21_334,LPL,5965.0,5641.69921875,30.4,28.6,-1.7999999999999972,-240.4709999999996,-119.7899999999998,6205.471,5521.90921875,1.040313663034367,0.978767035363764
LPL21_335,LPL,5895.0,5598.6328125,30.4,28.6,-1.7999999999999972,-240.4709999999996,-119.7899999999998,6135.471,5478.8428125,1.0407923664122136,0.978603704866562
LPL21_336,LPL,5804.0,5620.166015625,30.4,28.6,-1.7999999999999972,-240.4709999999996,-119.7899999999998,6044.471,5500.376015625,1.04143194348725,0.9786856830088356
LPL21_337,LPL,5791.0,5921.630859375,30.4,28.6,-1.7999999999999972,-240.4709999999996,-119.7899999999998,6031.471,5801.840859375,1.0415249525125194,0.979770775510204
LPL21_338,LPL,5669.0,5835.498046875,30.4,28.6,-1.7999999999999972,-240.4709999999996,-119.7899999999998,5909.471,5715.708046875,1.0424185923443288,0.9794721891708712
LPL21_339,LPL,5801.0,5857.03125,30.4,28.6,-1.7999999999999972,-240.4709999999996,-119.7899999999998,6041.471,5737.24125,1.041453370108602,0.9795476590636256
LPL21_341,LPL,5440.0,5900.09765625,30.4,28.6,-1.7999999999999972,-240.4709999999996,-119.7899999999998,5680.471,5780.30765625,1.0442042279411765,0.9796969462237448
RBB13_0,RBB,6645.0,5641.69921875,27.0,28.6,1.6000000000000014,213.75200000000015,106.48000000000008,6431.248,5748.1792187500005,0.9678326561324304,1.018873746343321
RBB13_1,RBB,6601.0,5663.232421875,27.0,28.6,1.6000000000000014,213.75200000000015,106.48000000000008,6387.248,5769.7124218750005,0.9676182396606574,1.01880198304924
RBB13_2,RBB,6520.0,5620.166015625,27.0,28.6,1.6000000000000014,213.75200000000015,106.48000000000008,6306.248,5726.6460156250005,0.9672159509202454,1.0189460595477016
RBB13_3,RBB,6570.0,5706.298828125,27.0,28.6,1.6000000000000014,213.75200000000015,106.48000000000008,6356.248,5812.7788281250005,0.9674654490106545,1.018660081290378
RBB13_4,RBB,6499.0,5706.298828125,27.0,28.6,1.6000000000000014,213.75200000000015,106.48000000000008,6285.248,5812.7788281250005,0.9671100169256808,1.018660081290378
RBB13_5,RBB,6576.0,5663.232421875,27.0,28.6,1.6000000000000014,213.75200000000015,106.48000000000008,6362.248,5769.7124218750005,0.9674951338199512,1.01880198304924
RBB13_7,RBB,6487.0,5684.765625,27.0,28.6,1.6000000000000014,213.75200000000015,106.48000000000008,6273.248,5791.2456250000005,0.967049175273624,1.0187307634164775
RBB13_8,RBB,6604.0,5663.232421875,27.0,28.6,1.6000000000000014,213.75200000000015,106.48000000000008,6390.248,5769.7124218750005,0.967632949727438,1.01880198304924
RBB13_9,RBB,6674.0,5641.69921875,27.0,28.6,1.6000000000000014,213.75200000000015,106.48000000000008,6460.248,5748.1792187500005,0.9679724303266406,1.018873746343321
RBB13_10,RBB,6524.0,5684.765625,27.0,28.6,1.6000000000000014,213.75200000000015,106.48000000000008,6310.248,5791.2456250000005,0.967236051502146,1.0187307634164775
RBB13_11,RBB,6585.0,5706.298828125,27.0,28.6,1.6000000000000014,213.75200000000015,106.48000000000008,6371.248,5812.7788281250005,0.9675395596051632,1.018660081290378
RBB13_13,RBB,6756.0,5986.23046875,27.0,28.6,1.6000000000000014,213.75200000000015,106.48000000000008,6542.248,6092.7104687500005,0.9683611604499704,1.0177874875609718
RBB13_14,RBB,6595.0,5684.765625,27.0,28.6,1.6000000000000014,213.75200000000015,106.48000000000008,6381.248,5791.2456250000005,0.9675887793783168,1.0187307634164775
RBB13_15,RBB,6590.0,5663.232421875,27.0,28.6,1.6000000000000014,213.75200000000015,106.48000000000008,6376.248,5769.7124218750005,0.9675641881638846,1.01880198304924
RBB13_16,RBB,6582.0,5620.166015625,27.0,28.6,1.6000000000000014,213.75200000000015,106.48000000000008,6368.248,5726.6460156250005,0.9675247645092676,1.0189460595477016
RBB13_17,RBB,6703.0,5684.765625,27.0,28.6,1.6000000000000014,213.75200000000015,106.48000000000008,6489.248,5791.2456250000005,0.9681109950768312,1.0187307634164775
RBB13_18,RBB,6445.0,5706.298828125,27.0,28.6,1.6000000000000014,213.75200000000015,106.48000000000008,6231.248,5812.7788281250005,0.966834445306439,1.018660081290378
RBB13_19,RBB,6554.0,5663.232421875,27.0,28.6,1.6000000000000014,213.75200000000015,106.48000000000008,6340.248,5769.7124218750005,0.967386023802258,1.01880198304924
RBB13_20,RBB,6672.0,5684.765625,27.0,28.6,1.6000000000000014,213.75200000000015,106.48000000000008,6458.248,5791.2456250000005,0.967962829736211,1.0187307634164775
RBB13_21,RBB,6583.0,5684.765625,27.0,28.6,1.6000000000000014,213.75200000000015,106.48000000000008,6369.248,5791.2456250000005,0.9675296977062128,1.0187307634164775
RBB13_22,RBB,6640.0,5663.232421875,27.0,28.6,1.6000000000000014,213.75200000000015,106.48000000000008,6426.248,5769.7124218750005,0.9678084337349396,1.01880198304924
RBB13_23,RBB,6577.0,5663.232421875,27.0,28.6,1.6000000000000014,213.75200000000015,106.48000000000008,6363.248,5769.7124218750005,0.9675000760225028,1.01880198304924
RBB13_25,RBB,6792.0,5727.83203125,27.0,28.6,1.6000000000000014,213.75200000000015,106.48000000000008,6578.248,5834.3120312500005,0.9685288574793874,1.018589930608835
RBB13_26,RBB,6546.0,5727.83203125,27.0,28.6,1.6000000000000014,213.75200000000015,106.48000000000008,6332.248,5834.3120312500005,0.9673461655973112,1.018589930608835
RBB13_28,RBB,6748.0,5727.83203125,27.0,28.6,1.6000000000000014,213.75200000000015,106.48000000000008,6534.248,5834.3120312500005,0.968323651452282,1.018589930608835
RBB13_29,RBB,6556.0,5727.83203125,27.0,28.6,1.6000000000000014,213.75200000000015,106.48000000000008,6342.248,5834.3120312500005,0.9673959731543624,1.018589930608835
RBB13_30,RBB,6509.0,5641.69921875,27.0,28.6,1.6000000000000014,213.75200000000015,106.48000000000008,6295.248,5748.1792187500005,0.967160546935013,1.018873746343321
RBB13_31,RBB,6578.0,5663.232421875,27.0,28.6,1.6000000000000014,213.75200000000015,106.48000000000008,6364.248,5769.7124218750005,0.967505016722408,1.01880198304924
RBB13_32,RBB,6651.0,5727.83203125,27.0,28.6,1.6000000000000014,213.75200000000015,106.48000000000008,6437.248,5834.3120312500005,0.9678616749360998,1.018589930608835
RBB13_33,RBB,6379.0,5641.69921875,27.0,28.6,1.6000000000000014,213.75200000000015,106.48000000000008,6165.248,5748.1792187500005,0.966491299576736,1.018873746343321
RBB13_35,RBB,6491.0,5641.69921875,27.0,28.6,1.6000000000000014,213.75200000000015,106.48000000000008,6277.248,5748.1792187500005,0.9670694808195964,1.018873746343321
RBB13_36,RBB,6671.0,5706.298828125,27.0,28.6,1.6000000000000014,213.75200000000015,106.48000000000008,6457.248,5812.7788281250005,0.9679580272822664,1.018660081290378
RBB13_38,RBB,6664.0,5620.166015625,27.0,28.6,1.6000000000000014,213.75200000000015,106.48000000000008,6450.248,5726.6460156250005,0.9679243697478992,1.0189460595477016
RBB13_40,RBB,6583.0,5727.83203125,27.0,28.6,1.6000000000000014,213.75200000000015,106.48000000000008,6369.248,5834.3120312500005,0.9675296977062128,1.018589930608835
RBB13_41,RBB,6674.0,5749.365234375,27.0,28.6,1.6000000000000014,213.75200000000015,106.48000000000008,6460.248,5855.8452343750005,0.9679724303266406,1.0185203054005625
RBB13_42,RBB,6632.0,5706.298828125,27.0,28.6,1.6000000000000014,213.75200000000015,106.48000000000008,6418.248,5812.7788281250005,0.967769601930036,1.018660081290378
RBB13_43,RBB,6686.0,5663.232421875,27.0,28.6,1.6000000000000014,213.75200000000015,106.48000000000008,6472.248,5769.7124218750005,0.9680299132515704,1.01880198304924
RBB13_44,RBB,6644.0,5749.365234375,27.0,28.6,1.6000000000000014,213.75200000000015,106.48000000000008,6430.248,5855.8452343750005,0.9678278145695364,1.0185203054005625
RBB13_45,RBB,6534.0,5727.83203125,27.0,28.6,1.6000000000000014,213.75200000000015,106.48000000000008,6320.248,5834.3120312500005,0.9672861952861952,1.018589930608835
RBB13_46,RBB,6635.0,5620.166015625,27.0,28.6,1.6000000000000014,213.75200000000015,106.48000000000008,6421.248,5726.6460156250005,0.9677841748304444,1.0189460595477016
RBB13_48,RBB,6469.0,5620.166015625,27.0,28.6,1.6000000000000014,213.75200000000015,106.48000000000008,6255.248,5726.6460156250005,0.9669574895656206,1.0189460595477016
RBB13_50,RBB,6803.0,5598.6328125,27.0,28.6,1.6000000000000014,213.75200000000015,106.48000000000008,6589.248,5705.1128125000005,0.9685797442304864,1.0190189290075005
RBB13_52,RBB,6549.0,5641.69921875,27.0,28.6,1.6000000000000014,213.75200000000015,106.48000000000008,6335.248,5748.1792187500005,0.9673611238357,1.018873746343321
RBB13_53,RBB,6611.0,5663.232421875,27.0,28.6,1.6000000000000014,213.75200000000015,106.48000000000008,6397.248,5769.7124218750005,0.9676672212978368,1.01880198304924
RBB13_54,RBB,6744.0,5727.83203125,27.0,28.6,1.6000000000000014,213.75200000000015,106.48000000000008,6530.248,5834.3120312500005,0.9683048635824436,1.018589930608835
RBB13_55,RBB,6447.0,5641.69921875,27.0,28.6,1.6000000000000014,213.75200000000015,106.48000000000008,6233.248,5748.1792187500005,0.9668447339847992,1.018873746343321
RBB13_56,RBB,6619.0,5684.765625,27.0,28.6,1.6000000000000014,213.75200000000015,106.48000000000008,6405.248,5791.2456250000005,0.967706300045324,1.0187307634164775
RBB13_57,RBB,6537.0,5663.232421875,27.0,28.6,1.6000000000000014,213.75200000000015,106.48000000000008,6323.248,5769.7124218750005,0.9673012085054306,1.01880198304924
RBB13_59,RBB,6661.0,5641.69921875,27.0,28.6,1.6000000000000014,213.75200000000015,106.48000000000008,6447.248,5748.1792187500005,0.9679099234349196,1.018873746343321
RBB13_60,RBB,6651.0,5706.298828125,27.0,28.6,1.6000000000000014,213.75200000000015,106.48000000000008,6437.248,5812.7788281250005,0.9678616749360998,1.018660081290378
RBB13_61,RBB,6610.0,6007.763671875,27.0,28.6,1.6000000000000014,213.75200000000015,106.48000000000008,6396.248,6114.2436718750005,0.9676623298033282,1.017723733125269
RBB13_62,RBB,6405.0,5663.232421875,27.0,28.6,1.6000000000000014,213.75200000000015,106.48000000000008,6191.248,5769.7124218750005,0.9666273224043715,1.01880198304924
RBB13_63,RBB,6439.0,5641.69921875,27.0,28.6,1.6000000000000014,213.75200000000015,106.48000000000008,6225.248,5748.1792187500005,0.9668035409225034,1.018873746343321
RBB13_64,RBB,6538.0,5749.365234375,27.0,28.6,1.6000000000000014,213.75200000000015,106.48000000000008,6324.248,5855.8452343750005,0.967306209850107,1.0185203054005625
RBB13_65,RBB,6691.0,5641.69921875,27.0,28.6,1.6000000000000014,213.75200000000015,106.48000000000008,6477.248,5748.1792187500005,0.9680538036167986,1.018873746343321
RBB13_66,RBB,6486.0,5663.232421875,27.0,28.6,1.6000000000000014,213.75200000000015,106.48000000000008,6272.248,5769.7124218750005,0.9670440949737896,1.01880198304924
RBB13_67,RBB,6716.0,5641.69921875,27.0,28.6,1.6000000000000014,213.75200000000015,106.48000000000008,6502.248,5748.1792187500005,0.9681727218582488,1.018873746343321
RBB13_68,RBB,6603.0,5684.765625,27.0,28.6,1.6000000000000014,213.75200000000015,106.48000000000008,6389.248,5791.2456250000005,0.9676280478570346,1.0187307634164775
RBB13_69,RBB,6679.0,5684.765625,27.0,28.6,1.6000000000000014,213.75200000000015,106.48000000000008,6465.248,5791.2456250000005,0.9679964066477016,1.0187307634164775
RBB13_71,RBB,6588.0,5663.232421875,27.0,28.6,1.6000000000000014,213.75200000000015,106.48000000000008,6374.248,5769.7124218750005,0.9675543412264724,1.01880198304924
RBB13_72,RBB,6773.0,5727.83203125,27.0,28.6,1.6000000000000014,213.75200000000015,106.48000000000008,6559.248,5834.3120312500005,0.9684405728628376,1.018589930608835
RBB13_73,RBB,6423.0,5663.232421875,27.0,28.6,1.6000000000000014,213.75200000000015,106.48000000000008,6209.248,5769.7124218750005,0.9667208469562508,1.01880198304924
RBB13_75,RBB,6532.0,5663.232421875,27.0,28.6,1.6000000000000014,213.75200000000015,106.48000000000008,6318.248,5769.7124218750005,0.9672761788120025,1.01880198304924
RBB13_78,RBB,6586.0,5663.232421875,27.0,28.6,1.6000000000000014,213.75200000000015,106.48000000000008,6372.248,5769.7124218750005,0.9675444883085332,1.01880198304924
RBB13_79,RBB,6449.0,5641.69921875,27.0,28.6,1.6000000000000014,213.75200000000015,106.48000000000008,6235.248,5748.1792187500005,0.966855016281594,1.018873746343321
RBB13_80,RBB,6521.0,5620.166015625,27.0,28.6,1.6000000000000014,213.75200000000015,106.48000000000008,6307.248,5726.6460156250005,0.9672209783775494,1.0189460595477016
RBB13_83,RBB,6623.0,5663.232421875,27.0,28.6,1.6000000000000014,213.75200000000015,106.48000000000008,6409.248,5769.7124218750005,0.9677258040163068,1.01880198304924
RBB13_84,RBB,6455.0,5641.69921875,27.0,28.6,1.6000000000000014,213.75200000000015,106.48000000000008,6241.248,5748.1792187500005,0.9668858249419054,1.018873746343321
RBB13_86,RBB,6717.0,5663.232421875,27.0,28.6,1.6000000000000014,213.75200000000015,106.48000000000008,6503.248,5769.7124218750005,0.9681774601756736,1.01880198304924
RBB13_87,RBB,6693.0,5684.765625,27.0,28.6,1.6000000000000014,213.75200000000015,106.48000000000008,6479.248,5791.2456250000005,0.9680633497684148,1.0187307634164775
RBB13_88,RBB,6608.0,5684.765625,27.0,28.6,1.6000000000000014,213.75200000000015,106.48000000000008,6394.248,5791.2456250000005,0.9676525423728812,1.0187307634164775
RBB13_90,RBB,6699.0,5964.697265625,27.0,28.6,1.6000000000000014,213.75200000000015,106.48000000000008,6485.248,6071.1772656250005,0.9680919540229884,1.0178517023175095
RBB13_91,RBB,6518.0,5663.232421875,27.0,28.6,1.6000000000000014,213.75200000000015,106.48000000000008,6304.248,5769.7124218750005,0.9672058913777232,1.01880198304924
RBB13_92,RBB,6609.0,5684.765625,27.0,28.6,1.6000000000000014,213.75200000000015,106.48000000000008,6395.248,5791.2456250000005,0.9676574368285672,1.0187307634164775
RBB13_94,RBB,6645.0,5598.6328125,27.0,28.6,1.6000000000000014,213.75200000000015,106.48000000000008,6431.248,5705.1128125000005,0.9678326561324304,1.0190189290075005
RBB13_95,RBB,6689.0,5641.69921875,27.0,28.6,1.6000000000000014,213.75200000000015,106.48000000000008,6475.248,5748.1792187500005,0.9680442517566152,1.018873746343321
RBB13_96,RBB,6622.0,5598.6328125,27.0,28.6,1.6000000000000014,213.75200000000015,106.48000000000008,6408.248,5705.1128125000005,0.967720930232558,1.0190189290075005
RBB13_97,RBB,6546.0,5641.69921875,27.0,28.6,1.6000000000000014,213.75200000000015,106.48000000000008,6332.248,5748.1792187500005,0.9673461655973112,1.018873746343321
RBB13_99,RBB,6713.0,5641.69921875,27.0,28.6,1.6000000000000014,213.75200000000015,106.48000000000008,6499.248,5748.1792187500005,0.9681584984358708,1.018873746343321
RBB13_100,RBB,6752.0,6007.763671875,27.0,28.6,1.6000000000000014,213.75200000000015,106.48000000000008,6538.248,6114.2436718750005,0.9683424170616112,1.017723733125269
RBB13_103,RBB,6695.0,5663.232421875,27.0,28.6,1.6000000000000014,213.75200000000015,106.48000000000008,6481.248,5769.7124218750005,0.9680728902165796,1.01880198304924
RBB13_105,RBB,6657.0,5620.166015625,27.0,28.6,1.6000000000000014,213.75200000000015,106.48000000000008,6443.248,5726.6460156250005,0.9678906414300736,1.0189460595477016
RBB13_106,RBB,6692.0,5663.232421875,27.0,28.6,1.6000000000000014,213.75200000000015,106.48000000000008,6478.248,5769.7124218750005,0.9680585774058575,1.01880198304924
RBB13_108,RBB,6536.0,5706.298828125,27.0,28.6,1.6000000000000014,213.75200000000015,106.48000000000008,6322.248,5812.7788281250005,0.9672962056303548,1.018660081290378
RBB13_109,RBB,6559.0,5641.69921875,27.0,28.6,1.6000000000000014,213.75200000000015,106.48000000000008,6345.248,5748.1792187500005,0.9674108858057632,1.018873746343321
RBB13_110,RBB,6595.0,5641.69921875,27.0,28.6,1.6000000000000014,213.75200000000015,106.48000000000008,6381.248,5748.1792187500005,0.9675887793783168,1.018873746343321
RBB13_111,RBB,6663.0,5663.232421875,27.0,28.6,1.6000000000000014,213.75200000000015,106.48000000000008,6449.248,5769.7124218750005,0.9679195557556656,1.01880198304924
RBB13_112,RBB,6651.0,5964.697265625,27.0,28.6,1.6000000000000014,213.75200000000015,106.48000000000008,6437.248,6071.1772656250005,0.9678616749360998,1.0178517023175095
RBB13_113,RBB,6508.0,5641.69921875,27.0,28.6,1.6000000000000014,213.75200000000015,106.48000000000008,6294.248,5748.1792187500005,0.967155500921942,1.018873746343321
RBB13_114,RBB,6540.0,5706.298828125,27.0,28.6,1.6000000000000014,213.75200000000015,106.48000000000008,6326.248,5812.7788281250005,0.9673162079510704,1.018660081290378
RBB13_115,RBB,6888.0,5620.166015625,27.0,28.6,1.6000000000000014,213.75200000000015,106.48000000000008,6674.248,5726.6460156250005,0.9689674796747968,1.0189460595477016
RBB13_116,RBB,6555.0,5964.697265625,27.0,28.6,1.6000000000000014,213.75200000000015,106.48000000000008,6341.248,6071.1772656250005,0.9673909992372234,1.0178517023175095
RBB13_117,RBB,6502.0,5663.232421875,27.0,28.6,1.6000000000000014,213.75200000000015,106.48000000000008,6288.248,5769.7124218750005,0.9671251922485388,1.01880198304924
RBB13_118,RBB,6853.0,5964.697265625,27.0,28.6,1.6000000000000014,213.75200000000015,106.48000000000008,6639.248,6071.1772656250005,0.9688089887640448,1.0178517023175095
RBB13_119,RBB,6423.0,5620.166015625,27.0,28.6,1.6000000000000014,213.75200000000015,106.48000000000008,6209.248,5726.6460156250005,0.9667208469562508,1.0189460595477016
RBB13_120,RBB,6572.0,5706.298828125,27.0,28.6,1.6000000000000014,213.75200000000015,106.48000000000008,6358.248,5812.7788281250005,0.967475349969568,1.018660081290378
RBB13_121,RBB,6658.0,5641.69921875,27.0,28.6,1.6000000000000014,213.75200000000015,106.48000000000008,6444.248,5748.1792187500005,0.9678954641033344,1.018873746343321
RBB13_122,RBB,6583.0,5706.298828125,27.0,28.6,1.6000000000000014,213.75200000000015,106.48000000000008,6369.248,5812.7788281250005,0.9675296977062128,1.018660081290378
RBB13_124,RBB,6651.0,5706.298828125,27.0,28.6,1.6000000000000014,213.75200000000015,106.48000000000008,6437.248,5812.7788281250005,0.9678616749360998,1.018660081290378
RBB13_125,RBB,6590.0,5663.232421875,27.0,28.6,1.6000000000000014,213.75200000000015,106.48000000000008,6376.248,5769.7124218750005,0.9675641881638846,1.01880198304924
RBB13_126,RBB,6679.0,5663.232421875,27.0,28.6,1.6000000000000014,213.75200000000015,106.48000000000008,6465.248,5769.7124218750005,0.9679964066477016,1.01880198304924
RBB13_127,RBB,6476.0,5706.298828125,27.0,28.6,1.6000000000000014,213.75200000000015,106.48000000000008,6262.248,5812.7788281250005,0.96699320568252,1.018660081290378
RBB13_128,RBB,6625.0,5706.298828125,27.0,28.6,1.6000000000000014,213.75200000000015,106.48000000000008,6411.248,5812.7788281250005,0.9677355471698112,1.018660081290378
RBB13_130,RBB,6800.0,5986.23046875,27.0,28.6,1.6000000000000014,213.75200000000015,106.48000000000008,6586.248,6092.7104687500005,0.9685658823529412,1.0177874875609718
RBB13_131,RBB,6600.0,5684.765625,27.0,28.6,1.6000000000000014,213.75200000000015,106.48000000000008,6386.248,5791.2456250000005,0.9676133333333332,1.0187307634164775
RBB13_132,RBB,6676.0,5684.765625,27.0,28.6,1.6000000000000014,213.75200000000015,106.48000000000008,6462.248,5791.2456250000005,0.9679820251647692,1.0187307634164775
RBB13_134,RBB,6774.0,5727.83203125,27.0,28.6,1.6000000000000014,213.75200000000015,106.48000000000008,6560.248,5834.3120312500005,0.9684452317685268,1.018589930608835
RBB13_135,RBB,6420.0,5684.765625,27.0,28.6,1.6000000000000014,213.75200000000015,106.48000000000008,6206.248,5791.2456250000005,0.9667052959501558,1.0187307634164775
RBB13_136,RBB,6686.0,5727.83203125,27.0,28.6,1.6000000000000014,213.75200000000015,106.48000000000008,6472.248,5834.3120312500005,0.9680299132515704,1.018589930608835
RBB13_137,RBB,6673.0,5663.232421875,27.0,28.6,1.6000000000000014,213.75200000000015,106.48000000000008,6459.248,5769.7124218750005,0.9679676307507868,1.01880198304924
RBB13_138,RBB,6676.0,5727.83203125,27.0,28.6,1.6000000000000014,213.75200000000015,106.48000000000008,6462.248,5834.3120312500005,0.9679820251647692,1.018589930608835
RBB13_139,RBB,6555.0,5684.765625,27.0,28.6,1.6000000000000014,213.75200000000015,106.48000000000008,6341.248,5791.2456250000005,0.9673909992372234,1.0187307634164775
RBB13_141,RBB,6696.0,5684.765625,27.0,28.6,1.6000000000000014,213.75200000000015,106.48000000000008,6482.248,5791.2456250000005,0.9680776583034648,1.0187307634164775
RBB13_142,RBB,6586.0,5727.83203125,27.0,28.6,1.6000000000000014,213.75200000000015,106.48000000000008,6372.248,5834.3120312500005,0.9675444883085332,1.018589930608835
RBB13_143,RBB,6640.0,5727.83203125,27.0,28.6,1.6000000000000014,213.75200000000015,106.48000000000008,6426.248,5834.3120312500005,0.9678084337349396,1.018589930608835
RBB13_144,RBB,6653.0,5684.765625,27.0,28.6,1.6000000000000014,213.75200000000015,106.48000000000008,6439.248,5791.2456250000005,0.9678713362392904,1.0187307634164775
RBB13_146,RBB,6514.0,5749.365234375,27.0,28.6,1.6000000000000014,213.75200000000015,106.48000000000008,6300.248,5855.8452343750005,0.9671857537611298,1.0185203054005625
RBB13_147,RBB,6430.0,5727.83203125,27.0,28.6,1.6000000000000014,213.75200000000015,106.48000000000008,6216.248,5834.3120312500005,0.9667570762052876,1.018589930608835
RBB13_148,RBB,6827.0,5706.298828125,27.0,28.6,1.6000000000000014,213.75200000000015,106.48000000000008,6613.248,5812.7788281250005,0.9686902006737952,1.018660081290378
RBB13_149,RBB,6409.0,5727.83203125,27.0,28.6,1.6000000000000014,213.75200000000015,106.48000000000008,6195.248,5834.3120312500005,0.9666481510376032,1.018589930608835
RBB13_150,RBB,6675.0,5792.431640625,27.0,28.6,1.6000000000000014,213.75200000000015,106.48000000000008,6461.248,5898.9116406250005,0.9679772284644194,1.01838260796264
RBB13_153,RBB,6532.0,5921.630859375,27.0,28.6,1.6000000000000014,213.75200000000015,106.48000000000008,6318.248,6028.1108593750005,0.9672761788120025,1.0179815328798187
RBB13_154,RBB,6609.0,5986.23046875,27.0,28.6,1.6000000000000014,213.75200000000015,106.48000000000008,6395.248,6092.7104687500005,0.9676574368285672,1.0177874875609718
RBB13_155,RBB,6480.0,5921.630859375,27.0,28.6,1.6000000000000014,213.75200000000015,106.48000000000008,6266.248,6028.1108593750005,0.9670135802469136,1.0179815328798187
RBB13_156,RBB,6643.0,5986.23046875,27.0,28.6,1.6000000000000014,213.75200000000015,106.48000000000008,6429.248,6092.7104687500005,0.9678229715489988,1.0177874875609718
RBB13_157,RBB,6738.0,5749.365234375,27.0,28.6,1.6000000000000014,213.75200000000015,106.48000000000008,6524.248,5855.8452343750005,0.968276639952508,1.0185203054005625
RBB13_158,RBB,6642.0,6007.763671875,27.0,28.6,1.6000000000000014,213.75200000000015,106.48000000000008,6428.248,6114.2436718750005,0.9678181270701596,1.017723733125269
RBB13_160,RBB,6702.0,5749.365234375,27.0,28.6,1.6000000000000014,213.75200000000015,106.48000000000008,6488.248,5855.8452343750005,0.9681062369441956,1.0185203054005625
RBB13_161,RBB,6625.0,5749.365234375,27.0,28.6,1.6000000000000014,213.75200000000015,106.48000000000008,6411.248,5855.8452343750005,0.9677355471698112,1.0185203054005625
RBB13_163,RBB,6688.0,5727.83203125,27.0,28.6,1.6000000000000014,213.75200000000015,106.48000000000008,6474.248,5834.3120312500005,0.9680394736842104,1.018589930608835
RBB13_164,RBB,6645.0,5749.365234375,27.0,28.6,1.6000000000000014,213.75200000000015,106.48000000000008,6431.248,5855.8452343750005,0.9678326561324304,1.0185203054005625
RBB13_165,RBB,6739.0,5770.8984375,27.0,28.6,1.6000000000000014,213.75200000000015,106.48000000000008,6525.248,5877.3784375000005,0.968281347380917,1.018451199783396
RBB13_167,RBB,6260.0,5835.498046875,27.0,28.6,1.6000000000000014,213.75200000000015,106.48000000000008,6046.248,5941.9780468750005,0.9658543130990416,1.0182469429592256
RBB13_168,RBB,6693.0,6007.763671875,27.0,28.6,1.6000000000000014,213.75200000000015,106.48000000000008,6479.248,6114.2436718750005,0.9680633497684148,1.017723733125269
RBB13_169,RBB,6541.0,5727.83203125,27.0,28.6,1.6000000000000014,213.75200000000015,106.48000000000008,6327.248,5834.3120312500005,0.96732120470876,1.018589930608835
RBB13_173,RBB,6749.0,5770.8984375,27.0,28.6,1.6000000000000014,213.75200000000015,106.48000000000008,6535.248,5877.3784375000005,0.9683283449399912,1.018451199783396
RBB13_175,RBB,6481.0,5727.83203125,27.0,28.6,1.6000000000000014,213.75200000000015,106.48000000000008,6267.248,5834.3120312500005,0.9670186699583396,1.018589930608835
RBB13_176,RBB,6763.0,5706.298828125,27.0,28.6,1.6000000000000014,213.75200000000015,106.48000000000008,6549.248,5812.7788281250005,0.9683939080289812,1.018660081290378
RBB13_177,RBB,6661.0,5684.765625,27.0,28.6,1.6000000000000014,213.75200000000015,106.48000000000008,6447.248,5791.2456250000005,0.9679099234349196,1.0187307634164775
RBB13_178,RBB,6661.0,5706.298828125,27.0,28.6,1.6000000000000014,213.75200000000015,106.48000000000008,6447.248,5812.7788281250005,0.9679099234349196,1.018660081290378
RBB13_179,RBB,6599.0,5641.69921875,27.0,28.6,1.6000000000000014,213.75200000000015,106.48000000000008,6385.248,5748.1792187500005,0.967608425519018,1.018873746343321
RBB13_180,RBB,6622.0,5641.69921875,27.0,28.6,1.6000000000000014,213.75200000000015,106.48000000000008,6408.248,5748.1792187500005,0.967720930232558,1.018873746343321
RBB13_181,RBB,6721.0,5706.298828125,27.0,28.6,1.6000000000000014,213.75200000000015,106.48000000000008,6507.248,5812.7788281250005,0.9681963993453354,1.018660081290378
RBB13_182,RBB,6504.0,5641.69921875,27.0,28.6,1.6000000000000014,213.75200000000015,106.48000000000008,6290.248,5748.1792187500005,0.9671353013530136,1.018873746343321
RBB13_184,RBB,6666.0,5727.83203125,27.0,28.6,1.6000000000000014,213.75200000000015,106.48000000000008,6452.248,5834.3120312500005,0.9679339933993398,1.018589930608835
RBB13_185,RBB,6538.0,5684.765625,27.0,28.6,1.6000000000000014,213.75200000000015,106.48000000000008,6324.248,5791.2456250000005,0.967306209850107,1.0187307634164775
RBB13_186,RBB,6569.0,5727.83203125,27.0,28.6,1.6000000000000014,213.75200000000015,106.48000000000008,6355.248,5834.3120312500005,0.9674604962703608,1.018589930608835
RBB13_187,RBB,6718.0,5641.69921875,27.0,28.6,1.6000000000000014,213.75200000000015,106.48000000000008,6504.248,5748.1792187500005,0.968182197082465,1.018873746343321
RBB13_188,RBB,6521.0,5684.765625,27.0,28.6,1.6000000000000014,213.75200000000015,106.48000000000008,6307.248,5791.2456250000005,0.9672209783775494,1.0187307634164775
RBB13_189,RBB,6645.0,5663.232421875,27.0,28.6,1.6000000000000014,213.75200000000015,106.48000000000008,6431.248,5769.7124218750005,0.9678326561324304,1.01880198304924
RBB13_190,RBB,6431.0,5620.166015625,27.0,28.6,1.6000000000000014,213.75200000000015,106.48000000000008,6217.248,5726.6460156250005,0.9667622453739698,1.0189460595477016
RBB13_194,RBB,6648.0,5727.83203125,27.0,28.6,1.6000000000000014,213.75200000000015,106.48000000000008,6434.248,5834.3120312500005,0.967847172081829,1.018589930608835
RBB13_195,RBB,6542.0,5663.232421875,27.0,28.6,1.6000000000000014,213.75200000000015,106.48000000000008,6328.248,5769.7124218750005,0.9673261999388566,1.01880198304924
RBB13_196,RBB,6661.0,5727.83203125,27.0,28.6,1.6000000000000014,213.75200000000015,106.48000000000008,6447.248,5834.3120312500005,0.9679099234349196,1.018589930608835
RBB13_197,RBB,6565.0,5620.166015625,27.0,28.6,1.6000000000000014,213.75200000000015,106.48000000000008,6351.248,5726.6460156250005,0.9674406702208682,1.0189460595477016
RBB13_199,RBB,6685.0,5684.765625,27.0,28.6,1.6000000000000014,213.75200000000015,106.48000000000008,6471.248,5791.2456250000005,0.9680251308900524,1.0187307634164775
RBB13_200,RBB,6593.0,5663.232421875,27.0,28.6,1.6000000000000014,213.75200000000015,106.48000000000008,6379.248,5769.7124218750005,0.967578947368421,1.01880198304924
RBB13_201,RBB,6630.0,5663.232421875,27.0,28.6,1.6000000000000014,213.75200000000015,106.48000000000008,6416.248,5769.7124218750005,0.96775987933635,1.01880198304924
RBB13_202,RBB,6629.0,5663.232421875,27.0,28.6,1.6000000000000014,213.75200000000015,106.48000000000008,6415.248,5769.7124218750005,0.9677550158394932,1.01880198304924
RBB13_205,RBB,6513.0,5706.298828125,27.0,28.6,1.6000000000000014,213.75200000000015,106.48000000000008,6299.248,5812.7788281250005,0.9671807154920928,1.018660081290378
RBB13_206,RBB,6732.0,5620.166015625,27.0,28.6,1.6000000000000014,213.75200000000015,106.48000000000008,6518.248,5726.6460156250005,0.9682483660130718,1.0189460595477016
RBB13_207,RBB,6647.0,5684.765625,27.0,28.6,1.6000000000000014,213.75200000000015,106.48000000000008,6433.248,5791.2456250000005,0.9678423348879192,1.0187307634164775
RBB13_208,RBB,6549.0,5706.298828125,27.0,28.6,1.6000000000000014,213.75200000000015,106.48000000000008,6335.248,5812.7788281250005,0.9673611238357,1.018660081290378
RBB13_209,RBB,6631.0,5663.232421875,27.0,28.6,1.6000000000000014,213.75200000000015,106.48000000000008,6417.248,5769.7124218750005,0.9677647413663096,1.01880198304924
RBB13_210,RBB,6576.0,5749.365234375,27.0,28.6,1.6000000000000014,213.75200000000015,106.48000000000008,6362.248,5855.8452343750005,0.9674951338199512,1.0185203054005625
RBB13_211,RBB,6601.0,5684.765625,27.0,28.6,1.6000000000000014,213.75200000000015,106.48000000000008,6387.248,5791.2456250000005,0.9676182396606574,1.0187307634164775
RBB13_212,RBB,6641.0,5598.6328125,27.0,28.6,1.6000000000000014,213.75200000000015,106.48000000000008,6427.248,5705.1128125000005,0.9678132811323596,1.0190189290075005
RBB13_215,RBB,6650.0,5641.69921875,27.0,28.6,1.6000000000000014,213.75200000000015,106.48000000000008,6436.248,5748.1792187500005,0.9678568421052632,1.018873746343321
RBB13_216,RBB,6620.0,5620.166015625,27.0,28.6,1.6000000000000014,213.75200000000015,106.48000000000008,6406.248,5726.6460156250005,0.967711178247734,1.0189460595477016
RBB13_217,RBB,6657.0,5706.298828125,27.0,28.6,1.6000000000000014,213.75200000000015,106.48000000000008,6443.248,5812.7788281250005,0.9678906414300736,1.018660081290378
RBB13_218,RBB,6671.0,5641.69921875,27.0,28.6,1.6000000000000014,213.75200000000015,106.48000000000008,6457.248,5748.1792187500005,0.9679580272822664,1.018873746343321
RBB13_219,RBB,6847.0,5727.83203125,27.0,28.6,1.6000000000000014,213.75200000000015,106.48000000000008,6633.248,5834.3120312500005,0.9687816561997956,1.018589930608835
RBB13_220,RBB,6321.0,5684.765625,27.0,28.6,1.6000000000000014,213.75200000000015,106.48000000000008,6107.248,5791.2456250000005,0.9661838316722036,1.0187307634164775
RBB13_221,RBB,6790.0,5706.298828125,27.0,28.6,1.6000000000000014,213.75200000000015,106.48000000000008,6576.248,5812.7788281250005,0.968519587628866,1.018660081290378
RBB13_222,RBB,6645.0,5641.69921875,27.0,28.6,1.6000000000000014,213.75200000000015,106.48000000000008,6431.248,5748.1792187500005,0.9678326561324304,1.018873746343321
RBB13_223,RBB,6730.0,5684.765625,27.0,28.6,1.6000000000000014,213.75200000000015,106.48000000000008,6516.248,5791.2456250000005,0.9682389301634472,1.0187307634164775
RBB13_224,RBB,6402.0,5684.765625,27.0,28.6,1.6000000000000014,213.75200000000015,106.48000000000008,6188.248,5791.2456250000005,0.9666116838487973,1.0187307634164775
RBB13_225,RBB,6611.0,5641.69921875,27.0,28.6,1.6000000000000014,213.75200000000015,106.48000000000008,6397.248,5748.1792187500005,0.9676672212978368,1.018873746343321
RBB13_226,RBB,6523.0,5727.83203125,27.0,28.6,1.6000000000000014,213.75200000000015,106.48000000000008,6309.248,5834.3120312500005,0.9672310286677908,1.018589930608835
RBB13_227,RBB,6724.0,5727.83203125,27.0,28.6,1.6000000000000014,213.75200000000015,106.48000000000008,6510.248,5834.3120312500005,0.9682105889351575,1.018589930608835
RBB13_228,RBB,6749.0,5706.298828125,27.0,28.6,1.6000000000000014,213.75200000000015,106.48000000000008,6535.248,5812.7788281250005,0.9683283449399912,1.018660081290378
RBB13_229,RBB,6619.0,5641.69921875,27.0,28.6,1.6000000000000014,213.75200000000015,106.48000000000008,6405.248,5748.1792187500005,0.967706300045324,1.018873746343321
RBB13_231,RBB,6680.0,5684.765625,27.0,28.6,1.6000000000000014,213.75200000000015,106.48000000000008,6466.248,5791.2456250000005,0.9680011976047904,1.0187307634164775
RBB13_232,RBB,6709.0,5641.69921875,27.0,28.6,1.6000000000000014,213.75200000000015,106.48000000000008,6495.248,5748.1792187500005,0.9681395140855568,1.018873746343321
RBB13_234,RBB,6700.0,5706.298828125,27.0,28.6,1.6000000000000014,213.75200000000015,106.48000000000008,6486.248,5812.7788281250005,0.9680967164179104,1.018660081290378
RBB13_235,RBB,6649.0,5749.365234375,27.0,28.6,1.6000000000000014,213.75200000000015,106.48000000000008,6435.248,5855.8452343750005,0.9678520078207248,1.0185203054005625
RBB13_239,RBB,6669.0,5684.765625,27.0,28.6,1.6000000000000014,213.75200000000015,106.48000000000008,6455.248,5791.2456250000005,0.9679484180536811,1.0187307634164775
RBB13_240,RBB,6701.0,5641.69921875,27.0,28.6,1.6000000000000014,213.75200000000015,106.48000000000008,6487.248,5748.1792187500005,0.968101477391434,1.018873746343321
RBB13_241,RBB,6498.0,5684.765625,27.0,28.6,1.6000000000000014,213.75200000000015,106.48000000000008,6284.248,5791.2456250000005,0.9671049553708831,1.0187307634164775
RBB13_242,RBB,6748.0,5706.298828125,27.0,28.6,1.6000000000000014,213.75200000000015,106.48000000000008,6534.248,5812.7788281250005,0.968323651452282,1.018660081290378
RBB13_243,RBB,6624.0,5706.298828125,27.0,28.6,1.6000000000000014,213.75200000000015,106.48000000000008,6410.248,5812.7788281250005,0.9677306763285024,1.018660081290378
RBB13_244,RBB,6604.0,5727.83203125,27.0,28.6,1.6000000000000014,213.75200000000015,106.48000000000008,6390.248,5834.3120312500005,0.967632949727438,1.018589930608835
RBB13_247,RBB,6647.0,5598.6328125,27.0,28.6,1.6000000000000014,213.75200000000015,106.48000000000008,6433.248,5705.1128125000005,0.9678423348879192,1.0190189290075005
RBB13_248,RBB,6670.0,5641.69921875,27.0,28.6,1.6000000000000014,213.75200000000015,106.48000000000008,6456.248,5748.1792187500005,0.9679532233883058,1.018873746343321
RBB13_250,RBB,6607.0,5641.69921875,27.0,28.6,1.6000000000000014,213.75200000000015,106.48000000000008,6393.248,5748.1792187500005,0.9676476464355984,1.018873746343321
RBB13_251,RBB,6680.0,5663.232421875,27.0,28.6,1.6000000000000014,213.75200000000015,106.48000000000008,6466.248,5769.7124218750005,0.9680011976047904,1.01880198304924
RBB13_252,RBB,6739.0,5986.23046875,27.0,28.6,1.6000000000000014,213.75200000000015,106.48000000000008,6525.248,6092.7104687500005,0.968281347380917,1.0177874875609718
RBB13_253,RBB,6668.0,5684.765625,27.0,28.6,1.6000000000000014,213.75200000000015,106.48000000000008,6454.248,5791.2456250000005,0.9679436112777444,1.0187307634164775
RBB13_254,RBB,6593.0,5706.298828125,27.0,28.6,1.6000000000000014,213.75200000000015,106.48000000000008,6379.248,5812.7788281250005,0.967578947368421,1.018660081290378
RBB13_255,RBB,6668.0,5727.83203125,27.0,28.6,1.6000000000000014,213.75200000000015,106.48000000000008,6454.248,5834.3120312500005,0.9679436112777444,1.018589930608835
RBB13_256,RBB,6657.0,5727.83203125,27.0,28.6,1.6000000000000014,213.75200000000015,106.48000000000008,6443.248,5834.3120312500005,0.9678906414300736,1.018589930608835
RBB13_258,RBB,6827.0,5684.765625,27.0,28.6,1.6000000000000014,213.75200000000015,106.48000000000008,6613.248,5791.2456250000005,0.9686902006737952,1.0187307634164775
RBB13_259,RBB,6672.0,5878.564453125,27.0,28.6,1.6000000000000014,213.75200000000015,106.48000000000008,6458.248,5985.0444531250005,0.967962829736211,1.0181132657214291
RBB13_260,RBB,6612.0,5598.6328125,27.0,28.6,1.6000000000000014,213.75200000000015,106.48000000000008,6398.248,5705.1128125000005,0.9676721113127646,1.0190189290075005
RBB13_261,RBB,6346.0,5706.298828125,27.0,28.6,1.6000000000000014,213.75200000000015,106.48000000000008,6132.248,5812.7788281250005,0.9663170501103056,1.018660081290378
