chirp,audio,x0,x1,x2,x3,x4,x5,x6,x7,x8,x9,x10,x11,x12,x13,x14,x15,x16,x17,x18,x19,x20,x21,x22,x23,x24,x25,x26,x27,x28,x29,x30,x31,x32,x33,x34,x35,x36,x37,x38,x39,chDur,s1Dur,s2Dur,s3Dur,s4Dur,s5Dur,meanSyl,s12Gap,s23Gap,s34Gap,s45Gap,meanGap,carrier_freq
LPL11_0,LPL_1.WAV,-305.72396537419866,13.454308134196074,-190.88496337991933,-25.69739573916252,27.027141682903935,-13.906114433782227,-1.5178472367298443,6.408868935765031,6.859609448076383,-6.4279153334142505,-0.9401181614977071,0.5284527167748583,-4.942908113619759,-4.947001743599388,3.584323862440828,2.3886056794215444,-4.4353338460270555,4.511089075776819,-0.10893178735030908,1.4986220081576729,106.5022549648174,37.57468631014034,65.0601125567226,55.298598539441066,34.15197585188916,35.40030320995802,25.20250985339608,18.667442662115114,19.60662820216438,11.772264250827725,12.504314385421116,9.937484086194168,5.380507422250026,6.238555610640078,4.000752995601516,6.391532887552552,6.103776560216877,6.121474998459331,5.61195189513915,5.6747100086879305,5412.0,502.0,663.0,802.0,905.0,924.0,759.2,177.0,220.0,818.0,920.0,533.75,5727.83203125
LPL11_2,LPL_1.WAV,-309.82637459452724,25.674900680544035,-181.9074019997997,-29.372532989282295,20.836538143548363,13.082485327981543,-15.81838882076354,6.1217752643968515,10.659213090969388,-3.703463492870843,6.00800695532404,-2.8655396865932605,-1.6402282659409553,-1.4783850068007995,3.3254744606850517,-0.052172223594188626,-1.0748612871633785,1.2246374939750662,1.511443798921794,-3.288235515364992,70.58472113759753,48.59790383756527,53.98372668409184,57.67341360477791,33.07680854118842,28.621195626568223,20.73701189069872,19.096486615971045,14.548957545102093,16.745412546029286,12.354320110988914,10.269803995736915,15.789176443473082,7.964642870689651,5.983720361332503,7.489799392945372,6.119742680538199,6.679665329797519,5.3373285094746175,4.2692749770571705,5498.0,512.0,604.0,818.0,889.0,849.0,734.4,243.0,243.0,843.0,1006.0,583.75,5534.033203125
LPL11_6,LPL_1.WAV,-387.88291888692527,58.23864889248011,-196.73640181112899,-62.97328585201765,65.84103497597262,-18.34336203442975,-11.613263546122123,25.01488736348846,2.0434012596422058,-2.156211598754341,1.0416618017671524,-0.6608910472675487,-8.641453818058885,0.44471629062617657,-3.4100404107593247,2.2334499645206547,0.47950118254686447,0.02722903646119601,1.547855296051856,0.4800972637141257,64.96649546279578,40.73213278343822,58.85103450136028,61.94962641480531,37.50551179182639,38.23072813098879,29.143597235329135,18.570835547064217,18.84192214740165,10.159292121112063,16.518677394844865,14.22402390982809,6.7820267124738125,6.439312669344081,5.296520747134947,5.774603938383974,7.360388070222078,4.9378682330984205,4.772171696984247,4.711277820264575,5486.0,491.0,614.0,816.0,896.0,913.0,746.0,194.0,236.0,806.0,1025.0,565.25,5620.166015625
LPL11_8,LPL_1.WAV,-357.2906258793788,34.705038571156884,-196.69799992923262,-36.462116570498374,36.92118490934295,-8.911637104073392,-1.9354416241816232,14.028460383414599,9.216344390835737,-0.2655277644625783,-1.0158726774184488,-6.179689504820976,-1.9435502865666092,-5.61328919637558,-2.7244398315494256,4.70628769297409,-0.604865167638817,0.2168439971970681,4.132951510304541,3.805503876634349,96.3467519033064,35.53768376996576,63.86922666821001,55.94202768989017,39.95548543947176,39.49243742303396,21.91596298878307,24.525313846491514,26.35391060973852,11.1353045930072,16.163156329541486,10.685941721118398,6.9204749389631255,9.329613010411206,5.100361767759128,5.828776297937095,6.54941708394754,3.940361732135505,4.826441980955171,2.8960159799828773,5508.0,487.0,613.0,818.0,930.0,915.0,752.6,213.0,165.0,836.0,1044.0,564.5,5620.166015625
LPL11_9,LPL_1.WAV,-330.96739378935183,27.216075817533348,-188.69441672328958,-58.59325236991839,34.75072863864864,-13.857949240132685,-0.1458286528817502,13.633344442160412,7.040383827859196,12.573569545586054,0.6615669458924319,-3.076441138544588,-0.4854984510461384,1.2360780479107794,-4.378335605539927,1.5418511472857264,1.6203831135555748,-1.7655994104172905,3.5439890911487884,-0.6445500670170454,111.66940440034709,41.884395428241035,70.48336641961876,54.08800253585692,41.40726456121197,42.22768629676485,17.34400995322975,33.370553470054745,22.774689671481898,13.904263233797803,18.932168044255455,10.261452103232797,5.8064635465563645,9.787817508466775,6.137904289404528,6.505766936994603,6.444913701677456,7.8183607549409,4.839692009102136,4.994512045852044,5499.0,524.0,663.0,784.0,869.0,902.0,748.4,214.0,252.0,808.0,1007.0,570.25,5534.033203125
LPL11_10,LPL_1.WAV,-352.7154051557389,26.14919786273561,-204.21074531637976,-33.10252150434288,37.49997569634886,-13.16498076816704,2.2851397492753454,6.649659666765665,3.9587823116242764,-0.9082656288008124,-3.713202397611463,-8.081108619084025,6.228730641694522,-1.062322126329742,0.8035534947288497,3.7566969706770474,4.77838639728052,-6.259648097961172,4.740903955652577,-1.3282651907409437,92.23870296930673,31.96095707683237,60.60937909337909,53.02659006212852,42.4596543923643,38.45491222402119,21.77201988621915,36.02504391417433,26.852554713360508,8.11053716813334,15.665060959304842,11.14326666702112,13.238029084909297,10.272714332550947,7.652573907613282,4.602680249231642,3.790584660499745,6.3706789170915625,6.638257279182938,4.14910545967871,5330.0,490.0,628.0,787.0,898.0,918.0,744.2,184.0,175.0,795.0,979.0,533.25,5706.298828125
LPL11_12,LPL_1.WAV,-362.3018544823744,26.205576629937177,-195.94600174500687,-46.55362589043749,44.758622193538024,-10.681566606149287,-15.86349909051578,10.720609537929285,3.5305140598591644,-9.01280426162377,4.003904843331923,-2.5529751153527043,-1.9272266543634624,-0.3898471760804397,0.3516196039394424,2.3143948037369793,0.4500685840442938,-3.42231629823649,2.8252957139474444,0.31362136156441855,94.66300010385798,35.51845234649666,63.20663399905929,59.18735552455047,40.20710520975636,41.72618338959974,28.831227083788004,25.857191264620727,29.117458386008536,12.987586116105904,16.14083943080757,14.066256488863063,8.599405783635063,9.90401056908209,7.36924864332228,5.910208069437087,6.778872612733968,5.472603757719738,4.848654068821235,4.970323126907742,5433.0,470.0,616.0,803.0,917.0,928.0,746.8,191.0,177.0,806.0,1033.0,551.75,5727.83203125
LPL11_14,LPL_1.WAV,-354.2538256804772,7.336835789945565,-190.14881390519983,-24.215506098398578,40.048562295562135,5.384943528298421,-11.007930902892868,-7.204668631656509,5.51332698892444,-9.562576699938687,-3.2185154616125105,1.9062211240512459,0.48303410122469925,-1.5637328072551255,1.443882698473372,1.0919637299932423,3.4053393520951154,-2.550274669822839,2.808878134357071,1.2048606215393822,93.8355151262178,38.95509196329186,58.07088335340225,58.503595771291785,39.062245731722854,29.235427193022442,23.25602985055767,21.22294587748236,17.608840213004648,11.833392832429398,21.97026721452852,7.491129300938611,9.805491616938404,10.978408192881133,5.7378766543129665,6.711399905368221,4.287780489857715,6.8881136233622104,8.02491400121343,2.779467080267382,5282.0,466.0,629.0,822.0,898.0,844.0,731.8,186.0,155.0,651.0,1139.0,532.75,5727.83203125
LPL11_17,LPL_1.WAV,-348.09680344958565,22.18195758470037,-204.58820564648235,-43.75567430963578,42.22000045497804,-21.07108816937412,-0.7617829913372566,25.432429758454354,-2.4939822606050943,4.982522396558332,2.8559322700371537,-0.0573032389652262,-10.177093351289724,-2.5217183659644316,0.8478541143405749,3.197526578947651,-2.048980316669959,4.0141863311474415,-1.6640112529956692,-0.7530687998888044,93.48153889372408,38.31913965649354,67.15321613348762,62.80593259018172,40.67926431831843,32.489206143464244,27.157187558184617,16.29438158201817,20.943246124460494,11.117107712029327,13.224323375196576,14.767928975276707,7.13514840595486,6.432835997599635,5.230351850777617,6.462415395881731,6.160513816896877,5.671807295714707,6.322689787710375,4.631739472060067,5542.0,507.0,646.0,829.0,895.0,886.0,752.6,213.0,236.0,861.0,990.0,575.0,5706.298828125
LPL11_19,LPL_1.WAV,-372.3462796408641,23.9187560808094,-211.94242368377135,-47.502701133025646,29.454331560936847,-4.7804035386830614,2.4010495714407405,11.485765514164957,18.66240353651346,-2.282227641479744,3.6159701773573176,-2.3649398669007557,0.647484334618262,-6.370283740767921,-0.8924402052110242,3.595331917129266,-4.600113658402854,0.14522472645217077,0.9494488755928653,-0.38845803734109535,75.36258631627653,39.636128430713214,60.17961930692843,55.014845560144444,46.821272894594564,37.02737435503229,21.838124287499774,25.998357048177773,30.950632705669335,11.10050792350608,10.414008954102549,10.119458130379194,11.78600088584621,8.63688353516091,5.601770195975084,6.026271256812602,7.241963342975184,4.216953445253232,4.155712751479253,3.8497424399351035,5525.0,472.0,615.0,821.0,849.0,910.0,733.4,220.0,208.0,905.0,1034.0,591.75,5620.166015625
LPL11_23,LPL_1.WAV,-370.2024911752341,12.99468613811582,-209.59981607401548,-25.816461287016423,27.281399975261692,-9.162876974991173,-2.9006488075773347,5.522956625878473,17.00667857142485,-6.564759994683335,3.3613643822424852,0.08225391832594683,-6.357822071304874,1.1512191695546816,3.3615849907707003,0.8440914235604491,1.030357144479599,0.47087437811660365,-1.989999906445147,3.1221230097837163,79.08181446017332,39.05443930760158,65.38178419876289,61.64474492616444,42.58580322067082,36.00775903195156,28.114819618889562,19.77441529875889,25.005926742627658,9.756989211252693,8.25196886579742,8.059117325186135,12.136069728284761,6.475655777433553,5.557100405407204,7.787735215237419,7.620773007470246,3.5425976984002214,5.424158132553782,4.980221265275344,5574.0,508.0,582.0,852.0,917.0,906.0,753.0,254.0,212.0,810.0,1044.0,580.0,5684.765625
LPL11_25,LPL_1.WAV,-389.9688866706615,22.946740681789702,-194.68588006985362,-39.79473960520051,60.26944408056582,-3.5197176394943783,-9.850339866866245,9.145443512751017,5.670698694013497,-3.2765045517040763,-9.30006351647864,2.0692968321344862,-0.12457599627125646,-3.0544088772090414,3.8229087278817184,0.8300079094665165,0.7117091013859189,-2.2729474771584885,-1.6690065788389068,4.190779562610479,84.32331856007413,34.07161842179619,63.702129003660744,56.724124263767095,39.9265119222247,38.38351198792519,21.574379273509287,28.0156374700057,28.790918867513412,12.01979875746273,21.798377392145973,12.332956617540917,6.507144975022533,14.082543054116938,7.643366131004592,5.632592004545176,5.260432280094584,4.321072069132534,5.692165578852789,5.85551570360502,5508.0,487.0,626.0,766.0,925.0,916.0,744.0,204.0,229.0,851.0,1023.0,576.75,5727.83203125
LPL11_27,LPL_1.WAV,-380.8281495937003,51.848135262110766,-194.0107750375465,-46.58257140392356,34.2373378073114,-15.031283342809436,-8.704011103536574,6.510633556359062,19.00951962057578,-4.739077990792502,-1.694764469300124,3.563103050109467,-6.2284619179188745,-4.49213720671302,1.717039666298451,1.6642259719649795,-2.8896332708250285,0.49846516708453237,3.5966136688787316,-1.651342085984238,91.90897460326097,40.69196144254103,65.98642894493938,59.48854214394348,39.71209411515599,29.843051667830977,17.1887576324296,26.21135585664929,17.62685204528955,13.578800423257286,15.933323423064435,8.98471447108813,9.528504315498843,7.350510876602119,7.358561889708732,6.960980767707848,5.577653428491167,4.837260242091305,6.480913543787425,4.858969185510524,5447.0,491.0,645.0,836.0,874.0,815.0,732.2,203.0,167.0,838.0,1102.0,577.5,5663.232421875
LPL11_29,LPL_1.WAV,-351.2157548503949,13.191254348098193,-191.86013911852228,-21.072801793316966,49.6112337610987,-10.489295165200181,0.8851728349330847,8.801183526679983,-4.415146839801603,-0.4599389109291592,-2.8321449399084213,-0.6491125411937665,4.096749303551311,-3.712529542364648,-0.660195974384918,2.9354852313219326,0.09587374465788709,-1.7167023158851336,0.9871864609715343,2.640213374629401,103.09105879263021,38.14872917759033,72.49504473437766,65.82139865319097,42.90297119628116,35.14096183982275,28.187923836936715,14.138489012268279,27.538866651698104,9.444508924710094,13.081954443921045,9.66018656831524,8.466807392538982,13.246678242615435,6.337409769673208,9.34752852456186,6.12032789137299,6.328665048004989,5.831916162208083,3.610000691205663,5578.0,525.0,640.0,846.0,945.0,898.0,770.8,172.0,181.0,817.0,1070.0,560.0,5706.298828125
LPL11_33,LPL_1.WAV,-374.6471471907805,33.56719810182932,-196.70721810934444,-29.587728443205666,56.10502864801355,-11.057059539049483,0.7051666306491063,1.7882680796917936,10.35666787299338,-9.097365793993623,-7.592943423996218,4.49904628572062,-1.8648173632114393,-4.614707701519252,8.708394638950342,-4.195847113412121,2.0340972951530474,0.5650091928163089,-0.22182946770392672,1.4169925265166807,82.41447216669863,47.21525993843938,63.896152543409585,65.0362522730518,38.34305262889274,33.56505871474393,21.653251798230094,17.539086093295325,20.186033835818467,8.898088609149262,12.378562646557711,7.986918747730352,12.6700743716779,12.6439399792436,5.548667126700297,8.757005570207843,5.6486452314160625,4.3464287642311445,8.496581410570547,3.385837852173466,5533.0,494.0,671.0,803.0,889.0,908.0,753.0,180.0,200.0,867.0,1044.0,572.75,5749.365234375
LPL11_36,LPL_1.WAV,-361.4796824967009,14.756859535739828,-200.50958484766463,-20.382835453187603,38.70604091460732,-10.066409926224663,3.475853499799461,6.654871178880672,3.7221127577364936,-2.3482120020348654,1.7501523697760997,-2.728884722356139,0.4511020425975877,-0.9135104595634632,-1.124952054303149,2.76176885546823,-1.996791569404856,0.9802128070942702,3.4823928283844383,-0.24608028968256807,96.72091552277114,36.12882024743741,62.41677199819648,58.743553647937006,49.814193547900395,39.55827281863893,23.51560448751828,19.956541459934595,36.287458514238146,8.90065460314558,16.94746000651651,11.527020753201697,8.797568423050448,11.033258154286337,5.878489290429087,7.869827766171504,5.388955142408179,5.3192798807334745,7.083267707720113,3.8006291501254186,5610.0,545.0,638.0,834.0,951.0,917.0,777.0,186.0,178.0,798.0,1074.0,559.0,5770.8984375
LPL11_38,LPL_1.WAV,-366.4059861497012,32.422985174970016,-210.5538249943688,-36.443447680080425,39.97247062117146,-20.356530337556787,2.40974275541603,1.2942689595268493,9.499551789196287,0.7841159571762921,-3.8984979163992164,0.5800804009181707,0.7066065465351474,1.6260662915707054,4.895101493537568,-1.1694635890545275,6.954028904804222,-8.191663682314395,1.9659712421927893,-0.3530774850747525,77.60524483279914,40.56639963518276,57.666516184676084,60.62182059380183,40.891196600669865,32.910975393060305,22.580103179540213,31.520835054524554,30.26337006941713,13.171812136063041,17.956301364552942,13.11672002315314,10.144139500290418,12.918324478301633,7.48365174327994,3.9276254157698838,5.834005961659429,6.849695012246181,9.225561164207752,5.03629686154585,5462.0,532.0,659.0,822.0,914.0,895.0,764.4,180.0,170.0,781.0,1025.0,539.0,5620.166015625
LPL11_40,LPL_1.WAV,-355.3580282228518,15.28587864156102,-189.91644482247946,-34.069389630726526,47.763077576999656,-9.852496488349916,-0.6814230275287599,0.9223504553126144,3.538260282811902,-2.676450541388201,-3.548344166841589,-4.2717855433855005,-0.7734803242485093,4.5829882628596375,-1.56622505228199,2.004000429698727,1.7957222738647414,-1.9874074157724286,-2.8317914781536246,3.129510016743854,101.43034213985318,31.78449791919598,68.89410916234492,55.42789456129349,49.424913417434,37.630044917377695,21.366981846094866,32.22477598484752,32.423938859890384,14.51672747350766,19.22190166952687,10.882490003132228,8.6946854218979,8.696106644983246,4.640867319214113,6.195068019142606,6.352027622380737,5.29883587713049,3.740231448084241,3.5750009780096206,5504.0,513.0,634.0,848.0,928.0,905.0,765.6,182.0,191.0,759.0,1060.0,548.0,5555.56640625
LPL11_42,LPL_1.WAV,-379.68846485248645,38.02740826255598,-204.1920782889174,-51.319501424869806,61.02161965804784,-18.80482097678683,-1.249251810493505,15.504756850251809,13.360426333798507,-11.920233151158731,6.8820659323358395,-2.993013343852873,-9.853658154709503,4.330868293802222,0.08475130624921533,-2.105281683806208,1.3878540640800607,-2.5683040394375714,-1.5893089764602077,2.322537711365627,71.72606960137435,38.21741839513272,63.45891817488014,63.4965517732024,38.97853742831155,37.236543244412175,22.185341131478204,24.314578703446074,38.56611481061667,13.599745702754081,11.293290780951478,13.921509536859942,9.217393147696633,7.78693621945929,5.726442057338574,7.070107698406101,7.523609108585143,4.2309602996184905,3.6063582633605376,4.141775317068675,5451.0,532.0,625.0,828.0,924.0,922.0,766.2,190.0,172.0,768.0,1010.0,535.0,5663.232421875
LPL11_44,LPL_1.WAV,-384.52335044484715,27.46632373278512,-207.77203409671765,-42.92704614012815,35.54484122863671,-6.696574787078271,1.1193486901415646,16.84345238283488,11.699355908823447,4.826410984984777,-3.0862842273157436,-3.5491467813836035,-3.367984811626097,-5.370694709996118,5.7968595599313915,-2.9045370924901466,2.3571359046855265,-2.1930179843038546,2.243824219190168,0.7016405485299976,74.47294872039869,32.02595322545262,62.70121031452753,55.92600396236967,42.587393486658385,38.84757401713713,21.990301896440062,22.703040617756862,29.361875767129263,11.161418153360128,16.624708002183436,15.127992396273813,11.944308288047543,14.13903743836853,7.424499891136102,7.065466938690118,4.679264251685488,5.249945132576609,5.453102176641737,3.745167758928404,5410.0,503.0,626.0,795.0,917.0,875.0,743.2,159.0,185.0,837.0,1037.0,554.5,5663.232421875
LPL11_46,LPL_1.WAV,-340.43101883629066,13.512067558602341,-187.03186794561458,-25.581890891053096,44.713729560525714,-10.685108319227515,0.7592730742686293,6.402172904533831,4.361236540874688,-5.13584677628165,-2.771410096776086,3.318846233548127,-0.7454114427678014,2.2095023945563397,2.6003566973617565,-0.9309843826230412,2.1339214542320484,-1.9467684548886357,2.93077699036099,1.8798717357409596,109.50910156897979,36.316720699780106,71.35565611852292,62.71785473877325,48.72837415370936,36.25316378501693,23.238442147315737,19.510818307787954,31.82445203943355,7.311282083603292,18.797876197682456,12.189210570168427,7.625536505927503,11.429436723201594,6.957607905617831,8.698644030870911,7.3097002417525685,5.8615682565208544,8.816704793313878,6.805699991242579,5542.0,481.0,667.0,853.0,923.0,960.0,776.8,187.0,189.0,807.0,987.0,542.5,5684.765625
LPL11_49,LPL_1.WAV,-364.2659784672832,26.629337718919817,-196.2880980774096,-30.99649673911121,44.74967652205851,-17.19994256499521,1.4995909826270377,6.114004533748612,4.367609242148462,0.34248640061958563,-2.1163065449130856,-3.5408887344747138,-3.2141907468206385,0.8777990833267901,-0.2884608863171541,0.014034218873279904,0.2638937289140301,0.8144071655542419,-1.4871040948991818,3.8250891382106635,90.19426511716551,37.98453356021055,65.79643405817521,60.11377020807712,39.39006462303057,37.175416362201936,21.8162337842497,26.57650945826119,24.623222750636454,10.889752101361044,16.922179964319977,13.81124515749563,12.339669701692054,11.149213676224722,4.239736907231651,5.398058048397651,8.111999158502863,5.015226941634181,3.897369119579286,3.7545388354116795,5537.0,486.0,646.0,811.0,939.0,898.0,756.0,187.0,167.0,805.0,1122.0,570.25,5598.6328125
LPL11_50,LPL_1.WAV,-348.34287465127625,14.870079758357292,-183.93590567039988,-36.709079075351525,30.1043485998945,-4.635627029459443,2.965548716343686,2.8359937433952576,8.863553799953538,8.15160033940627,-7.79456334253258,-1.9343997781121507,-4.764836741121574,-0.2405866892950139,2.458121227115421,2.0114896926959593,5.997638943598654,2.6518500680962527,-3.163519288967331,5.056098540287276,108.50775507404977,34.23434597607468,72.30138409088686,65.60465303626343,37.707042115493415,37.742466612963064,30.240351782281696,22.207723465890666,20.615568833492983,7.650780366428827,11.447672754492917,16.06714954873136,8.39361389102755,13.620456406739471,4.58587474329062,12.365878240296851,8.2293619874405,4.622370002036008,5.118868867428045,4.253573199048077,5611.0,526.0,685.0,761.0,907.0,910.0,757.8,173.0,221.0,834.0,1125.0,588.25,5641.69921875
LPL11_52,LPL_1.WAV,-374.990804591577,9.294543840460541,-216.8907802800885,-34.659286817902355,40.64204832406806,3.542796631737649,-9.927865901419123,17.59581194191417,6.93650461436037,-15.300966200983748,10.091742794142704,0.5347376101057946,-2.7807899235635967,2.0708558232924474,3.8283816126218655,3.1593246914700894,-7.3335465957716055,1.5985800240968857,-2.3903763632915296,-0.6919185005349445,69.75357011733178,41.238711682421034,58.26800494604903,66.67845306707305,38.32581872314061,30.594800844714474,27.781984119300017,15.304238684269043,16.716739031521655,11.207623179568362,13.61203370191862,8.631382228612322,7.939059044011955,6.494377788863089,5.8903048233468445,6.953209959691357,7.687291799919214,5.899075857707591,5.69078494075991,5.0013860156137575,5530.0,528.0,629.0,804.0,888.0,910.0,751.8,239.0,242.0,767.0,1047.0,573.75,5878.564453125
LPL11_55,LPL_1.WAV,-351.3512225386887,11.009218574178544,-187.83188833225458,-25.30608837594252,41.2781123414986,8.91508687591736,-10.33277284810542,-9.666004103087053,6.358473484128686,-8.41011584237824,4.692116073276527,8.349753392339666,-0.8566705015948987,1.4737148011011851,-2.04067016164268,-0.29007407099238663,-0.9930944111859334,-1.8355982718431627,3.201105984361738,1.083830539584843,100.60842813825121,39.93326649727901,62.904625425262076,65.15852692315089,46.295930620950735,33.37373634024242,27.11500949762053,19.70841320557669,30.240753581354806,11.71755653144613,14.3025562124962,7.7082564321067535,10.215331964765767,10.621261502522456,4.150009688956953,8.422180768754753,4.054127444352743,4.863370573934067,6.176900167692345,3.6015362130233,5442.0,528.0,658.0,801.0,914.0,914.0,763.0,168.0,259.0,784.0,940.0,537.75,5512.5
LPL11_56,LPL_1.WAV,-377.6309131000331,12.081541569379421,-200.1548817431509,-32.33790670730399,37.274829124907704,2.9792892289614996,-9.957383582735577,1.855052201850492,9.595250943807239,-4.692503107875939,1.51251191644194,0.8247744048306314,1.4285958199204214,-5.432205413717878,4.264206580650573,-1.6268513049824145,0.6689120345680355,-2.3431957384764206,3.2971751235743385,0.6400329799564382,80.77190796573139,38.48495681883161,60.07543683135592,63.06119290710297,41.286858581597954,32.295623564942716,31.086638225682194,15.701382274323668,28.501086459657635,10.292460018656369,10.990078298259824,8.310252562612941,13.583365679992188,11.867715427190754,6.024049725807947,10.192325323002564,5.25651988168209,5.199322255909281,6.434523882099905,2.8168654462046674,5432.0,481.0,624.0,824.0,906.0,867.0,740.4,193.0,176.0,817.0,1059.0,561.25,5641.69921875
LPL11_58,LPL_1.WAV,-367.7328241409751,-4.47438460123553,-211.30639590500098,0.8390534153079335,33.42755896100369,-6.868276925234167,5.251311316441541,5.113966279326662,6.582327973282719,-14.900147153539853,11.78637743698078,4.751839100748331,-4.167920569004377,1.275153637502326,-1.8780109205442281,1.2630618718855304,-2.9842399589751527,-0.7297248699542009,3.3788142374735908,-3.316676170213279,74.37324017611316,37.772622508646336,59.45241257707872,61.05720241953514,48.50475985652435,31.570174557867844,21.044301890732058,12.59888443522328,36.109274724874645,14.254089691085797,12.656971244444078,11.460560228246129,7.552214003053184,6.791164090924163,4.746794217590696,6.394925546424218,7.530642145946667,3.9526761477965433,7.0142778723450325,8.104174381721066,5515.0,519.0,661.0,819.0,925.0,945.0,773.8,176.0,213.0,801.0,965.0,538.75,5857.03125
LPL11_60,LPL_1.WAV,-364.2193951120651,17.75951821440171,-200.10583009661005,-25.028301791754217,46.35783494848528,-2.4198318459288815,-4.014880262250005,12.694116477152484,7.092235237156951,-12.877202171386562,8.375878109524464,2.306462397747795,1.5426406651428093,1.3365003332851528,5.277555715300444,2.159834825476309,-6.957038009443868,5.1722159108771955,-2.0522803145510853,-3.97962663949432,87.62672060847702,44.29718773734831,61.483035031072,63.74581871278935,38.52406082563396,28.450876064789327,30.342621131948814,14.274446164028426,21.608837487873384,11.663355876953622,10.783286014399872,4.262563041259485,10.452943300678529,10.666217778553275,5.242152500140506,10.992408485169832,8.426215418539433,6.986981626134612,6.90774922991994,7.540153300866144,5570.0,539.0,644.0,864.0,853.0,931.0,766.2,219.0,189.0,851.0,992.0,562.75,5684.765625
LPL11_62,LPL_1.WAV,-324.96925192354746,38.843283907124956,-148.43121148487572,-41.4339606835837,43.24128725181059,29.504630980629877,-22.399831986094338,-10.565392981586815,4.875135896267173,-5.721340521614078,-14.928965773383727,6.818084721610924,10.051346130402745,-8.107282404210048,-5.879550071964877,14.769842419184842,-2.8660299762882513,-5.383911801731128,4.467454384947941,5.295950985832601,88.52920340278521,26.326443937853412,47.92417085908075,49.06042522821535,54.10073384094098,35.678017028947195,18.519045231453738,17.586492091439627,38.668600677646985,15.31286184658214,11.386853517819818,12.70172485912994,10.028748093935402,10.316814419618234,6.765454432083623,12.125697594500854,6.591529969857948,8.556107427709806,6.027042256829495,8.251848041943427,5505.0,520.0,642.0,686.0,779.0,868.0,699.0,182.0,285.0,831.0,1232.0,632.5,5706.298828125
LPL11_64,LPL_1.WAV,-346.44455023100744,-14.008867497009648,-198.6240062738153,2.932515203190641,33.09335958460663,3.289769098885109,-5.258456389391057,4.920961229377015,-0.6950049822281882,-1.7717830449467613,0.16636929780027634,0.5907060021461913,0.8192641240565915,-1.0519884568565,3.2742519014995133,-0.2400551552464871,1.4389287307513898,-3.2083229145798446,2.366981251829838,-1.8595274796228654,93.87757859670819,36.23396814241736,60.428500477825736,61.65343332565455,50.659865901994934,35.57727958748992,25.460185789623623,14.313957068509094,28.252665734328666,9.260562698387155,19.735827206064215,8.115721805857135,9.234560200486753,13.573360573496494,9.152915144854498,7.49660440183793,7.3833144964473245,5.904493098509052,7.1808722370311715,6.371496548236563,5526.0,525.0,658.0,822.0,925.0,931.0,772.2,186.0,251.0,752.0,994.0,545.75,5813.96484375
LPL11_69,LPL_1.WAV,-373.6361949750202,7.029084553402008,-214.9694160807285,-2.229258029491126,44.19336386893444,-3.1333587493973583,-11.405808752101963,5.905954196874547,-6.537126151670802,-6.135904313403692,8.166502122830545,1.1413400354662597,3.5158568713484097,-1.4309223063440513,0.4257839225595646,0.930266282086705,-1.0324475026793984,-0.4007205305556282,2.344779554263526,2.8193705597664622,82.93183633653139,32.805827816431,54.470655094571505,51.73707154360995,56.47423839465029,38.73238276510868,26.361625442241753,20.9633803724391,31.055760884442687,8.66955372659237,15.687589723791374,9.916323230285908,7.21198526132738,10.747533439086842,10.386529721251561,5.205237903944578,4.93509502569981,4.604462857392487,5.481107272015567,3.5574241982972157,5344.0,499.0,613.0,814.0,969.0,974.0,773.8,219.0,180.0,664.0,936.0,499.75,5813.96484375
LPL11_74,LPL_1.WAV,-307.13411379323145,22.457866233779,-155.90173362206244,-9.68143322450806,33.55179465628759,-22.838624126661706,-15.659125025375834,-12.238243891396001,-8.241709347798276,6.753887561901033,2.894360383462334,6.418998636147036,-4.947574338615123,-0.7447771689249114,-0.24915237354350428,2.6747088883602816,6.065719798014444,-3.909848435429131,4.10313956653481,3.8739771460859704,108.04086479397692,38.78820265875836,60.48224651010503,50.89190952029242,38.095643960293835,35.781050586869604,22.70606594016023,24.03331002142069,39.568359398306505,12.62309430025291,20.67282539114507,12.589910697156625,8.075158603865725,14.363966830272046,7.0891683000534975,12.228812304123368,7.272002928574945,5.724827114421146,6.691384670507398,5.000065276139706,5560.0,479.0,634.0,807.0,794.0,887.0,720.2,222.0,237.0,784.0,1216.0,614.75,5749.365234375
LPL11_76,LPL_1.WAV,-378.9110997578636,24.953370200204777,-206.60006429721062,-43.0210188391531,39.97879624970448,-20.342044681951965,-3.8898173168807713,12.941189049332772,8.025566726554512,4.5999857265915,0.37509527632410383,1.4815081475624523,-3.317002199935747,-6.206032875010545,9.481404125326955,-2.2947760650872597,1.8115949567476701,0.10286288253745983,0.661167805766564,-2.165719217129281,77.80395210323279,43.13018063599253,58.15389932235165,60.57129871121928,37.89201295702635,32.602946330855694,24.424602887528533,18.05423990244717,18.56485766096399,13.080656537416026,16.59210712475928,10.11525169797307,11.718542589269422,14.131851823755847,10.039537578065945,6.203968707328237,5.168189170774455,5.247015900584128,7.1174308831065805,5.277230819226481,5487.0,556.0,639.0,827.0,905.0,832.0,751.8,243.0,197.0,769.0,1058.0,566.75,5813.96484375
LPL11_78,LPL_1.WAV,-354.9840172183248,4.781233060195003,-211.88246504689846,-22.09895959273431,29.513448966546743,-4.2523974006668865,3.31489861161978,3.5611151555642495,9.395689678660663,-9.910417727946992,1.8537322321315992,-1.7321220053899753,-2.159530040704272,5.752814068085415,-4.20174675211656,4.630859188053686,4.743823918734666,-4.061171369447895,1.7268966907303345,2.9865089620872296,77.01066743595327,39.39324840547332,55.28787916874438,62.17226070645974,40.043925514407945,29.611362161573144,24.97080977902659,19.441292562061097,23.737864279487827,10.565873622754834,12.265617543791894,9.322971617153538,10.978652449877215,8.38574168157985,5.596880558557526,10.310591138934864,6.268786691064802,3.644740126443571,5.921380135670856,2.6818672994166883,5469.0,486.0,603.0,804.0,961.0,954.0,761.6,211.0,204.0,763.0,1015.0,548.25,5577.099609375
LPL11_79,LPL_1.WAV,-350.2608712316312,35.962012006304505,-204.28614685867316,-43.69542032615697,22.65465477820091,-25.180936642015208,-0.8712220807197119,7.449893471079138,13.131206339600917,5.466494293075238,-2.6325643944142287,-0.16936352920078876,-4.444117241497192,-7.851244093310103,-0.054629753730491684,-0.15626744040766838,1.1437437084468598,-3.6572525167390024,6.322134818405759,-2.039928944354934,84.38656907276354,49.392755505303796,61.01484897727996,69.77051668330445,35.57417757243419,29.302639737862624,24.78310107323097,17.021111088461325,13.736526289093828,11.481746795164755,17.488999374767147,11.61530511253386,11.736171456088016,13.384813217118483,7.397847432750438,4.363502404976235,4.4316762318320135,6.651906765285705,7.853680532616945,5.657727793198183,5386.0,540.0,663.0,819.0,880.0,889.0,758.2,154.0,165.0,765.0,1032.0,529.0,5663.232421875
LPL11_80,LPL_1.WAV,-330.05175582612554,30.978357541513542,-191.9203274742019,-44.30522274811736,20.215685552312195,-17.1616358677508,-9.669534187895065,12.10769315829824,10.460808662965423,6.929510451599134,9.384194872380368,-5.694691433022381,-0.880585278720348,-4.476769821882705,-5.800034336501159,8.713710724901102,-4.210377631905332,-1.562702631407128,1.7844491735486379,2.4494511084991855,99.45067421189157,37.572989792316626,62.79064849842506,55.47897036560226,34.08686774923189,37.595680763901726,24.011360557068237,22.62051539383464,19.85290226932124,13.498868305933366,10.383946809639967,8.70755087028417,8.329491824338378,8.224473522318522,6.1496279767785875,15.040286022121014,6.012676878343388,6.049970622508183,4.596901918610983,4.050271615970374,5429.0,517.0,629.0,814.0,869.0,905.0,746.8,243.0,162.0,794.0,1021.0,555.0,5706.298828125
LPL11_81,LPL_1.WAV,-306.11875459619586,27.904767760262835,-166.94323881774451,-46.48668775661423,14.586644077372096,-8.289228695932962,-6.9361826545108505,-17.820280879634524,12.307978521603756,6.06928838031931,-11.473588389731072,2.1636021567523085,6.456458418925197,-7.229778435619156,-3.1669351277324025,10.929077998757073,-2.600532422221566,-1.1476576013939583,-0.008411454301422145,-1.3220308597819708,100.36533284267738,44.17960322273502,56.96606629561306,58.397364045309466,37.98612735392579,26.702882363823036,20.942599115471452,20.0493981111486,22.86478820312352,13.934145233700795,16.662592885569666,11.68292958094682,10.261715903880898,12.474667514370777,6.494948685485145,9.922244850201674,5.444770399563396,6.256154114151512,6.7143270229454,7.94345603689596,4668.0,498.0,579.0,701.0,731.0,911.0,684.0,221.0,218.0,241.0,1068.0,437.0,5641.69921875
LPL11_82,LPL_1.WAV,-336.69908828459387,11.82560541944535,-213.80531602068876,-39.42858248767977,27.509046151197158,-17.605083829295825,6.870643505287185,13.011575601050291,2.2335792524199185,6.515546110312541,-5.710176682585533,-4.9654070644933705,3.9975557107237925,3.3943292767699096,-0.8411200267642337,3.2604457866582663,4.089792142279388,-3.495312234450393,2.875901914465139,-1.9942557043469022,82.36089772369697,35.921503944587386,57.180237247659726,58.720894531089925,48.93446905830885,37.39137894455973,29.17136070055228,24.60256307712899,26.900447429497824,8.596687989397608,9.874102752782335,15.404942817700666,6.746812884308064,7.936070139498284,5.961055304400073,6.903834898513061,3.7584487510149858,6.395339006536047,9.318825211531017,4.326773337443101,5154.0,502.0,657.0,839.0,926.0,957.0,776.2,168.0,173.0,644.0,817.0,450.5,5641.69921875
LPL11_83,LPL_1.WAV,-357.2393403874498,25.06438044743267,-208.37221818079797,-38.09078506246098,31.561085694981553,-21.221870147709684,-0.7189500771325967,11.121072729089555,8.9577864894593,8.611856457575474,-2.160134631059517,-2.55335530450164,-1.7186244280317222,-1.2816301366180403,-2.470543623365067,2.7406119133928315,3.857356630510833,-2.3074494390538622,2.931445650724413,0.9215350521117854,78.05849829087448,36.74382717405089,57.04028852783155,60.70245275656721,42.40214027322353,35.91079704271184,22.314208669569194,25.28153701747532,24.773467396430714,7.867283012247439,18.375749094651724,15.829360058637318,12.171473704872335,8.493665373009197,4.538896332230253,8.07712613759021,4.326423735083654,6.712600723155617,6.978085630111999,5.147054084992591,5474.0,548.0,643.0,756.0,927.0,923.0,759.4,199.0,229.0,798.0,980.0,551.5,5684.765625
LPL11_84,LPL_1.WAV,-323.6646261676079,52.20446308002041,-184.52797636495316,-60.41874100359549,27.122879329557637,-17.344253709934478,-9.161028305981873,9.131143034661305,7.530723454502102,-1.4486233644114483,3.1294467645010946,-8.869279110451869,-1.0066588059168238,-3.4076649616116286,-4.775552949601987,4.062493372713845,1.7258453049193936,0.30381572052737127,3.553963357731844,3.491515953518712,105.7256250553835,31.780559492916968,68.27120815920124,54.18373449228267,40.60721185109246,41.334749025553386,23.186376156231766,34.36752182007367,22.452331902854112,12.230173405537613,18.256669041804773,9.167483212500137,13.353250285516705,9.812573897213486,5.111874712466345,7.454274087150732,5.7671737631022,5.502366238622854,4.267772687981373,4.829699367444687,5255.0,466.0,654.0,804.0,918.0,910.0,750.4,180.0,182.0,686.0,1003.0,512.75,5598.6328125
LPL11_86,LPL_1.WAV,-350.4573391003373,20.858064891742693,-186.01751213788586,-23.7487356528833,43.45204721885128,-1.5968604724268858,-6.015906468858045,6.8613093059114245,0.8348744467830553,2.8876651805293267,-4.982947232760544,-3.214207347418529,3.5227073519235494,-2.0287364663546192,1.1367366859052885,-0.9972487788021541,1.905029244250415,-3.294932640193987,2.523500019459372,1.6063982227096105,99.26365063936835,40.34512155776455,64.2026743039354,65.42326363376665,51.64063391399408,42.3181767907861,29.97380141395855,21.176824121037853,22.627503604377328,8.461966470048521,20.128029612354,7.51891531147246,10.940211015672425,13.573009347286078,5.64304758067489,7.125267688070497,5.480413565318181,5.398575321573759,6.593331500585057,3.3661117114166745,5401.0,490.0,658.0,763.0,944.0,958.0,762.6,182.0,223.0,771.0,932.0,527.0,5727.83203125
LPL11_87,LPL_1.WAV,-352.5058929562952,19.54266958983034,-189.0104365626631,-39.71297027718301,48.272503268395894,-10.12307428271452,-6.7037738671252605,10.440206932452236,-2.4078533971698115,1.0533412004119749,-0.7574764863248565,-12.752955825363125,6.309271615357666,-1.0158542031566986,1.094971217817009,6.203992152183262,0.49461809422147157,0.4886975188730917,1.4855445216141834,1.4369280726657832,100.74613889644165,32.8930640264595,67.71518231327231,58.098744766405744,42.7957721707196,37.73703088792413,26.427670438672543,24.289674533943145,25.66536140998459,8.234902095274391,16.93096948218837,7.395163351016675,11.410216373417196,13.488572362070386,7.221217137249595,10.37514784549017,4.355307225040555,6.502890363506766,4.496671828425513,6.657049151128991,5370.0,518.0,631.0,853.0,941.0,951.0,778.8,224.0,160.0,659.0,953.0,499.0,5749.365234375
LPL11_89,LPL_1.WAV,-340.6014643858044,55.027986378757895,-190.69176261676876,-31.469581103509917,36.13856206172062,-34.76378879467059,-3.6286966603754918,-0.32334903227385864,10.293833531748064,-0.6633225320317159,1.9517156696486415,3.588042526805264,-12.08405851788194,6.102502844765792,-1.4692310407154827,3.37984903598394,-1.3208215836882993,1.9588568278468157,-0.29952121370832213,-0.1766316619412624,80.5976210516247,37.03291462333295,62.22637994147408,61.14821874490677,34.41765205250359,31.827024671766008,19.029671879816245,29.561592476027393,28.33712635645635,10.178525314209862,15.776909915189313,16.300524358664546,6.734352629052126,6.922349084143645,6.867127744846471,13.102939754683748,8.012424204585116,6.33234803575796,7.659742924605457,5.759799951005081,5483.0,534.0,679.0,860.0,922.0,909.0,780.8,170.0,177.0,709.0,1043.0,524.75,5813.96484375
LPL11_91,LPL_1.WAV,-335.60087959790155,27.418879467443073,-207.464530485273,-47.76923085192184,44.3326186986398,-19.558519027630755,-7.608662520745213,6.93365225625281,12.554660372798798,-4.270441076935972,1.8841233480190274,1.119518164402479,-3.098429607310297,-2.273277591279267,-0.19707190152575882,7.1741954647793165,-2.4611660697787796,-1.6825144064012905,4.653618202585944,-0.4791567059325326,91.85622528373051,32.121106167623125,59.258109867111735,55.19986208500999,41.775240052158495,31.01441033463158,19.165095222798428,24.310369156784517,30.989151711913973,10.685074856775055,18.306201823687836,11.936818820190759,11.569991520346049,8.636127761995919,7.796281075734118,11.337124283486922,5.895929748673613,7.645961633814152,9.572965729245807,4.3520834869493985,4811.0,506.0,676.0,805.0,939.0,936.0,772.4,158.0,168.0,253.0,890.0,367.25,5792.431640625
LPL11_92,LPL_1.WAV,-318.71884429388587,-0.9348038685285925,-205.45718651706932,-42.46962447771324,28.64319070199866,-3.8989596311760084,-2.022336332036333,-3.13464791289186,16.689675116470585,9.093806122236298,-5.434592249724381,-0.11321081960350328,-3.6859679199500737,3.2441542768436076,-2.283977881932258,5.463977113449897,-0.11655749078185716,-5.323969925572352,2.047589464345159,1.6923815846388643,74.20353040283658,38.293056948946415,57.50726442512325,67.9888454015492,44.87242556516596,28.985867344540527,22.426919825940754,28.35535176748011,21.787242725125903,19.096528222788233,14.879718375537156,9.920303613602263,12.390302169467404,6.3324693636008345,10.219218085296248,8.681481004916334,4.99188346093095,8.639995602476839,6.98342986346008,4.2978720409547675,4825.0,508.0,662.0,751.0,876.0,916.0,742.6,188.0,232.0,848.0,368.0,409.0,5641.69921875
LPL11_94,LPL_1.WAV,-363.7796785775357,16.109112626004386,-211.77543026102924,-25.051802135992084,34.12018331874438,-4.304557565749005,-6.126530150955018,4.726974546363555,6.595720037921471,-6.1997995818340375,-0.6745850568668075,1.25966894924195,-4.598937710247031,-0.5649707414288825,11.962416462399712,-5.363915899979455,2.2924419597904238,-1.9326015871374664,0.32351505742378156,0.4772238530643007,81.54246536781763,37.70599721633632,58.85997981971767,61.16998491616624,46.33581245711506,36.871251943644424,34.868290107341394,15.55155374637162,30.495353681874498,8.6352048147037,13.501621793275046,11.387618030523386,6.3301008816627355,14.476061516085977,9.48952298061456,6.260325082086101,3.8502981049529112,4.09216705395875,6.422686821050938,4.736740870573973,5477.0,551.0,673.0,860.0,914.0,874.0,774.4,192.0,168.0,790.0,984.0,533.5,5835.498046875
LPL11_95,LPL_1.WAV,-340.95579697365207,23.705747303558027,-211.78920842655333,-24.655138442434968,44.05402173214502,-28.230393950867523,12.331016998709305,-8.638151620137926,4.524604319364816,-11.634152266859191,-5.129246201654773,-0.7792091692390549,-2.1173726712762404,0.19231177650024456,1.1386636617542882,1.7394421224375576,-0.8103791764752085,-1.4232045403791695,2.6470150610320844,1.1392732315993468,92.44498853591307,34.93327282919748,63.65206224257879,56.80539062961135,45.62108319475165,38.17086367358491,22.2801802315168,30.06270980903125,31.947041886170535,11.092554350128113,17.356764743307192,8.701872926970996,5.542885923152142,8.976068170595267,6.347059224869818,7.377720300816429,5.291304513601188,3.78793126531508,8.010701839961191,5.114072453411568,5075.0,525.0,601.0,807.0,932.0,926.0,758.2,251.0,157.0,456.0,945.0,452.25,5792.431640625
LPL11_96,LPL_1.WAV,-319.29583340434755,14.526408420594557,-197.38750039656696,-31.069458680500407,51.67922257919824,-1.5198624015101425,-18.216638486204978,-5.522914074055408,4.245620775176499,-3.1748681280380087,2.8477263291043307,6.917709947686057,-4.137969792017742,-4.209106174681945,3.6877057679822376,-1.4806164778521216,-0.5997137193528047,1.667733118969412,1.5817378855205613,-1.7939121308615755,100.27326070887968,35.45106390793792,60.72318751297419,60.64360944757866,54.76879616114317,37.93132629100862,23.247992838608035,16.130140314734913,29.1057313209262,13.82925109789402,13.647556540867296,11.505270249305038,10.301169936819687,10.376528432632547,8.180486949706886,7.464184818607913,6.006989705195117,6.452566937348748,6.659852865315041,4.304166760647026,4765.0,508.0,633.0,786.0,912.0,856.0,739.0,220.0,172.0,307.0,895.0,398.5,5598.6328125
LPL11_99,LPL_1.WAV,-378.0743837338705,6.754941072840049,-212.9731623617326,-42.02343819518541,52.06597876733773,-6.723547499218332,3.2763755027910646,16.32397715827057,-2.8238450788654115,0.7286747931717072,5.056335285821561,0.3905072758453458,-2.201010649214122,3.023218769620491,-1.9871814643411256,-4.699262203990303,-1.825058487525913,-1.7285762900939217,1.5048941173683175,2.328818375695814,88.4341187032797,34.67746184318202,61.72400039772509,59.598129102615545,53.131668352093335,38.56678020258871,19.661098271485656,18.438356322442726,36.0613569204604,12.731087944976881,15.407774891586357,11.681808361816742,9.23701063989483,10.358963261252477,7.289552937067506,3.488836368916949,5.945368518025463,4.550557917577233,3.0333883666409895,3.872243405318237,5658.0,538.0,631.0,853.0,901.0,918.0,768.2,242.0,183.0,903.0,1017.0,586.25,5512.5
LPL11_102,LPL_1.WAV,-389.37674357053356,14.472013245991988,-219.8422333538555,-10.770951736086463,48.46142379283109,-14.836115549299723,3.2768333264036658,-0.9097044194340752,0.5886528608040775,-6.4410886173682105,0.27769389926487364,6.207078428047291,-0.050805338373093534,2.6929461963608112,-2.1277190079075563,-0.09505681364451711,0.8812468767625825,-1.0532469269935198,0.4915670694685884,3.2526492547974084,74.91672118979481,46.13005986350206,61.52071293075433,64.99161305406805,44.694430903445244,36.64930170934983,19.420836806268674,18.079181708405127,24.58648868236768,11.942612641468028,17.43717995246337,9.798320744431987,8.751176961241033,10.992283300947403,7.284489991886178,7.289043426975746,7.257548657192008,5.082406651277615,4.305114265121511,3.3048702950692217,5542.0,524.0,656.0,879.0,969.0,917.0,789.0,169.0,168.0,776.0,1005.0,529.5,5706.298828125
LPL11_103,LPL_1.WAV,-381.723761477888,20.2254859917129,-219.13544085938892,-26.70522407671857,53.015788665661184,-15.007137286054883,1.4333222160346495,18.321584910358233,-5.715422735644048,1.8328816558178413,-3.779563420140297,4.805379601124539,-2.5798779258136584,1.510834271353631,5.066910270846686,-3.4636438103607055,-1.7894343787450513,-1.022146315302756,0.29783353943190527,-0.056472703901623955,67.87188669390915,33.98975503261184,57.239887874470064,53.07081475929312,41.81921797691813,36.415127704501764,19.567345821742308,15.789841811715077,19.85618348122758,14.71454231190888,16.01016622451013,13.899579918001482,6.459657142038794,9.394944198184524,6.669649334076613,6.124532160113478,3.683580739585087,5.632585017292818,6.685726434624188,3.1853297361610933,5342.0,538.0,687.0,861.0,866.0,843.0,759.0,204.0,165.0,721.0,998.0,522.0,5813.96484375
LPL11_106,LPL_1.WAV,-363.938906958618,-1.2619907689856678,-209.07860973100262,-5.924753985577521,32.393849344582314,3.2433278908003444,-10.457104026677964,-1.04606226299976,1.0040559363101114,-5.770084851595514,-2.1374991343609717,3.0348408040862047,0.9816594713409369,0.224910762208198,3.0351482498533193,1.1550255058457497,-1.4959798500003645,-3.8333638761520605,3.6912591453191212,1.4226050123434333,82.31969628150506,37.76591665644275,59.4491650599174,62.070207656111485,51.215617854578745,36.18855663009319,31.501811093733608,17.28720831882559,21.918673934135434,10.593556703078091,16.109696403700994,9.653222217307949,8.961745467577666,14.15072534034736,4.875279731238189,8.652707930226999,6.452157687458983,6.070181459134316,7.860804973516263,5.296874586876821,5480.0,480.0,641.0,850.0,958.0,921.0,770.0,180.0,174.0,789.0,1004.0,536.75,5792.431640625
LPL11_107,LPL_1.WAV,-357.62777342351825,31.718592752684476,-207.62572109429485,-41.805847075747245,39.12871738703021,-19.844578475942892,5.539485775419671,16.974955275618477,12.924175928216666,-3.2020294142918106,1.5400295938959794,-5.791165255861526,-5.994692960070401,-3.0972264479566043,-2.1160543015945676,6.8812769275979955,-1.8962604882441783,2.288460106615705,3.6249310077344488,-1.6598227425330139,91.22940639730467,36.58291592798033,60.85478203129695,53.5501805854855,38.28116834793268,29.756445738827054,18.31754225119842,25.001624181063118,28.66872557517568,9.482042336167192,13.488971964095146,12.738945071727352,9.029018923818917,10.68905801932804,10.202167465609467,12.34569544911538,10.020860095506462,5.487512148646208,6.821542274942939,6.115070229836643,5493.0,533.0,719.0,817.0,870.0,883.0,764.4,174.0,173.0,777.0,1076.0,550.0,5813.96484375
LPL11_109,LPL_1.WAV,-374.40990286476415,46.65621095645845,-194.82856549579898,-38.61792207361399,59.650504769248236,-10.085451273106539,-2.852724067456026,10.426373345514165,3.470967748677211,-14.661684180307548,2.2669885196004746,-3.0089198659205736,0.4643560748863067,-0.1855229033842373,0.5787705300349786,-1.5420972521554699,-1.633551466309679,-1.2330930206932185,-0.14990072625534226,-1.083928209695293,88.55290377082484,46.17849118330548,69.26613871745359,55.05373850432924,45.18849185250483,38.17431313926728,21.985677933205988,25.613160456844675,37.4059552474577,11.091833967031642,15.434114801985821,11.938530849902879,6.207903141298444,16.880897062224793,7.206290800679795,5.046991512843871,7.9438724209612985,5.500503253436124,3.708968913391766,5.342873582674192,5522.0,502.0,656.0,829.0,936.0,927.0,770.0,154.0,174.0,813.0,1056.0,549.25,5641.69921875
LPL11_112,LPL_1.WAV,-369.78504579865734,7.388701982117237,-203.03262394196176,-22.977522592648413,37.18184581090292,-4.509254875244739,-3.5276611874321255,4.233846554513984,1.7756570608519482,-5.057956323785479,-0.38779190270809283,-1.2312087896332617,-3.470161455333598,4.426546673793052,-2.4228913491815622,-2.5022418330084286,-2.9667141266573696,0.8343618201167918,1.5465409289829735,-0.10282673595648287,98.36233783363164,36.15923159649439,66.33920357054458,63.01366253098083,53.171870751767806,34.90933959256853,26.536864661122944,18.440423581903847,27.870139558785702,9.209426639765955,15.379539226870367,7.473821956246825,8.127159516814993,9.974440511614025,7.375095798059258,8.029461216783169,6.416515588745626,7.314707723951215,7.246894294680855,7.527938717723584,5661.0,509.0,632.0,848.0,941.0,921.0,770.2,209.0,184.0,816.0,1122.0,582.75,5512.5
LPL11_114,LPL_1.WAV,-341.9352650343148,28.9920760315589,-178.51912099324602,-7.555026463345359,64.2815706526697,-3.8769238623282343,2.0441877786057017,-1.569100207973851,4.251014617148961,-1.9365175574608275,3.1622650247272914,1.4893939429639105,3.273496186146766,-4.285869645522452,3.347093985673195,0.5121001709019675,-0.4170727686264661,6.027727417378413,1.0109895361964691,0.09817888782251007,92.143938382138,54.49360843950156,71.0682621215027,65.53611525321354,41.24962579692909,36.3206702715229,24.862878625165344,16.098168732387975,35.520211424543675,8.53735072360736,16.622173280164784,6.848923934847004,7.053222903569477,14.144237958864665,7.019682936811154,7.973997053128555,5.881201257403576,8.397221769909322,4.768069466668985,6.046682233473746,5383.0,532.0,668.0,832.0,942.0,965.0,787.8,172.0,163.0,716.0,925.0,494.0,5663.232421875
LPL11_116,LPL_1.WAV,-374.070745880552,2.27670042818593,-220.69875478993973,-3.1454610949343795,44.327682212958386,-7.5501863279323835,3.754073037112148,6.664428468429233,9.964887415855419,-5.779392537667681,5.8599146519193495,4.24230299136854,-3.7699586822486655,-2.0607066384546453,-2.767862006134262,-1.2186462779240548,-2.9363170113266404,-1.1892755652109148,4.697344487031839,1.5523367236347385,70.4290011687276,36.72231722889253,54.19257252593828,64.58916528972398,55.13578888362918,36.06030420638488,19.78871513428901,16.160395987444947,38.76772587643174,8.842873018815677,13.752995654360232,7.487994590366706,7.538983297971147,10.731121722759214,5.8580354762719,7.074628658522565,8.266964346683523,3.648383195618729,5.7145895281945425,4.8396383936049325,5566.0,539.0,697.0,890.0,972.0,937.0,807.0,166.0,201.0,750.0,931.0,512.0,5835.498046875
LPL11_118,LPL_1.WAV,-363.092993203033,20.143655552419826,-225.9297055085608,-21.481101213326323,25.77976518393677,-10.389481884486228,6.438173277025984,4.698481446179289,15.87023356919283,-7.89348577594555,-0.6718188039691718,-1.9469355452241432,-2.0785760391265353,0.901244637997333,2.8756194003976487,0.0442128849593302,0.10485893336172589,-0.39225382568654843,-0.9919348568138625,-1.0994680457845845,72.91241948682413,43.03165450253745,59.501314178624476,65.82050408523207,41.23803605099277,32.41784291127301,20.03667593743989,18.446297210952935,19.789382273950192,11.795890738853615,11.956185187604552,7.513392259450808,12.318567946032651,13.019563731778053,5.073920926105893,8.009030735066002,7.411877335039779,5.1375300730661095,6.868338511680147,4.686963969059761,5490.0,527.0,680.0,832.0,895.0,890.0,764.8,180.0,171.0,820.0,1032.0,550.75,5792.431640625
LPL11_120,LPL_1.WAV,-372.5254709849038,15.49099926538385,-211.01785338578182,-25.328615462034403,44.28786219352007,-11.388481892648525,8.194997342053846,7.548794329428797,14.539899601140597,-1.764585036717317,4.291701639851495,-0.7874807989498991,1.9455311722865303,1.8432220487633553,-2.415605635118848,0.8421885685199568,-1.875145418002204,-3.9817489765469007,0.33366581629910924,-1.3382760743702995,81.72184948890093,33.440265313089384,58.01081610481832,64.44192280107298,61.37228407119093,34.66728398338151,18.54728566733293,24.587148759579396,41.271422055618984,9.767640142418575,13.690518687539905,9.5392304265714,8.731481646800878,10.323556724815766,6.543354779882308,7.787891424733522,6.699034026367629,4.526827317324421,6.426401502965203,4.774970644451769,5515.0,521.0,606.0,827.0,933.0,935.0,764.4,245.0,181.0,776.0,1028.0,557.5,5684.765625
LPL11_122,LPL_1.WAV,-384.86744508036054,29.66699389534149,-214.494286743153,-18.570227826931575,51.16534886110831,-19.392623952406517,1.9229797049167763,7.9645043500945825,4.6914312688060456,-7.470760767724904,1.1197193143859503,0.3642764063107608,-3.096695931429812,3.038643373924967,2.5228190674002917,-1.6935140054478968,1.6482486066803488,-5.0222371193944335,2.655334103824024,1.1695114844079817,72.71182992790753,46.63310936658656,58.0856670024926,63.38149432175321,44.062291624232735,39.83114844591927,21.95343429427498,17.170966085167336,27.65307189845005,9.740928792379085,13.291811107419537,9.260707666114236,8.910410640039144,10.559250587211856,4.793702920420143,4.885137454348998,5.725274043261205,3.6151435258130036,5.428618923448913,6.762003673360509,5406.0,501.0,681.0,865.0,943.0,914.0,780.8,161.0,177.0,693.0,987.0,504.5,5770.8984375
LPL11_124,LPL_1.WAV,-358.10338541395095,-1.15313928693855,-199.92011773190802,-20.029107832321866,29.233263885840834,-12.335960498423951,-0.009456006040855556,1.180192292111041,8.623312984010528,-3.594652241516501,-0.5078326788392699,-1.214112397276831,6.844996887015602,-3.683837171758438,2.627830375863474,0.69433139557202,-1.2358773674384447,0.4567989930599544,-2.448042633821396,3.906044183002495,101.41872862469565,36.99689920620959,61.87071627610213,64.29842756248603,51.51830109007937,35.24369812686537,27.320019516237107,21.03461662141564,32.55644598184283,7.704416506531081,12.78338736898219,6.762381744355574,10.005876600008392,13.063949916527378,7.812654281134451,7.925658021789685,6.067934291946442,4.377342777770021,6.32709971749693,3.502999571251287,5580.0,510.0,646.0,864.0,935.0,870.0,765.0,207.0,158.0,801.0,1115.0,570.25,5663.232421875
LPL11_127,LPL_1.WAV,-382.0321875142127,3.7995530011968413,-205.780925453141,-29.96810961895511,57.85117774516807,-10.331126789725003,3.507814847505159,15.299082146066272,5.080146566488501,-7.02699206237345,3.9518282159013407,-1.3185150815974407,-7.6341154602856145,4.283529798002461,-0.5694902170407139,-0.16179522519088577,-0.6324510534684292,-1.5786744844383394,3.137701465101007,-0.5190555900177874,80.78971997320058,35.97281361513539,61.06743531795635,53.28103447478458,43.799872878512986,38.411141437333605,17.070327260909366,21.114441074360226,37.62064685199032,10.041398009058742,15.35095709753707,12.604146257330056,11.05722535070968,10.712474685033245,5.673859314791737,5.732625419394557,5.289268302903546,4.976560160242716,6.293625690556986,4.147347820399405,5663.0,520.0,681.0,903.0,937.0,883.0,784.8,225.0,201.0,820.0,1014.0,565.0,5857.03125
LPL11_129,LPL_1.WAV,-365.7961338023539,21.554873933900797,-181.9206618978281,-45.22292216321025,35.904910295621896,-7.089389885641249,-15.674998960110063,4.390617266694403,14.097090179824276,-0.7782033416803106,-4.3866290542858835,8.849042687803001,-11.560293560294584,-4.948878890136436,12.262106212879452,-4.5911201511032536,-0.32838526884090075,6.066831673781419,-1.8055258857023346,1.057611156898815,83.89339051718362,42.6021462470981,65.45277018034565,66.65699259069432,36.4284015189748,29.890017013353187,22.29910867463551,23.317944569004943,17.112929832002962,12.11536488825403,12.891918180258807,8.10760489664619,8.790944531842285,8.043667315157954,8.211339265542874,5.159571798726038,3.575496696601507,4.330528293634597,5.617313812529083,4.7380105046628405,5545.0,530.0,670.0,871.0,906.0,714.0,738.2,206.0,227.0,830.0,1121.0,596.0,5706.298828125
LPL11_131,LPL_1.WAV,-392.70993026008415,15.572057546293514,-225.2045898787931,-24.62984953540162,48.78672753839696,-5.91793590944084,16.36024100995403,13.64107634647561,8.026215475634654,-6.039439760375981,-9.097952148415006,2.9226841571343813,-8.738005000881548,0.2825948109098633,8.44332253492222,-4.254925243001434,-0.8858365112109393,1.2340119655125859,-0.022886230503461533,1.82583304282194,70.28102240835615,33.521309622079904,65.9275702151006,57.99527181637127,42.38728556746749,33.954886160515095,18.832360802513634,14.915872042419466,31.208827545460238,9.816910534657685,15.635078508820865,11.994574319934014,10.396676848758787,12.936614028008725,7.192981474127407,5.527608153413618,6.99095578578496,4.97187156957089,6.313218135999595,4.642200633308847,5598.0,490.0,684.0,811.0,856.0,894.0,747.0,224.0,233.0,836.0,1091.0,596.0,5857.03125
LPL11_133,LPL_1.WAV,-392.4329438243425,8.047120348899508,-209.7395824272214,-23.256643004307417,68.42792844876462,-12.170896341168438,-2.5176069968969848,20.272257653242818,-14.666428911003482,-3.956157687886702,2.137811944577995,-0.3028139831415928,-3.0964992469429315,1.2073953043321743,4.690366645787371,-1.3396756346004979,-4.554615195065289,1.875639758732642,3.98295664218531,-1.3960932373625705,76.19111379343308,34.2841711648497,61.33052125367156,57.964511565088806,50.231943613795856,38.780538432940176,21.34376848123185,18.534721855667478,23.379117792514638,12.251710917397348,15.212553705312509,10.053874486706729,9.755373965786637,10.511095668304744,10.622540355184544,4.937209621353717,6.917143702070994,6.331657890224295,5.656919413371435,5.73850047531041,5830.0,518.0,753.0,911.0,941.0,916.0,807.8,191.0,263.0,875.0,986.0,578.75,5878.564453125
LPL11_135,LPL_1.WAV,-357.38782063091566,-0.11401982189398237,-206.2505702499958,-27.599104888595107,41.88055182333793,-11.064233017232914,1.5054105198631067,-2.855505439139479,8.854994488707119,-8.587247111045388,3.5998043720832436,3.054567205925629,-3.0963352870789946,8.160398805677156,-3.1480102339736518,2.35454025987674,-1.8062446699862855,2.730134957749651,-0.13863268000491266,4.023612804438144,95.35603063209165,33.121934576143225,65.37331466850473,64.10436808200132,57.11466887207194,36.75100064251753,18.902735134894872,24.919215553984273,33.473872913417374,11.701768707440067,13.116082291172093,7.088872269404937,12.288690280101138,6.455575431625028,4.909273320910269,12.28999742883129,7.550488135188476,7.516778081262163,4.6450779666434165,5.312744609950348,5301.0,508.0,631.0,844.0,923.0,908.0,762.8,190.0,191.0,641.0,985.0,501.75,5857.03125
LPL11_137,LPL_1.WAV,-375.74614386377635,-3.6390063930457517,-193.7678410285356,-44.18802769544388,59.27445581811625,-10.77492694528368,-14.556392674602785,19.950186233687464,2.533221179307856,-5.223292806798326,5.992184202622559,3.1307397923023035,-3.998649712111776,6.197199521513884,-2.351485987814908,-1.1271821429157471,-3.2006129832268995,-2.2126839581665276,2.7165606189159655,-0.7525729713437559,88.73466156863397,38.13151928661024,64.68223475714531,65.78739964681193,47.274245527316445,40.858941465650595,30.885740904131527,18.686302414594696,39.600687841416196,9.93410551012029,14.755850413524584,16.21888917283802,10.247970568323199,8.188724767290068,6.768270934583866,3.32513997451679,6.349226548526492,5.1503917036896,3.139388353356103,5.134980698256054,5570.0,517.0,659.0,872.0,939.0,923.0,782.0,222.0,179.0,763.0,1016.0,545.0,5706.298828125
LPL11_138,LPL_1.WAV,-346.52281936629794,25.371818311018085,-200.83693083969663,-34.1228697448554,40.586719225283076,-9.257008768502514,-5.397163976988762,0.7080153085666255,11.64971094910714,-8.64677946286234,-6.146830465189332,1.8555462004668133,-7.849403941804596,6.939391056033503,1.2509903300057161,8.909969039202453,-4.40943236511908,1.30915205444545,1.271579060496692,-1.9009530918580904,91.98942513605674,34.23664700610836,70.48019172910541,58.11026843950642,47.88124382505036,35.88354493775317,23.452423859704314,28.05788671142545,27.627805134911817,9.718233215300453,20.876469225079827,13.073661654676549,7.83475095980082,6.5572732980924116,6.633572958818028,14.582968430698305,9.090893966765536,5.069659383726851,8.063866858965548,6.0757254445174,5113.0,537.0,700.0,808.0,919.0,899.0,772.6,181.0,197.0,433.0,956.0,441.75,5749.365234375
LPL11_139,LPL_1.WAV,-349.1186557482503,23.695034559789296,-171.15945948707156,-31.84701230933549,54.298855911491344,-4.758299148012661,-11.807546202904179,9.598006039975793,-1.2149949450558883,-12.151592383833036,0.7027819069513526,-5.7380438510766005,4.524055521774541,3.101240752485891,-3.6566743173176053,2.588659703237645,6.191194873256883,-11.000408304463967,6.435930593608698,-0.8814203530776606,118.22593297135816,34.327655556391456,74.5324315449782,60.84518412046509,46.171571767356546,42.96913024873783,27.89721982990444,20.99476360347207,31.7082704655255,11.062340986432359,20.811198885127915,10.057080921232686,7.572121477316643,12.01134429193021,5.090883582228559,8.29127506573063,8.195569841910363,10.343614944513444,9.097922559125616,6.1063735427129355,5519.0,517.0,685.0,818.0,913.0,891.0,764.8,157.0,145.0,846.0,1080.0,557.0,5727.83203125
LPL11_141,LPL_1.WAV,-376.9045506742465,14.648477643332244,-192.6006780887455,-16.08929132220017,51.38195532934742,-8.4350008721775,-8.555259861263597,-8.270416483815524,1.2239118606768735,4.149820105998352,6.612594761499038,-7.931018974213421,7.25989073852459,-2.6023602771744203,-5.374720930187664,5.361411640762106,3.1668330824980186,-1.8547778732544915,2.889165658615532,-2.2653171249940796,82.39131752885382,37.420791488172725,58.54462544981519,65.67367267011916,59.68149580730109,43.91434830377667,22.394046162700533,26.668971275887834,39.78251833525506,9.161131630696959,17.059561097848775,12.069148326777741,12.11879423183328,7.797978041101039,7.218566061385982,8.163816179962032,5.016390394118281,5.833906054515504,5.543751342530735,4.826515807047485,5620.0,519.0,637.0,813.0,991.0,1009.0,793.8,186.0,217.0,849.0,923.0,543.75,5620.166015625
LPL11_142,LPL_1.WAV,-350.44293079153493,-6.471290027886197,-207.94188503771645,-16.421085291553165,48.153144578018356,-8.075433516378222,-12.336787649330537,-3.315660503123103,4.955500063639025,-2.2003267719556443,3.869260523877245,5.841842985439989,-0.3558043151392636,-3.569003087786596,-0.2613042536576474,-1.4298593967273472,3.835521977177691,-3.4116999554571046,1.4601474889980595,1.6282055510714593,82.45807704528914,28.583192179258322,54.420422108777075,59.50266798275738,54.11287867112742,35.516548817707346,26.61240689230248,17.229906297894704,34.89267082020785,10.632898431005904,21.403626889978554,10.159603642326118,9.568266420967577,8.498167684149987,8.170738134245212,9.617343843393664,5.5507467674483975,5.307629900506358,6.51870486057679,3.981800401673936,4930.0,526.0,648.0,838.0,959.0,957.0,785.6,212.0,139.0,328.0,851.0,382.5,5792.431640625
LPL11_144,LPL_1.WAV,-354.7128549217197,12.652429085911853,-208.01708557151517,-3.85632454820553,48.112373655100875,-17.169954658708416,-9.43932110414603,-2.5614174725806715,-10.106241734156793,-4.6745586760358355,0.7673466081443637,1.4187399913570298,2.303188835760395,-4.754893700215786,2.9659382292852747,-1.3550662803947284,1.012607936168821,-3.9607186148998395,7.129123561586392,-2.7477890166885146,90.20360151702566,37.25114523161199,53.154521512073984,58.54679359737942,52.02249818232854,38.583594637296756,27.508632041432563,18.040176944579997,24.694814358942065,12.548373414650529,16.579068422575364,11.351234143963913,7.872639696270158,13.23493594597349,10.787623581809914,6.3612503827613525,4.529668538258097,5.131670424332846,8.856515555368041,6.418109154054834,5176.0,530.0,694.0,851.0,957.0,983.0,803.0,155.0,141.0,462.0,934.0,423.0,5835.498046875
LPL11_149,LPL_1.WAV,-333.4645726091026,-3.4401002569852484,-178.21990153682364,-3.1134340023176197,34.92871517669989,-11.710649653997669,-12.85417087069326,-8.072914119735897,-7.934851884489189,-0.48710734729063637,-0.8513680532644432,-1.498983509524718,0.0819970312184175,-0.5359822864276862,-5.387216144273359,4.346979161277966,-0.3556791112438531,1.7919910734900173,1.5368859044287673,0.9257025949618451,114.4234005432777,38.09559543775634,69.78540903679918,69.20903502880815,61.56102474580482,37.233943365006986,26.060817294308492,23.180213027692446,22.833286497984037,9.517083573769268,23.445866878499483,9.78701159664778,8.101353223796702,8.736724133930682,6.145107745813779,8.251884105320869,6.902734462522014,5.833845692909849,3.9933882506387133,6.021571382274706,5501.0,526.0,629.0,854.0,962.0,980.0,790.2,221.0,165.0,731.0,957.0,518.5,6093.896484375
LPL11_150,LPL_1.WAV,-346.8201441679712,13.170396079735665,-195.25280045501094,-38.53992261996845,62.16703226069058,-19.03853467631667,-6.681997328777904,-4.7770845271686015,0.03897252092964914,-3.8922742958750463,-7.156040542751282,-1.0956261063708344,-1.999149336510429,-4.586468563647151,0.09675506599763078,3.110657195717316,-4.065013070082333,0.5789323422128496,5.069577926871236,-2.168670197927715,88.61002524512209,34.99424522099703,62.47154020466477,70.21677572412614,48.31651085440212,35.68658652470253,25.385159782101617,22.46048440363272,28.534086957878703,14.453563462653777,19.089282445672634,6.563736115789443,8.464179259031157,11.234055649269008,7.689016335195139,5.309319227529545,8.211624907172222,5.218810436506019,7.936005055542677,6.5319399646822465,4817.0,521.0,655.0,802.0,951.0,970.0,779.8,202.0,144.0,247.0,849.0,360.5,5813.96484375
LPL11_151,LPL_1.WAV,-345.4259033725604,-10.757288687812505,-198.8585866042384,-5.812318738920933,37.87428747190514,-9.234943252623639,-3.5737949670642344,-3.5109888637122126,-5.487075510172808,7.919750723326241,-0.8685262762136836,1.7132938427624778,4.731982333293202,-2.6495582151229367,-3.9721199698641203,3.1173642213906887,-1.5956455030745136,2.602939668322408,1.28310616600666,1.788507559027117,99.75110185250973,36.53006481974849,56.71655903333819,66.25782830542471,59.85176716589708,37.603181672845785,24.34808123609719,19.685763574701603,29.05951906350772,9.051850478546092,20.383910846347618,10.88775572278125,6.857611671893531,8.835715782129633,6.0512003710088775,7.655161604098902,5.776193144705002,4.158057055709605,4.725570483571567,4.834519984531692,5374.0,518.0,687.0,804.0,949.0,972.0,786.0,178.0,193.0,635.0,963.0,492.25,5749.365234375
LPL11_155,LPL_1.WAV,-404.1820886717514,23.767166076179336,-206.25253226623553,-13.643482949138784,57.412651829907155,-29.729758877006326,-1.1298735077892723,8.149822922788877,-13.3692704719093,13.079047444651273,16.046535964527813,-0.7888837879702087,-3.7587721727200933,-3.4637441787811407,-0.07626651327905204,2.5490858516240253,-4.040339853166766,0.8281054857526199,1.5172157571073803,-1.298204460647804,62.85410923378164,45.171265708753,54.119728964239876,66.12569602989886,51.152234943436106,41.66223737230867,22.128552730500168,22.860482732508636,29.877915986805988,7.275429137860346,15.594942015973785,15.820751585825075,5.568975969646687,9.668490829597927,8.964807605436244,5.389599612466071,8.225568644535311,6.470909932358981,4.949736407066108,3.4369023277623665,5420.0,517.0,661.0,867.0,985.0,989.0,803.8,176.0,144.0,732.0,876.0,482.0,6115.4296875
LPL11_156,LPL_1.WAV,-411.82780000895224,44.243775296502754,-208.85857923153148,-49.805945831739606,59.6673329905749,-26.09155575690395,-6.151301965100584,23.791139670227572,-10.007357167583638,0.6120414343690622,17.742430653815887,-3.170580024637268,-4.466072553593366,6.695359009260792,0.21323430559758313,0.48363659632505135,-3.528975753581432,-4.653702151410269,0.670256249127395,0.5757535189915197,64.99655349072334,48.83814123935822,62.805689393238495,73.60872788775735,40.93478095325361,43.97032917739417,30.29043324156617,22.145938915414746,32.80988437171866,8.949071420348373,10.87799922303993,12.265617691387469,6.145210903388178,7.406127650849381,5.486493089887784,4.0238743657253,5.559980113749401,4.514024928473283,5.16824954043996,4.126141968049073,5498.0,526.0,703.0,867.0,914.0,916.0,785.2,179.0,146.0,704.0,1063.0,523.0,5878.564453125
LPL11_158,LPL_1.WAV,-403.5839544413601,26.605578591337235,-194.35513401236378,-29.082771089615086,60.301404797389914,-22.406129933513213,-6.863117543638151,2.7337530085650807,-6.625903599899512,12.860468342513382,9.848414225616603,-0.4610585317441786,-2.1962985437028486,1.4939178099270387,-3.2003973137717003,2.259619371988342,-1.5208196307810637,3.063274761371831,-2.791801386072826,0.5351311595977309,64.82152947224186,49.94062585749717,58.04232560929313,81.83889751742817,46.131821604571535,42.960360955081526,28.762504887731357,22.874394782553576,37.0997646322628,8.384135125252008,17.340860149699616,16.7919218100467,6.538607258899156,6.482160942941632,6.865248332051826,7.458527790483849,7.200993888215842,11.1419571269887,8.699709539425962,3.2954177091858528,5486.0,516.0,675.0,841.0,972.0,1008.0,802.4,161.0,148.0,779.0,911.0,499.75,6115.4296875
LPL11_160,LPL_1.WAV,-332.5421683049784,17.903045049013496,-204.90392193753246,-2.719001822497584,15.209923752513863,-30.02737550052791,-1.7463933303470538,-19.56290190739006,13.919961858259335,11.44637017998993,17.221566937219006,14.06689551587506,-15.380818275484888,2.1227049539091785,-2.5222949573211566,1.5559909270606733,-1.529230724580641,-3.4263671730027654,3.3735322648082398,-1.2855893004478463,80.63410519704033,30.24563035133477,50.33179788912047,56.14551501220471,47.35811641621668,36.50694066672561,20.919765831330434,18.476579280243314,35.56601397580305,16.188097426453265,24.30683187298984,16.734832477433653,14.341146047110803,7.937845193471845,7.282830744700315,10.422518279316453,8.082950654530995,5.766169719747158,6.6807593219644446,6.40211674609018,4966.0,498.0,652.0,791.0,839.0,967.0,749.4,189.0,183.0,381.0,970.0,430.75,5878.564453125
LPL11_164,LPL_1.WAV,-374.61524526641995,5.556096131923065,-194.3799468393206,-8.660483531408016,34.23357801458814,-2.731266613612816,-14.39243967999064,8.947201354062214,-9.497553135261148,1.5009023523351752,10.913914929138613,2.646101495461642,-0.9611502051546605,-1.1174770713219793,0.5386239889083904,1.0856495997963507,1.30182742839786,-4.095896440869141,3.2279548549865287,2.924865697158076,99.34187717110875,29.49304407637468,61.58876272789005,60.23542292176624,64.8275232814759,46.672367496494566,32.80655633011783,20.115105574459594,30.64048883026215,6.951369789910617,13.959564748305601,14.553179164313107,5.5241289431307115,12.141326439467127,10.012281738929996,8.71264598224973,6.602098457316572,2.9650029389213355,5.97454007893366,4.001928742418263,5520.0,490.0,672.0,817.0,955.0,943.0,775.4,182.0,169.0,756.0,1064.0,542.75,5813.96484375
LPL11_166,LPL_1.WAV,-386.9435231646494,18.155909143174707,-214.79933166491276,-16.700113118176922,61.161136559663284,-31.838465851694167,2.0370012377785827,-2.458963782732939,-3.466556145661357,11.874259385088953,6.268100052650364,0.9571320252131943,2.899959023151407,-3.8796663664058024,0.5031880334765945,1.3117729762732413,-2.375861053628913,1.9996936428115724,-0.8593553539729643,1.5597251949723356,71.66269403880543,42.328223330042064,50.59266760929851,67.88058142094135,47.9531810091904,43.58531924640823,22.443277644051555,17.633013595407096,30.12935936053812,10.54280034459029,15.32111669307061,10.314975673163458,9.789696055887287,9.289160110367002,8.371372336540523,7.051424545073868,7.320593200254779,4.557769105067843,6.308924879769382,4.6721067339891675,5119.0,505.0,669.0,858.0,961.0,935.0,785.6,164.0,144.0,443.0,964.0,428.75,5813.96484375
LPL11_168,LPL_1.WAV,-400.59441621541123,29.75876447975475,-193.8085752891412,-53.82837708697172,69.27290822491443,-22.128605340120426,-10.436462025317889,18.066673518627816,-10.488343488060384,2.8666209159345515,7.048148933333996,5.817760343701533,-5.494068986756231,7.336307591453672,-3.08521443247398,-0.798520781728828,0.5180279873951443,-2.682529053019839,2.146299000386819,-1.012846318581973,70.74212708160685,43.276892582003285,64.71166738312827,89.15913244983804,44.57926225974819,41.10509480994312,30.45359886138145,19.88451951638605,26.324900763222463,8.824638899312559,14.318746738341881,15.270251528724167,9.511515017957691,6.9704303505841985,4.6353247325928715,4.853755062087306,6.222399179217793,3.238315544834611,7.11485248751649,8.88987633074482,5559.0,499.0,659.0,818.0,927.0,940.0,768.6,153.0,161.0,893.0,1030.0,559.25,5813.96484375
LPL11_169,LPL_1.WAV,-351.8823827684656,35.82924323143998,-204.37564619862096,-16.326688032331482,54.107361890635,-30.686694842107926,-2.3355276193458496,-8.579375673198994,2.538263329987542,4.056745186470683,-0.9467652545435081,3.7698345083196467,-1.5488285145590432,-3.3740208527561237,1.792795619521689,0.5868356112075691,-3.582656278832878,2.0869319373595543,0.3318912106285309,1.1447807458332222,81.84560972591353,42.50265518880636,52.38759018123432,58.018186405280765,45.44489702883646,37.93756209411827,24.96407703347165,20.536215142291027,36.89276229180409,11.545898347199998,21.967817652728836,10.687544811692556,11.532487525992273,10.339925971423355,9.13140319451223,7.93618224885769,5.626381373195917,4.552943660695798,6.349545579335241,5.264087785590525,4927.0,531.0,694.0,810.0,930.0,945.0,782.0,174.0,166.0,284.0,924.0,387.0,5835.498046875
LPL11_171,LPL_1.WAV,-371.6015077513993,7.132645385787573,-197.1787968631266,-22.69623524190856,53.606073986302555,-21.713401795534324,-0.977571481229478,-4.411644478670534,2.8340514429056998,7.891049066589954,0.7478730660353775,8.962259459354009,-6.91672278211246,-0.36718457984214736,-0.1098640894722567,-2.8632282446830364,3.1803906280276597,0.06905064155493848,2.647477743709646,-0.31939795886011313,86.97171295877936,37.474476563313225,60.55716053723388,75.47699003008222,51.10062457286018,41.3381078633801,20.90126274933652,23.11078217846474,35.280226206047274,9.016134414071248,19.979542158214596,16.152597795393483,8.351311860151824,6.118224754793931,8.18783568923027,5.40642284572404,6.422586362355279,3.641545063683609,8.988535266148029,6.121176275002535,5601.0,541.0,650.0,851.0,974.0,950.0,793.2,197.0,180.0,780.0,990.0,536.75,5813.96484375
LPL11_173,LPL_1.WAV,-370.5746416323711,13.99252308066435,-199.09089787831752,-11.179605235355611,59.28300638251817,-28.851450438222244,-2.960177166046387,-4.28289728120983,-2.4649336169656264,2.966411882428421,-0.6286884506612502,6.48527091543115,-8.455079396248836,-0.13037875368036453,1.147668166147179,0.8344571758400429,0.0004205177721114239,-1.785638129418275,2.148262078831002,0.09136212176804687,87.80361795003233,38.8209691959433,58.344032311866705,63.98683980370807,54.10397521028352,35.553953401573764,20.578045263052033,24.838292467047335,32.874497694492405,8.643675723627794,26.882925136037354,16.14307470680318,9.50371334483672,8.827263844448778,8.860900038515402,5.667437997092418,5.9035061893466,5.755055021401277,6.571743368116883,5.759920707759986,5539.0,518.0,671.0,858.0,965.0,939.0,790.2,180.0,166.0,732.0,1034.0,528.0,5857.03125
LPL11_174,LPL_1.WAV,-342.7740720518117,13.968533384380608,-200.92757368776645,-22.588293838376174,30.905009744216418,-13.23115731293728,-4.255289659726088,-3.7204506100515857,-0.40965803058798256,-1.1293307053992947,1.4162928583623096,-1.2551620869830722,2.6879775656457303,-1.4617045568070386,2.134892816594064,0.48857881098337175,-3.885594295374115,-1.3857340172589607,1.8460237082590731,3.676269270350495,101.9069424031509,36.87465948807105,62.38341302543983,63.68873025463743,57.08995482592782,41.83126991620267,29.536402644016835,19.291449294712333,31.440462551429906,9.599798521181999,13.739269365037739,8.502559861142148,5.464978243574922,13.62668568830443,6.003354802187873,9.927403684898623,6.938117672724027,3.5919109647978487,6.340287018142586,5.077493831076108,5357.0,523.0,675.0,853.0,916.0,910.0,775.4,183.0,143.0,671.0,1006.0,500.75,5813.96484375
LPL11_176,LPL_1.WAV,-382.6703278643525,12.72825292628783,-201.02863053655344,-23.728638361484048,58.15403613647217,-15.573235546823827,-17.03415171422144,16.049105517372933,0.1468491265097174,-3.993938998129357,19.48788213762797,-2.5605396890326637,-4.387726642248259,6.216066075340183,-11.041287042482494,5.631874702505926,-0.8317330494078239,-3.8100005381863014,3.80301174565024,-0.7870856082050036,78.0417368041796,36.53749976814226,56.681779917166615,71.57328113009606,49.77950140681138,43.49142704562818,29.519416989366874,22.277988772082438,37.775679752366266,19.92379723767485,7.820090622959555,13.373120753237808,9.388320446986514,6.753527326993568,5.345998974507586,8.011767962020985,5.7905234361848645,4.22049731043921,4.818504004122603,4.858984251935913,5512.0,538.0,688.0,851.0,964.0,956.0,799.4,136.0,140.0,770.0,985.0,507.75,5835.498046875
LPL11_178,LPL_1.WAV,-380.72318491087645,25.660020291125303,-208.68439425792872,-18.299483150026905,59.493912383502476,-22.961106386211313,0.9683812226125533,3.9834584373790416,-7.694255745745444,2.435626905948936,4.918085317396351,-4.601395841682829,2.403996322183522,-2.5929016499244653,-1.8157837372481596,2.1288307665207533,-1.4589019217147925,-1.4803400559684652,3.71520869637697,-0.1651357581230093,69.25577736836902,48.7868148286771,57.84164288323019,70.05452915119749,45.36189645224946,41.73145126797145,25.09069688107502,21.11696806457321,30.7204188768444,12.105331816198241,13.280699033664844,9.855690329989958,6.945734088366047,9.65687786874151,7.1605059813735,6.36878950514623,3.4869453297484934,4.577166464592623,5.345761081039399,4.4586122110849,5497.0,533.0,689.0,881.0,979.0,931.0,802.6,150.0,166.0,710.0,974.0,500.0,5835.498046875
LPL11_181,LPL_1.WAV,-364.45487446828855,15.996037511712279,-188.73757771469246,-20.202654134308982,58.655635959775616,-24.931135488498143,-6.779916811579224,-1.2321879045983941,-13.563035765490781,7.88055632751504,-3.584832100390476,0.90546413656413,1.9610396026985308,-4.671741971837818,-0.7555722637794082,2.079940941242199,3.97665836932401,-1.4999711975840955,4.90648738491134,-0.027299747624612944,91.55338845639216,40.39993631694147,60.832287394958236,72.68945424801198,49.7084942608289,40.420637264100336,24.25047695654516,19.180947017184394,25.269930776076766,7.862663981835096,27.273028532726666,13.961556518217854,8.184178873213177,8.29238705258165,10.983337425871682,5.913867978700711,3.895789449920495,3.8686036279594718,6.214178317375572,2.611348595351697,5539.0,496.0,613.0,863.0,991.0,975.0,787.6,216.0,163.0,792.0,954.0,531.25,5770.8984375
LPL11_182,LPL_1.WAV,-289.3494073146517,-16.457552873768872,-177.095912206448,-4.422054390380036,28.5150577811071,2.556532066060238,-4.734107360648814,-13.456655777280263,13.542389318920792,-6.6982657585949275,6.818895051076436,7.09311743076992,-5.931697383812937,-1.285953636850072,1.0503619983490926,-1.6819221426625655,3.0694828170487183,-5.949575408696959,0.9537409760892257,0.4373677360054632,111.48870541168617,29.811248677516886,60.441015016174205,61.204241110066484,50.22384888165511,34.68095096156805,25.17253748656292,18.45662181267701,29.294411066998556,11.169956617004623,22.518615091564772,11.469995902445913,12.948899720583634,12.589020123670895,9.046651870495458,10.436419418555067,9.277471453715954,4.921833909854189,7.5188430655552825,6.185450994210818,5047.0,503.0,629.0,794.0,852.0,951.0,745.8,187.0,166.0,434.0,1051.0,459.5,5792.431640625
LPL11_184,LPL_1.WAV,-361.6967403933356,-2.9383544389895753,-185.53568206925854,-8.613693256867998,56.57235459702621,-24.891083829428748,-10.729006509836344,-2.6335848407716456,-3.486464357263511,5.825025416002725,1.5964071659068289,-3.490617276422918,-0.33782794657249876,-4.981765770191729,-1.1890858076940456,3.419931297864648,3.162341073836083,0.6304312140282485,1.4971092377957138,1.0343082559444101,82.7606168536972,37.06870593238441,56.041238143869734,73.59416206106908,54.189908935669585,39.8179900710026,27.54118597995885,22.292834522640295,28.507804779293952,12.96554929616098,17.98874795871388,11.562437015639231,9.92406319270829,10.471953388434605,8.246858639519987,6.042939062362246,6.6542382324138005,5.280817312019719,6.943009413961444,3.030857076658574,5241.0,505.0,645.0,855.0,961.0,986.0,790.4,177.0,153.0,625.0,854.0,452.25,6115.4296875
LPL11_185,LPL_1.WAV,-373.8658265625986,27.02166947985059,-212.9656843810416,-12.376881389365044,55.82166699478796,-27.773393279944802,-3.006141241634939,11.273471668987968,1.2149586436194137,-0.2908501898898888,4.271961712474872,2.797205135873424,2.2089425228381487,-0.9638727878588428,0.2778351976296791,-3.9577435658539213,1.1529581791774086,-3.0521295253237906,2.281962519182526,1.9649759406225253,73.77938667082034,44.3776410829385,51.51234161742678,57.906388869875514,51.596925257234936,37.9845245909334,23.592572598147957,15.613950545440735,38.832297333345196,10.874548027878307,17.879237625236065,16.98402259598412,4.565045360256792,11.711198663039864,11.58891031515495,4.999763992366711,4.985429295378626,3.881337719370224,3.4917143754195537,4.005226835447245,5278.0,560.0,658.0,865.0,958.0,948.0,797.8,193.0,145.0,534.0,941.0,453.25,5792.431640625
LPL11_189,LPL_1.WAV,-358.2167505844759,5.5116633638888315,-204.9164815283441,-3.841698949631489,43.76544003436214,-13.871745199963327,-4.991316089413022,5.647890805899039,-7.313445050518474,2.322900797759597,4.147149804627377,1.866594238872935,-0.05271186692366655,-0.5398414549117253,-0.25941858386200495,2.9190573656598855,-0.9901078928604459,1.609950334986283,2.1888844309129625,-0.8668447280813458,97.67246677774513,35.88472773046538,58.80503030812075,57.85776806804725,60.40373319709166,37.96399935025332,22.21940710939321,17.636948892602295,27.555525568626067,7.912157234280341,20.22978321348591,10.94945269416228,8.03778666996439,11.191943732991726,8.375491291732688,8.698093078234526,7.7461040410962765,3.6448371646250077,6.632123191241223,7.117647885168887,5436.0,515.0,673.0,836.0,981.0,961.0,793.2,175.0,165.0,655.0,995.0,497.5,5813.96484375
LPL11_191,LPL_1.WAV,-333.8060756878908,12.735638828396247,-168.26061339435242,-14.754279351500761,58.41574352989318,-19.70596642849362,-11.110907983765207,-4.154854093925906,-15.386833884459554,10.97813988794374,2.2700660236654095,-9.192621221370233,10.228909363665029,-5.265477242220979,-0.11760273982146163,-0.9418793362883435,2.9874153999388824,-1.9072316249782821,3.144742788655519,1.0078243949321541,112.11739238561364,36.69221393153315,70.99521996808176,67.58595699723779,50.95390191743835,40.39059287682832,28.012710747574978,20.324128574803645,26.01811617180294,9.449125803904204,19.293797980693714,7.5308197478775245,10.907532597712198,11.51396650866799,10.552759109169648,4.327232148961423,5.7134749360717665,5.632731654913447,6.981434624796457,5.056898042112904,5249.0,511.0,620.0,839.0,998.0,959.0,785.4,220.0,161.0,513.0,948.0,460.5,5555.56640625
LPL11_193,LPL_1.WAV,-371.8937108451043,26.482964876176535,-215.1093032512306,-13.586639574901724,52.57675044529469,-22.971163793241445,-6.780481244005302,-2.588929197819038,3.145552878322398,-2.8547808544894058,3.532344250730716,4.780533386200777,-2.1882221795011283,-4.944568424351951,2.663909322214623,-1.4953198451870826,2.494325753200561,-0.8948814712495737,2.865693813685873,0.37159251232035756,71.97453393301149,52.799838965293695,53.35755849882113,65.65942940058758,49.32673566672253,41.90999278396789,23.500491344898638,19.39951104689852,31.269483807859917,9.881627732359714,17.25451886567648,9.32015901616143,11.866665624388146,15.598319425939726,10.282334990705284,4.648016669950413,8.5371194009796,4.894897157343531,6.002419646019315,4.507648091658602,5156.0,534.0,679.0,806.0,966.0,973.0,791.6,161.0,212.0,447.0,893.0,428.25,5770.8984375
LPL11_197,LPL_1.WAV,-362.6975184089518,-8.356566728109607,-204.7872961121797,0.29763308788760884,49.85805722873411,-4.829449068317847,-6.624134247805116,5.865331725005077,4.065154150791329,-2.1657150449583242,12.076180180322241,-5.256226805480508,3.444815130488148,-6.756038205699167,-6.397806737958102,3.6321996255872606,-4.270839081462072,-0.3823480995786536,2.621548339059799,-1.5853667842125223,85.0165589416015,33.127816504353355,57.47997586596047,60.820192557067536,54.19434837044066,37.96210987447479,25.577768387886763,17.535051733735994,39.013715686876964,11.454606444010622,12.636420656664315,9.489917181695882,6.805122558345489,11.552818640771118,6.560148664855884,6.280631434965555,9.411993401640494,3.96607348405187,5.187448658893966,3.0978037151491997,5201.0,517.0,639.0,862.0,964.0,977.0,791.8,203.0,156.0,501.0,895.0,438.75,5792.431640625
LPL11_201,LPL_1.WAV,-337.52563077138564,27.016365947492034,-164.87163292895244,-12.31630686423471,53.860801421482314,-23.62046880917078,0.37957622077199815,-14.861203033900772,-3.5994469433858827,3.0555623190225694,2.9093999971801003,8.820112212036857,-1.8077808075495945,-5.95785746844063,2.449260135919114,-1.8645860830106853,0.22682474876612405,2.651843998074192,-0.08696741137613911,1.4222839951100907,123.2192400540951,46.22671360484859,64.25338774422313,64.65550267499239,45.198838703131976,36.259036523279086,21.43377608276202,21.259254713682033,26.68790437438599,12.508051444738054,19.407954955352974,16.628251070520243,7.043921011307361,13.142996397328927,7.658581751560614,6.528241132241459,5.74676070802181,4.465513712948261,6.921610936195445,5.117273846297636,5701.0,541.0,631.0,782.0,924.0,931.0,761.8,234.0,178.0,967.0,1028.0,601.75,5706.298828125
LPL11_204,LPL_1.WAV,-375.24889291421096,-13.600665852692941,-194.58762378931482,13.33190094016662,52.10734370954868,-13.973241257783092,-4.049258527713558,-1.6469291927682383,-1.7844885919506999,-1.8746211358642393,10.027258152608107,0.5156034545751936,-6.008461642885424,-4.528656131453834,0.671731051510925,3.486229634308255,0.3193907550365529,-1.3007136501282222,2.300572088553343,0.4559717127343667,79.77640867149252,32.329948323511864,55.011375871503695,58.88457876342082,46.029260742139385,34.477212443775755,19.618546040278726,16.16378243363702,31.5786400543597,12.59576146046264,18.82454717334406,9.911466869821254,6.600551870531889,12.909326720163387,8.412996052721544,5.909938257920347,8.294167608962349,3.7023130792674186,6.725255858199979,5.096053510708774,5477.0,478.0,690.0,811.0,960.0,972.0,782.2,181.0,168.0,763.0,967.0,519.75,6115.4296875
LPL11_206,LPL_1.WAV,-359.4158932999793,0.059929740030517646,-184.76263914634666,2.2225373172457963,53.49853029673221,-28.656611947518403,-4.940165850060283,0.5371932529919046,-9.899109570233154,8.076467431498383,6.849998081636253,2.262945126786636,-0.5038631981052053,-5.114219545440633,1.489249546876511,3.510303303229864,3.546712781529414,-1.8028047138319752,2.1428231804270954,3.0748285226714147,98.5194779754058,31.093002629158928,62.63665690745361,56.21946443099554,52.05303796546385,32.30393058214235,19.167940532697553,19.383973620672293,29.727529504978243,10.623783505374535,22.716782481111274,16.816753621009013,8.537878372226045,12.068486831470103,13.971659803902533,3.6621952174189967,6.621372865235262,4.390376220586911,5.145592983597028,4.05857858134822,5576.0,523.0,621.0,791.0,975.0,922.0,766.4,258.0,205.0,721.0,1081.0,566.25,5792.431640625
LPL11_207,LPL_1.WAV,-367.9175211308848,9.172698255309287,-177.28123933807709,-13.766391076917051,55.034765188898234,-16.161479429201744,-16.560013631934165,6.29486188903952,-14.327185140554759,8.822520827210584,1.6266488787443958,-3.4652842511091717,3.660597926503636,-3.3572566463638105,1.8722538549131489,0.1477824808642835,-0.008538297217996297,1.8753253415173592,0.326274556167216,1.0288539301576545,93.82736695567414,37.7026414564113,64.48774472554162,67.21263483593759,46.2601941682445,39.20764971284302,32.49206709478246,18.538600693771112,26.327021558284667,9.499722131989413,21.10794705226585,9.796706171029497,11.722133895864996,10.955805527900083,9.06988915093217,7.151040086093155,7.164906736033816,3.9948288613094096,5.252018805544954,5.240053926587711,5305.0,488.0,659.0,795.0,952.0,933.0,765.4,188.0,174.0,667.0,973.0,500.5,6115.4296875
LPL11_208,LPL_1.WAV,-349.328312811302,-9.68421230847786,-189.06063227442868,-14.695680981862802,33.98517889712234,-10.258979321062593,-4.831219253539914,-1.8916704625968286,5.233848597697346,-3.9824120057222423,0.6357375733888577,2.8119875499616978,0.21478260414851988,1.3199878078870648,5.488747910396418,3.9634842267556474,-5.202872092610074,4.4807966493629126,-2.4127330359227606,1.4696117502381554,102.64309144608144,31.256640197565734,64.56339367587593,69.48988006744746,52.90762363575061,34.423730354261146,28.02402255404713,18.642217862407612,33.04714700683899,11.047035371242568,16.837085324911953,10.270394877840491,7.471412230447574,13.19525264940942,7.420794823613085,10.947236763777154,11.075569448659987,9.242038417200503,3.9479148103939585,5.451581982815316,5525.0,537.0,694.0,796.0,917.0,925.0,773.8,195.0,190.0,768.0,1027.0,545.0,5792.431640625
LPL11_210,LPL_1.WAV,-327.45966815597814,-0.18145460809009215,-207.31614218292415,-12.90595503755557,39.4550868549141,-12.927654615556184,-3.069799888128965,0.3324494194318056,0.7307022335712969,17.93328563180167,-12.252573546969131,3.6778491617620435,-0.35145462989785536,-3.949244127063183,2.9777963104666614,-1.959776049764394,3.0858088199293405,-1.7935149100016758,1.6009351787155401,-0.08111024726880944,91.33113590562334,34.1854055862633,50.91084045968514,60.39459512893857,57.45872354909072,36.96247901451663,18.10226878415894,26.038664299881955,30.136289032454346,11.202518946964503,27.8687324333764,14.391998071716278,11.8094854203891,12.145148437964924,13.021865983346004,6.292928929402866,3.821816043174088,7.8392722055575135,4.351436208242727,6.0407006978799584,4742.0,511.0,658.0,767.0,939.0,987.0,772.4,189.0,170.0,254.0,783.0,349.0,5749.365234375
LPL11_211,LPL_1.WAV,-306.95173495083554,1.6734971651142225,-184.18199050039854,-14.589769397614168,44.16336751825618,-8.0161820649724,-15.57936277422586,-13.225698707873681,1.0734057982889509,0.18566498790688926,-5.97371809554551,-5.917076700921686,-3.145434227277669,0.8524998860251138,-0.939410601808407,0.5137492901760958,3.664182403346978,-4.447356120500226,6.054234600127713,-2.3276861017358446,99.52814590387214,34.804656866407804,55.0401452508519,66.14758886558738,54.31037684051429,34.112548976479786,22.00946224890339,25.460141267466977,27.890844396587482,12.906229476373316,23.574967547088747,10.018507131044705,13.326107070195365,10.459868190100563,11.197603334235472,10.49619751354666,4.7360223236161465,5.135952028045989,5.9218697427922935,4.566479133973012,4756.0,529.0,656.0,767.0,934.0,956.0,768.4,198.0,158.0,282.0,796.0,358.5,5534.033203125
LPL11_213,LPL_1.WAV,-359.26881374719613,-12.712858367977928,-181.26564916284298,-4.6659093459756615,52.05011407470377,-13.837609243175216,-3.5012009441349927,-0.6687388726701339,1.3788434399180618,7.61660045536252,5.708168752158395,-3.008871807773102,-0.820076598124005,-2.9546777978081127,-4.089529638799408,4.080020971047727,-1.5835182186891246,1.9953508766629937,-0.38286424808895636,0.02194426515964153,93.0636914743983,34.58804934350219,57.17420257366846,72.55378753313131,47.62399272487207,35.8591724856636,22.84001807943173,19.446226543841995,30.253659957491568,11.41384044747509,18.991609915642247,8.54246838730844,8.983823717152438,9.252956791884506,7.48882298852575,8.777493014162332,11.066578577595251,7.4488235789131485,5.3474008352260345,6.713343976711355,5521.0,544.0,618.0,857.0,978.0,944.0,788.2,211.0,147.0,738.0,996.0,523.0,6115.4296875
LPL11_215,LPL_1.WAV,-365.9507969477807,5.898575183194644,-206.426815868239,-7.044406298080753,31.915834363661705,-7.8845405119341505,4.789881026854762,-16.25851296310839,13.86007292569232,-1.710020967164873,0.7846727282540832,2.927266906635906,2.553374356121702,3.64817900334721,-1.4656225856377463,-0.34667120276794733,2.7451388287889142,-4.630239655124041,3.7619371539417745,2.4194785567368964,80.07859232157381,42.73384033437635,56.900922646313695,68.62338394391296,49.684405742844326,34.4131237819783,19.667402139428305,21.32181960329839,38.235880395909035,8.733574105671341,16.565174390608423,10.190575028156031,12.233802973345476,13.353668308649013,9.103974665936455,8.49455110736598,5.249669573184719,4.300159454264766,5.286546338225185,3.9428565523570795,5362.0,523.0,691.0,820.0,904.0,915.0,770.6,176.0,135.0,740.0,982.0,508.25,5749.365234375
LPL11_219,LPL_1.WAV,-355.55623953614145,9.857197839927583,-188.31475056402277,-16.0911409066279,64.39371754771754,-20.302321817191366,-13.721194443427843,3.0876970411749647,4.749946000296746,-4.595424785477609,9.625831827067644,4.761682096794256,-12.596273974702513,1.2791964689500734,2.8018032987381694,-2.8957287338117657,4.745055576415929,0.3900474174410187,-2.0015848130982605,0.8251067636694138,75.94822911502999,41.79558485724633,52.9764172863628,76.01670805923362,44.47890436257705,37.55475596726648,24.941952887085982,20.59660340847247,33.31260340626301,18.67202849400781,13.650131649104166,12.704693042392385,10.658311054722034,8.98214600053277,9.383329309532972,5.956792784132471,7.610178373239078,4.366440598326726,5.984307304014635,4.386835120337774,5090.0,531.0,650.0,866.0,948.0,994.0,797.8,226.0,141.0,413.0,841.0,405.25,5835.498046875
LPL11_220,LPL_1.WAV,-362.4339325718656,-4.268621534785189,-209.2194480893796,-1.9592916908561158,47.38644469367114,-23.629498950921604,2.6691344007271174,-6.486038885869042,11.723169837295293,2.361042315816822,3.826551277841851,-0.6095610759284935,2.2895546823981454,-3.547385425052386,-1.8151705066523174,4.273399361854358,-5.405069595235023,1.8666611750593411,-0.3685408635002658,2.4751040204655914,80.99079438140839,34.20270902052159,51.06125487916254,63.382012643777735,55.891603960309844,37.932405025356985,23.061440404335734,16.98478785528226,44.43399434864305,15.90838618595754,15.07062258197113,13.338985108354507,11.012505331515678,11.86351322583867,6.010593371733635,9.098607937932263,10.195647351174513,4.9932492275203,5.751593383124969,4.218953590905263,5235.0,560.0,705.0,839.0,941.0,954.0,799.8,169.0,177.0,562.0,848.0,439.0,5770.8984375
LPL11_222,LPL_1.WAV,-342.26839818601815,8.302071559249049,-207.90042446971512,-37.97586338227168,52.0434694077124,-2.346981711274348,-21.173930365869058,11.362995790111425,-0.21589061871430879,-7.806156588467918,11.307466707341938,-2.7266697890926594,-2.162617247871306,2.0251390088297656,-5.532205452368294,5.08219723086217,-2.3320244674163315,1.6535433520619456,0.6163481690630802,1.5416933828509902,73.94992597352902,41.5417550377394,57.85212699766018,82.88813894808841,46.19108424565413,35.116849198683404,34.37015456957833,17.474939155871876,30.052953182420843,13.735424460702337,13.428020811112646,8.305100687235939,7.628350532828295,9.128613592914682,4.6477241189196326,13.875991303446199,8.564774803022928,4.970700485995282,6.197772689945268,5.141494154340251,4821.0,518.0,686.0,810.0,917.0,937.0,773.6,207.0,139.0,355.0,784.0,371.25,5749.365234375
LPL11_225,LPL_1.WAV,-363.70099085959373,7.765863356178113,-197.12569955232001,-20.76550927606115,52.13942390755807,-32.66275377484749,0.41875378083784054,4.708912782671123,-4.818605990795939,6.023413034539782,-0.5348964682221038,-2.9941352079523016,7.7614118782984045,-1.9802236705413394,2.8766132880333597,3.9862946436318816,-4.1410381070950555,-1.459344422894905,3.0017680988658837,-0.20766734789747332,90.71397066162811,29.981598616540197,57.27119806060765,62.49503914540526,45.122510332814876,37.02058988398726,22.968809883512957,20.32179981442972,29.645730126059426,10.369205631625407,16.659337236070137,16.586941905586556,10.202026698313682,13.668489166702209,10.91376001471814,7.596936947986775,6.7113184888926165,6.204993255003707,4.093076784934413,5.961848843340831,5532.0,574.0,657.0,881.0,967.0,894.0,794.6,175.0,159.0,730.0,1026.0,522.5,5706.298828125
LPL11_226,LPL_1.WAV,-338.67760757299004,-6.170750572497764,-195.60068021569347,-14.306163130251303,32.70577884637497,7.239276144721052,0.6411497813362019,-5.162602542034263,0.5179484813214359,3.182087127918428,-9.338774056608843,-0.12862781718188754,4.700707506337493,-0.4857261965538804,-0.356830710533944,-0.12429408690891673,1.1871363098000267,-5.264250234622274,1.9710367416699837,3.444046703716783,107.48449356277493,33.87008584898415,58.98041797558861,65.37779448550192,52.03249895307543,36.19038492192927,26.469216376687786,20.014150473361077,29.89228658820474,9.608039345689248,19.85677659563447,8.616138523681947,11.684767206040886,15.40693582497974,10.757027180655161,9.724549626806695,6.6697070077181495,3.905870479597,4.8468026262383255,4.36899679649008,5449.0,565.0,637.0,841.0,940.0,919.0,780.4,172.0,169.0,715.0,1011.0,516.75,5641.69921875
LPL11_229,LPL_1.WAV,-322.5733470826775,3.6162423703712063,-198.7022053643741,-18.841849479450524,39.92513977252201,-7.8937054311339905,-5.270983673788615,-5.991850709309327,8.315958901184905,-2.737427244703389,6.498305770349586,-1.7399539024328738,8.77892312217785,-2.3770126765135613,-4.8357961362172,3.0881262089664445,-7.212585777695707,-0.626119830269551,-1.3276837439243978,4.558181013247541,89.4108968375125,27.830920065038306,56.55411655880678,57.687857436162204,48.3631353896965,37.38318021866249,23.57063558238823,19.806380888698627,44.14912486316914,10.198615681879252,16.72545599978831,13.019872603680348,9.823491553267429,14.541170039576551,7.062285092512234,10.558557898508598,8.453056444369064,6.215141844966161,6.426437630182246,3.7547169035110977,4872.0,542.0,633.0,805.0,972.0,977.0,785.8,195.0,147.0,322.0,803.0,366.75,5749.365234375
LPL11_231,LPL_1.WAV,-306.79355628881035,29.155994006367287,-191.0849985284159,-14.834492532074712,27.430216734835234,-16.66815673120163,-13.548303836828968,-18.851649568543532,3.1000540198503943,-3.4135163872482965,6.528806956386817,8.617163572049792,-3.7650432409734282,-1.026350535858489,-1.0128425976917976,-2.2440809735603677,-6.2350575781748265,5.249669328907096,-4.24300644236999,4.600587072138526,79.04495776898185,41.24144507462481,52.75638706229644,66.68790079549453,39.89240212362656,30.677389698841147,24.797700419437902,17.485092891029048,26.52526437665844,15.782827677060242,19.301339827141426,12.699704020788522,12.80172201583715,11.370377767329606,9.966530233701604,8.446144190420197,5.999860775189402,7.022289786653966,7.443930682713255,4.11577446106212,4854.0,512.0,632.0,824.0,916.0,995.0,775.8,213.0,137.0,253.0,893.0,374.0,5857.03125
LPL11_232,LPL_1.WAV,-351.0878618149768,10.895944000910255,-199.2181880356837,-16.8252362765717,50.117861882288686,-15.317218106107445,2.1751514813278887,0.3663691939037657,2.175102082817551,4.022004793672527,0.4663843840913296,1.6910337539635256,6.183751928941182,-3.5382564255281808,1.6226204471047634,0.2879437242728168,-3.0759625123759218,-1.6448976450308883,1.1771596335124757,5.5908943224040994,93.98035329114819,30.616560556152876,64.28460815212972,58.34759600935851,50.806689144297266,36.213299354246494,21.08246081304425,21.8700309801058,41.6530086201595,7.910598926630186,18.548527223883315,13.884348031681313,9.584449850891582,15.850030186612395,9.7772340664631,8.051986163027633,6.410501367055925,4.145244055977771,5.282539480356205,4.759989765446761,5459.0,533.0,709.0,789.0,939.0,944.0,782.8,171.0,213.0,728.0,958.0,517.5,5727.83203125
LPL11_235,LPL_1.WAV,-320.5277672739045,-1.7362013346317868,-188.6619241379684,-11.630915834679588,38.25019372996874,-5.996586138823528,-16.686268148170683,-4.875559977922565,1.4027578868223973,4.674424723837398,-0.27125381908294693,2.70097963824504,-2.5273570811825645,-9.30735299349583,2.8042495963682343,-1.3924545898277982,0.12203444389352577,-1.0524169412302888,3.4964755821419287,3.2788533121046926,81.45686889239003,32.62917766906671,45.74950736491635,62.70641536517151,48.210474822146466,33.020870340850564,25.02577605446043,15.507330034553835,30.867253722581673,15.35455602504269,18.0917324067131,14.51129854204152,13.869976448943238,14.809860503509345,8.72095903631499,8.933182936977666,7.297223211527728,5.741105353993737,6.849890970718433,6.026912690317031,5020.0,517.0,621.0,812.0,914.0,995.0,771.8,233.0,181.0,361.0,904.0,419.75,5770.8984375
LPL11_237,LPL_1.WAV,-356.64122824512333,23.97885947713746,-192.9312782798353,-14.33303424941701,44.37053043642958,-6.466894978956691,-2.6690990114900313,-4.09115454507589,-4.16802251232802,1.7979158153347672,-8.108459144503835,-0.8474389524221918,-1.0973912540906747,1.2281958094911125,-0.79091783752007,-1.4713478832235176,1.1483273548127655,-4.934679375983277,5.929970291975021,2.7724810559560717,101.98857515529127,49.9184033601451,62.5251552392397,63.120520308162156,48.371753121515006,39.068724429998554,26.08294287586887,18.09770939797847,28.771995115123527,7.296999865434403,25.713868230242547,15.74372875438739,9.83000589654745,18.370447398299923,7.282335106850726,6.843420882993495,5.706376229880089,4.901333281937299,6.405064148127231,5.356574190589536,5451.0,521.0,636.0,831.0,947.0,954.0,777.8,205.0,141.0,707.0,1069.0,530.5,5641.69921875
LPL11_242,LPL_1.WAV,-355.87060866436997,2.781949251649279,-193.89246320719803,-13.987302036250837,43.40722381144512,-10.411278000839095,-19.987601241792966,5.262049317444835,-6.030498039710256,-3.965454639237782,8.386466227542012,4.99362993710418,-3.099553788362693,-1.2859478695882238,-3.221780323489924,4.672367198611927,-0.37761869344292115,-1.9022016608399104,7.002980088526308,-3.401773330845733,101.07225277236742,35.77465810302204,56.06785344282811,65.88257890527903,59.81875009444128,41.01535844461827,34.33626327500326,17.646778903788817,32.269139283677724,12.87643910400905,16.178593442592877,17.186770381711778,8.131045107514579,7.939035940363728,6.949001326929881,6.733925552377114,7.994685228667622,5.430881762401312,7.3539398518161745,7.045836192410879,5708.0,585.0,679.0,874.0,987.0,978.0,820.6,190.0,162.0,828.0,949.0,532.25,5813.96484375
LPL11_244,LPL_1.WAV,-397.5200131923481,46.934447923986,-204.7305125033642,-21.08985334038719,76.07245506962852,-20.907257422379033,-15.10589618260098,10.87977116165315,-13.426816710793384,0.9006401285679487,8.966921080464331,-5.482627260976546,-0.6247133944757179,-0.577264559847556,-3.8005411320781395,2.907677131630787,1.2424320291429674,-0.652947673766225,2.721900678574903,-0.4378290251507391,67.62207009497797,68.18306092624043,56.23584391759084,67.70522640383768,40.62928712808652,40.86210646327412,32.748958148910475,24.1328032123506,27.85310614538606,16.87594355013157,11.802398280549573,13.439458591971896,8.666152784085849,6.539968536411663,10.834582235143468,4.16979516224694,5.036632476427039,6.105179939511404,3.2674665601932364,3.7782745817526893,5510.0,543.0,688.0,815.0,957.0,997.0,800.0,137.0,205.0,722.0,970.0,508.5,5555.56640625
LPL11_245,LPL_1.WAV,-373.84982054309415,13.723375100413012,-201.93553272009464,-13.746806560408208,52.45441991853749,-22.270692520453544,-5.230699934404031,-2.5420545396726615,6.457814142987073,-3.3883656156885977,8.64236409088625,4.596546418186721,-3.9066317048263373,1.7292600554975408,-3.3755841577041736,2.3945164019410186,-3.2378184584063496,2.2271268088944836,1.7218527303852906,-1.2015628298409826,92.7858508850607,39.78035399824054,59.8534420914988,65.78832331185788,50.585928199603565,37.632389700330535,22.700363754784025,17.571475608529322,41.91521857993684,16.91703752064822,10.353202799112049,14.82313911101331,8.122913468831264,4.399576231353057,6.169417324526777,9.33137704584953,11.302723215716739,4.413762460406999,6.305246901181587,6.381424192560424,5599.0,569.0,675.0,869.0,962.0,938.0,802.6,177.0,154.0,704.0,1078.0,528.25,5598.6328125
LPL11_248,LPL_1.WAV,-319.16890581564934,27.440316765440812,-182.37424172809443,-17.837662971684555,52.20540812441386,-6.671589851107575,-3.7676427161982686,6.513128714551457,5.748894488128464,-1.6330695400402944,7.18329613008115,-0.17893654173988724,-6.609142999763454,-10.331040798345033,0.676558600458424,-4.497421017334247,5.419827412100497,-2.24986616816167,-2.301739292156092,3.898161358659849,90.41097151705644,39.086583250631634,48.007839907086186,61.231781883674316,38.85505272593136,37.812495493127734,26.67735490486615,20.191984003095968,27.355927401632076,12.119359583504544,17.30164727791091,11.174012482469893,12.241517632338297,13.001441230053413,7.4271663410839475,8.095613756384603,6.52136353058225,4.99333042866716,5.4574444655126735,5.74468545313949,5016.0,517.0,602.0,827.0,879.0,964.0,757.8,215.0,152.0,331.0,1042.0,435.0,5813.96484375
LPL11_250,LPL_1.WAV,-373.40868879681943,-4.043800275751978,-202.65541746746663,-8.763610446768286,56.028818627492385,-24.446074401950412,6.178550503886163,5.632870156482655,-4.0328301197732035,-0.7650863435989904,12.073166808345512,-5.199161126006155,-0.3909505099189291,-4.912216017321969,-0.1764325379560675,-0.2968922690981056,-2.131378793243501,3.3263620170531776,-0.10563594983096253,-0.4249882913985598,85.59076583604035,35.50756175452097,61.55421854004762,67.19127516052569,45.32952581222986,37.697490301133975,20.128909628204333,17.97409907255467,35.010041173869396,17.573133598376543,7.868126330628517,9.530589518225804,6.749934290906884,7.141757905060841,7.727555265735208,5.1029487489801255,6.845884405373243,6.379861322132932,6.610359034797873,6.283391309874273,5648.0,514.0,650.0,886.0,981.0,943.0,794.8,226.0,143.0,775.0,1062.0,551.5,5943.1640625
LPL11_251,LPL_1.WAV,-356.2641851185419,11.883115572566517,-205.00828089723552,-14.417127381823699,47.537419428942435,-24.63512861903077,0.46202633243321517,10.332928270275753,-4.163833900248487,0.22270506361528764,0.9233114665877235,-2.6208424328814184,1.1378170834971495,2.1691543675848437,-0.7340606812565852,-1.8033632292601218,0.2304420896502514,0.10611189857039675,4.222965022599024,-1.3980988148652305,74.71927900734597,37.100768553935964,58.58770771670298,62.09073593391483,51.1717005628592,37.167903878215235,25.429538167908227,16.30827784167163,33.62825251248322,10.393932212636695,16.142674410309326,14.129375627904627,11.078295661155854,11.98194434053314,9.703355732568703,4.2707058070171975,5.986962054691624,6.74271166627886,5.05197101319038,6.256265137454573,5199.0,516.0,645.0,840.0,954.0,975.0,786.0,230.0,148.0,545.0,882.0,451.25,6115.4296875
LPL11_252,LPL_1.WAV,-338.87849277857106,-0.1104256678796383,-216.9978466142583,13.228132340947779,37.99266486818195,-7.872331585868561,-11.497401634400921,8.896242333856526,6.164309926029774,4.196565833306687,9.714005365410527,-6.173287313222852,0.09684923285508568,-2.696524831141899,-2.379330189097029,0.6322482000555609,1.228732926285951,1.8343681550429844,-0.37374078404033456,-0.28284066772361516,85.36192652140247,37.3250012455312,44.36020352607569,53.22955098182497,62.94104046592254,36.47483226345199,23.328302349398065,20.614345650364545,35.97390604563168,17.451602757751843,13.724532210983162,13.177265771018952,7.02761234079074,10.841493041978913,8.44820980225393,4.253000604794298,6.837336145327428,4.407864235266755,4.761711233633402,4.771827906392601,4898.0,562.0,611.0,828.0,971.0,979.0,790.2,237.0,143.0,318.0,766.0,366.0,5727.83203125
LPL11_253,LPL_1.WAV,-369.20019775962623,-3.066076728412944,-195.42532966757616,5.462326554714239,48.64018643326651,-12.169108735215406,-8.317161651023618,0.029055083176947393,-1.1268468873932984,3.751328064922741,3.928223121287608,-1.2752706784626762,-2.647738894375838,-4.8138216665939115,-2.476809759538036,6.111173733488922,-4.775479970025072,4.31651164817109,1.5987170607109156,-0.23896798507607164,88.26274476499246,39.32255319558012,56.10280743964963,63.569165150347835,54.41871824777724,39.67984461028704,28.36351012226608,19.577047813705658,34.31534849652963,15.152322009160477,19.062918235369196,15.332453100712288,5.626196433523192,13.368083165382044,6.846441642588741,7.0370356373652605,10.081280424346392,6.7168494304801625,4.1912286002941475,5.127508383559575,5350.0,552.0,674.0,802.0,997.0,968.0,798.6,163.0,204.0,637.0,869.0,468.25,5792.431640625
LPL11_256,LPL_1.WAV,-294.88129783104614,19.41855555409136,-187.78820504202383,-0.9951098641628132,22.472074574784934,-15.892868063633804,-21.73000613850195,-16.71428436759798,-7.41188779910234,-7.221399326604494,12.130665819616965,7.100327888982568,0.4376769852596306,-7.638434892682127,4.417478390351879,-4.169195540160457,8.580056611527576,-0.5835576744456329,3.6946112648237612,-0.0011485999456929841,88.07145711504036,40.164004242118665,43.77918876309253,73.47030273979931,46.57534573550625,33.75648465332833,23.592094729894026,20.475580927157694,24.10694012457192,18.665693530850934,23.270994068250108,12.901592270435353,11.331096086542914,19.76950559680193,13.524471622174172,8.82892142893075,6.803560318552739,7.235147902070535,6.997849280387663,5.105667874380883,4859.0,495.0,680.0,833.0,863.0,978.0,769.8,180.0,136.0,310.0,915.0,385.25,5813.96484375
LPL11_258,LPL_1.WAV,-357.5835632131194,5.076596177125867,-187.15252175516292,0.3626863690138367,52.43825221213459,-24.847907105810776,-1.3006146590709557,-1.426942574481315,-0.13501721170882547,9.72428887451852,-1.1436147109470172,0.63712270038386,2.285690783362489,-2.4389254935270923,-2.087871827081516,0.3302991566643061,2.4751205976192527,-2.0214811409317943,1.4224750263396788,-0.7168941103102199,102.59243210327934,36.21416968577109,64.61659810306182,62.56498241114392,51.190926498538204,38.04677738174591,22.56178318149264,19.658106110803846,36.89133339586355,10.517246165653932,20.10818577671771,19.36344258059259,8.130618968918158,9.075469494437217,11.202090328745978,6.431430509211748,5.504776231309168,4.261681982007916,4.0740442885536,4.239583729653949,5447.0,494.0,667.0,803.0,983.0,973.0,784.0,168.0,203.0,761.0,924.0,514.0,5663.232421875
LPL11_259,LPL_1.WAV,-369.29691648568587,8.945328625170458,-204.44802884091416,-4.61417210728769,41.14628290070543,-21.7694109809744,-3.476813521621321,0.06389868763231327,4.79485992604884,-5.276427881915334,11.262677989136103,-4.161751295182689,5.0859841051413,-2.087819025474293,-2.0483720574118407,2.2905886676513982,0.5533891403222347,-2.4646168523189838,7.4499403596004585,-3.6790899650662374,88.88216037539867,38.24304423428632,58.07222664055867,62.24009866489735,56.06130165302585,39.43610382849276,26.643151236233223,18.03008885790755,44.33804041513366,22.586073889241856,8.686601341482103,11.877117352464962,6.536838799558571,8.253590212965754,10.734268322110072,5.9090953978619325,7.258450825917125,4.399469161847709,7.153185644908994,8.824483766413529,5478.0,582.0,693.0,860.0,975.0,951.0,812.2,143.0,163.0,651.0,985.0,485.5,5727.83203125
LPL11_260,LPL_1.WAV,-337.79989302065206,11.400147308558102,-199.83404248921025,6.901021801891824,51.4187905023892,-11.930825263440333,-4.742500167948777,-1.0860460153223617,6.508140552392605,-4.464306933279128,10.77256362342074,-5.438034832678888,-1.108397819619676,-2.7283060705109583,2.0555555767011398,-0.008641946313063635,0.8705416025138236,2.783808072289729,1.846262650189814,1.4808744915085226,96.77363404170504,35.33596827580354,55.34702629640426,52.32206649755789,46.94563670897787,35.96131379465208,21.92578611030816,16.73857272783175,41.21577053546259,17.590711129840255,14.633295535279132,10.730155948799796,9.957430141520105,11.982288575197657,11.22996011918246,5.937392815368802,5.77355912414767,4.072135596345431,3.79995617805164,5.959661794533917,4874.0,546.0,651.0,814.0,979.0,978.0,793.6,213.0,141.0,288.0,788.0,357.5,5857.03125
LPL11_262,LPL_1.WAV,-358.1839299121746,15.348287302355395,-206.25401517050597,-20.699063227095014,52.15702168065381,-25.62139774998223,-11.26808077115624,9.299736981827506,2.466000942113937,7.825947372405103,4.528363887585039,-1.6917882665604864,1.2195857477237764,-2.5147078777041862,-0.5983156078553952,-4.515699315695199,3.1112311088426368,4.548763572748547,-3.9314630013561684,2.6842895360701884,68.42770169581486,39.40206514286291,49.86247868621987,67.01815017733264,51.554983469868446,34.65572449729984,21.583087017759844,18.584718027873322,33.54034496778469,9.705971254296083,15.859818165799156,13.003458108785065,8.426021401641604,9.758277038105927,11.905640555024199,6.729120513221675,6.9779010144106,6.10440015302496,6.177437138009305,3.9596756250924456,4868.0,530.0,621.0,839.0,924.0,996.0,782.0,236.0,152.0,337.0,764.0,372.25,5663.232421875
LPL11_263,LPL_1.WAV,-323.33122672996075,-7.162189332954733,-193.8558926093456,2.232293838949265,41.98596430443933,-8.966690108598867,-18.306279331664033,-2.444473566117784,3.6460280728581695,-0.7023614948341111,1.7404137254244818,-0.7611491249056512,-6.296444661789144,0.9041301665049275,0.21895558067493812,0.7972120430671569,-0.8260037133155135,6.550434904496493,-2.7450116639426714,-2.1323102900239785,99.56960879684694,28.807130705701024,57.1385657798379,55.239974555483364,61.6594653894415,35.35403030753162,23.364737840984237,20.95293557562738,32.39801284662955,15.436209249784755,23.99723420960554,12.246491340159196,10.23043561161261,10.862152883699148,9.408016143394386,7.835789952199952,7.674340251288756,8.026841283354981,6.224240504418717,5.665552998145471,4815.0,510.0,678.0,835.0,970.0,990.0,796.6,179.0,168.0,260.0,749.0,339.0,5857.03125
LPL11_264,LPL_1.WAV,-365.8155691671548,-4.371586787291817,-212.49328250073563,12.30424555450543,37.85950308142555,-20.99930755205958,1.0439197074552198,-2.757384607261653,8.423292875180413,0.00729272557136144,10.949769994907598,2.7333934357799183,-4.408530618277447,-2.5194743862573765,-0.6403189841169454,1.190079219287405,-2.776808759086831,-0.19107358643109676,7.383442470643343,-5.699896406625181,77.18850791486781,35.969563648540664,55.54254304490834,60.96129314878517,56.99781699531062,35.640461398557356,22.828944168054328,12.54091359698094,43.6092809958838,18.912375686236892,12.241974812996617,17.163611358975654,6.404882728001261,8.35445904867346,8.490453618695327,3.901794950715063,6.300371588409207,4.005035753674647,6.325831777685514,7.911658854492714,5335.0,573.0,699.0,862.0,965.0,950.0,809.8,138.0,156.0,608.0,909.0,452.75,5878.564453125
LPL11_265,LPL_1.WAV,-365.44199381470224,-6.437938039647565,-213.98634925645715,21.414210176786316,31.410674377245755,-13.53703951285277,4.15726384332056,3.038606580461661,-1.3064570300074259,6.299086085276103,4.431412893281376,-1.2209224906332203,-0.38822467073592654,-0.06555667128243492,3.6558554833840398,-4.1762925899389325,-1.390394931754079,1.342089799238422,0.6772272746791614,-2.1649840990264564,77.29106239021324,34.59245481553839,52.93565174351312,57.65227031961279,63.24800118154803,39.22957266307553,24.592642385768823,16.512410579083014,35.22698280580997,12.63466776072749,20.084182646697265,15.43456337245958,8.01618820104053,14.202612699495857,12.343559972689901,4.932782954158949,4.0069206467571865,5.431831941709337,5.808167154245468,4.602240814135802,5173.0,559.0,669.0,879.0,975.0,955.0,807.4,192.0,162.0,542.0,781.0,419.25,6136.962890625
LPL11_269,LPL_1.WAV,-307.33076692372595,-23.583431549866436,-174.9603907433359,-3.1054166029117147,16.88102705892622,-4.137390966441459,-7.529379614498021,2.9896778902087933,-1.5612595824986872,-12.623778815533337,-4.753591221680963,10.608469057791192,-0.27468835292458776,-3.690079104289308,2.5723526938960117,2.103031900209285,-2.0340949147844167,2.0056734298433128,3.272234626837051,-1.4526782481903981,93.10124679077767,50.78236579665256,53.663646066380245,54.58215565708923,41.226093409791275,28.13517850173067,22.46303901711398,20.11256684088705,25.898888504839775,9.783110459953226,13.65400366641298,12.792429202246923,8.51217674855539,13.900164735630101,8.192541325660361,6.304507223244386,6.833454263855125,5.2366413136443475,5.986500400121798,5.98266891262104,5487.0,490.0,616.0,833.0,960.0,913.0,762.4,241.0,169.0,768.0,1004.0,545.5,5835.498046875
LPL11_271,LPL_1.WAV,-319.34070787663865,-1.153952231849766,-180.66872411646784,0.16378117606069575,19.362007535894016,-26.28413115882024,2.9462339928896957,-8.29580288406922,3.127753212917412,-0.8986764505012461,9.12246553452307,6.670947682699805,-1.7145766416043053,-4.0417999917736145,-5.555519512930233,3.0231170370830203,-1.3327679200541922,-0.25496655375054084,4.109689311195016,-2.2128774405479725,92.78820955890063,40.3498690755063,56.91841740055579,58.19062325858442,43.893466530567956,37.62116488576531,20.549028401564044,20.660752200592235,40.17831488454541,9.579003644352428,21.69789005712884,10.49007384346564,9.83860221051429,7.847617393967745,10.279652820839727,10.767015836996611,5.95342875452678,4.555568680530359,5.467904210655995,10.25859348425576,5399.0,515.0,677.0,862.0,971.0,899.0,784.8,198.0,151.0,706.0,955.0,502.5,5878.564453125
LPL11_272,LPL_1.WAV,-322.4255087888621,-0.1882375524556124,-210.73119398269907,-20.3552063535474,27.63020881305211,-11.564272265077435,5.218350411947014,2.1664676437936707,7.52434951758193,-4.616134226742683,-2.239571102222476,1.3473780944755132,-0.25133640332610196,0.6315869108488665,2.411784208592265,3.732046923455763,-5.808060551823423,1.0614730752577055,-0.816597854978189,-1.2674290078613932,84.69788125242212,34.52675066926224,61.9318123133197,71.44041917941016,50.03569416929951,31.65531704893401,24.965047031621324,13.045914121288165,33.289171820740144,12.94135327104608,16.173363854351347,11.425062712244404,6.44626827076892,13.89211002600188,6.723580671567733,7.55708621596202,8.54319986965623,7.473110768521014,4.940499110961453,6.844762500708886,5028.0,541.0,620.0,804.0,928.0,950.0,768.6,236.0,153.0,436.0,893.0,429.5,5813.96484375
LPL11_273,LPL_1.WAV,-362.7769204532362,20.452732793293286,-212.3365215239488,-27.861195911704375,51.28885460640881,-17.681583033377954,-0.5296439916790799,6.912956710085842,4.492919229894937,-5.472916223298468,1.336288924210432,4.066855496123871,-6.115691018728326,0.4514279308722663,2.0224278912839755,2.599654689245237,0.2528743039065919,0.9681973032012733,3.690313548139312,-2.2648957939796195,74.17268827904338,35.201514036726365,65.89764204409455,63.62315432086861,42.12869124390615,33.44526389075446,20.632890806325353,19.56052854799628,35.53107247244048,11.93805592489038,18.24651811851523,15.28679023419927,11.37425067986422,8.963302338395167,10.535809702321638,8.254876405856423,6.851798966829785,5.746577517993761,9.076415533914542,4.27663910347673,4873.0,533.0,656.0,789.0,958.0,964.0,780.0,212.0,162.0,276.0,859.0,377.25,5878.564453125
LPL11_275,LPL_1.WAV,-356.14376377692963,-23.565609164308935,-184.45506711351265,-5.550049132559095,33.915540416920756,-7.124281993101559,-7.157810614565443,6.298432893715908,6.763276671300911,4.0813595328793335,6.7115641698475805,4.699458394529274,-5.130361396175755,-8.34067483229105,-2.4506668542903265,-0.2880272424601636,3.961493220473254,-2.8457669764965776,0.13924896587198066,1.9546000358906128,85.23556282760677,37.72081783315516,61.76408391751371,78.55796463869514,52.63914382150256,33.67558280069315,23.78347786292193,21.135391721901563,36.292602852569786,7.580749978003253,17.82945293143349,15.289765318114389,6.794321847794231,11.847852589001418,5.840115226109611,6.506254528144644,9.338595050461945,6.735457503007528,4.660872617551662,6.365765292312194,5541.0,527.0,642.0,829.0,1005.0,937.0,788.0,226.0,164.0,757.0,975.0,530.5,6136.962890625
LPL11_276,LPL_1.WAV,-332.5761736164925,-2.6680536939479356,-200.34342186087153,-11.773857599673184,34.342909282235894,-13.158206969286786,2.2777110239938723,5.679483287233896,-3.6831762715249696,8.609419438048583,-0.5803872825407982,-1.4964286551651764,2.863186931336404,-3.327411511488998,-3.0348926338228757,3.6850166513633353,-6.720616983968291,4.142454408478384,-1.8030326083129158,1.307294833277173,88.78061933524839,39.62167649165127,61.917126489875216,68.84267283882602,45.1858167406109,30.281068438107784,24.710251389150397,15.300972979419114,28.32810451995005,8.99143237960066,16.74168870144713,11.688776822831965,6.122951347005675,13.847883976958638,7.2909260272182905,8.680885008344799,10.778556672066188,9.30171934472556,5.205481081677236,3.4613257112049896,5321.0,544.0,697.0,833.0,945.0,953.0,794.4,183.0,142.0,631.0,946.0,475.5,5813.96484375
LPL11_277,LPL_1.WAV,-338.5282550111331,-21.893380946011415,-204.38224889708252,-1.1329621536929781,34.96446188198387,-17.010673113479662,-0.49165635228154836,-4.091629456565594,0.19005943164861752,8.570213083821102,2.619933063367843,2.2193647186617476,4.411569403533909,-5.242727764944857,-4.118048418437621,6.542061668406407,-1.3653726920844806,3.0192032556915733,1.3078184518035865,-2.707294633891736,91.62506384416338,31.508422836411274,55.12841162936126,72.74279776528277,54.80697993673543,35.4350899725885,22.605348079922038,16.231108195042744,32.49051100065535,14.232127595103705,23.02461750563301,9.173230060914564,10.50215053714532,8.91556183719314,7.7464172206648305,8.525772595223614,8.159931193638142,7.1661063197608055,5.191080402183301,4.672001656298199,5032.0,527.0,635.0,831.0,947.0,974.0,782.8,210.0,161.0,413.0,854.0,409.5,5835.498046875
LPL11_280,LPL_1.WAV,-368.02563553049316,14.663316997986351,-196.28055927649788,-26.37831329400888,60.19953692390833,-20.22610859081216,2.108228618133358,13.853672915782084,3.4227917190897927,-3.4352931747777906,8.056616872992914,-8.651872339935966,-0.0019592540883573983,6.430157320597054,-3.0289371464527393,-0.8754048979921762,-4.776002137900353,1.1246284631840675,-1.8897645947487378,3.906797863360969,65.59999870041752,34.69124067999362,62.72829473294574,74.06186234179717,40.733860105685835,34.136883358152,37.170557282340496,15.664996183375623,39.93521251203358,19.282201002411664,11.674550121251519,10.614600976418334,10.453967237272034,7.662666464593389,6.458053156539186,5.972398001932781,5.315251800203818,11.34135251651468,6.470200859183894,5.003607318115724,5239.0,531.0,642.0,851.0,949.0,955.0,785.6,231.0,154.0,580.0,882.0,461.75,6136.962890625
LPL11_281,LPL_1.WAV,-377.10697837527556,-7.67707743407653,-215.6726223425048,6.6756313755296,41.74916721308488,-11.23606382154196,3.48370442493156,5.009881411186128,5.969700699735223,3.755989232074676,6.22752928361357,-2.9053934545395665,-2.7572022582020423,1.4886218036857335,-8.017687439642131,0.06147623787930131,0.9748094495017661,0.783940563341102,4.179256743956178,-1.052195824740096,59.58886667082434,44.25675557785167,55.025195872509265,76.72516453426445,44.8032664959421,34.413482267563,24.37658555454554,23.907864215955353,29.054105200148058,11.40214782054795,10.912256483759682,12.709686310065209,7.477362387881363,9.483435084859686,4.6786380446188245,5.375002734258756,7.070974544673649,4.701197170187573,4.1393103420549755,4.526841406014851,5180.0,533.0,666.0,846.0,952.0,959.0,791.2,206.0,149.0,565.0,848.0,442.0,6158.49609375
LPL11_283,LPL_1.WAV,-333.27412794081425,-6.512629698639697,-207.55574791068582,-11.648739873796224,36.21494383419975,-20.087966242158355,-6.246357079582382,2.4743493482007075,13.44750200967867,-6.074751765626915,2.2605543267558317,-4.16373211317857,7.688045861105419,-3.341407839513195,5.9451289880403655,3.4504947765926843,-6.2078449219966565,6.338151621182246,-1.0878809387978792,-1.9661448322324304,70.58343582485037,38.89560325937066,59.21843781846683,71.55841933690698,42.01465878866411,31.497174049880925,18.35177716444569,17.475870469453728,28.91938692021449,11.579367327387027,18.970338521238578,10.48137514935859,12.73553572303262,10.129790252280362,12.239968421955737,7.718762492036953,5.961222750336109,5.9709510295262715,6.634500027589937,5.884268827140135,4743.0,518.0,695.0,792.0,935.0,959.0,779.8,161.0,162.0,259.0,807.0,347.25,5857.03125
LPL11_285,LPL_1.WAV,-374.6392427114981,-6.134550609698746,-192.8552429403596,-5.751692494932076,41.16643540983126,-19.33544223474836,3.951247514466339,0.6298217075678891,-6.357904143438707,20.122620588455547,1.957992625418463,-0.7354708350770719,4.702051481648063,-10.00245897134813,0.6828588724168209,5.171042324687025,-1.2692567647920756,5.346559909534534,-5.102565171354364,0.6171512125176914,91.1957582248073,36.20002982469645,54.500787363868405,80.22116294246995,55.20971806833404,42.253426438725775,26.29558907969614,19.297802069414473,27.70771576630986,10.61550316336874,15.546346992641636,13.815437741111088,10.864181180434423,10.942272427067335,11.163035604243683,4.591213741108489,9.268990243717417,8.594293047754114,5.805675633877687,4.670758001831784,5389.0,476.0,639.0,822.0,993.0,988.0,783.6,206.0,214.0,676.0,891.0,496.75,6158.49609375
LPL11_286,LPL_1.WAV,-368.39579960355593,-6.415890435411951,-211.44332107306099,-0.08270491414237938,35.691445289037944,-11.182087261143968,-2.7174729182320316,18.631890920951413,-3.9248786085689336,6.842608044039302,2.9807678402241606,-0.046528391706396555,2.054910450270697,-5.843383727054803,-1.3514493636333582,-0.16500682785959508,-2.1837486334977267,-2.7583358960144464,5.098152122555821,-3.21929841271603,75.89797830510705,33.10514623887961,54.81372169935003,62.600639334704866,53.894214815638286,35.699940976308554,28.357788117142622,22.457720261977943,34.466043128055965,11.059634349021904,14.075035988016333,15.846466557134141,7.033056104571103,11.706165835154364,8.850133990222465,4.667384100986761,6.120397646480678,6.982244489990964,9.071624138078347,8.165888677685073,5376.0,550.0,689.0,849.0,974.0,961.0,804.6,176.0,152.0,638.0,912.0,469.5,6158.49609375
LPL11_287,LPL_1.WAV,-348.3569810271503,8.434285180126912,-196.78007276725256,7.385976467583454,46.10527153520993,-26.528342196042257,5.340190143014012,-14.02279113974984,7.463105841001134,-4.509513527022528,1.9649763121033519,2.949374008202198,-2.5949602734525543,-5.353513841638184,-1.3715498048014088,6.268601217265917,1.0909050495961286,1.0845065918346066,1.6633859596594176,-0.7683006917027667,90.73397078818302,43.60526342855037,52.38226989533418,66.1351429768723,48.47890791052495,36.61889921514965,20.121240077765822,20.220800569619414,37.86742149747071,16.32463111340937,19.258915247873492,14.33783940193242,6.5736297036168665,12.060978247601625,5.959022103616366,8.771132134181052,7.039777842664843,5.700114112279,6.30939625879518,5.878394464697919,5188.0,528.0,622.0,845.0,981.0,967.0,788.6,247.0,142.0,471.0,924.0,446.0,5835.498046875
LPL11_288,LPL_1.WAV,-357.8930421142836,22.514067752490824,-212.72960101900517,3.224310069913126,51.70476169573744,-22.685389118136708,-6.614309442437031,7.368935649789769,1.1551201208783544,3.613253559098492,1.235121348092778,5.7830982614772015,-1.5611170123073388,-11.480291893185111,3.5057165738949227,3.682455838901736,-1.9602843520122952,4.839814705912453,-0.6705065199578834,-0.33753136271355905,73.15451173827664,45.379817150918015,47.65590896852793,52.99960703822171,49.32000373898424,33.93204346937694,20.414708911529797,19.447182244094364,31.37739881917768,15.60434954990778,21.712559213804944,17.522173088151142,8.193403131734845,15.728073264558251,11.225244933536237,6.2018541457672995,6.954458982795834,8.147725529870991,5.7739824904583275,3.7615352337293038,4890.0,543.0,687.0,799.0,947.0,987.0,792.6,163.0,192.0,264.0,828.0,361.75,5835.498046875
LPL11_290,LPL_1.WAV,-311.80091695480417,14.511962879999366,-171.76692667826825,-2.5023144271731628,34.69113701175748,-22.220243317175004,-8.53775466789445,-13.391763068488817,1.5709443642323107,-2.7976846387101886,4.631377236086039,9.949661901010202,-8.225264153555853,-8.544079026747536,-0.9541506160460552,0.026724878071906776,2.7680215795788836,1.4738658905380801,6.740945409222076,-3.291639551955157,81.20440174443107,41.28157254567452,54.505770037484254,69.59569013616002,43.30163191454911,36.30351703666135,27.25400174163198,23.444559603305475,25.66268958410434,16.1403567159575,19.53835864922241,8.91611269571048,12.481130671434906,12.849135204375914,6.870148692173508,9.171480910945983,10.980441386697281,6.488816433264537,8.503384589753862,8.657930519832425,5025.0,517.0,662.0,843.0,898.0,993.0,782.6,200.0,137.0,300.0,992.0,407.25,5878.564453125
LPL11_291,LPL_1.WAV,-353.8633521694544,0.5700876481205632,-218.55090497364398,-11.35348537695223,48.74439943974448,-20.59965345053241,0.9226541328216313,11.666628077861287,8.954664562030763,1.1331783948761478,2.866575352521778,-6.170424959484108,3.1369660861645894,-3.435941194686816,-0.04026336481693143,-4.837648035185757,-3.718072518962144,1.810688024673584,1.1261863410516897,0.4299967129073451,72.71111083010662,27.191352291640975,53.39236636154868,55.2213656030208,51.511222072856114,31.224845861939386,18.209950531376162,16.16176784515232,40.385913216309326,11.223004163987754,21.26730608503206,11.784492943387194,10.169030032164024,14.503270330521564,9.160869736587081,6.4333833894308015,7.3449301069057835,5.7688076004768405,6.080935343183425,5.310262965360868,4742.0,522.0,623.0,798.0,950.0,963.0,771.2,255.0,159.0,263.0,745.0,355.5,5900.09765625
LPL11_294,LPL_1.WAV,-377.1219406054872,13.888079661505737,-239.38792527792629,-6.274358552525417,55.322108296001765,-33.62315442517985,11.613063772214401,17.42113457141143,1.960018073798034,7.258959722415486,-1.0144316238162496,-2.280477374938204,-1.5723395669242903,-3.2492442939160906,1.1818983653557613,-2.3919495200943373,-4.302392925228399,3.7399303247765063,-0.2858225690511484,-1.7165399195837452,59.03724787434896,33.900355558971874,46.62626189928928,53.852044705541466,48.279740631126536,33.668059208170604,20.64884667076352,18.078061836122316,37.295527360489956,10.652076504118973,22.234125789400235,14.845869609623195,6.9602849073229605,14.966467814567268,8.554004472236825,7.174758625466566,6.382707238291999,6.6565566828747205,4.091819661194377,4.5904154490260725,4774.0,544.0,683.0,808.0,943.0,971.0,789.8,171.0,151.0,267.0,761.0,337.5,5900.09765625
LPL11_296,LPL_1.WAV,-359.9043682316177,-9.741626863108415,-189.1593749541879,-14.431855063551021,41.17932249150401,-14.008452164129654,-33.62188063028569,19.62668237110928,2.727408795067948,-9.15078510819556,18.33666166064927,5.63788394413345,-6.364869523524592,-4.273447531993267,-5.053044411099742,3.959254575618598,3.874811272892311,-4.353906351312159,3.983533421611523,-1.5273475041068794,86.2861989250378,47.70867631053914,42.139679475639504,74.55465946949357,43.00554189254915,41.32898603433116,36.208248149760394,21.954492630673542,32.18619464951985,16.981475014453878,17.21305252768418,18.91429583312462,10.331655970204226,8.431339482253131,7.891703453574979,9.74699852897359,9.040499255721496,6.057306358697486,5.819621469637167,7.30203783451215,4853.0,587.0,676.0,770.0,957.0,989.0,795.8,144.0,203.0,309.0,745.0,350.25,5835.498046875
LPL11_298,LPL_1.WAV,-437.9299406133063,6.501763385174829,-187.35473932666338,-0.3522985407314424,63.17288742895006,-24.443804344544183,17.39086104163171,28.619100028811605,-32.041740499303174,-8.626440968935505,20.39538487796216,-1.7403912541496396,-7.014912229845118,-5.791239000558051,-3.814886234675273,10.288334255667971,5.8538501739574675,-5.326638319707082,-0.16421668494481534,1.211251935546569,50.33373380975817,31.720262356966174,54.222699408872074,58.66405321662387,33.984164292156244,39.59834450093534,23.32572761431033,29.699932376749256,26.05066864701646,19.581183641827668,15.792448333047773,11.935783593186866,7.008221520179233,7.564009914729694,7.824519203851256,4.130479337733959,6.633135072095741,5.2639588467626455,5.9977761295357555,3.6871933342565124,5479.0,493.0,584.0,866.0,909.0,979.0,766.2,256.0,178.0,723.0,995.0,538.0,6136.962890625
LPL11_299,LPL_1.WAV,-438.3969053433821,8.157257073294303,-191.51874361342826,1.4081076262840766,67.36403748581462,-36.44529947313437,6.562238494123121,44.74542278526335,-16.855983377985318,-20.19418220664361,8.570242992002402,3.7838474288393384,-1.034538489304446,-6.738939251679458,-5.101425473461148,8.652202382020985,3.8748731877445093,-4.228972795409476,1.6609768179251645,1.3334854856506626,44.649780348712845,35.245254978832115,46.81121010795612,64.90101464172157,29.8805515168773,40.09989505648611,21.28791572479063,19.965581881930724,29.11264160162483,14.349590723785672,15.852426104954542,13.654967946023007,6.606463492792436,10.03923994062016,8.454870974048054,6.029171136709901,4.842478092372473,4.566555092300338,3.3970582526556243,3.8986453078941397,5066.0,576.0,650.0,844.0,929.0,946.0,789.0,227.0,161.0,456.0,807.0,412.75,5857.03125
LPL11_300,LPL_1.WAV,-427.3202441217287,20.80639445230521,-198.52854674762057,-16.93167089356432,60.76697373234647,-31.139842275257855,8.409644908299265,40.170981145221546,-18.49995589610327,-10.462327209635001,19.29683804109716,-0.12212348833780363,-9.759982905140944,-7.9783560726400315,-5.644365368876294,7.815693901259754,6.209333772491583,-3.6594082249328674,1.5259233046936915,2.903391655187256,52.450373546468526,39.124451053008876,51.05371278031088,65.26221367870559,31.52330643014577,36.437007327671886,22.494776400536043,27.270005208139647,31.695928299387404,12.251259237430588,14.70244754164789,9.99500836210862,8.329191236329281,9.366590906599821,7.4772212762335295,5.225049335574879,5.43501124882968,5.236880213353621,4.950310692844875,4.694143461282149,4910.0,512.0,631.0,814.0,887.0,985.0,765.8,217.0,147.0,378.0,870.0,403.0,5900.09765625
LPL11_301,LPL_1.WAV,-429.16507432641845,14.380097264091841,-198.0773674476455,-5.063264118803339,55.66522193067448,-39.06415382807816,14.718714154300619,45.702100620537976,-16.113109535879946,-16.93696817615801,6.5231740387226775,4.447196714644804,1.6837287975278967,-8.295492662902435,-7.347964561064646,5.856547041566577,3.172624547694574,-1.865835199980484,1.654902096793152,2.3368570944708837,53.035873211077416,37.83760680018342,52.9508444220874,64.71069741272771,35.8945041533548,37.73282949178195,23.833769330499752,19.62885912147944,31.623176482762684,11.513212995809912,13.500480703807755,14.627410840788006,10.410074026897394,13.790933929606533,8.154115826369477,4.573746764640936,4.478048025255832,5.4060916249805,3.2194257212498982,3.580087159939283,5038.0,543.0,671.0,829.0,943.0,947.0,786.6,175.0,144.0,414.0,900.0,408.25,5900.09765625
LPL11_302,LPL_1.WAV,-444.526595632086,9.405743562074944,-184.62186212097794,-1.505740576848378,59.4676078816733,-31.273048170470307,8.643492010105613,35.86349094204528,-13.12740740292994,-11.48982851392423,4.762370171371541,0.6981405357121265,0.6104336897610052,-7.524728281643779,-5.786539833978577,8.202372015250624,4.404856260858088,-2.3198682987847623,0.8699359709971697,0.5571175002104991,46.852826700029176,42.5360628559889,52.03513004543565,76.16924849918387,36.06730355574263,43.25285722686639,24.472564543667662,24.706927964625503,34.50449803865717,16.569599064103137,16.38312422969001,12.531908360007277,8.949949181253151,9.23288405184386,8.168901846497315,5.519965220991577,4.38837734661174,5.513158185453341,5.629955318084632,4.955576976141695,5352.0,530.0,641.0,808.0,944.0,971.0,778.8,252.0,219.0,745.0,769.0,496.25,6158.49609375
LPL11_303,LPL_1.WAV,-417.5635815216327,20.30426846964014,-205.638355542838,-15.690560196588004,62.55320034297243,-31.14924331473718,7.586682409290813,37.66470937178329,-15.622864009534345,-8.03645643885267,14.557753559907393,-0.9125906356423532,-5.94597405580106,-7.053449661907539,-5.514919260150124,6.540473393746817,3.990188724667198,-2.8198963106778066,1.7269658685778466,1.35951070908973,49.93363365830667,43.87688123840353,48.548330550816104,72.63348126009384,37.220773929402505,39.70091218956555,21.06763848156554,29.32669667949858,28.004045766927835,13.87443615860484,10.9652590341995,10.495217183431183,6.763911302234531,7.804670577219531,5.888515159161074,5.1934003208963695,4.665523094974134,5.719163171399954,3.8157401243416453,4.510998704204336,4906.0,530.0,647.0,799.0,950.0,985.0,782.2,230.0,152.0,328.0,808.0,379.5,5878.564453125
LPL11_305,LPL_1.WAV,-378.5547421112676,13.15356011809103,-215.2900542167502,-3.022048751744532,39.82361972966042,-21.77667248582182,6.6264593752812235,10.295996476134018,3.2218556690375144,-7.951202678077288,6.722681292423709,15.874856634281418,-12.60945561415088,-6.613824116163985,3.4656418067985535,0.26619812594878317,6.693057687747699,-5.715978339926351,-3.4230336474673004,5.285893475695111,60.34802811173955,35.7503547312068,45.069307724740455,60.040349488028276,44.31008950346545,28.30163645365871,21.22488476860365,23.610942373684917,34.689960333110214,11.971591135607458,22.062799455814307,14.097892666897673,12.129493644673655,15.135687124728017,9.841149244080034,6.0712028384879995,4.80284431013282,5.463647983849992,6.1325694118058935,5.259252462389892,5040.0,524.0,583.0,853.0,829.0,956.0,749.0,250.0,164.0,397.0,988.0,449.75,5878.564453125
LPL11_307,LPL_1.WAV,-426.9585245441958,24.000490796762698,-207.7503922456498,-24.160164674385225,67.12937815082122,-22.649456041885653,0.32220849524478057,31.587742015523368,-7.222327411052959,-3.8035936797867502,7.138584623425788,-5.032706893092346,-1.44773786652573,-2.932736109480784,-6.733816412119463,3.969983814534129,4.117395047563591,-1.9613407556644604,1.040335116390686,1.28593652208763,52.520238809910104,44.27165049577307,53.92554342621733,74.06837572961062,41.78261037786516,42.90200775437618,21.336002848510713,25.431309447991087,29.97108958837491,8.63148456195641,13.624691882855497,11.754966231289153,7.403359325484441,8.19736874108442,7.366401053077086,4.029254105494125,5.507235016555405,4.597963245700089,5.606423106399519,3.469286540075217,4834.0,521.0,565.0,790.0,976.0,966.0,763.6,240.0,161.0,289.0,850.0,385.0,5813.96484375
LPL11_308,LPL_1.WAV,-407.7102330001832,28.956526270256244,-216.5246193618763,-28.234037733470988,67.85550585439371,-26.13647166083207,-1.106416029436959,33.158336769366905,-9.9482684736667,-3.5659737665110853,13.734579595459621,-2.834980330489646,-2.849594117734375,-2.485951922762747,-8.173834991102368,1.4578683415320295,2.9302230777894196,-2.964231631536004,2.464812390702134,3.169591533629537,56.43866963702611,43.859010329571966,54.65660717862303,69.32428948243872,36.918405933133116,40.715705465811205,25.398597740274823,26.47559542003561,33.751566581376295,12.706570287856954,12.114922933267056,13.522323272407428,9.098913328902208,8.977074880467146,6.763729628017256,2.9584911383366777,6.344327490637439,4.647894624559674,4.035543641974072,3.772258565508142,5121.0,530.0,658.0,840.0,947.0,955.0,786.0,161.0,152.0,459.0,939.0,427.75,5857.03125
LPL11_309,LPL_1.WAV,-384.8753540359468,2.5841376787967345,-209.57309037484924,-6.46147260923862,48.67068365807429,-22.4664251965965,19.34345174525861,11.743682565202505,0.8610883400791755,-4.058337831017597,2.004299754915884,2.0100585878066144,-3.7614857242396327,-4.521471824112553,-0.41454910267601247,0.3283435599380346,-0.3084003101650768,1.3567512588218265,-1.4068121096883985,3.9255866123574967,64.3879262977268,34.79657458660567,56.32123728439313,72.75063156623521,44.51999639022528,37.07407686395819,22.78325088560075,16.336700348393055,41.620487929107284,13.47260268021855,12.541622265289908,13.18184374993036,10.320566972474472,12.233541461404256,6.694244771114232,4.782536128954846,6.41401349045236,7.428827819775998,6.756424599409461,4.740477477167014,5196.0,506.0,604.0,829.0,964.0,958.0,772.2,250.0,185.0,555.0,881.0,467.75,5857.03125
LPL11_310,LPL_1.WAV,-403.7474292372545,19.555487366420635,-217.69198576938524,-25.860976081981423,57.84299554742686,-19.642501616804765,-1.1178412729551044,21.157128722612157,-0.9070307310123266,-4.360128215854087,15.7432396569666,0.37258542441434167,-4.233733496952865,-5.034439283171847,-7.3375038300969075,2.8058907462096463,-0.6353913924028933,1.9349072618156724,-1.2744798207400907,2.6481641304745254,55.116064328985004,45.81055233778563,54.59537464780536,82.6813274036457,45.28321699012053,36.6898353193133,25.94993274949263,21.35617593101733,36.23892895589868,13.207642716611677,7.303035523897474,7.771922466248982,6.047090454584763,6.195290451614339,6.696526247694477,3.9292523535351975,7.898261298400882,6.101362294066175,5.564637884261082,5.054189867604583,5043.0,510.0,599.0,817.0,935.0,973.0,766.8,245.0,193.0,462.0,825.0,431.25,5835.498046875
LPL11_313,LPL_1.WAV,-380.0651123640042,3.383665583457971,-222.98010532174987,1.5785666952064314,37.28294072984587,-12.738357418276344,9.434143929990498,10.781075018568046,3.817503414803932,-5.882483978164192,5.70994456248169,5.398055414594105,-4.08881775184584,-2.952568828968719,-2.662871732693519,1.5900742029685886,-4.982345623572453,-1.3855065295189162,5.386515953739827,-1.662539618723499,70.39419450384088,33.35873161195572,56.913236570398475,59.42601124045807,54.0643877804849,36.622569229858485,23.54694847690779,13.272971789776623,44.91686987263034,11.31739591978879,11.403506116636784,17.224563229586032,12.061026418589677,12.614540974510993,7.3224770284629885,5.350431382479598,8.311964238667159,4.8751151559663635,4.4132869121450256,6.175343555769316,5508.0,577.0,675.0,855.0,952.0,972.0,806.2,164.0,176.0,715.0,942.0,499.25,5878.564453125
LPL11_314,LPL_1.WAV,-340.66203877801587,20.217237396463933,-210.68088740555385,-20.10078632233718,33.08702596020919,-45.17545008120955,9.793829759801005,-16.94162462136623,7.0236042192034756,20.90050116073605,10.4489613478509,11.189004026590876,2.8953542657931375,-10.46397890907362,-2.531366513337484,-2.936653822783875,1.8118864232885121,-1.7445177494374562,-1.0450282777128173,1.8808035580360882,75.13149948352232,33.45071947345606,52.96482589107646,67.67547571535088,41.94527018908049,32.25177922199179,25.830784050250433,21.984525505790387,37.39243602405443,13.616777917239354,24.67306144639646,16.17431389034678,6.147951848763016,9.327422146367425,11.393903879961675,6.533310365157032,7.362635780034288,7.957985814465074,7.719212086081094,4.111872273675247,5041.0,532.0,656.0,825.0,913.0,958.0,776.8,170.0,157.0,396.0,962.0,421.25,5813.96484375
LPL11_316,LPL_1.WAV,-372.0481373085363,16.345777788133145,-228.9453998220557,-43.6908514910312,43.598002132597294,1.5913928463117806,5.078683723602848,24.227198279807983,11.579198565521816,-8.567588374096337,0.4090876173639666,-13.785833514072797,0.15208256386686245,-2.1487221892493995,8.614718500342427,-0.24254973164896157,-0.868388075540938,0.2687265501613591,-3.0933644153498014,1.7222996070169332,61.47008033023938,29.91034935402382,49.64315445976124,50.27101379084325,46.180907812701605,31.651578588192624,19.42414491575747,25.437530538947318,41.39510417948239,13.28865277491751,17.893753791899595,10.87380143061732,11.788278593396763,21.03961283551866,10.908979496568026,4.970194710597542,8.327862253252414,7.153718367026115,4.496936655158486,3.962690148580488,5274.0,546.0,743.0,755.0,910.0,871.0,765.0,172.0,275.0,584.0,955.0,496.5,5857.03125
LPL11_320,LPL_1.WAV,-371.156790011507,4.51644315915189,-221.7545829157713,-1.0255035915627833,49.10667315202434,-14.568452385854554,1.9382195755384772,6.2808171967300055,13.83364413847582,-3.2225431245716503,2.339163413200221,10.801624770064512,-12.178323287304856,-9.03701538211417,1.5583877849087409,-1.5690291149754656,2.173579361078155,2.0461692257522013,0.5500135348955905,-0.5337636942218278,61.30579289171821,32.01769061524668,47.83500259498616,57.58144880476268,52.387604733828994,36.71714515924523,22.00974137464044,19.886361407576835,41.11741515850011,16.258854997190628,16.051337634685087,11.223556392723715,8.305057673766798,6.080166854772893,6.414650473599317,6.431613985557446,4.996083616440709,4.728263757160212,7.494063217272804,5.763942077121329,4897.0,563.0,626.0,852.0,965.0,1007.0,802.6,229.0,156.0,278.0,741.0,351.0,5857.03125
LPL11_321,LPL_1.WAV,-339.29697938641345,-14.337026317107977,-200.1501821988192,-4.9968357741507194,42.59759348125875,-5.646078248975535,-23.548255435168635,7.503198757416962,11.062357883314336,-10.584004385766132,16.3555406980618,3.3336988328178565,-8.40942406755029,-3.7838630768911203,1.3431574523104237,1.2765074698000602,1.208489011124572,1.7666676147940716,-2.0749668289276784,2.734995558716625,84.5330356903079,32.4152586594109,43.00390989975045,57.2754773271555,57.76845437127766,31.69188035002758,25.96621250003065,17.316725239864542,38.72412574075164,18.95552567971499,18.09820800651394,15.328215879653692,7.1402175894386435,11.645378851967514,9.97034701022311,5.912324621029118,8.120493727174946,6.695788610759617,5.247675366462493,5.406218386934268,5011.0,564.0,653.0,802.0,946.0,991.0,791.2,202.0,187.0,417.0,765.0,392.75,5770.8984375
LPL11_325,LPL_1.WAV,-328.8658319843086,17.67106731157995,-205.13220204485287,-34.747341091161,38.1226024383261,-19.32145056014781,-11.081737339066082,-12.895973595289682,14.18846479332418,-5.413311211839271,3.29562108662209,-4.685292141201392,6.919993190673704,3.959704596903184,-3.333535033660563,8.20043285009321,1.4344835174081423,1.0704445477791273,-0.016741894741965482,-0.7811715499538568,87.15761841111275,31.924282366254353,57.73046781588439,67.0091016507981,59.46466495981948,33.99672513296438,21.31049439797451,31.298258953539978,42.43053064792635,13.846054660792229,22.364026916576183,11.059606224005178,13.289355342101217,11.150545560575349,8.452764928873648,10.831347584504366,4.719470851407971,6.792522834218624,5.128235948914497,4.1435786975256494,4775.0,546.0,644.0,773.0,964.0,976.0,780.6,207.0,156.0,283.0,761.0,351.75,5663.232421875
LPL11_327,LPL_1.WAV,-385.1634446612408,16.789358073874702,-212.30119317229276,-14.72436666132638,54.85306954972343,-10.304159246462891,-4.6571560478398,10.574564313620819,1.48935253396508,-0.8548950036287001,11.088843012752738,1.5185331429581543,-5.826639590630212,-1.3971092053270622,-3.0811046561161133,-1.1237919062901998,-0.3681445626240316,0.06474019725409924,1.7437097665618984,0.7948116434662938,63.03328845587129,41.73669354263437,59.24441042434614,67.59616804504469,46.04130859044375,38.48289363667896,26.91514419987321,22.77332332488513,38.88092316901658,16.9839456725551,10.362414195039927,13.473535123546881,10.222801143918934,7.232769542029186,6.266298987032976,5.843834237026601,6.455195688560331,3.9528780759727447,4.037819280547763,3.874996007065985,5368.0,608.0,683.0,870.0,993.0,985.0,827.8,188.0,158.0,483.0,932.0,440.25,5857.03125
LPL11_332,LPL_1.WAV,-359.1481513641403,-6.314062935581452,-212.18368335965687,-24.49202771001866,56.33118756208816,-18.232458263831724,-2.976919528671263,-1.4924166059210169,16.890098873782836,0.7841649383179387,5.155180147962811,8.644351892814738,-0.952730839632583,-8.55943504346685,-6.3696822049135795,5.714679410270899,-3.1169894675614116,0.11840574566744606,-1.0523298668586738,-1.009130734437825,78.66585243148877,27.980491721211155,46.69899560623587,67.75929387678134,51.30181845118918,37.92189101459694,22.107810101297087,17.265508973820594,44.488699672685954,13.61158200540141,19.671127798910028,15.560565305255837,12.356163282062669,14.683237312299225,6.789972087346295,6.4713787957989535,11.286884419911738,5.242836262789903,3.7452120491136207,6.443332581220963,4947.0,548.0,686.0,825.0,901.0,1046.0,801.2,141.0,198.0,377.0,756.0,368.0,5684.765625
LPL11_334,LPL_1.WAV,-329.9212382748709,18.70738262871733,-187.94445913521824,7.10202203809346,51.699600644664834,-22.156208604540335,14.32011243891339,-5.716130253580712,-0.08222008814096249,-6.68671539365494,1.979370281026281,7.40876979708991,-20.41848134059597,0.9097215999842486,-0.6693740703963749,-0.20552065117589102,2.3753234299825814,-1.9260847324056296,4.469364805783408,1.1532468145612758,78.62430103462087,50.228327446753525,48.85933621380066,57.346775880235896,41.26478211876424,31.52687683782567,25.122914300426476,16.516260983658164,30.58791197257607,16.304973824845394,16.84191690711831,13.732460771520905,15.089423948529518,14.915385685865463,12.896129857835732,5.2234023135050744,5.245017222233024,10.452584087215685,4.542486706022779,4.132023462734264,5211.0,562.0,652.0,862.0,913.0,977.0,793.2,181.0,178.0,457.0,937.0,438.25,5921.630859375
LPL11_336,LPL_1.WAV,-352.75989272697217,-1.3821049357700546,-199.0461257966139,4.811490893756499,43.02075884161106,-8.635094681041398,4.80299420167405,0.5255467995820758,4.925112449244211,0.33512172538372226,5.738936586223424,0.738766761836766,-2.661381188904715,-6.737804575686166,-0.29223707577646646,-3.556188568621007,1.482215525250644,3.157919131871493,0.501314313318272,-2.199939559245247,68.7379487289259,34.85575527036807,54.15755364129572,77.01940454330052,59.279138128532935,36.55949644665637,23.03983928336454,16.894301115469275,36.180277072363104,11.60933431857083,10.698558705342894,12.627713823530987,11.463903394381255,11.187378257763017,9.669106834534912,4.375337295291651,5.668309376465194,5.909945548769734,4.649359844477696,6.618156432525193,5139.0,528.0,637.0,880.0,989.0,982.0,803.2,199.0,138.0,499.0,812.0,412.0,6136.962890625
LPL11_337,LPL_1.WAV,-356.12441749683626,-0.5145089398919384,-208.57928798635527,-7.017662929315077,33.1413780080268,-4.541666138367421,-0.1804524047750536,-2.028599513986696,17.70413991918195,-7.417833038104096,11.338949208861454,6.018823424974918,-1.6018164409379054,1.9655484210013285,-3.8089701743783655,1.9109091401634517,-1.8680971449542036,0.5530644943875068,-1.9446327318732286,3.2435000410212194,74.96424731314578,42.707188164384924,55.59013904536524,74.9354463725905,47.393933747114495,28.91566566569301,20.691328207341087,17.18111726434595,38.5923865931969,8.652642025262985,14.988788256131883,13.819046876315833,7.89130745436704,11.282368868964515,6.149935820120813,8.645844960051544,9.13265840222771,5.054781429875595,4.8804826621429545,5.179682081443907,5485.0,532.0,584.0,836.0,992.0,942.0,777.2,257.0,154.0,684.0,1028.0,530.75,5813.96484375
LPL11_338,LPL_1.WAV,-372.39294728888046,-3.3588503074556924,-200.91686436091476,-25.016102448104995,56.104536747168034,-11.881806233070629,-2.1878615187515886,11.864934009572242,-7.689750255242514,6.8950994900279685,10.737539881035756,-2.0129835907690397,-1.9300679273156864,-0.32011045889725104,-3.1315277938477903,-3.089240711035737,0.6773619928712981,-1.0191086891000394,2.3854712272293233,0.07917427406370553,76.98450279208606,29.055159277700405,56.833447872165415,74.1783166919759,48.29859282169402,40.15250224745403,29.338726413280366,21.440267333789432,38.652253299854664,10.873615737447416,15.409907146747866,16.9301725653741,7.8275872499358226,9.503524150705033,10.53668580626264,6.840929421419926,6.88867973830315,5.910943049026385,4.619086959918471,4.695242138155087,5352.0,532.0,644.0,851.0,976.0,977.0,796.0,216.0,178.0,611.0,887.0,473.0,6136.962890625
LPL11_340,LPL_1.WAV,-367.63116278077683,-8.334957335836423,-208.4586007354997,3.609009807312089,40.28883134721687,-23.569806860259852,11.280054570746639,-2.0576550736826533,6.81676769710656,0.3523766887037555,11.08602807554509,7.170244692071531,-8.560252380082794,-3.9162860060688307,-3.7965769733020998,0.2654543359475912,-1.915460557429364,5.606945737218131,0.3264824644577835,-3.4754571452270477,82.82370347182275,38.69931815978499,58.37538610758491,71.58896812973829,50.674438937564474,36.19309637455963,21.964427596165613,16.801640248472705,35.35112109596528,12.267700249468632,8.21513184969719,11.341238690659052,5.932488915264942,7.272876429963703,4.699003149888009,6.394359076825525,12.656061110462423,6.650550134399342,4.208182655581523,8.077349021016627,5678.0,593.0,688.0,897.0,977.0,972.0,825.4,151.0,153.0,754.0,1009.0,516.75,5878.564453125
LPL11_342,LPL_1.WAV,-349.21974513756186,-16.39502574916875,-220.00465709774736,-0.8587776706480916,38.83847807598148,2.6425989757935366,-4.947391225223199,6.1940617997534675,-1.2118649925514502,5.692443305695169,5.807267679585959,3.4863008481896127,3.872254739253966,-11.437051846365753,-3.3025736871145335,0.2785452970362867,-2.6882024986445052,0.4963113948227522,4.242900948485828,1.5190160800693981,72.98315873517788,33.57197864082256,49.901520648477124,61.9913089772667,56.105221385264414,34.914315454541466,25.42138267599439,20.849315789165466,35.131779231893525,6.506670745218769,17.213706056616026,13.027382458080984,7.454284406045922,13.988590211489369,9.736378208413255,7.181799189489786,8.21821551845002,4.731445494329706,5.80848929994081,5.870842943956568,5124.0,557.0,690.0,853.0,966.0,978.0,808.8,143.0,162.0,532.0,764.0,400.25,5835.498046875
LPL11_343,LPL_1.WAV,-353.5751811749653,-9.176895872308979,-219.55960173971576,4.605550754452779,41.718434621851834,-19.309582236687167,0.7057874774369308,0.07232367768939711,5.660850119732673,-5.070048647947851,14.877392338622878,3.027854997555018,-2.591643703223966,-0.4250717521432912,-4.858728310813213,3.658837152060469,-2.1212889508959374,1.3627721777646122,1.3308290950618107,-3.221756385886501,81.33692033805333,33.078101707957586,49.08957288531566,63.65419547543827,55.46256232452072,32.9179809045911,20.973381300092065,13.78189644701711,39.893063280537405,15.91951874194753,10.265886362544475,14.475371303851913,6.889100709086974,7.907740407874478,7.261305070312043,5.649220197634898,9.338165367095037,5.124619025168074,6.4091301184341125,5.500805415491116,5299.0,576.0,651.0,884.0,992.0,983.0,817.2,211.0,143.0,499.0,885.0,434.5,5878.564453125
LPL11_344,LPL_1.WAV,-342.7866164475438,23.848528660262442,-197.82729340846342,-11.785197093499638,53.599290037335905,-32.041773255238034,-14.021801778701734,2.7744287821284237,9.716452386708694,-3.9088112164709385,14.486172099142268,6.370625652795849,-3.854915185451449,-15.975788053123981,10.930568789533496,-2.034952174202397,-3.8460582720441736,3.1339300068153415,-4.0609986027981835,-2.805641517319757,71.59328442490569,35.7577593663517,45.30464110641321,63.262894354276426,38.975474491036174,25.919100385836998,18.596648406483787,21.423495082587493,36.16973174777196,16.652848513139418,12.303514670316899,12.275782628528184,13.185184012324711,14.44374310427641,12.492340019152767,5.294740241783784,10.00507218108747,7.246286068254983,5.637143246461915,7.0294934337634265,5046.0,565.0,692.0,865.0,891.0,990.0,800.6,149.0,146.0,372.0,894.0,390.25,5835.498046875
LPL11_346,LPL_1.WAV,-371.78460837687226,-7.289441865220382,-216.31750206317614,13.752026826559739,39.00418879606116,-13.390553536864736,-2.0345768130992266,9.76373588041421,-1.2763510693169986,-0.8404240716806182,16.772243099477084,-5.114529197508673,-2.8635289452964536,-2.328206557314327,-2.5572827202978017,2.610135516870933,-5.6651081439548525,4.686133669881485,1.3478179318985644,-4.259821031933505,69.01038050587431,44.07582520680746,58.09794985917713,66.4102030879356,51.16425478459497,29.744790874258406,21.53970376755222,22.857305900205777,23.23286836902107,13.504602803040855,8.920616876996569,10.864608447564281,4.636773556531073,8.72258519374524,6.658806959880009,5.787234289899301,11.21511813561763,6.8036690309113785,3.6023889487514698,7.924131114851947,5482.0,565.0,676.0,889.0,980.0,948.0,811.6,205.0,143.0,629.0,972.0,487.25,5900.09765625
LPL11_347,LPL_1.WAV,-376.3931180508437,-4.056179897242575,-217.83718590352046,-25.52188412185165,59.20579610994858,0.453757256798049,-17.86257931906125,27.030815476729504,5.685988599053578,-12.105519793322822,12.889743474874022,3.650095778284201,-19.142410834576832,8.599690394027787,-6.738799415637418,-0.3841960763606381,2.589803298508091,0.6210407132652253,2.5993969775425274,-1.6113186628655196,68.63854777496893,31.424972955353923,47.330802993230385,61.23212012851751,48.14142671135707,35.069880557199106,24.51767647285943,27.788863821107512,38.49505840344092,18.45302920251152,16.451796191566856,15.472286460136635,18.80941716983495,11.524201250096406,7.960279313070965,4.322666541914399,4.501583854984269,4.170597133205867,3.5953872385551437,3.6345566724627725,4970.0,563.0,659.0,838.0,978.0,999.0,807.4,210.0,164.0,243.0,835.0,363.0,5857.03125
LPL11_348,LPL_1.WAV,-350.68342309455875,-13.950586653797156,-217.96492730692808,4.2295055710494225,40.57401901429611,-0.9074625891235903,-10.896139209716386,3.4786820126340263,13.254950219227362,-9.093070813560798,14.072131871754191,-2.721207796057989,-1.2937167072331688,-9.45871988809132,3.020527561170386,-0.40415995543472855,2.046921534889476,1.2684556947391141,1.7788133797032468,-2.7512114625972743,71.47137387765174,29.13391242481438,45.08964586819275,58.99881906291452,55.386370053647276,37.47397571924482,25.1140598293487,19.897950103937788,42.51996300759748,20.54934571946355,14.863550605186058,9.996994742319863,13.655954414980918,11.528198459328975,12.580333917211835,6.6677744934434875,6.938771598005986,5.391971442154814,6.354357707946429,4.856611469192956,5028.0,575.0,635.0,867.0,928.0,1008.0,802.6,225.0,169.0,368.0,780.0,385.5,5857.03125
LPL11_350,LPL_1.WAV,-284.5814282867496,-12.919095152376178,-158.2844935142791,-2.6912424420036984,38.00117911679511,-4.392577135704447,-18.747126123060344,-2.070409843906645,0.11824887042956196,-8.174420366659513,19.50612275050425,-3.7952400595262765,-5.022742730205938,-2.7222997077450795,-1.885374196538673,-4.461710256575646,2.6618856466409646,-5.537219569699584,7.47811519096457,-1.4786582777526904,87.95718076977954,31.455436594339726,51.58232728790648,69.94291592974443,46.023827923989224,30.327311714963123,23.35109430429111,25.983316265920084,25.9963043215358,11.163282133673183,20.22875375856678,12.589927370049807,12.10943083867248,11.741870193282335,11.663044837147906,9.322335208503302,7.905788584857815,7.819812175152387,5.022336965733858,4.263811281000869,5151.0,564.0,604.0,853.0,873.0,941.0,767.0,232.0,180.0,356.0,1056.0,456.0,5921.630859375
LPL11_351,LPL_1.WAV,-366.211099756749,-3.8804015904469167,-234.0757507799806,-7.110729675620546,50.5112589053053,-7.31863002805518,2.6551146296765977,21.05961658283248,4.2825238116646185,-5.496788007328672,1.8994100067878543,-5.328645480998782,-4.90020131017222,-0.5545149105877532,1.5092885634892952,-2.996198835032617,1.847047804304053,3.068238401971669,2.5408061683890564,-2.5469877127008265,65.86109357993325,27.30956440436911,49.0232322259821,52.154317823779856,54.204138967879274,35.1787111689121,22.402096247049904,21.405473448568408,35.74487059365417,14.805755427669778,15.783114567284558,13.96098823705733,9.687185720807877,14.058589338112359,10.799429408359543,7.020038851497912,6.7340082803959325,7.78284104324098,6.297256751785814,5.630996068931324,4898.0,546.0,645.0,832.0,978.0,988.0,797.8,206.0,174.0,264.0,781.0,356.25,5878.564453125
LPL11_352,LPL_1.WAV,-365.34267410262055,2.636636587422807,-227.02810498009512,6.5612975578745605,43.009048160441274,-19.231639447083044,-9.88497200309866,5.887297598621274,3.517657912330133,9.650527050984614,11.92618427174502,-2.446260109213984,-1.6110111214066236,-4.2246243326196105,0.08238087098976665,-2.0493784052305966,-0.6729702137465422,3.519276027268893,-2.793297273896748,0.8487295153383424,71.70446988879513,36.326753294821884,50.55987864179091,60.289123421503895,59.12051643366459,35.672373341701196,26.12201568625911,21.087022357986637,31.361344689173794,14.030315142042697,7.640215865920158,11.306998530227155,11.209623547765021,9.36746788834551,8.74407931587056,7.834709451984926,11.249001630446338,6.30564006642428,4.72277162161286,7.505399333733993,5100.0,593.0,685.0,873.0,940.0,983.0,814.8,138.0,179.0,414.0,818.0,387.25,5663.232421875
LPL11_355,LPL_1.WAV,-343.6611678738256,-18.70564101285386,-213.80695097638272,21.414004432212348,29.742789208342725,-0.6926201179657075,12.085006769078936,-7.264120417816802,19.518820084765437,-7.513121163572635,8.541989443929964,5.618132511815241,-10.084707596147487,1.524725008094033,-0.8548526317823998,-6.241918194715036,-0.7017766164266748,-0.9017444102795237,2.3142208067292334,-1.288423265574646,74.63624932891385,42.2167898866265,61.512299639952815,63.62645463591188,48.29257114376345,30.1009603813318,20.235343461774885,14.765678257252228,40.19718172230327,13.522154719147848,6.821085412269063,9.075535283829169,7.30790089791798,14.090389575991173,7.337962632423499,4.754940445439916,9.867643746782663,6.162685706998607,4.834566898667142,5.056469778296914,5218.0,540.0,675.0,867.0,954.0,933.0,793.8,192.0,156.0,496.0,945.0,447.25,5921.630859375
LPL11_359,LPL_1.WAV,-337.15504479002914,6.732717934246953,-181.87766920563234,-8.398509620850817,57.223446918664045,-31.52946037945782,-14.35536873317824,2.382185390289063,3.0249438347821815,4.026777945728605,-5.2785111134305795,4.897221257174413,-5.014562359196086,-6.770444820128331,-6.518251784534961,4.637910082078683,1.4707964532101723,0.40317672002176147,-0.3272949975891843,6.414351719292824,90.54964623044869,39.105264956337464,47.74766974718641,65.40100640032945,44.397457654218925,32.47501624080827,20.46705475052749,18.01844765723614,27.359402455118815,15.485122786573502,26.79533929325819,18.682687522707877,11.160185923145216,13.599636081100888,6.781922992740206,7.744530938150672,7.883515586753737,7.020196081453065,4.4406707828194065,7.402479558377272,4967.0,596.0,635.0,843.0,926.0,986.0,797.2,203.0,148.0,335.0,830.0,379.0,5749.365234375
LPL11_360,LPL_1.WAV,-371.98018502781997,-4.929551064836006,-206.7633132784495,-13.714254774793252,50.35602094568859,-13.998205244723874,-13.017375144909419,20.03319215967832,-4.366410498345158,4.804073732396105,5.200293781638437,3.7859282087258808,-2.2725897520189506,-5.882785782669661,3.101333527766144,-5.610804413305215,1.8603220089124273,1.052937027955935,-1.1406359629668614,0.23388670624057037,73.25370915975329,33.30628928807148,50.874937051161595,73.82150265241043,47.80599903998529,34.52853059688455,27.29319940797554,31.761170847139642,25.21422630890605,11.715189692250714,13.997558881181334,12.684226857554926,6.902488865871711,11.271026661820162,9.338029411639722,5.151352797524595,6.716875644802989,4.616831315649792,5.191356303812569,5.684023817147425,4889.0,562.0,677.0,822.0,984.0,982.0,805.4,164.0,159.0,264.0,815.0,350.5,5878.564453125
LPL11_362,LPL_1.WAV,-384.91450741188936,2.7274219188418543,-205.1082309076242,13.772042770407399,35.94688451174111,-31.14690960581506,1.6477316059257128,2.303123022157129,4.348117361718431,3.6893176443045763,9.432587911261571,1.7103840653965952,-3.471013497164429,-1.7676309249653883,0.20332336258029649,0.36736720094064096,1.5644331333813437,-0.5244167317217867,1.7153224562743992,-3.8288107069185866,75.67755190270064,39.31784750729674,54.00980354266684,59.84922882400245,61.45181082166416,32.415600492473644,23.715805759320496,15.84791412221944,38.993808269337556,21.32326378696341,11.853239920438295,18.699546404362113,4.476843465019465,10.078324680960645,7.172940503387469,5.721875152796138,7.267555148978869,3.529461006525182,8.149700932564668,8.966892299867814,5575.0,594.0,719.0,865.0,982.0,976.0,827.2,143.0,171.0,721.0,950.0,496.25,6136.962890625
LPL11_374,LPL_1.WAV,-348.53605133942693,4.796506827163459,-199.19757573373812,-32.67427669346117,32.23363759223682,-11.77514248267847,4.573331375581004,9.850819051698034,1.4318330308402543,-3.0040234775157866,-5.513694257295368,-2.3149866748917596,3.215544726450612,1.2214641337630154,0.40755916902891387,3.079963116914894,-1.9193936584839677,3.0804113658458347,-1.2277511057064487,0.025854979761496998,98.14903490660083,32.95241013582092,69.34262205834835,73.0882199599635,38.70373920074618,34.12090307658259,31.31714473153682,16.589823927250226,31.70490581122672,7.277978605413998,11.939373202943196,15.608898039251201,8.0447300133865,10.908822062192515,8.624243003437394,6.443742300036724,4.70783807266099,8.886835421170396,5.145423288598306,6.44945995721992,5584.0,524.0,604.0,838.0,998.0,933.0,779.4,223.0,162.0,768.0,1062.0,553.75,5706.298828125
LPL11_376,LPL_1.WAV,-301.01241070864836,22.982680848255725,-175.25066224259925,-26.133060494752844,42.36717289768541,-1.9852951934477758,-0.8329632109087859,1.20880500612871,4.738341098158995,-13.523363269633386,9.731560054883628,-4.545742015608113,2.6876255379973895,2.96186070726189,0.1898243005389755,4.049033353706679,-2.60530463335422,-2.9680203479224123,1.6565168929174476,-1.260858364712292,99.77757837292876,36.20868895443309,54.54793112170387,58.924154070617455,41.346314168599825,29.296114776897102,20.945834729830917,29.600425520456508,27.295695914154045,9.772332962175701,17.33520105280902,18.786188375532305,7.288458744919156,16.255461120198227,5.882369724970499,9.7546276312845,6.805911651724449,8.530213793710608,5.8364467395300235,7.036406170706509,5214.0,589.0,596.0,750.0,1086.0,909.0,786.0,212.0,170.0,671.0,772.0,456.25,5835.498046875
LPL11_377,LPL_1.WAV,-379.40870721106074,32.12598948732702,-206.15687681053598,-22.263226459041693,60.36099708163267,-21.26315839737116,-0.9706726748043089,0.5580363429526507,-11.042472604941713,-15.23042271985026,3.4133477605624143,1.935753060835861,6.850369616676875,-0.42953598023726314,0.7153663732844965,0.6178065128728408,2.7117376501002117,-5.007426179026724,6.68683278658755,1.2903370631686442,74.24451537134854,50.3916059908391,59.807999699629505,65.87174766559602,37.295411604006404,41.67233422046402,33.25158003979274,17.7824483340904,31.368365670839047,18.970157585096047,10.58147937259354,12.942589146924412,8.621312748121053,8.930057049220492,10.391849300314602,5.7086078858519365,7.246824347050756,4.678706897418913,6.5626917750196085,4.556758812913084,5426.0,495.0,629.0,829.0,991.0,973.0,783.4,216.0,145.0,646.0,1034.0,510.25,5813.96484375
LPL11_378,LPL_1.WAV,-338.1943493434725,15.351237912275554,-190.14412176155517,-47.560064321763505,39.34251186412023,-21.323528495941055,-10.255925967293713,22.647044036041297,7.072404511643217,-5.726205901370671,9.857582629092375,-3.601488082402404,-10.278215287775994,-1.1105064641358056,5.8175280010233426,-1.5911024729163172,-0.8390929999629748,8.118043277741387,-2.7419344489038755,2.509322281403787,83.37340719930978,36.76596705304419,57.60304506543631,64.96191367029283,29.794273311689484,28.416494502835015,27.9321737741866,15.836817677122077,18.93635012064498,12.28514326579753,8.363098060919643,12.402102109389947,11.717364404060643,9.143996694920297,9.204062540435965,7.461937860903295,10.31331189108007,8.944173099576334,5.732286345456678,4.454577689153811,5774.0,648.0,660.0,834.0,934.0,831.0,781.4,298.0,213.0,795.0,1094.0,600.0,5857.03125
LPL11_380,LPL_1.WAV,-300.9396540607741,11.976869950308304,-192.39501587022932,-1.5404368153990005,18.27290590590508,-4.283157878583904,-3.3789748461771536,-4.538317239264736,-9.147481321717118,-4.3337335317468275,-8.156079240076245,5.746540207338476,4.202100116364292,-1.1991159195559025,3.967002761533713,5.171649726622369,0.43181493638318946,-4.132204422329732,2.285459181922058,1.510059684534336,114.6195071543933,37.20125462235225,59.915723501676474,55.25998120264682,50.54791766674873,33.210511872559,24.69391014776554,22.075865230996467,24.527232189287382,13.251468675344931,21.33050607893171,13.793925658148234,5.762426294765697,13.965947974641464,11.587770543397117,7.308642785830372,8.503731673037949,4.956743235106788,6.284391850443062,5.476537088524489,5450.0,600.0,661.0,703.0,932.0,928.0,764.8,181.0,217.0,765.0,997.0,540.0,5770.8984375
LPL11_381,LPL_1.WAV,-336.16809372646355,8.97730949798494,-197.68834538382544,-12.459249297494244,26.454087330121425,-7.355665152918521,1.9225453976157656,5.339507778430226,1.60480725753263,-7.799038344387252,-1.4469573048460973,-2.0586839295021098,7.828431402370118,-6.22009404643052,-1.9658225887001977,5.163118986479279,-2.3598336172346843,0.5668154162238124,3.6538037682736473,0.3184399462148344,102.87637233137754,40.60799454767823,60.77127847461139,66.37219958004174,48.02099249165651,34.652626798350234,25.985303877969383,16.374015885778967,34.856176397928365,6.119090521132032,17.485378898659103,9.868362138403693,8.956634874726953,18.52135772602203,10.315651207927651,5.697015071132179,7.372807627850783,9.32282834002825,5.4571103333333975,3.932623962961138,5445.0,543.0,620.0,784.0,967.0,946.0,772.0,212.0,169.0,750.0,977.0,527.0,5770.8984375
LPL11_382,LPL_1.WAV,-347.8167949716876,28.17331219786483,-198.85315453075614,-24.88114632713013,48.771313634788974,-20.05547096391152,5.972274001640289,-2.5641076921749284,1.6516848553983352,2.2865267984387203,-3.4008429094666672,9.31990331756228,3.585229810825893,0.6290885614552678,-1.5973742005347582,4.029625503583747,-3.4366077347457695,-1.8985032519852927,3.5699421393746054,-1.9186831335954437,84.50867044090829,51.53221894789753,62.14007899875191,69.4445879985026,38.11569329567188,38.48549957359043,22.76431423823083,15.520351159581232,35.14079513210003,14.761049728271965,19.522586730388895,18.363721654326703,7.169072554953184,9.321887155394068,7.427304950636453,7.3981607498721775,5.382199403885117,3.6397423998036222,6.562444205162595,6.544923398106785,5418.0,572.0,644.0,783.0,953.0,951.0,780.6,215.0,161.0,692.0,963.0,507.75,5706.298828125
LPL11_383,LPL_1.WAV,-310.59219562226133,33.01497373166669,-184.25234659025446,-24.449927152683795,31.46392918899404,-19.4942398517288,-6.161440021895587,10.141263687342553,-3.927893888738387,-7.703646457654637,10.396540647736082,3.6904229464326157,1.4952427968504645,6.158832970088938,-0.9833419439600414,4.347238676962462,-3.220058151425282,-0.3451978738548958,-1.6384832265917186,-1.1756129728095064,84.3686342354333,33.87102882425819,53.935159388537514,58.50937190884661,34.99648534627289,37.26420057309775,33.64887111666223,14.856538091565149,32.99942735977998,12.09696346335216,18.6723487712908,13.575171822335928,10.107899510314082,10.948160558915697,8.724786535654276,8.653587010026335,7.06486788102443,5.298644600580649,9.034220523584159,6.710161222999125,5479.0,523.0,635.0,840.0,911.0,977.0,777.2,222.0,159.0,669.0,1062.0,528.0,5878.564453125
LPL11_384,LPL_1.WAV,-358.3873558558268,7.027878931483047,-199.22110615222954,-31.387697162724724,52.7581107927036,-16.9209848835593,-13.954545373579121,-4.4067504396012165,-2.9759240796812194,5.3006693164127885,3.9405627636043272,-1.4156281015387442,6.50185706189073,-3.623420818774272,0.45610731566581103,-1.7464566441317038,7.951582069818471,0.20296766062828278,0.3255750971368988,2.3229848585855626,77.08294622434164,46.04996064849239,64.6882038839862,92.22817001384057,44.915038553037206,34.33409225609543,34.388363185228606,15.082785697339862,31.882138403689165,12.293696381106214,13.280155870700876,10.434530397514727,11.235114401236876,10.524453004444053,10.537889080070045,5.584825241250237,5.8636090975452495,5.75428064172808,6.031880096418833,5.567039444412878,5081.0,521.0,613.0,838.0,974.0,978.0,784.8,198.0,161.0,467.0,862.0,422.0,5620.166015625
LPL11_385,LPL_1.WAV,-315.0614821734458,7.1969640139604145,-171.9573380228541,-3.782246444432827,39.11706014126443,-13.798045284679105,-0.7230431759158924,-1.0809269466521778,-6.1093571250502405,-3.848374297134622,3.2378714556593486,0.9676468376785159,6.320492757300478,-3.349059761771191,-5.102324800381962,3.606318306579474,-7.850471330426193,1.2887229507397484,-1.7527169893231778,2.839145935254531,115.67172150254119,35.60023934069222,65.82740317848732,50.694238643504626,48.27313305720831,36.641304421788625,23.25465719852342,15.624628459117279,29.680372983400147,10.322044816807775,17.46706744616441,15.992994206196203,9.197107173121337,18.202632942596615,6.354628496237463,9.487876297521803,9.250487264629026,7.061633070130726,6.145051423502815,5.767883913096439,5477.0,523.0,679.0,785.0,963.0,978.0,785.6,169.0,155.0,812.0,946.0,520.5,5835.498046875
LPL11_386,LPL_1.WAV,-334.5010574106521,2.592793126005597,-198.1952356983972,-16.121231559753486,38.71949184242815,-6.159589535090921,-12.852144308936191,-7.7318355685551055,10.454545007739226,-9.733725018788057,1.2930404084111706,8.245592261185207,-1.8096702248898788,-0.610708939840416,-1.6734628777575524,2.6190203654192517,0.9030379382957124,3.1030858056124293,-1.8915379087011062,0.5846291385279659,86.74334283623648,34.74727962988088,63.34527264467801,66.27936738336342,49.481513378388364,28.051371320118644,24.454992260220948,15.657360983170946,36.02292033558068,10.933439239945196,21.55059524733693,11.12256350664443,7.9437338784070395,7.386635458112643,7.841017447567273,7.038528743352195,4.749881132812124,6.422530204120589,6.223339586196531,5.705785913384885,4942.0,525.0,607.0,823.0,922.0,966.0,768.6,229.0,173.0,352.0,876.0,407.5,5663.232421875
LPL11_387,LPL_1.WAV,-349.3954618355622,-18.71318814502294,-190.1174416734513,-31.251595116547666,34.194326370697496,4.811656484279464,-9.205042411964158,24.07361323275421,5.356941830740956,-4.374785590068372,2.9547788176926537,-0.06623537315732374,0.9664129153829462,-3.7290336898905587,1.6066206579758087,0.21174439572997755,-2.6561016506156268,-3.567874151657484,4.246725433348316,-1.3767870381801475,98.05287590945589,42.94827092457627,60.83346391442421,61.43785188023864,45.013096271792776,36.60555391994558,28.591647954555405,17.892082775448436,38.34208730130351,9.485777024810515,10.972023919773102,17.364282288846383,5.922893875738233,17.79088248646497,6.54764982871151,5.893285803394889,8.592975970904453,4.558077768074097,4.816060403005353,3.068821212221156,5614.0,584.0,624.0,846.0,964.0,940.0,791.6,250.0,176.0,731.0,1030.0,546.75,5792.431640625
LPL11_389,LPL_1.WAV,-321.47664603493956,-7.680586601869582,-198.3323209212127,-2.5102859698199027,35.330117875551544,2.983459736540927,-10.623116743206332,-5.8477615818238275,3.1737791407541924,-2.237250282773592,0.011084494083650058,1.617039772226889,-0.06387789832238452,2.431771105845169,-7.4339245760676596,3.1114155436631483,-3.4680499448560735,3.8125142231020877,-2.3125121058466664,5.055959350877693,88.75254724715924,44.72486534709487,65.20567608514038,67.17312539162202,49.58694057279456,35.38474133936658,33.664048588301306,14.744628681603118,27.42476531194513,10.771647723488648,18.208182570119796,11.567860463606458,5.130352933200869,8.047477318729472,6.612927194618119,7.319704064202508,9.552737068016361,7.2192284092533905,8.212489564432328,6.345865064495155,4977.0,521.0,620.0,756.0,963.0,978.0,767.6,242.0,224.0,455.0,741.0,415.5,5620.166015625
LPL11_390,LPL_1.WAV,-377.043878530961,12.500856678461615,-216.98360640538993,-17.96378163550166,51.247956137714084,-14.352081598904613,10.678466822162024,13.908861688595021,9.64683440489021,-13.494776787281943,16.28327835205839,-2.6184754330349547,-0.4850215438397477,2.866550000354784,-1.3551834852734104,-2.0400946218434823,-3.013515148221568,-1.259078500493747,1.0051860884824515,-0.4600906858167086,79.71273973237406,40.53360737148238,64.47938001855408,69.25940232353983,41.4141675666589,34.38803876256952,22.758809163707568,12.907634717202704,48.20427218543079,19.303649307197944,10.625692862630086,9.928187799763105,8.828543762823578,9.65399968521884,7.159873163821973,6.164674712993003,6.511907593637266,5.61269010026037,3.986786347345247,4.615716711803457,5501.0,510.0,660.0,872.0,959.0,957.0,791.6,191.0,170.0,698.0,1011.0,517.5,5813.96484375
LPL11_392,LPL_1.WAV,-348.85434107738973,0.12805328800268811,-197.58910199906433,-10.034842967478346,54.365841266236636,-2.6865661510632286,-0.9716921649113902,-3.026871567597764,8.5334759818082,-8.39244299439793,-4.733683260516146,5.111883888935569,2.562285657413537,-2.744559903982977,-1.6686221680339883,1.9804268223240447,-4.381132010556776,-0.7773758717009831,1.4987818501121113,-3.0647855677381433,93.46398870481279,34.09131472834434,63.33057407625829,54.59379490907209,39.500459252093144,36.56556904920676,23.803607193424845,18.966837756318178,40.91869306229603,9.860424927415233,16.875368371074067,10.724620960399177,7.002537569927407,9.65181199696526,7.252150456080952,7.177761891016317,7.697888837773757,5.8988443643370845,6.285867947385609,8.162358495128924,5005.0,508.0,577.0,796.0,934.0,984.0,759.8,281.0,196.0,394.0,859.0,432.5,5663.232421875
LPL11_393,LPL_1.WAV,-355.332912203361,-5.586726580558356,-229.571371602779,0.8845945025458037,38.685059739199026,-2.8291479289564365,-10.85789627045906,11.371466608845935,6.85335420278611,-3.8013615385519732,9.066368411568742,3.6677352632753646,0.16760327762176028,-9.41909785380697,1.4656621338977742,-1.8022057270129277,-2.404721520016029,3.3836077085751417,1.4934722313978994,-1.7989502864881675,74.25290835853055,31.149605306002776,44.17121767512416,53.933167588413234,59.08908348913075,32.947535047025866,22.9376152610635,13.242614834142643,34.674161935590966,8.851858546969911,10.569753043618544,8.920129626289004,8.00923151857464,12.059467745104675,11.50752053538058,4.372046553472917,8.008617174458093,4.174809012843958,5.338627924409926,6.074344173530404,5019.0,564.0,650.0,821.0,933.0,967.0,787.0,260.0,174.0,375.0,802.0,402.75,5835.498046875
LPL11_394,LPL_1.WAV,-357.8142910421735,-1.142727221570006,-221.5822151020663,-20.18244821847111,54.57440178461532,0.7612590792960868,-15.296836234941855,17.86228439082104,2.910237510710538,-13.216338894285537,15.66931869852362,3.480926145146363,-6.367412709853507,0.6959874217520149,1.9506173270216447,-5.927914730776012,2.651363368531687,-1.494191614862372,-2.460985824745264,5.415274813026725,67.12823870466333,36.236514554691006,51.989897885403714,65.04132880455651,42.34916414341061,30.484790351574155,22.78258097698354,19.127125233012652,30.112971844452986,10.199178090477897,14.320473259528613,7.841012623556628,7.922194955270937,9.121985780013736,10.114836643842313,6.847348389522216,3.9167286514381034,6.373761704061206,9.101116206242413,5.272180293391037,5014.0,552.0,675.0,857.0,945.0,979.0,801.6,172.0,176.0,353.0,829.0,382.5,5900.09765625
LPL11_397,LPL_1.WAV,-293.5548075202077,-9.458558220651536,-192.83337010675078,-1.5117512132384692,32.148552967101644,-0.5068104677060986,-10.80514884808428,-8.58821134460649,7.073340394457285,-4.304411845399308,11.709211857268004,7.732080716105417,2.9019144846254368,-5.447380097800688,-1.2752986902340933,-0.5271435142467255,-4.967252604536332,3.7029992050825644,1.010180185478944,2.9500916949662703,90.19563498532732,36.70504261021563,49.0634954608608,49.28759817650518,47.05257876911185,35.434413355023615,16.583213247947366,22.07539433898425,41.608297998596605,16.81056185920953,23.457522573925292,11.355759914877526,9.689392935596828,14.805130537918812,8.980240725751038,8.16808952616841,6.130454265936679,5.069846040300801,8.749476731163949,8.199893666462303,4861.0,540.0,585.0,812.0,890.0,1003.0,766.0,249.0,184.0,329.0,833.0,398.75,5792.431640625
LPL11_398,LPL_1.WAV,-330.3313642886509,-5.571444977236539,-200.4563009715431,-32.19072436477508,40.70741079294296,14.410067013865511,-20.899823120313584,3.6036375392828,7.507887834283008,-4.7936675361861765,-0.25022931124646347,1.9531922896682912,-3.1375060879599532,-2.6231971596029275,2.6141912538880603,1.1753717164592707,-0.5615012517046876,1.1103085650075322,1.7632847291284484,4.504562235397992,78.51246769790862,29.681040569073133,49.74517927941899,63.43079016847377,47.42084699345631,35.45194876140101,25.667897605168665,21.319229885271177,34.885914091603254,12.344105227688805,20.23408602182148,13.981694523934824,7.023679201792175,10.348038050984226,5.977565642806626,8.51778557312441,6.357439524641784,6.571781457099608,7.207626489632696,4.906312475973645,4874.0,523.0,616.0,758.0,933.0,937.0,753.4,247.0,242.0,349.0,812.0,412.5,5727.83203125
LPL11_400,LPL_1.WAV,-371.38206934418946,-5.324399163130741,-216.56332258490235,-15.576774873341137,46.85307281702313,-4.346727692011636,-0.36352808693930455,15.112389633923328,4.462412591519503,-3.1700255788902996,5.477627585197282,-3.70263621824562,2.2951650709081695,-7.8871395876781865,1.4045680219303651,-1.5849517422846775,-0.7641634994677843,-1.7391355850100891,5.025847309455696,-0.49192077296576725,72.74822909614039,36.59750860831545,55.827611914120794,68.68745715628695,39.88542124390772,30.391474975187176,20.911316331983503,13.760956147636588,31.608910102422783,12.766291554927841,13.600774135876424,12.277630714940386,8.892398439868566,21.728713191857018,10.567127170203477,6.177768497878244,7.354911243870548,3.904193283676392,6.5899990590629045,6.03612206977729,5515.0,576.0,599.0,801.0,963.0,936.0,775.0,251.0,230.0,670.0,1020.0,542.75,5770.8984375
LPL11_401,LPL_1.WAV,-298.00045866394345,19.95490651366906,-192.1082191251123,-25.783683630521793,38.969051390093085,-18.396089967876378,-9.469928340443857,-17.830270436815663,16.828885583323675,-8.800297303088033,1.8385863803899036,4.238468085287977,-4.927813491626473,-2.1455733077211363,3.1202074218052704,-1.2857982930094594,-8.716649651210732,5.540317534320695,-1.8718743858533289,3.637231293724204,69.07456385688671,32.579850547783096,50.66308699992783,61.88510774090519,36.551656430923416,26.13755036694491,17.389578544355683,21.045308682478232,28.516735045257043,17.596386093305366,17.284308119099375,8.018465417638884,9.9101319632396,12.60145554862288,11.308681492562407,5.228547012094046,10.169915262570857,6.195404450705339,6.2403365235712105,3.492210442774341,4827.0,519.0,663.0,821.0,897.0,953.0,770.6,192.0,190.0,272.0,843.0,374.25,5857.03125
LPL11_402,LPL_1.WAV,-345.4552975726431,4.862276109087977,-201.29270126199637,-8.09278862914404,45.909399763334406,-4.822026140408493,-4.100491627398121,11.407540327987682,-8.759376815812152,-1.0550976649116068,3.7118231711662077,-2.482687030607263,4.451012435397562,-2.446463878844264,0.20671723936973463,-0.7610638715288863,-1.7966636628481332,0.5917181138031494,0.8097597544112758,0.9782534706482031,94.52045306404146,34.235511189261935,54.96148471274568,56.071204424231055,44.112289571840826,37.568600078157125,27.977322038178627,15.879718307315168,28.738968525314736,9.498901981353754,10.546599056553703,10.546903404772518,9.525127938765523,12.709069281956717,9.581215804170144,5.567378459776226,5.913493725236604,6.239084729550421,6.6356008210439725,6.063817013176572,5422.0,545.0,619.0,832.0,945.0,927.0,773.6,255.0,182.0,617.0,1019.0,518.25,5857.03125
LPL11_403,LPL_1.WAV,-354.48233801547053,25.235398243925275,-213.87824358854576,-9.307701913456697,52.570818906632844,-16.892856572268183,4.512642150418896,-9.31134791791617,3.649568946185576,-4.558502488153647,-2.981314424085499,4.265773658135518,-2.576977351970187,2.603099603942771,3.354042292456029,-8.441993550451665,5.18719857747324,-7.169076620617619,2.677677614309952,1.5825880259490448,81.54196062751257,52.08869797118266,58.895808252967406,60.16820484237154,39.20280854579674,31.967565979137916,25.952605003345436,19.25341908626327,31.218765748434397,10.911528242023548,21.62412202817868,12.53815815281631,10.495101104294427,15.003938569158919,8.172603212588301,4.980738908481565,4.520356748718166,6.234405963891455,6.247045908504608,5.339736052031993,5276.0,581.0,639.0,857.0,971.0,945.0,798.6,172.0,197.0,499.0,942.0,452.5,5641.69921875
LPL11_404,LPL_1.WAV,-336.3025545583856,-14.864297899573486,-193.68203761786742,-20.78946576487901,40.60558020230574,5.287224965643474,-8.326984089355042,5.407363385443453,1.342977145517524,-10.957740021868217,10.123584820444028,-6.852164254032584,3.9009549117971773,1.4148302331105576,3.578988563538942,-1.2111345136485174,-3.006807524403408,3.7611993672081296,-3.1514933444709867,1.931835559752396,87.1371024009893,40.94036245130191,56.277929606487,66.16123878092287,42.078762500180815,29.21179281992204,25.70052414083291,18.888515874007325,27.370423630813786,12.730163160302311,11.440570489412297,13.219334730834799,6.5827223468272456,12.264416275520977,9.62376737855699,7.692955252298375,6.519026350413369,6.99874120860846,5.565089166402464,7.323004787571018,5493.0,515.0,597.0,859.0,954.0,916.0,768.2,254.0,188.0,637.0,1093.0,543.0,5749.365234375
LPL11_409,LPL_1.WAV,-314.39045598789386,4.858223795424139,-195.07386606282498,-10.053218843091273,40.980066719545455,-4.0475872366990835,-10.919271503271057,0.009601277511207762,-2.0404837048787305,-8.510711593108642,1.4159191423381146,3.4813027592564096,2.761662048645624,-3.4418930831634587,8.546603802178813,0.1136436930957437,-0.9055986195927197,-0.4199877290096558,0.06572902036733468,-2.9227793027616635,82.13055878209376,43.3625069994516,54.05753396393562,54.56152086466313,35.028411596180696,28.579903063114003,23.06222594602591,15.509465587800802,24.79246267054896,9.042880799653215,12.523728456404093,9.823249421791928,8.779047930255254,19.164544236326776,14.017687343152021,8.077498341677323,6.423765941515798,8.765910310234597,5.439494903374544,4.22320876716746,5099.0,540.0,677.0,847.0,944.0,969.0,795.4,176.0,184.0,449.0,828.0,409.25,5813.96484375
LPL11_410,LPL_1.WAV,-323.7541041258553,2.545222603268305,-175.9171597611688,5.91478822200273,34.99318733241726,-16.064859789168775,-5.024360078700812,7.432604079234057,-4.0805579144615995,-6.822959679047497,8.157108439456254,-2.094677637960199,0.7782622685093,2.697373550520695,0.9714249820277608,1.3480357286321774,4.744951568657941,-2.687751812774182,6.043741233130413,-3.4176396451478808,102.557271705839,41.53569353577386,43.81403717603107,65.85436448585406,32.8696865995777,30.17954473097506,24.109445257094702,12.981596052736814,28.418883721723507,8.427796715098998,16.284226374848625,12.402930155684,7.24964399305648,12.875732139755414,10.738775354019799,5.983178042100362,7.778372436215619,6.85261469402909,7.833333764517026,5.937150794918959,5180.0,556.0,618.0,884.0,984.0,811.0,770.6,233.0,151.0,602.0,887.0,468.25,5792.431640625
BKB21_14,BKB_2.WAV,-358.63555352149706,-64.98809976132875,-168.463868548497,81.69454274880994,40.70501259008047,-45.997063898649124,3.6432669410461993,-0.9068675167031656,6.299049575762941,10.441140277341876,-6.602585590458686,-7.7748319613952654,-2.717195671682799,-4.123048746917487,-0.5990131982079936,7.132271497836434,-8.073258740318096,1.6975267901379874,3.0819266628437214,-0.46345384325184763,60.188946498607656,32.17777603210671,68.52834121936137,47.89909257987102,49.66667089948747,30.258342741061327,30.998317144271564,20.382546899923064,27.508093685811176,14.398897547713968,15.265015747312756,7.235944711026084,14.181231823123472,7.6377286568586715,6.2673765913433535,8.390266581047714,4.120236683598261,7.899678129930052,6.03413821139971,4.9493709418970635,5785.0,507.0,741.0,973.0,1007.0,1020.0,849.6,230.0,220.0,719.0,879.0,512.0,6007.763671875
BKB21_18,BKB_2.WAV,-315.36968829355584,-57.72727140555269,-154.0251248837744,63.38446435565387,15.110444163990298,-42.87085478536747,-22.419193357086208,-9.666983379817793,-15.518102891672461,11.121435179708502,-9.843269030901642,0.39034528965352067,7.354106133064006,7.7130246722088,3.5586014467378084,8.062977651353759,-3.7559023863322882,-1.591899443888112,3.1989437992796157,-0.17488140239829683,45.59404349328166,34.79695901059484,54.53181504477843,52.40501443597906,49.7982348727364,31.18875752407279,25.990030138556367,24.39070029175114,26.490667719274256,13.773837188578362,14.67020037444757,7.7691778566748795,10.631378279307151,5.523627664649265,7.383531264776589,7.919114233159914,4.581766324448946,7.160985098149239,4.475209493156257,5.209119329213283,5763.0,511.0,745.0,995.0,1034.0,971.0,851.2,205.0,213.0,773.0,823.0,503.5,6309.228515625
BKB21_76,BKB_2.WAV,-394.0804713871275,-111.29083220354715,-163.1981818024536,91.1147361861179,50.951190880166095,-32.075417061540136,-1.4860079284260455,-1.5736957341509563,-9.081591990721689,20.100305128773453,-3.402269226758148,-2.16339121170746,2.8768457683738227,-3.820714884338066,0.7663336353167266,3.170750732290886,-1.7161174299299486,1.222771896088905,3.5884239055799436,-3.5315459398734768,53.039528439589155,53.15643280205873,58.89721620492855,48.27813721796321,43.43711855348213,33.73608633182132,31.963369212045837,18.438106332831115,18.299971884521653,12.845104952020476,13.573173407288989,15.651254764901948,7.231179417136935,4.677204410228235,5.833566467534948,7.957316541991353,6.1357372909603285,5.377768115267096,5.26721452510202,3.84947621296024,5891.0,551.0,774.0,964.0,1019.0,992.0,860.0,191.0,251.0,787.0,862.0,522.75,6266.162109375
BKB21_128,BKB_2.WAV,-358.49248848022944,-52.13238063613426,-173.67644295785306,61.27872455243645,49.454429844447205,-32.87236988753558,-2.8638141662526073,8.605615266777518,-8.246652856893114,9.415496218048192,-2.3451588421874074,-8.153991427833803,3.6280429106900063,3.0560384847569395,1.2393675449106056,3.754420525824914,-4.347871728983832,-2.61069403647104,6.005412100787774,1.801482083604466,70.40024062637171,38.44783190434877,68.30091734748866,43.398249833530585,56.76195200075801,32.11016989020252,27.224533021319367,20.949819772417776,21.979090578391553,11.846801217217267,15.357755638916665,11.608454250145215,7.7927415843411305,7.558074818652875,7.774006092050025,4.5492324942319335,5.901603311840831,8.690887671560569,5.464907101860976,5.197606322000956,5808.0,521.0,732.0,958.0,1007.0,1020.0,847.6,222.0,199.0,756.0,893.0,517.5,5964.697265625
BKB21_170,BKB_2.WAV,-391.657539534924,-94.67492589231873,-181.4702200545276,99.32346311508641,37.761725576791044,-14.183352085963898,-13.293134480536171,1.7455344381990399,-6.253641461746228,5.054584079968797,3.8870219033552442,-3.1220793567000586,-1.2719185102681492,4.2903723876682855,-1.1152612500945827,-1.0181135116132418,-3.2126106813695308,-0.5661751870261311,4.649506550478898,3.0092919369240785,48.26138197827185,33.93007488470502,47.48028613925595,56.654825595759,53.784759675332594,34.159618423626256,29.347529901609775,24.842110202376556,26.97211770033628,12.762581854342313,15.850630221477454,7.215365965327502,7.5842151474790125,8.03539250384044,9.799261253785437,4.23775277511493,8.737957903425421,6.621507340778531,3.4603176002969063,4.884519787135801,5658.0,549.0,758.0,925.0,1025.0,883.0,828.0,193.0,232.0,733.0,889.0,511.75,5986.23046875
BKB21_176,BKB_2.WAV,-384.136337975307,-119.69827786632153,-146.83491717183935,97.89136813959347,24.85071335622966,-27.296604554314516,-19.476432241566823,7.5675048369500155,-11.122368474585958,18.599471772304234,-0.19652722572967002,-3.616631754502628,3.1808795337940134,-12.21062481508458,1.2416128176970458,3.9783738322988746,-1.1028579226607127,0.5132402697119922,3.5108563059641744,-3.00504147554237,58.50155797380015,34.3053168358297,48.63073554480999,58.338881183266885,49.332207905646385,28.85053187168242,30.255554344658897,22.727496572530985,17.501118506205156,18.62711106355429,15.43131850658291,10.422677644636305,8.784525627825694,6.098485176944076,5.346390577229654,5.179149691464605,4.893085282397789,4.615821488162646,4.797812664031769,4.410127183032164,5907.0,484.0,712.0,1007.0,983.0,905.0,818.2,299.0,209.0,782.0,1063.0,588.25,6309.228515625
BKB21_182,BKB_2.WAV,-381.28285814250654,-74.02678797241857,-168.29041444754873,87.09320947890619,46.232512350349,-37.847907520419724,-12.841622323703344,-10.035606961016983,-7.503311057378255,16.95150547076734,-0.6864531129489739,-8.570857480400432,4.468224962087458,-6.987057212050975,4.635066584345863,0.5907563476787302,-4.012177124839971,-0.13846761801604687,2.188506497954619,-0.9662822053441736,62.74301216735251,42.80083449801926,55.90608352496872,52.35086733213748,54.28058987753973,33.46151816257808,37.33149770769409,16.957832946869456,21.79508231518013,12.424753581478107,16.482733786557706,8.26114902218807,9.042609405553938,6.824481340147498,8.003457774038145,7.004953890786963,6.592901976999988,4.5263851296638045,4.455560424534618,4.337486818028086,5867.0,513.0,747.0,956.0,1039.0,1034.0,857.8,243.0,220.0,804.0,840.0,526.75,6007.763671875
BKB21_275,BKB_2.WAV,-390.75392841722515,-57.48386773880603,-176.37311529279606,75.34145135001162,42.50213096972042,-37.85051559991991,-4.259385625434789,7.535240488180706,2.213775658450859,1.2676081281100824,-5.347723966639594,-11.821548175907372,2.026577878961479,-3.9555731334803332,3.736189499366614,7.721793701680811,-2.4038323045203733,1.4501224432631,4.391946818554036,-2.799113520182344,64.01046301096899,42.475069196607556,48.037045488171984,47.71810269747018,53.999852968445694,33.27920322279532,32.01126553897176,22.901160137043313,12.0369288314785,15.90797681353035,19.41323738526466,10.52367426847952,11.322471584416217,9.005872001586171,7.981220754178016,6.139472272503472,5.705592720850454,6.665096825250287,4.34009714037581,4.049010810916762,6180.0,528.0,812.0,984.0,979.0,1032.0,867.0,214.0,408.0,863.0,881.0,591.5,5921.630859375
BKB21_340,BKB_2.WAV,-398.73904718198344,-89.35917699257313,-182.31453358957202,105.69858228022738,28.45328223365336,-20.897244938610644,-8.654355345131766,3.2325362873469157,-7.497371764681385,5.17043562350524,-0.7197745334040474,-1.9648170935638023,10.864343469401716,-3.092256934040815,1.4933480571312314,1.9995086635471462,-6.514962419237031,0.09525119294949182,1.4304635820324128,-1.9626663178458952,51.94326918409651,43.29602009459478,59.464116806005,54.51277601546366,49.95075330708089,37.764741936420776,30.180870010978225,19.86090683759613,25.43562051344475,15.614472685183648,21.812317474461842,8.884794211116521,9.521715003515638,10.299658211161479,6.8559592078506135,4.586164277229369,4.112654254334158,5.345399866711772,5.981575873379734,4.940542857101347,5810.0,553.0,738.0,947.0,1033.0,883.0,830.8,172.0,272.0,770.0,964.0,544.5,5964.697265625
BKB21_366,BKB_2.WAV,-369.1352606053393,-51.53304565126598,-188.54908458667188,75.44136788021345,25.797734147555843,-41.27350227194456,2.4992825622986015,4.447406547449969,-2.7361218200637953,5.6197713812407875,-4.521210862746821,-9.113059316101978,3.395602074613658,2.938208716895809,-3.4443035181108836,0.018002485294920732,-5.040637125222266,-2.762057601479509,7.773896514731979,-1.4001712049579091,63.931029789786685,28.663339110159185,56.037511706600014,48.24503244248335,68.17094214848363,30.657999277269976,29.949723177692096,19.66959624448807,32.39775988743655,14.990338578535956,18.120042364488864,9.052417398543108,8.775164096349332,6.557868085820562,8.62171985266929,6.379153079844643,7.304180764106425,6.668024377315088,4.931675340573861,3.9291063302133717,5700.0,595.0,748.0,977.0,1040.0,908.0,853.6,197.0,208.0,720.0,837.0,490.5,6029.296875
BKB21_372,BKB_2.WAV,-373.01296787318705,-39.29888403328679,-190.31224879290826,78.88203813610404,34.009375968700915,-48.534280030663474,10.689680402823798,-2.9005860043314513,5.657408447168583,6.526080241539041,-0.6838986813790104,-10.532395264127347,8.203944778624173,-6.232386719907785,1.557114470711348,4.237581743638649,-8.117711598165274,0.38521978293091286,3.741054738812843,-0.7639781919080699,58.20834624892648,43.770765934381885,54.13385018077348,50.431250032763735,48.710891381076394,29.908005507627266,33.614027256117545,21.360695789827524,31.996744274713194,14.063926055472198,9.776509471670956,8.802876646774353,9.909556449184011,6.349508807087798,7.549727936507327,5.137741597058011,4.004450902694923,6.416174361478435,4.370011830271947,5.515411903416621,5785.0,491.0,757.0,957.0,1060.0,943.0,841.6,244.0,222.0,803.0,831.0,525.0,5900.09765625
BKB21_430,BKB_2.WAV,-390.1476566719831,-95.9170006541045,-178.8559060955062,105.59380015723201,39.82851384241193,-22.130738500007062,-19.089587252682318,-0.837967660475159,3.308844491286433,-2.6249851246983584,5.38229103895655,-2.602780876951358,1.7249868146885037,2.043388706977404,-7.056975424185047,4.179914593851688,-0.4314231081456255,0.06452528743087284,6.709256282284173,-4.290538317169325,47.58899815200074,40.98093890115609,54.54658574838414,51.271600341794006,48.43120278322369,32.83684602122218,28.155966642471267,20.17100756255837,30.639379085002332,15.046451102877395,17.556782879404302,7.460603421739878,11.681481919556745,9.891005471073132,9.430111801819546,4.446735568507733,9.050389072972948,8.575363539737742,5.506162063626284,3.055851661061094,5981.0,596.0,759.0,928.0,1044.0,1029.0,871.2,275.0,292.0,775.0,813.0,538.75,6007.763671875
BKB21_459,BKB_2.WAV,-374.06437062703816,-87.25310922878157,-166.1327871679432,93.51326645209124,19.53088426095921,-36.83469779219325,-2.483139301051349,-8.122830950845445,-3.8576381704706546,9.468782128868146,-0.14442316869996932,-14.443699687158777,7.311558939333433,0.7947309999325805,3.7955138051193265,5.11939583941914,-6.679358211696633,1.4531880712202805,1.0585869238900267,-1.0568948738848696,51.151528750972346,29.54363975968431,57.722944167463005,43.658459215872064,55.36704631273226,32.4903639020215,27.035226308224505,19.300365871223832,36.16916732732552,11.283789919506255,13.075618458465035,11.888194698737866,8.767122894936433,11.346001602990729,8.71318428665733,8.755390557727114,5.644381596257282,4.2383593328652145,6.738391187036109,5.8802088189896775,5787.0,398.0,726.0,1014.0,1002.0,986.0,825.2,445.0,211.0,686.0,828.0,542.5,6287.6953125
BKB21_482,BKB_2.WAV,-371.8982585010512,-78.13775331439689,-188.1434622801756,75.4612879129013,46.687174480170405,-26.241347880217745,3.551108307671649,3.9664536880855072,-14.247345652882641,8.43151180911669,-3.495741935701265,-3.8888541347155003,2.827330052615012,-1.6040050754194313,-3.5500558103799515,4.981882087568034,-3.107513369518848,-0.09070488272156403,4.567745405797189,-1.7555879580212645,52.755715928375345,50.751009145542774,55.8938799773842,39.035771802761275,44.77557463718002,29.61493155626878,29.304393629278902,19.580520643413873,25.304787485423756,11.247368410359663,16.79387827336731,8.708242943066084,8.295155968415393,7.318783000955292,7.644138596521017,5.408404382648845,7.0780749390977835,7.506289317550575,5.541634833913577,4.139703543370417,5778.0,631.0,769.0,962.0,993.0,1006.0,872.2,194.0,205.0,727.0,810.0,484.0,5964.697265625
BKB21_496,BKB_2.WAV,-365.11718123920895,-94.08414690209344,-187.40708107485386,75.72715040519776,39.17094316579843,-21.252492316361163,-9.385100479195788,4.2356155139578355,2.273388137072003,13.535047993432931,0.6988250038036428,-9.458741362683575,-5.33806766532918,-1.257544110771683,2.799477145223432,4.510306430423294,-3.203421568972945,1.157387673274411,0.4463195369362417,2.7937845626906546,54.01291196656425,42.09625421698385,51.80319633665856,47.92341464032297,52.15250999671894,27.10835010084248,28.804594158104244,18.11352492924293,19.949979535026472,12.031735196264414,11.310867152538371,7.223207055292175,6.951401924414372,7.588253959990003,6.936130988850535,5.92087609800239,5.901522791254932,6.094891403769163,4.460745950171932,3.646375388923633,5963.0,581.0,816.0,937.0,1007.0,983.0,864.8,194.0,336.0,757.0,871.0,539.5,5943.1640625
BKB21_498,BKB_2.WAV,-344.4142110130849,-86.24330371180888,-179.294764519788,72.7549905165707,26.960361802191834,-37.367794801756325,-13.875972876487847,1.4202845496254732,-1.0165671455680678,25.28154218365146,-5.048842916877742,-1.4837214168339832,0.7317329280590427,-3.1476298857155385,4.139895554298831,3.164791949168964,-7.208091161080265,-2.813395608866287,-0.7293851371681526,-0.9731815900595584,48.58214793982402,33.24718302462291,56.32568526314589,48.129379919848546,51.59920054108794,31.29679370548191,27.264388365555195,23.01162977060499,20.174977197838498,14.457564880123229,12.464698389857748,11.829624054439467,8.815709828184104,8.738006601442546,4.731338662056424,7.476140367047658,6.710067594409652,4.231470017890155,5.346336066326379,5.005418586200685,5799.0,565.0,774.0,994.0,1028.0,1019.0,876.0,196.0,228.0,713.0,801.0,484.5,5964.697265625
BKB21_500,BKB_2.WAV,-342.9388848170456,-106.82484532462708,-162.37704825159796,75.03294177080612,24.480157899109823,-34.46072777708638,-0.2526419685207117,7.830883502210161,5.180339588176151,3.886219246880719,-4.284238878889863,-4.050979651288612,0.1133011307462139,0.15285213244627263,4.845003042879134,-0.9319399124910859,-4.795719803826487,-1.035096591264031,0.5703971983320775,0.06784777974956087,47.97507192576139,37.66901844393887,46.46033501288942,39.47427484863133,44.0751584116773,28.152706204840594,30.82515729881746,17.941953986903073,14.201123888729382,13.368265541198035,16.47809007393865,11.493294126207902,9.574962918079587,9.073379526815984,6.1053814340858,5.335572161660447,4.985995227273338,6.040252244064829,3.580852665279437,4.013288670187383,5765.0,565.0,549.0,1009.0,1036.0,1001.0,832.0,227.0,394.0,708.0,795.0,531.0,5964.697265625
BKB21_502,BKB_2.WAV,-379.59665148320505,-89.73842571031781,-186.26964607303032,82.3863553457878,50.56772558536105,-16.44487555922076,-10.870531258565709,-1.2776446966498203,-5.1170445347422575,6.770568759968547,5.690511709486748,-4.70487529523959,-2.451183278676074,-3.156516383657296,1.916493773528211,-1.9392533141842594,2.0896386345117333,-1.3097087695179326,3.704001189169083,-0.38132459983734723,43.621359485731055,36.590211412775524,49.351178874715735,45.27588562038526,55.58232922997564,31.028172525014874,29.97243780585889,21.44642229946955,21.66790959116213,13.780457892908426,19.029330730629006,5.7386619852499265,7.030472484991391,8.147333230730789,9.207462941016882,4.861210034827729,7.2886066243138865,6.135843013157029,5.952655017558444,4.915923225636693,5775.0,550.0,741.0,943.0,1015.0,1011.0,852.0,203.0,253.0,739.0,840.0,508.75,5943.1640625
BKB21_504,BKB_2.WAV,-339.50454529708156,-63.4038482441391,-184.22237174378972,54.52782794120087,23.627869821304305,-24.96549428455795,5.4630291733069845,20.908908793734838,-12.511720273306231,18.568489864661906,-4.599313420562627,-8.258864488405461,1.5813541359772207,-9.425513599869735,0.08416579857483607,3.213526266479978,-6.361410378396477,0.17735966281232254,5.20334326592527,-1.8626491287088345,58.40383135866518,34.97231936018211,61.82448451624437,45.70784620154219,60.28909942733957,26.528335256700622,29.884876466736362,20.019803072097105,28.72725563481782,13.620338198511522,11.836852544387304,7.60347826872735,9.889206299782643,12.456879297489326,7.743051892185909,10.46234845347745,7.365919412172163,5.39459772524625,6.196517380731676,5.91848518420437,5739.0,564.0,743.0,898.0,976.0,1048.0,845.8,185.0,190.0,863.0,796.0,508.5,6007.763671875
BKB21_508,BKB_2.WAV,-372.14273301536196,-63.51649025053245,-201.55462160640894,53.16742783219646,43.00724004329423,-33.396069232905475,15.586079567212112,9.326457664902714,-8.640164929385737,5.630506648192925,-2.4136020519959507,-3.110693414184362,3.610205287353059,2.0231127025287003,-3.65865139074408,2.0277744003709692,-2.354762725264986,-5.25719777058976,5.605000411492658,0.26855644663014205,61.669781824237496,47.02452326027008,53.09422324145778,40.98152149187992,55.253297416811115,30.63940826781935,28.125939287283586,21.93484351326928,27.66453676925897,13.033271752283087,16.776572023340677,15.130858169875966,6.535028391262052,8.314235185817912,8.872473492563339,4.869339525238745,4.51822780056787,5.10248593406858,4.374049312675851,3.9761209350987476,5780.0,588.0,705.0,972.0,949.0,1012.0,845.2,216.0,202.0,759.0,905.0,520.5,5900.09765625
BKB21_520,BKB_2.WAV,-421.4990879423002,-61.743524051858536,-188.3922643429972,86.91765736720836,51.03344928302132,-45.65359577007645,5.880446987521213,2.996012739542592,-1.6439023073186363,14.50384245345631,-8.447237436191374,-4.1595984961763595,-2.2086006633111794,-3.897726915477034,4.921527812999423,8.866710322107949,-3.488143702725554,-4.788910034881384,0.2285049778125704,0.5997845881359086,44.70480960788409,37.58411330004943,49.411231870742704,51.8001132301968,53.760507057193145,38.0083235900252,34.38982000649107,25.370535710086067,20.017700431138643,11.724439621687372,10.697774606482346,9.340941160420506,6.5367277247241296,5.910031425897127,7.872617980194892,7.155145227836505,4.746517776315269,3.9294155000691164,4.530434350625446,2.682930162721785,6080.0,500.0,761.0,972.0,1036.0,1050.0,863.8,273.0,273.0,799.0,936.0,570.25,5921.630859375
BKB21_543,BKB_2.WAV,-386.1957117534205,-45.62114944155146,-163.20289532301757,32.38902646267741,39.80845486012972,-13.766253321247326,-6.484283497831795,11.806584123635645,-8.0609541985651,-2.370113505329997,4.213932017658717,-0.2891592143097081,-5.661750945079023,7.858974355293074,0.677061833660684,-1.3138040888027787,3.2405277818292575,-4.31939028726157,0.12823752039654313,0.5505281112606288,93.11525286319238,39.80242455153545,66.63964780874201,51.35060001223101,47.98296382290956,31.515446706623596,28.475587230437224,25.896813043349802,21.30028962676194,15.018933807284034,16.856069469971636,7.03661734352994,6.176965739076371,7.677761151327048,10.367313053061476,8.118090142751893,8.351880812796647,5.188246022910268,5.411346007601709,4.918251369001919,7167.0,728.0,651.0,770.0,973.0,1032.0,830.8,1701.0,279.0,771.0,813.0,891.0,5986.23046875
RBB11_0,RBB_n1_1.WAV,-340.28876816513196,18.6931267081939,-189.8664081442551,-37.527940191026985,40.11334689555466,-5.9679673278536045,-17.372141787864575,12.260809260673764,-10.10601383931427,-2.880139399360053,2.2611280967282834,-0.6997832459586044,-6.332832909210948,1.3084152502261086,1.8896024478387365,-3.23478808345251,3.748783060287182,1.716412511641138,-1.9368222095669807,-0.1422540034801827,43.895275973058006,52.69639173157546,62.31411061498498,68.26820642641694,50.357724955099094,42.313600920234386,27.072010918059945,20.71379776597167,19.114105089507607,15.864814522952463,14.145616232984837,8.14335339077634,8.861723557814239,6.321311749692732,8.839599879015056,7.411496123472226,6.85043502357983,8.203070548695523,5.840628026195659,5.761413408471965,6479.0,601.0,782.0,984.0,1072.0,1063.0,900.4,316.0,298.0,897.0,966.0,619.25,5684.765625
RBB11_1,RBB_n1_1.WAV,-347.0100356665015,4.026224574702069,-198.69132630025337,-27.449410543913334,43.498588886495874,-5.6196098961207275,1.7041519272243932,-2.702560896202308,-2.000117309908215,-5.136991672290339,-0.5842138597488319,12.155903943808735,-5.878545141421783,5.864600541741736,2.7485667225540267,-3.450645305677609,5.084599185746824,0.9496377743041576,-1.6907023578820817,2.1854139200907485,44.40920727617335,54.97026895287768,61.00291219796064,65.14216238261325,45.811408285995746,41.30581972522731,27.78367640707829,21.76023956567267,16.406691148388827,12.646213803072328,8.797752759327693,11.725823260647878,8.064665633052988,8.184451461063817,11.363234065093408,11.107091164259918,5.8830866650018425,4.858310573363592,4.091018259121715,5.152257370294913,6382.0,584.0,786.0,967.0,1043.0,1079.0,891.8,284.0,302.0,858.0,979.0,605.75,5684.765625
RBB11_2,RBB_n1_1.WAV,-342.26574343661275,11.039306216264576,-180.44589880534315,-30.004701018829813,54.1573903404908,-0.6650494388399996,-17.912743914207987,14.384283691382333,-18.003967086487368,-2.8959414466109763,2.1557226397347224,0.15656367911484845,-3.232640662501677,11.721781447875005,0.6764398108816166,1.303654750139894,3.064613001765552,2.5821364350360327,-1.4314715638163755,2.297989428743503,50.07332470187648,53.72512836340538,62.47775184035773,73.6906164349054,52.223877104453415,44.27644084418562,24.310040443913696,23.75002554957366,21.297667606182905,12.431735930453996,10.696980458366005,9.303084419574887,13.431415085350793,9.390305789707993,8.773085765338072,5.79807199993685,6.142408219318741,6.308883215610627,6.35554301419874,4.686940434614594,6767.0,622.0,859.0,1013.0,1032.0,1068.0,918.8,309.0,428.0,945.0,991.0,668.25,5663.232421875
RBB11_3,RBB_n1_1.WAV,-338.1703890246539,19.16661065104224,-187.0557926004875,-29.221502163367923,35.08974149842694,4.204256152723615,-21.408564111852062,5.8687703524826915,0.5851361701629242,-12.27572950491219,5.30734358434783,4.335184216412422,-5.842507939511003,2.866039917802964,0.325857149087036,-3.9462270930081838,1.4391250882915847,-0.29694667359554255,1.0450075147579638,1.151907222342038,48.792705805513855,44.98949630668178,60.69738285570276,64.63745755137917,47.327589550443314,40.893123078104104,30.741299295596935,20.080460856395586,21.31048475561206,15.957779397329702,7.799049989155362,10.214930867277909,11.449921819930061,10.596938801692376,10.471424012273388,8.48967962460567,5.706693467080858,6.881504059424107,6.121107962236459,4.710580759541209,6531.0,593.0,777.0,929.0,1044.0,1051.0,878.8,282.0,302.0,1031.0,1022.0,659.25,5598.6328125
RBB11_4,RBB_n1_1.WAV,-370.84374983459344,39.016743353030556,-204.97068202866865,-36.48794747242134,50.252533869460635,-15.059964080662036,-22.115553918999513,13.355139751182866,-8.981533644827572,-10.407470560110115,18.092416014997138,-8.166662010017134,-3.189775489614538,7.997988453342066,-4.87797379103011,0.9824319796482115,1.8799427666879185,2.0962054811604403,-2.984408151480365,2.6898613421883284,49.92102882375469,48.5161389710983,56.43172501672641,61.05709564562029,51.17822659165597,41.36742006318611,24.006050608242422,23.644123917440808,19.222142015297266,16.514866437006066,14.417978334122635,11.669292823348364,11.650139143067824,7.665627604909699,10.484471535995764,8.126139890663328,5.381244444638282,6.712321317002224,6.751412858661441,5.777553315696967,6435.0,593.0,781.0,1007.0,1057.0,1067.0,901.0,300.0,351.0,816.0,963.0,607.5,5684.765625
RBB11_5,RBB_n1_1.WAV,-356.96591088598274,23.28105346032592,-200.2381700988388,-10.583215870110786,47.58765936172314,1.385533451943408,-21.730655083735723,2.6366033146981054,-13.102381802620283,-13.220911304327304,7.036672455385598,-2.554894782162827,1.1575436917014934,7.151559702085381,2.648161313971207,-3.553520716734303,1.7410238619617706,0.801871601685417,-1.2837062034903073,0.4565731564663944,43.23541774105088,50.95682237110254,60.143774315174184,74.62327909180632,42.749203410494204,37.493320203530715,17.57933825656878,21.856590879643818,24.60241189404142,13.222400213152342,10.444650137278943,8.824728151759235,11.905097780670662,7.091197193848223,7.867868576437909,6.988910172435567,6.146942056752841,8.631201499581355,8.687425136767606,4.066059738315487,6566.0,592.0,794.0,1000.0,1032.0,1043.0,892.2,322.0,361.0,862.0,1061.0,651.5,5684.765625
RBB11_6,RBB_n1_1.WAV,-377.6133370082333,24.495840873398826,-206.04667415916586,-36.87015600723173,47.20353156719969,4.409711096093259,-14.13144825879778,27.262021513698336,0.5998798434225903,-14.375282499137864,10.823188705540945,-5.403246630012445,-8.176837158363321,8.404323138965458,0.042929518940264456,-2.116561709267786,3.2708797384520865,-2.1065515689297674,-0.030239378159412716,-1.353006109559965,51.219228612339606,55.66733556701354,60.561096941084884,69.30956446737707,54.42607161259136,39.73359773634363,27.735716618297317,22.726771856408206,22.781497093569804,14.813191374931632,15.830587720287879,15.711684057083978,12.337428803783805,6.403722657601753,9.98463296409287,8.944451710385787,5.911423105838859,5.149490836037108,4.0228709529731175,4.181533608945395,6478.0,613.0,786.0,975.0,1057.0,1069.0,900.0,294.0,295.0,859.0,1030.0,619.5,5749.365234375
RBB11_8,RBB_n1_1.WAV,-358.10065693564945,25.331546475753377,-206.23191382475218,-26.42831139353058,37.09026610799286,-4.994189323425878,-11.47806660611095,8.686941862084616,9.746983110870007,-7.868558550605103,6.3631272571436925,3.5704414985896116,-4.058309428936163,2.564229072108802,7.704533555162326,-4.274114119012879,-2.7934000744192233,0.9353439624868835,-2.363113613814051,-3.3545685586261826,44.78917763836681,51.52425290005233,56.74131870302894,74.70420864307366,47.418100300073874,40.504575845209914,27.557424917949117,21.356619556595607,28.224029307921064,14.167606020581966,13.60431550643575,13.235881978526551,10.781463128796688,9.942553974490503,9.820559952475264,7.886935886774825,6.015700629244806,7.660281009590066,4.76042415857194,5.4166916537093,6459.0,643.0,782.0,961.0,1066.0,1038.0,898.0,277.0,301.0,923.0,968.0,617.25,5706.298828125
RBB11_9,RBB_n1_1.WAV,-350.3802154928196,1.4554797387272722,-187.9835460153005,-30.86387714347413,52.16601038114432,0.8081162368402685,-4.069679216373054,20.955389198558585,-9.026641934695462,-2.409607022322977,-1.67327920629274,3.5764804849340717,-7.79746450222574,6.63200594677549,7.419202231976468,-5.678452887267451,4.827370999020324,0.6164195083412419,-1.3729966143075718,-3.410463677932724,51.155358263983835,65.07375656870725,67.06025584488147,73.36407280454738,44.62620076670732,44.56395648845873,30.3496988104058,19.787541953441313,21.666370909685433,14.82566469934391,13.24611822174062,9.57115225853047,10.031251702621242,7.488070820029121,9.994161817821825,6.383684822075807,6.659692160751425,9.529715592223416,5.519104361749078,4.8029439358446036,6551.0,650.0,786.0,995.0,1053.0,1079.0,912.6,282.0,341.0,865.0,1004.0,623.0,5706.298828125
RBB11_10,RBB_n1_1.WAV,-377.9592384519659,13.857923006300878,-214.9752195598742,-33.49855048004808,46.97691046878494,-5.184834669635829,-6.454262215447159,17.64141508308615,-9.423987473857109,-4.049015061051376,6.465544286055005,2.287421434611231,2.462543141404693,-3.8614426840152514,6.849018909944254,-5.30421677983864,-2.1045304761059156,3.6722330902743665,-6.513169213324091,0.6351351722481877,42.11419894481098,51.75439151637164,59.808013606564,64.76455570149245,46.971689783390644,41.89262041015917,25.23811802115257,20.167311941382806,32.17861349088586,19.44222470032137,15.031474599749696,14.01365855055623,19.58822190004579,8.531055628890293,8.347022174890972,6.8754427617583005,5.190870701756961,7.33560384524442,4.038124893831761,5.601986939673009,6462.0,621.0,779.0,987.0,1036.0,1069.0,898.4,285.0,311.0,861.0,1013.0,617.5,5727.83203125
RBB11_11,RBB_n1_1.WAV,-375.7649317314019,12.582988482676429,-210.18778770004968,-35.728382682864385,46.03169481407316,-6.416769427045728,-6.413652807067939,22.586452557181016,-10.013393168804862,-4.905577297442877,7.677821913755814,2.829756152816113,-2.8279527252787577,5.161465020694931,1.4242745346162802,-0.6247524662699998,-1.6573346691130095,1.9752110081048597,-4.463071940444675,-0.17252764933962728,59.21463972994289,55.1794497316069,60.93221483204413,64.70961967599911,51.87019106574196,42.897108525559474,29.37503759066511,26.373462667588857,19.780261039522443,16.670300679142265,11.896089817338543,10.333907744835978,12.819298058956342,5.674405810978185,6.807606810725152,10.01703448051811,6.503778794796462,6.5347896947804776,6.868965526493486,4.226869696145997,6462.0,604.0,799.0,985.0,1041.0,1077.0,901.2,319.0,292.0,897.0,952.0,615.0,5770.8984375
RBB11_13,RBB_n1_1.WAV,-363.85228281187386,-2.1175559437078277,-214.54217112075244,-27.64725754019046,37.2632507003931,3.3615680886758184,1.8872854321092605,13.07773507501855,0.0033383626897447297,-7.898451820688594,1.383768053079162,6.417461432508099,-3.7660284080088657,3.786666345197409,0.7034300691727512,-1.1266557539649242,-0.24002493207625755,0.9446264667113805,-3.423018187548658,-1.3049251932573616,50.012103574844716,64.29808129420731,58.82906212030004,66.44105996548882,45.13187040823497,41.50290744052479,32.547141549792016,18.220902309287297,27.889270882908473,11.93100587383186,11.62566501938249,17.66271439960052,13.336719160439252,5.676009952675768,6.91423425170045,9.652978251301175,5.15361184607838,5.477663748765598,3.931701857249727,5.586688991268255,6447.0,630.0,731.0,983.0,1048.0,1078.0,894.0,339.0,348.0,880.0,910.0,619.25,5706.298828125
RBB11_15,RBB_n1_1.WAV,-378.6017593130346,15.6168896911076,-214.91412582856486,-35.38746656761559,40.04448783878965,-3.746317774589023,-11.497951868120161,22.257972128623653,-1.646935648043749,-1.058393812439634,11.851814714982895,-0.2669091825927976,0.6958370815262285,-2.8387628679392547,2.9154061832742486,-6.036866106633718,-0.1932289096385885,2.667810626573731,-5.219353046893379,-0.5712551067444287,53.74699716643941,51.114342424819505,56.914412411719915,65.50519367889048,54.655692454294616,43.03603447901901,26.715279013346102,23.69437912570917,21.251934794397602,15.115880108595729,10.557923022988128,12.813874491916435,14.996232402703091,7.780285965462574,6.023808835909476,8.474191905007222,3.966982686841473,5.1513668724496595,5.454163732382186,4.53447854562784,6431.0,579.0,785.0,998.0,1047.0,1078.0,897.4,311.0,301.0,864.0,968.0,611.0,5706.298828125
RBB11_16,RBB_n1_1.WAV,-379.66308461159076,-5.479088577852968,-211.42108662392585,-25.97659762940626,54.58209472280535,0.48179665715061415,-1.7600146264057401,23.8909044610047,-11.757990559742696,-4.2978824951784835,3.209295751111631,-2.754348972100685,-3.161032565351273,5.589774427967132,0.8817549961196804,-3.5475605823259033,1.9384741161306611,2.113407725094758,-4.374864901320956,0.02613267008015798,54.39316013312957,62.91845723172909,60.986943535729296,66.55018770962546,46.207778071215586,45.75789909737235,26.078862870415055,23.939526743783027,16.470040588547743,13.08202225281798,15.16537763079475,7.111341523565761,9.730992835207628,6.919233848118462,6.3747942369941075,9.88244392693895,5.143704683718414,5.855982436653167,5.654412082501417,5.8442173095304355,6517.0,626.0,816.0,1019.0,1049.0,1060.0,914.0,330.0,318.0,843.0,960.0,612.75,5663.232421875
RBB11_17,RBB_n1_1.WAV,-377.0259285534024,25.88437238623234,-201.16633661421682,-22.16536020877153,61.36856197089107,-9.254360321094412,-5.322377340319181,13.411816802849621,-4.267813895658596,-10.724965459880746,14.997164686440966,-3.436866911078089,-3.161520003437949,4.329453248682187,-0.2301718083127353,-5.325167662003187,2.8504714055349525,1.8761236132846997,-3.431372209241344,4.682834087335399,52.820674634226116,54.77905743386592,63.88623513656028,67.45013380831759,45.25453525239371,43.73441501321787,25.504783256628446,27.478106638307185,17.407277333157516,11.317904790354138,10.92192621338706,8.105014183494108,13.220639882492492,10.497079134267917,6.269790429996798,7.4520264842252555,6.739528016084466,6.501993198635853,4.752284417930279,5.043645145465058,6594.0,609.0,808.0,1002.0,1043.0,1053.0,903.0,296.0,326.0,931.0,1026.0,644.75,5727.83203125
RBB11_18,RBB_n1_1.WAV,-369.10200840707,8.657077728511513,-207.17400462311,-19.263497456894115,49.13916752129365,-2.630637510713099,-7.639333606120615,6.0262175347365545,-10.181932519621034,-12.831597710781347,4.026929514855281,5.342884506318611,-6.366256498271972,10.622596983132803,-3.1135053971470894,-5.4272869728994575,1.085863173567362,0.5454273522735142,-0.07594699488869414,-0.1340884978910633,56.8539687843743,56.27715051569267,62.455342695572604,70.97109980283788,48.98023350611682,42.44505765421383,26.577945827521617,35.854402220088815,22.30337432026219,11.021470754614493,17.255386079789496,7.641537970017205,11.47274457282202,10.336382139727995,8.022552992801831,7.290645167420168,3.5930402937697212,7.12671698638718,6.138037327801069,3.626390165655512,6520.0,601.0,813.0,993.0,1052.0,1038.0,899.4,291.0,332.0,891.0,1009.0,630.75,5706.298828125
RBB11_19,RBB_n1_1.WAV,-384.64411258755524,28.60854987108995,-206.10783200320614,-32.96605660962085,65.8176783356953,-9.88568984653495,2.6933401662119096,16.92049439107375,3.475035161745029,-14.842599197356481,13.948939764329655,-2.634519165798143,-8.003221168094981,11.399198254786064,-3.3068755292249445,-4.27128234931995,3.7803137797333957,-2.7518992730647738,-4.221598971971836,1.4243786202326605,52.12822467334261,50.41070475938581,59.8823283205123,63.37662804616698,44.55203884713701,45.76176357030394,34.25647012838001,28.041228693252883,15.648694738640804,12.092746744219605,14.232938093083048,8.951807190345516,9.092352350264584,9.80136923914431,5.814977872059484,10.482613026825534,6.38577870151756,6.78852693287973,4.1204418219532695,4.033277839213902,6449.0,606.0,800.0,991.0,1041.0,1046.0,896.8,305.0,334.0,858.0,972.0,617.25,5706.298828125
RBB11_23,RBB_n1_1.WAV,-383.81583310535024,26.262309130356815,-211.09744902407007,-38.72240630611982,57.328595820058396,-8.529655653117349,-3.6606489191062495,14.912877655594574,5.22881456299474,-7.005009299412034,6.3265636310771844,5.145827310831484,-9.661802626588083,5.786789312646707,-4.466310346758656,-2.458139731772198,1.5802622496021437,-0.5532906114917462,0.9969854448382619,0.26938895229565757,47.32306900395326,59.405132330547325,59.00407594240144,67.44611443165057,43.17891592735168,43.86012053386965,35.256504956525795,20.72512870997639,27.16880080465644,14.528826127205617,11.211610471024912,12.318937308772037,10.788234087782403,6.655194372144212,11.401662584931351,7.705078022989246,4.2087686438634915,6.67793518762594,7.6017076655446685,4.144542815433827,6491.0,623.0,763.0,961.0,1063.0,1061.0,894.2,309.0,305.0,885.0,1021.0,630.0,5706.298828125
RBB11_24,RBB_n1_1.WAV,-358.27826219043055,-9.836889347766112,-213.54882734455515,-18.99235008984673,33.77140455107548,3.818409684312783,-5.022282200900388,16.88294469804336,7.403380017114601,-8.010816766462485,5.199050238629013,-3.290842009141704,-5.168814370404324,5.567404030537775,3.5828038611748427,-6.429732295021421,1.3935283584583127,-0.22813796583229706,-2.441695280335837,-0.42629243327336164,51.20917688567242,52.336533023009956,60.0674571007985,71.28316548662484,47.79599899186066,38.99097406851779,33.09004041109547,21.663666804994833,25.354895339344637,13.194174227122113,16.273828119679155,9.108369303423261,10.46512589259286,6.387518874249316,5.997009635730939,7.537412560392607,6.266413552497593,7.856944598264166,5.577585510514436,4.0188986530673505,6591.0,659.0,763.0,992.0,1044.0,1066.0,904.8,342.0,323.0,931.0,971.0,641.75,5663.232421875
RBB11_26,RBB_n1_1.WAV,-369.7637519102405,17.14179412399357,-215.19696364513018,-33.30616905113046,49.73808124884751,-1.235700874240828,-5.626226180941784,23.016632682970783,11.345199853241585,-17.92138894964526,16.46760262449799,-4.902369815066993,-6.638588929859081,11.85896233218658,-0.6578160135663939,-2.055130099414787,1.5903675077140538,-0.9299515871488104,-4.154355020313477,0.5952421337905935,45.0157815488483,44.75689652611129,57.060492942729454,69.19947860943708,43.50525185471475,44.97853647972398,25.793860280178215,22.586784781891556,22.039617026786697,10.46849450316857,15.878316909149822,17.9791058206018,11.598933113459443,6.8690333343831345,10.468125339012497,9.833100449303886,4.484729123815227,5.264922409063744,3.617787382925312,7.563015510212472,6183.0,650.0,729.0,946.0,1059.0,1042.0,885.2,333.0,305.0,677.0,945.0,565.0,5727.83203125
RBB11_27,RBB_n1_1.WAV,-369.6902979883257,14.634894803501073,-211.94472500921563,-20.76570039094242,46.071718637580794,-12.371478539955426,-9.197036649363662,10.109117867755923,-5.517035435233771,-8.639125648779665,5.32450233243809,1.4931218914947164,-4.182314793671408,3.703634475917763,5.503622749104732,-7.2086099777350645,1.7417874121756898,4.603687888419058,-3.8394240079340696,2.2414896788361256,52.27853682499103,57.08479905294911,61.05145050531056,72.90309677432712,50.44335029528545,43.94375436523729,26.902538973364273,31.683101073151697,22.29195839023674,11.390633985120779,11.97920657710838,11.534779411208877,13.728645336985167,6.899432999366762,5.879431001376935,4.9028552769960285,7.236619638868752,7.192953202277606,4.044185842027039,4.596215466714518,6544.0,701.0,787.0,1012.0,1047.0,1062.0,921.8,287.0,321.0,869.0,958.0,608.75,5684.765625
RBB11_28,RBB_n1_1.WAV,-393.1127247613459,33.10688707912244,-208.46160831321683,-32.96110433184917,61.3992189734054,-17.888856276452028,-13.540247656526017,26.008118135493582,-21.82987347901224,-6.398402558180231,6.411988423288959,0.9394581930585175,-5.005582713796328,9.274915361939707,1.4707440417788806,-9.80995297775845,6.31459357624856,0.12148929168343145,-3.660243619591091,4.3116775829230995,58.375371667636394,43.26421357459231,63.245062343306394,63.83479471623892,47.43844892468719,42.39163284794706,22.726898478528508,28.50454347086829,26.026148297697052,15.14384165085353,17.791634142747434,9.481973885516753,10.03933928623539,8.416103466861149,6.951157066127206,5.9097202847048145,5.383273975336153,5.5502415502233,5.150897704113422,6.1161888370925706,6514.0,636.0,785.0,989.0,1068.0,1039.0,903.4,329.0,312.0,827.0,1029.0,624.25,5770.8984375
RBB11_29,RBB_n1_1.WAV,-376.97518382672246,4.833956335812263,-212.77577904482266,-31.741231249749127,52.09743440011009,-3.7252005269771455,-6.271161795869024,27.825054701762316,-10.206367409927372,2.471419087159806,-1.234287118783733,2.8891464279884542,-3.4025503503472576,0.7142124620536857,8.044136473225869,-7.993125276487366,1.4811880887883238,1.4084462477263153,-2.6620533287063277,-2.6240763877943776,49.76278102241207,69.07841301729968,58.47319810987965,71.70941440979233,45.572477205688315,47.551243897551856,30.93592472230187,22.163863163477785,29.057496677611383,20.59251503766382,16.14980081643482,9.782283928410477,11.258311533347882,6.60780608578039,5.160964935578332,6.093328889135351,6.0356666264826275,8.665758020388003,3.2312919765401644,3.6029624195926235,6578.0,700.0,788.0,998.0,1063.0,1064.0,922.6,284.0,332.0,889.0,960.0,616.25,5684.765625
RBB11_30,RBB_n1_1.WAV,-380.4305290775335,-5.656938271027201,-215.34932010551583,-15.382326819114539,47.506239686102035,6.444247173318351,-4.860722539610733,13.845826522298024,-4.838289706812822,-14.98764446081215,11.147389713692501,-4.595759354337865,-2.915248065227797,6.590022462732116,-1.489856776956752,-1.811359866323277,0.4489153701899035,2.584603942827373,-5.6059609704997015,2.237716204970514,55.77234923724313,64.5633625117069,59.85219501052507,74.02713491868754,48.37939821256003,47.73688868645214,26.888830226069572,25.53331945194448,16.58635703562678,11.14206932501598,14.516410412432784,8.604624341769895,11.139924603475913,6.187515120972668,7.545877360398699,8.51372601636538,4.150265773448019,4.468621272969296,5.701076638888626,5.805801817093952,6526.0,604.0,798.0,1008.0,1035.0,1080.0,905.0,293.0,324.0,903.0,981.0,625.25,5663.232421875
RBB11_31,RBB_n1_1.WAV,-377.7067230169677,-4.532635714814316,-204.1227539056653,-25.90664950181974,51.096370555483034,0.36418934061296976,-9.214443079930053,13.648379765689828,-2.6322623119882333,-6.9969809055120615,8.243871084897997,-0.21351500296613837,-3.0628369789844125,2.3568453124619153,2.504964004273003,-2.634624275617281,0.6198593627762876,-0.7997316618948695,-2.72013614200611,-1.1890306949343201,54.62740482719629,67.48128018923758,61.40814648137132,68.60292348412827,48.49564959368947,45.398272952948105,27.87732348995301,26.44558087053299,17.52255430333571,16.25553062831897,13.370078282877108,10.446878109760945,11.240643494289053,7.238979544716596,6.152544129746098,7.872776388561229,3.7035549115996877,6.29289508061418,5.533826509964386,4.51195093189129,6412.0,600.0,780.0,985.0,1101.0,1070.0,907.2,278.0,334.0,722.0,1047.0,595.25,5770.8984375
RBB11_32,RBB_n1_1.WAV,-410.1124038141463,23.60521109910532,-222.16601583991036,-30.69595988652982,60.12492519246963,-5.878445628418813,-1.6395469728455117,21.111516515537886,-5.0998068036502024,-11.526925711920098,12.730851886230589,-2.8059437523274573,-6.102988003800956,8.31260450221845,-1.6083700674702808,-2.9764918036503887,2.670337793398139,-0.9406177770132091,-3.432231282307606,-1.2678169632498368,50.48146471707008,49.576985183835156,57.05680901543483,70.77122399515656,46.932591677369956,45.30640214818519,32.84642683817847,28.67210994956878,17.957622570592594,12.33065753798433,13.235093671093361,9.608814152446225,10.228939831779563,6.317859719141231,6.8555425113770525,9.695727158985513,5.1190796984823566,5.098572273166244,4.146305820237343,4.027710061439068,6439.0,606.0,792.0,1009.0,1066.0,1076.0,909.8,297.0,309.0,846.0,938.0,597.5,5727.83203125
RBB11_33,RBB_n1_1.WAV,-379.1883480848428,5.171657732704916,-219.20026177894272,-15.965597634202581,38.47088837148818,3.1088820285847314,-8.771390782521083,9.871309533960028,7.077259091946357,-12.967727175249236,9.063717814491786,4.525412899647434,-6.063515632370362,4.532679718359532,5.067991210873819,-7.174101578082446,0.3726737609118324,1.4528714129434042,-4.8798311951208095,0.508596369262763,45.958419420008966,49.14325031194243,58.821425227773055,72.95598290388435,44.44538106946808,40.09300991936466,27.561376480711328,26.25770717698585,25.693931750916448,17.777385881724367,12.133887891163335,8.72191188018207,11.423334185794666,6.804172909254224,6.245612987959014,6.913611187057845,6.996803173907562,8.387118395248297,6.186626140143586,5.314816400327782,6484.0,634.0,754.0,1003.0,1029.0,1073.0,898.6,293.0,323.0,865.0,1010.0,622.75,5663.232421875
RBB11_34,RBB_n1_1.WAV,-406.02720453018793,25.262952461691338,-221.02200637909507,-31.264869144363182,61.5645465772323,-3.6005441897836823,-7.624484882044052,15.421738557143359,-5.304714901243357,-11.87620726386642,14.654400118692472,0.26079205333811994,-5.999214629441555,7.416746851341975,-0.7939210624180504,-3.782920769748038,0.9038121109866669,0.6129624649946419,-5.795417586508185,1.1272132231833696,49.35069817159877,49.90659320061069,55.68590151240363,71.13066316823924,49.75241575043779,41.14663346016955,29.688253118074144,27.63485363000362,19.812129673767938,11.026076344816477,12.69803408475469,8.78398737322776,12.646433844855732,7.581929499157005,8.911618901171769,7.078944968903865,6.510318122992453,8.16899895610402,3.5239433010719456,4.863953143523951,6448.0,603.0,783.0,994.0,1075.0,1076.0,906.2,293.0,317.0,813.0,994.0,604.25,5684.765625
RBB11_35,RBB_n1_1.WAV,-393.0559249386895,5.350782977564518,-215.09089118168353,-24.290157018465926,63.446733852485295,-1.5821368262931936,-5.046517224384953,16.931959071171285,-10.145323210341108,-8.795592517695379,10.174699773130131,3.4373969531511306,-8.174390295845102,11.349776177341472,-2.394518467264959,-5.285418972881246,5.977720911022157,-2.607097058352576,-1.466034293779545,-2.544183600570479,49.28507740292875,61.78939281519079,56.97003283584721,66.45458228389005,41.42735447602928,43.30034176562939,28.19181920930542,24.216516529488892,19.86812769525708,14.931380211763173,15.832872089563738,7.919732552572419,9.135655685647151,6.606187529540352,6.041637967591412,8.245997362436375,4.747446024127901,7.585286365928321,6.277567642321558,4.96533815809286,6449.0,599.0,788.0,988.0,1047.0,1049.0,894.2,291.0,334.0,816.0,1037.0,619.5,5663.232421875
RBB11_37,RBB_n1_1.WAV,-384.6216750530261,12.842554509900278,-220.64313196045362,-9.7908810845504,54.65163882939105,-6.899669446504427,2.395727828961093,3.0690773568578353,-9.343851738347418,-11.32149397164972,0.15287626798623127,6.887339242999297,-5.182923187523222,8.549875285765095,3.001656924895807,-4.115553926559812,2.89251262373416,3.707104734864301,-3.4002688109214385,1.3102699246553624,48.429781028458756,52.270561465034866,53.42842834430694,70.6792939222948,41.02580879668875,40.7072114788002,37.793083231088474,24.261053996520385,19.081420508395542,15.470367101878455,13.321573903186712,7.449722752886965,10.873221430443678,7.071933778827383,7.26185356355816,6.51613895231731,5.477214543304234,9.10293568079495,4.474957722572433,4.232026755135414,6507.0,591.0,793.0,1004.0,1081.0,1084.0,910.6,330.0,339.0,841.0,948.0,614.5,5727.83203125
RBB11_39,RBB_n1_1.WAV,-373.0641016939086,14.921726858640488,-213.88421617554653,-18.424562293570656,34.25746040713579,5.287569748077655,-14.398298828543927,4.75021013360203,2.5780690772768313,-16.027290852409703,11.683312598815752,6.125024273310695,-2.6584442097297702,7.821545691991875,-3.3847717655917755,0.29124942235841544,-1.6695372196727287,-0.8586454996863558,-0.25716744553370446,-3.401699426725138,48.304257131798934,49.86222237349057,57.15981218794635,72.30839010760647,44.291232325590386,38.180457950669194,27.82637252038561,23.103273324732502,25.23570349423553,15.320070396317101,13.74999563427278,10.067623497619438,11.471678941634702,7.571196790761128,10.21233875004658,7.666736991155826,4.572835449276229,6.843029802781672,7.377596123660023,4.697981435492126,6433.0,607.0,765.0,976.0,1039.0,1049.0,887.2,305.0,314.0,873.0,1009.0,625.25,5727.83203125
RBB11_40,RBB_n1_1.WAV,-371.38089199278835,2.9253796298174906,-214.59041302891097,-7.218644959729041,39.10268408240816,0.9617966573781378,-10.603811311268085,10.021991187600994,-9.060726360733685,-12.185067099438122,5.912211093381947,-2.4123695811977783,-1.0252815791868535,5.709303580743113,6.149703465095521,-5.1820718477497145,4.801738446131954,0.15979619748030255,-1.8182188773648718,-2.5713569822286377,47.81316070836353,63.33665160899435,55.07551748484489,71.9773192031882,46.57645854424319,43.35483753292235,21.92983653275292,20.353241839496448,20.321755712854834,15.85062509524471,9.414331868326588,10.91939320377786,14.475345678275566,5.859103496571373,6.554162808310228,8.161909364919781,6.049875224981846,8.005520662357808,5.479311773887134,4.433888931189193,6547.0,592.0,791.0,1014.0,1047.0,1080.0,904.8,313.0,354.0,871.0,989.0,631.75,5727.83203125
RBB11_42,RBB_n1_1.WAV,-351.53162292722624,1.8090783744741978,-210.13040224659065,-21.726431282148678,22.08813833216462,6.687857175133474,-7.913757989381977,7.392538730097397,4.3326554968123805,-5.464102433718926,1.9519956660734985,16.22135840303794,-5.551774350297462,7.640532918326067,3.5266204942279056,-5.149816272089696,-2.3707090767490793,1.7039651442902162,-6.343952817883882,-0.8364818274995236,50.36532622083134,58.90495095689801,59.15947858200073,71.27256886603881,48.651976774109464,37.703442270773266,33.12907078688195,22.151168152737156,24.302912100549808,12.932531906091807,10.819701918082767,13.148436235985805,14.896853722639658,10.792533876008218,9.916985311938696,8.782879891441324,5.2701811933134515,4.473724488267011,4.4659063118284905,5.58564027944674,6408.0,616.0,766.0,969.0,1061.0,1080.0,898.4,293.0,300.0,876.0,951.0,605.0,5684.765625
RBB11_43,RBB_n1_1.WAV,-351.06062019046533,0.3205019241564712,-215.19846055661398,-19.351512167683786,23.369100246350904,7.305101350298518,-14.253732497680856,2.438924043019396,14.23424256859598,-14.410315158940621,9.808862024235587,4.014191495727734,-4.624521573846474,-0.614357929215938,2.137294837607594,-2.266361836829601,-0.8080224701096921,5.285067947574365,-0.9528264027044353,-0.10812677676693151,48.01742983209268,52.66436304101946,55.88588302416392,68.82967193416322,49.12326681557255,38.252869465896886,31.462946207812635,15.180814423298214,31.61047716621762,14.295746867084299,12.367493670330562,9.89418938362743,8.769281479267482,9.908119791090861,8.644402587809871,5.087782652842698,7.73450800151515,6.347673315738857,5.57054584364651,5.884882572302506,6504.0,648.0,730.0,963.0,1051.0,1069.0,892.2,306.0,352.0,901.0,984.0,635.75,5749.365234375
RBB11_44,RBB_n1_1.WAV,-380.48016938112454,7.406848253306216,-214.05496788607644,-18.504736779427542,47.92089294441885,9.293355062360714,-6.712464914180919,12.822409018927196,-0.15764090240965586,-16.305741885523986,9.670784678595961,-4.976404592419703,-1.1772220738127166,0.5249153383177199,3.5305615391848026,-1.4846527446697357,-3.4965843836472605,2.231612643937216,-2.571613665276278,-0.5287683890522217,45.890203611110216,56.85978713643268,57.79450004315143,76.07872512168615,47.71911453353127,42.15834523105224,30.061053726977722,19.245547899112204,22.15665642450899,12.806210922082055,11.52332487997143,14.546133945281543,13.413650050568963,5.453366642804357,6.793402682481721,7.412105369079854,6.814905624608259,5.737210925955017,3.735180047018792,6.124021481255077,6513.0,594.0,781.0,977.0,1052.0,1084.0,897.6,318.0,299.0,888.0,1024.0,632.25,5684.765625
RBB11_45,RBB_n1_1.WAV,-384.278015264406,10.454157726286665,-219.0694091816985,-17.393402243735284,37.82217967710844,11.516696549310323,-5.665243205818265,13.180359899830135,7.315607768848896,-18.015313720463205,8.16361385991821,-2.194998506663224,-5.8146663483432395,5.3880778803756195,-0.11310484016519369,3.5263404356650923,-1.2129768795466025,0.38889027721538033,-0.6136338728927259,-1.9213105522503626,49.89030768330627,55.07463128195536,57.89956003382713,78.99220439490436,47.6870813304818,36.481236049049805,32.02547012877029,22.33804389554617,21.485767043231814,13.01460414644143,13.55937454907141,16.33643108741385,12.92244454491684,7.591661090687414,8.741816343437444,8.3731679615131,6.096902025745465,5.385737292314811,4.853365986586399,4.460554843773,6582.0,651.0,774.0,975.0,1070.0,1078.0,909.6,256.0,328.0,942.0,1016.0,635.5,5792.431640625
RBB11_46,RBB_n1_1.WAV,-393.7018861308304,33.19066467987945,-208.97577993420558,-22.672880142488786,58.34351853122779,-14.720474736754072,-2.6551736262845647,21.677686526421475,-12.215443670025524,-5.070435326170801,14.095238048922889,-10.022364100670597,-3.0941822710153315,6.550060593104585,-5.415475870384601,-1.5044528951641662,4.473050386719642,0.013315325887417967,-1.7511140016863238,0.858610953890587,55.22761911626233,41.01265882695597,63.301314702000965,70.44799016889824,51.48961508680249,44.02204592760403,25.553654833270606,23.88712788678611,17.026086096898773,10.779831775029928,13.083594359444312,10.23755067304154,10.605739804461546,6.6625665879299065,5.513152328123125,9.384515251112516,7.8212066856130225,4.350997768008963,4.526959753317819,5.108061343270838,6465.0,537.0,797.0,1011.0,1068.0,1079.0,898.4,337.0,293.0,853.0,990.0,618.25,5706.298828125
RBB11_49,RBB_n1_1.WAV,-411.04649918091377,28.62032322378068,-226.96778896603055,-43.23631604915949,62.09213258015953,8.520525267482496,18.15154986047966,10.261527108731022,-13.0437805708265,0.3129265374061773,-0.9056470725554463,-7.967932217752324,0.4101048680301643,6.467557189311748,0.20321767194922877,-5.074563407901743,2.9978657192000595,2.1649102446862303,-5.574357999694344,0.991197507424722,45.62548116245208,42.35817374870469,52.712021746044904,73.89134112132571,41.91771378336137,43.886833211028524,35.30835540997757,23.512448254808152,21.55239156068515,13.26154955858185,12.639019295843825,8.518980385380392,11.408617615269506,5.36143678219986,5.294399353204502,7.171383216815753,4.918815039276866,5.726235135669381,5.3645352956110735,3.8302694574862852,6409.0,587.0,801.0,1007.0,1083.0,1061.0,907.8,310.0,270.0,848.0,963.0,597.75,5469.43359375
RBB11_50,RBB_n1_1.WAV,-398.39351281851305,26.955646618849908,-222.13042904947287,-42.758382422018386,54.11933718962862,11.16650839697634,9.98767912727976,4.552767227422314,-6.817458456966397,7.568023596574252,-3.9900187606792064,-3.110235761690487,3.0013249281919454,-0.5631721659866386,1.8614003202119633,-6.700022972245922,2.1521222154134576,1.1711403548552117,-4.010637720323515,2.7765624220931535,48.58399043539155,54.82454372672628,54.88817692362179,80.92775721675875,41.92306977056654,40.3078045051517,38.144461124768085,22.505779933947515,30.67174503440626,14.39757960613149,13.28857821846854,8.383869210514924,12.091902419880544,9.173436674287833,7.6525048506939966,7.243637916465203,5.4628556111526025,6.816697290486572,6.813610125065489,4.944525886545244,6556.0,671.0,753.0,1005.0,1050.0,1069.0,909.6,312.0,361.0,843.0,1014.0,632.5,5490.966796875
RBB11_51,RBB_n1_1.WAV,-406.8685971467346,25.82363366689554,-227.82982641326274,-37.65340583786811,54.61959023505735,8.918176377962695,15.548075720701314,3.928429913434939,-3.607806354427854,1.4398984462758737,-2.6610685812057686,-2.1977232635079713,-4.0585063228660205,3.1587579960709347,2.2469731646678275,-4.962284016863257,3.5532913974068703,-0.12611630292831308,-5.111761257898197,3.288445863079114,48.498884605360544,47.281458920854156,55.00493199959262,77.27129508202249,42.59247306225499,40.421796506236056,37.44638934281179,22.23739588655716,20.82622843839378,11.972632406484427,15.192520684347791,8.087795037281516,12.58325903996203,8.746002943638196,5.86362586958459,5.910891178572092,5.0801416668274815,8.067540602111906,4.346362648619584,5.26125280710341,6392.0,606.0,800.0,990.0,1059.0,1085.0,908.0,271.0,307.0,850.0,957.0,596.25,5490.966796875
RBB11_53,RBB_n1_1.WAV,-407.275445289173,34.36717751635632,-226.44420625380016,-45.61647975332977,66.35865009424211,-1.23532886690683,10.874917910994927,19.141478332207186,-15.399555394277229,-2.197656242477539,8.095078807730248,-7.788260755470267,-1.516850352318459,8.266503779686548,-2.4400593983306242,-5.922623806337301,3.7223697077378577,-0.11280726087590302,-6.552925797937479,2.2158726407046707,47.29062915058289,40.53191393726882,54.10791029076236,66.62532276204874,42.20371584741009,42.782669357099245,33.9515481478228,26.105473121850775,21.85362566212002,12.260435133382792,16.160061166785653,8.956258367410706,13.403158638964479,7.646169567451902,5.262535298817836,7.717507941117176,5.626178912530523,5.743123741148849,4.299164259396608,3.5708026359360563,6505.0,594.0,805.0,1005.0,1076.0,1074.0,910.8,302.0,324.0,820.0,1031.0,619.25,5555.56640625
RBB11_54,RBB_n1_1.WAV,-401.54447310477843,25.360709677437818,-229.6571838935901,-35.32350810852308,62.72469978565858,1.8516093672450642,13.318477287711268,11.565756892733841,-12.210612128849101,-1.399827503617578,5.596460517550648,-4.350609126091646,-2.8984512898863466,6.907185065780142,-2.0483633292587955,-6.898086929448058,4.108900118329718,0.7983594117908923,-3.8842551404468004,1.6081392749392431,49.52017939841474,44.27189990322007,53.77619907208829,72.06834072017803,40.36558732615151,42.2850267991876,31.844769460056835,26.933423807144376,19.970421050790332,11.17154514663298,15.848251210852256,7.868337651070148,12.016107206838278,5.388526254636455,6.725804379461406,7.049636505408202,4.505016781829781,7.596200774284263,3.453808800715868,4.032494186293336,6504.0,601.0,801.0,1002.0,1063.0,1044.0,902.2,311.0,310.0,860.0,1045.0,631.5,5512.5
RBB11_55,RBB_n1_1.WAV,-404.9636347918715,30.297371565816764,-229.07446753963706,-40.92165579955192,62.51566740164104,-0.5269469152041691,12.058058887696465,19.479792249820274,-6.0239371326684745,-4.016148628814807,0.5884665945999753,-4.881281896362364,-4.428746063030953,4.976466491559635,2.6933224644859957,-4.957119785744237,2.6373332341955895,2.900596877209584,-4.543152607214088,-0.34913976156966303,47.66605963954076,38.976044223338405,53.999990845954976,65.43177989072902,44.96889124981145,39.206732930081294,39.84491597037287,21.959952594326605,19.55731936579826,11.053867408058085,14.866781998917693,7.590735235060537,12.731229890947024,6.299820657134493,7.696295829847983,7.842084568761763,4.917587663184068,6.2443933817247865,4.722886110275459,4.771422222077587,6589.0,609.0,797.0,1000.0,1055.0,1066.0,905.4,323.0,288.0,902.0,1079.0,648.0,5512.5
RBB11_56,RBB_n1_1.WAV,-417.1970495566535,40.01034278767862,-221.89779343597166,-56.77366478461509,74.43264763781912,2.1033057787122953,-2.4186536169649897,24.244036651509763,-7.554521837126474,-6.227596650032943,7.979971818593038,-7.472547062994829,-3.5923598976278894,7.021688978181291,-2.5124944823740583,-3.4216663045140017,2.9299401453541507,-0.17395475890445672,-1.4861185013727807,0.6427663187998296,47.4644705135472,37.77339272702175,53.65736657519905,64.39683353407075,41.10617382036118,42.619316444696935,32.28892077075451,21.833512422464498,30.82241798943517,12.285278622889487,14.45240715024747,12.837501540762315,12.127484708895674,10.714510486344265,7.982246491826292,5.652457490997963,6.2528129882707395,7.139724900749382,4.510799782704475,4.710114694752403,6536.0,580.0,778.0,994.0,1080.0,1087.0,903.8,292.0,308.0,921.0,1026.0,636.75,5577.099609375
RBB11_57,RBB_n1_1.WAV,-410.5412438302126,35.793920929968614,-231.39018997292015,-48.01461499957075,70.55171931505464,-0.49417931810283144,4.925242675133644,18.3827019526137,-10.593649338124557,-4.400006788761929,5.392251227563299,-2.282756299265046,-0.6705550415084405,3.5100723799828613,0.5805032869771807,-4.064731999209462,-1.376277610599411,0.5857706862605885,-2.131203995823288,0.0435190536553107,47.68685376583584,40.67772058387135,54.25478629109305,66.18486901824123,40.568793651817984,43.80370943599708,36.52407740966486,25.312247829138595,25.35922634364281,12.752363280933368,14.679366019768642,11.738790545678196,12.70152722371545,7.257076687182458,7.521774321269244,6.1042860068667775,5.3006317985249485,6.3866217869255655,5.558628693245639,4.729197298320393,6417.0,586.0,792.0,974.0,1066.0,1048.0,893.2,287.0,330.0,888.0,985.0,622.5,5534.033203125
RBB11_58,RBB_n1_1.WAV,-395.93102707384355,26.925044532358356,-231.9432598021051,-27.639909807341525,56.55602767092585,-14.408504859805664,9.569399367216397,14.910556862900329,-5.864276086583409,1.873213986623377,2.8553969365698193,0.5679100470165434,-3.312118122581782,1.7126450891588363,3.0261118556984075,-5.496236743090453,0.41774899168810403,0.8443737024029412,-5.82180315300161,0.7733109273555246,48.08679335620485,41.53396731335915,55.44857729628915,68.39609184948941,44.6157625329082,43.569950903946506,38.394258177700856,25.58766336480862,18.340859976148977,15.895154304634532,17.493265177224398,7.506067022615629,10.348885099349806,5.142274715558314,4.737636836113032,7.2964756799090535,5.3231372765902565,6.24954606391322,4.676121130343872,4.457160674420979,6520.0,643.0,813.0,998.0,1079.0,1061.0,918.8,293.0,313.0,853.0,1022.0,620.25,5663.232421875
RBB11_59,RBB_n1_1.WAV,-375.9936040065596,10.086560191438293,-229.3986563302435,-22.020813537022818,35.67146556604082,3.091883671192188,7.885148112764729,7.426776408488718,9.175437360545526,-2.9855893883814733,-1.128611910806257,4.0218016608819065,-8.329125347367308,1.8343257023613857,4.995502895204601,-7.871695531634731,2.4192763950061136,-1.4670882561977516,-1.5876941510207987,-0.7389317756595932,47.71619489802363,56.38467866398588,55.18463565896038,76.47562511889898,47.78523664219422,38.94600426454885,29.337874727399427,18.456301359875482,25.296946521370092,11.073969034545318,9.12818968911047,11.861211621830702,9.106257152895683,13.063667117766043,9.779039894515774,6.155600682011176,7.471621881095974,8.247043244779219,4.577872970395908,5.094133878246562,6551.0,661.0,726.0,958.0,1062.0,1088.0,899.0,330.0,318.0,911.0,1035.0,648.5,5663.232421875
RBB11_60,RBB_n1_1.WAV,-403.2650197965115,30.106573244318675,-228.14824321998123,-36.55075041196895,66.07316821720796,-6.36716705843626,1.8344249279768685,21.8945557789211,-9.207335906647518,-7.834301872198866,13.791603436624166,-3.213850852904416,-8.291826545380626,7.023051318419365,-2.0813878328878728,-3.311458887310305,4.150556202117379,-2.363535826548277,-2.840561482274638,1.210598308691179,46.80663933707558,41.98359676488747,55.094902125119006,64.45767803686957,43.157902576837245,42.24443824564768,33.87073033069622,23.3371694035205,21.764128357391517,11.499266589709109,12.345795596469681,9.884964648501882,11.49459821550962,8.477736468840737,6.743264969289655,8.911958050146184,7.379514455122706,6.280999853142001,5.316260302448744,3.1761000265652592,6387.0,587.0,799.0,1000.0,1076.0,1086.0,909.6,274.0,308.0,833.0,964.0,594.75,5727.83203125
RBB11_61,RBB_n1_1.WAV,-392.0644887041402,31.179435557162535,-230.67637045702267,-32.79261446072276,53.28782597649393,-15.725435258081564,11.963255069848318,19.14476512955996,-4.831039064322006,2.2837403246695103,1.6986235720714122,-3.264838898043303,-4.031600051196199,2.304385859101375,5.2929052204595735,-5.208263361739533,-1.710904637699423,1.9974555517777268,-5.16313002328492,0.5997885664883003,46.84716791902152,48.278188616143396,54.367356873666175,73.87350675771776,43.568260792090385,43.45220520155948,39.88904542238118,27.609164003813227,24.593742163766393,12.826491127802294,15.194381677868927,8.57203077089787,11.737567392793999,5.280553087195689,5.4875318579084,6.598096597242579,4.18371274325917,4.301500322908423,2.502040827246781,3.503151834400174,6554.0,652.0,795.0,1016.0,1072.0,1090.0,925.0,291.0,325.0,868.0,975.0,614.75,5663.232421875
RBB11_62,RBB_n1_1.WAV,-384.9355266846738,16.863168318994035,-227.49174874232682,-11.52315636176071,49.320879560769306,-10.01051591892823,5.72933035466529,5.897990889449032,-7.962578585548484,-8.238325461994647,3.9683336375045326,1.3553902890205316,-2.4614799722145797,10.342734907237308,1.7789160325971805,-5.249229922028781,2.4388623651879358,1.0574926076190443,-3.4289289894546036,0.35550396639693577,49.348117066278924,56.4376552853311,55.13712454670338,74.7112010077455,46.60521052810922,46.11144262945043,32.23711013078005,28.859682149843884,12.859642897167479,12.763371391144236,14.85186802425756,9.26827614803338,9.48667911147851,9.803502182518796,6.958534216046877,6.036552517860512,5.567257587070988,6.787630148330977,4.940921673429898,5.527790642389578,6584.0,629.0,796.0,1052.0,1106.0,1081.0,932.8,317.0,339.0,825.0,976.0,614.25,5749.365234375
RBB11_63,RBB_n1_1.WAV,-344.2560444909274,-14.133917256758851,-218.16523258220874,-7.446807699843152,28.214741899333895,13.898698050017915,4.259756451246975,-1.6103176855627506,4.195094870291954,-6.1940245767466084,0.023331160783028056,-0.7809142084679395,-0.047545808073049575,1.252481667089683,1.072777848573705,1.6664636171511897,-1.424276280836064,0.704856031824274,-1.3250765833710285,0.34942673736711816,76.83088207251757,48.26034408414431,54.51698992153843,76.87311302721368,42.308608981374604,39.47937923074834,27.066734475431137,14.348527338264615,20.779111181196047,9.192867080842726,12.478601068337467,9.241702340474518,8.39493756794504,10.351514325910378,7.331062723170137,6.026538981490307,5.280202965226472,5.149745185673513,4.356753034895537,4.6587818720649885,6387.0,653.0,658.0,972.0,1053.0,1081.0,883.4,381.0,307.0,881.0,926.0,623.75,5577.099609375
RBB11_64,RBB_n1_1.WAV,-414.2128035329862,30.04177142082865,-224.58258148846699,-40.99272614523644,78.67127344813628,-6.816051826220625,-0.9531089959432586,22.700879422351893,-12.535756395220918,-9.903725499933392,10.605668828830266,-0.22584259314580193,-1.0637158916576142,4.878680019653958,-1.1472231809059092,-4.876257198325718,-0.2788039548386146,-0.6861848378488533,-2.9466834422459667,0.8557796866092217,47.10153362750606,39.179068889231196,53.54414934354017,64.01968363809023,40.54885726129974,42.31864982452674,35.54887758193261,23.046825025399627,27.495122559591376,14.459514915169867,10.919581720807018,13.255896492603371,10.725657003796687,9.24928412358575,6.7274758225648785,6.588659300024872,5.533169391334702,5.791239320969432,3.5362037180530064,4.620991734952679,6330.0,576.0,793.0,980.0,1079.0,1087.0,903.0,275.0,308.0,804.0,962.0,587.25,5684.765625
RBB11_67,RBB_n1_1.WAV,-371.76894052471897,9.12446585568968,-218.5492037324144,-24.87858575896116,30.926885060300467,14.523959160662455,-7.276907200938179,12.506181157440905,5.649862425475581,-11.418429752876076,7.222602308853925,0.6356909187748905,-2.24820287375485,0.6643287562758516,4.136868548659967,-4.329239535707543,-0.6224041854459689,2.6200050511417214,-3.6001474234747217,0.9877561339984003,53.39596326184377,52.45467115950722,55.01754618335952,73.53495442111615,48.104125159772764,33.48154524653842,35.066998026542755,18.004085528352636,25.816567478417735,15.420753230769238,13.309028264429365,14.025018754401938,10.330098678089698,4.745117840621421,7.136338503213404,6.237954788254239,8.945180500102625,4.480865509913668,3.5242638704018794,6.792668294135287,6407.0,583.0,771.0,931.0,1087.0,1072.0,888.8,287.0,328.0,852.0,1022.0,622.25,5706.298828125
RBB11_68,RBB_n1_1.WAV,-388.95225280298104,23.094478455871783,-222.62988108027304,-33.08714209872087,47.09443741896445,2.3203497136790494,-1.436145845422527,14.647860010509595,2.2154898352166557,-8.283335153506288,4.63704622290997,-3.6310130654764206,-2.053360814848213,1.724388268966268,3.818422456242506,-1.1592725984904797,-3.3499224015045517,2.133180073507319,-4.119154085862679,0.7863185419214209,46.11751871181147,55.83442582194004,54.23890621108849,76.50565902477734,44.813997191761814,46.381514062884655,35.88353431673175,27.124230751926245,22.838607676878603,11.620302558467237,12.441742565157886,10.262087599164992,11.202351759453528,5.99410510303902,5.404811441480479,7.259207846214371,4.372615274825258,4.835870017855184,5.649213416124001,4.552909057776345,6646.0,641.0,797.0,1011.0,1053.0,1076.0,915.6,308.0,362.0,937.0,991.0,649.5,5706.298828125
RBB11_69,RBB_n1_1.WAV,-390.10903814803146,24.453507367416126,-220.86960358340167,-24.446799528598717,53.85990532576254,-15.951781918679407,11.781921320715247,13.01122005752494,1.456955255733862,-6.048006849402636,8.801709269088889,-4.173148506589742,-4.799642638857154,7.562512315851268,2.186380919176019,-6.627276951308236,5.250058717611355,-0.3660863757311547,-2.4371236272392465,0.5776204557400978,49.86175785683087,43.468438354673026,58.789869410191756,65.53974502498205,49.32027871717536,44.87377304227584,33.90838373356135,26.25115182873178,16.592082911707912,11.769215742814106,15.304089821560884,7.866420017619581,8.709000680390771,7.274966714909341,5.362673734030291,7.816618156576082,5.712732196822135,6.386775451151637,4.165964793504266,4.425507676956982,6505.0,573.0,830.0,1005.0,1047.0,1075.0,906.0,309.0,352.0,867.0,987.0,628.75,5663.232421875
RBB11_71,RBB_n1_1.WAV,-390.8810460827545,28.164466975438348,-218.3526020647106,-31.11614078466759,55.54768035091137,-5.67420044972806,-2.457352042132609,33.70755549173808,-2.483146504457749,-9.463728514383414,12.471497830439816,-11.978453423675946,-1.7003639681897906,8.729055490087946,0.02302529072432121,-0.03485241067794897,1.5262864987886302,0.5482238368169785,-2.5896470051893283,0.3886332904523304,48.85701561643291,46.40813493190657,53.9737021194638,60.010272160649144,44.41525467391449,45.11419258707853,35.25547266875794,18.76474733457305,17.72113761175302,14.994124405629107,13.41308395773558,16.140859321430277,11.042190632025088,6.887197540277714,7.254240885640602,9.69116997506074,5.401060761057525,4.683816748829418,4.209508790318479,4.227993618472498,6512.0,631.0,803.0,1023.0,1073.0,1063.0,918.6,311.0,342.0,804.0,992.0,612.25,5706.298828125
RBB11_72,RBB_n1_1.WAV,-388.2208136133303,11.673903449485673,-223.67825063483886,-19.749936013929233,45.332161372246745,-0.6730998182548814,1.7909808112692622,12.841058793518467,-6.490738857559451,-8.816196424241548,4.424149794629888,3.020823304362502,-2.3458156435131987,4.397290752677664,5.240527171880293,-5.9299505608638325,1.3661282557186454,-1.1219563713792282,-5.787962613817647,1.5427531121515197,42.49902365226855,47.39760078224497,57.91076237210758,68.95585367189689,45.710883575124086,40.020939547846616,27.735099932434586,27.027185289763946,25.47709408175805,16.183320678857537,13.208588658594579,11.602898650760187,15.090298144783386,6.599788819941612,8.392555923003908,8.50228362068007,3.8450674656617836,8.09760113360516,5.06931109228152,3.7696802099031124,6452.0,580.0,796.0,1005.0,1077.0,1076.0,906.8,314.0,300.0,832.0,994.0,610.0,5749.365234375
RBB11_73,RBB_n1_1.WAV,-379.1316530112948,-3.2680876341136242,-214.45969444910844,-21.512898192891665,46.34132072880371,8.900459029352579,-8.42365536242658,21.568963706911475,-7.369058955787663,-11.793427592639109,5.986058922574137,0.8994734506566531,-1.4012279984591953,0.6964616088697259,0.9987333674045225,-5.60503059694524,-0.3171253573257745,1.7728725994209715,-2.60369814012101,0.7662648984949241,46.91495203152325,60.99871582338096,59.74280087320174,76.5789716540806,50.5536890562457,39.79840518663427,22.645335368968446,24.087175358037214,21.212184641195243,14.17591548316193,13.02888363707618,9.45925198756586,12.605846702811425,6.492577244024565,7.8894755036830055,5.972391001590538,4.6377613079687565,6.22972233660272,3.8879165391162,3.9516239673930147,6534.0,607.0,814.0,1001.0,1056.0,1066.0,908.8,294.0,310.0,889.0,1021.0,628.5,5706.298828125
RBB11_74,RBB_n1_1.WAV,-389.7804435499159,24.440500683820346,-219.5924153566092,-18.81406707107076,54.881269613672195,-3.2976657097717643,-1.0595285182035943,17.2486178159086,-4.783128959633929,-7.8598344775597075,5.182471541755841,-4.590615840808406,-5.021550924925261,4.130915107211241,1.9458529918946748,-1.5781801093342964,0.6173517147505679,1.0527799450629831,-1.3794437191251372,-1.4451359889477913,51.03042105503089,48.10191479969916,57.19870997710675,70.95809586850751,41.43720384872125,42.37855608464623,32.40907195362074,22.42814599664364,22.57932314413474,16.96942245061296,13.54039603892944,15.223451309178909,10.390948145625718,5.461118564264677,6.411128724136939,8.839656852227053,4.558619841431008,5.470801036990034,5.6268001376802745,4.559709364218742,6420.0,598.0,801.0,1007.0,1079.0,1031.0,903.2,270.0,323.0,829.0,1016.0,609.5,5727.83203125
RBB11_78,RBB_n1_1.WAV,-337.31927124894037,22.873193907665758,-191.71626931357494,-14.275724134550263,40.536578876610896,-21.293330656334078,-7.585924695550644,-2.744529866076045,-9.358512449660969,-5.0617681830836485,2.520173637068316,3.598404889739996,0.4011464725651266,2.146068327177045,8.010692896877654,-6.3258086870305785,2.671932696018282,-0.2310529746893385,-2.467639105013849,2.5293534639826536,62.31084511525775,42.80413116012429,59.91206441047719,73.4093260817048,44.72131095814621,44.45096004343672,21.15714617290499,27.430462440259777,20.278542432041924,15.163554773811764,13.404036844843874,11.80675637627154,11.367188121533298,7.433953582607803,8.850393929203861,7.844521712746413,4.901665288903627,4.8555966651422775,5.475336065681449,4.609512799472918,6509.0,656.0,730.0,1006.0,1094.0,1058.0,908.8,362.0,324.0,796.0,1011.0,623.25,5684.765625
RBB11_80,RBB_n1_1.WAV,-391.38642709701907,25.918783508967863,-222.83651181577866,-39.48700108741873,64.1210634246025,-11.062287136354785,-4.340415106135272,21.580303042606726,-4.544586598009837,-0.37789635311064906,1.0549085353736065,-3.416026074898053,-0.12762067444907968,-2.1314801017067757,8.081160542034691,-1.6807881735140469,-1.410199161615743,0.8318691019725115,-4.1716731830444,-2.5800216825132978,44.054416642458875,50.3890706926833,54.52367061448325,72.96673805276494,42.7784151258635,43.58608547299069,29.96926678383876,20.83782651708963,31.558288574391064,20.319901508479028,17.424641572084468,13.714375328077615,12.205826898812772,6.628542635087302,7.463799434361964,6.332181067211257,7.597882140483274,7.251529077237062,5.273024333533404,4.415394735181791,6278.0,642.0,775.0,980.0,1055.0,1078.0,906.0,287.0,310.0,768.0,916.0,570.25,5727.83203125
RBB11_81,RBB_n1_1.WAV,-357.2917720029698,-1.2996746027337172,-213.81365973111528,-21.963339045693175,24.062212584606865,6.475387962423292,-8.146085325306139,5.558642957497877,6.189920542315901,-8.571563985880191,5.026949043395659,4.502453180806432,-2.750269442702036,1.4413257600137834,3.584848902430296,-0.1674119405123739,-2.586662703605096,2.990465002130038,-3.468915147403232,0.2744997055937828,52.684892123036065,55.6099689018881,56.770629709916356,69.58129641974813,47.00196126584309,37.3652997418191,26.016288475776307,18.932627901766395,33.207550660527076,18.823048744950444,11.237730392397456,9.264632924295716,10.391348033290937,7.737721958634009,8.81964991042249,5.366321061964709,6.68204779044649,5.060574370797258,6.502389177592721,6.456954018990746,6455.0,641.0,737.0,1006.0,1066.0,1086.0,907.2,290.0,339.0,847.0,976.0,613.0,5684.765625
RBB11_82,RBB_n1_1.WAV,-405.6680636099847,36.618298687923094,-217.9708642206983,-41.363645379354054,70.8177801952578,-17.362135337811356,3.534974066255241,28.18802417401506,-6.337321582674867,-5.571841976096315,12.128778341718961,-3.5225918763240447,-5.352678565069547,8.80463708436697,-0.5414984972911469,-4.139987434622257,0.2160225253079032,-1.2212188767812275,-5.816942238358037,2.1304763644101725,44.027917465813516,39.78302641114156,55.55834776905065,59.80176095590993,42.24390348325372,45.993699358566566,35.94100431120215,20.66868067864604,20.84645181523088,17.3334275643035,16.20419280586443,14.542040830870839,10.287361308266563,4.548231932188971,7.745685791414542,10.515350398373426,7.49429162751489,6.6689459366509825,4.622424853895644,4.205123813490039,6421.0,600.0,797.0,994.0,1062.0,1079.0,906.4,311.0,302.0,805.0,996.0,603.5,5684.765625
RBB11_83,RBB_n1_1.WAV,-374.30119736608674,3.2449156748176207,-214.06299430794203,-23.79479208781104,37.86274863313207,3.991973469979641,-5.27723620381845,9.142175214249031,3.7587997684657872,-7.971652434409422,6.587157790447469,8.94008971147573,-11.756589342046485,4.9625173478864015,1.1294625230883772,-6.28643525824582,4.335165076077753,-0.04107143949832874,-2.115014201406122,0.6938444495287769,50.15307520703364,49.535369397148926,58.50701071272922,71.92551515862115,50.03799102913887,39.42953909667215,29.331501853825323,20.235240375574996,23.171585992279827,16.394094053850328,12.128265577069522,12.468488842770997,13.514722406286644,6.896273230924208,5.799615131360523,6.997062322435988,6.340328363979708,7.0404840702042355,5.449657140979738,3.420544525579831,6406.0,599.0,784.0,962.0,1077.0,1064.0,897.2,306.0,296.0,898.0,946.0,611.5,5749.365234375
RBB11_84,RBB_n1_1.WAV,-372.2282276713148,6.946821532331161,-212.22045048472484,-7.647662635632509,47.290451939060084,1.9301332913678484,-15.953807634415027,14.436288727110894,-20.264325952512756,-11.645378872218823,6.03795081203583,-4.975169991730423,-0.8227857707418418,3.078250781127279,5.505616613104127,-6.287967762814454,6.6953986745578185,-0.058028634695033304,-3.091371820142596,3.6205865707052833,44.828380986064964,61.05656998546798,57.852183564599684,70.45555506901208,44.799624881424464,41.877577810163125,23.442292529465504,24.46148983484418,21.559546858969878,16.47171093547927,15.350186687716358,9.660886186319221,15.475936772005273,10.589761789864967,7.860100035959808,7.896868501357841,5.093887985277033,6.197017492212197,5.293314999217131,4.339858921544527,6584.0,628.0,808.0,1030.0,1062.0,1071.0,919.8,296.0,326.0,895.0,1005.0,630.5,5706.298828125
RBB11_86,RBB_n1_1.WAV,-382.7486578375557,31.778175220504448,-227.28395959587255,-37.194637547738665,46.49543429019304,-17.553344628356186,-3.5557753620736903,17.778894449848305,3.3184762738430233,0.9343820876494848,3.497180652925403,5.701115068813926,-8.78093381254903,5.10665911494373,1.2673840953322257,-5.964889682973187,-0.23601916034780882,-0.06498605876059685,-2.3949782900336145,0.9292779707682544,42.1860295285243,47.38687830271034,52.108056881611766,66.40749362813516,47.407763436946006,41.38467361843701,31.008431538234568,26.258388151299005,28.587551517610763,16.611668906983777,14.502571564402867,10.350762433639494,10.673197767827135,7.269056589366521,6.649661575364736,9.95433579134807,5.807253680994194,5.825130554584131,5.117039889216998,5.7098867606611625,6551.0,644.0,808.0,1000.0,1074.0,1073.0,919.8,290.0,309.0,893.0,985.0,619.25,5706.298828125
RBB11_87,RBB_n1_1.WAV,-393.9175645003626,35.29423661467368,-215.8486898286109,-35.149053857454184,62.82603977106093,-20.30079313538311,0.8544932835659371,15.536766158100802,-11.138663320961623,-12.573894033723477,7.803237443559152,-1.6879426499154884,-5.985357938380068,12.883360387087622,-0.7810698576911982,-1.134180290856801,3.0357043614909296,0.37688606139821396,-7.12554871616873,2.2100536284795997,44.32199773998877,45.07948808408059,60.17525237822864,62.334954152781094,43.49505916124734,46.82614460066214,43.08834075875905,21.39078227042167,13.488797301805047,14.068857793787869,17.215335355032977,11.656536884499033,10.11568747477753,9.145527440423676,9.94848648982647,8.248634140303455,4.827320533062814,5.880965769461486,3.482161034599764,4.500778634797923,6402.0,629.0,807.0,989.0,1057.0,1087.0,913.8,300.0,293.0,829.0,962.0,596.0,5727.83203125
RBB11_89,RBB_n1_1.WAV,-386.09001919008665,25.327438201054452,-222.29276066855942,-21.87914461119872,48.18447923798422,1.41396836440843,6.2839411330950865,10.613421708294867,-0.7763252303381806,-13.71098517903653,4.906881821238928,2.4263297894028897,-7.375460429078111,8.282140652881768,1.2536489770579282,-5.15416755516902,0.7677334518665402,0.32871922962518546,-2.0603465761962623,-1.602176877387582,44.54292533527204,43.12475250360652,56.17477544630111,67.79404930786657,47.67264214717644,41.32642430839064,34.18972605802685,24.069625282228007,24.009254263977766,13.588842589928793,12.445056772307344,12.777501012114723,12.296315994046164,6.508290947613267,7.189821325493437,10.440887272016665,4.049971858307875,7.637566189211925,3.7134035949043955,4.184014873396112,6389.0,594.0,790.0,963.0,1050.0,1061.0,891.6,317.0,286.0,835.0,1006.0,611.0,5727.83203125
RBB11_90,RBB_n1_1.WAV,-379.9441181070586,22.633112515336457,-212.21269134646536,-28.48322019831819,45.61953114958141,-25.06523798717908,-5.102499670221911,9.648696922886689,-7.118093182788662,2.390585159667832,6.6648405802388755,9.41839509383209,-5.3218391836914165,5.309727243797315,-1.0016443953266405,-3.1827041597093824,-1.0611116410137682,1.7552274871928446,-2.870124913360545,0.3245646577085913,52.98939969240538,46.851027995398724,60.06786702919735,65.43936922835499,50.004307555212606,45.06315397457348,29.03122078496486,28.060994430042577,19.36298376038121,16.95114496402073,13.276441878165711,9.666563082713479,9.801281932964441,9.834966825873922,9.802430704460258,11.65525670611291,5.769948932980783,5.603564303042709,5.036472121177743,4.336908966271692,6459.0,609.0,802.0,1015.0,1062.0,1076.0,912.8,291.0,318.0,856.0,967.0,608.0,5770.8984375
RBB11_91,RBB_n1_1.WAV,-371.63136643417,19.54737420011441,-219.3785858935614,-16.188288990396448,38.913777334108076,-6.79791352630903,-2.8557003274431736,11.576481617877125,0.5784491303693055,-9.276017224806887,16.6491080669473,-3.8015026949028154,-2.7615187824397895,7.970196868159445,-4.359038097313083,-5.259358484648436,-0.6463990765838841,0.8862013967844024,-2.8734273254247182,2.4862709255888245,45.03714097184863,52.263116292450135,57.796815027580806,79.50900848769624,51.357134423703044,48.61085309087876,24.18610499635217,27.69564212129855,18.351688740871264,11.366988120310072,10.889151054396748,9.3370048932807,11.748061972733016,7.7854278332505835,5.005036890864344,8.51375706716994,5.982568459450016,5.0924112227928475,5.064645174894567,4.447761323920425,6774.0,698.0,867.0,1029.0,1031.0,1093.0,943.6,357.0,407.0,901.0,921.0,646.5,5663.232421875
RBB11_94,RBB_n1_1.WAV,-370.3273783303238,-2.9685696801486183,-220.19799598474705,-7.8003601297773635,30.341492002925474,12.307961723159977,1.6517257180063059,-0.9952658185714692,11.003787547030724,-11.815981511245816,2.247247190164478,7.560401835759504,-5.778009138435332,3.2652004253417504,-0.3355709270909291,0.12156159586006508,-1.4067069127581144,-0.7345256838098994,1.292780805251434,-4.48663625653531,49.55984618909119,48.45068151850187,55.3632164364416,72.23825434753779,44.758700805931866,34.89728989689174,32.33220456240166,14.82212507205124,27.367984112037178,17.026540241114862,8.388980454009866,15.086219925715652,6.7792888197655,9.99216530662448,8.77377294926807,5.025897918002983,6.336111580352897,5.32855991035677,3.68756736096144,5.293682171428598,6384.0,638.0,740.0,927.0,1064.0,1089.0,891.6,278.0,339.0,881.0,965.0,615.75,5663.232421875
RBB11_95,RBB_n1_1.WAV,-457.955747401104,-0.6538257703973684,-206.96517600689134,6.945986991626447,104.3569337750919,-17.3380252657266,-21.386288553462613,18.620357772939858,-7.80357740084027,-5.9258442098425315,4.562008097058629,-8.439791328004022,-0.8220684922338082,11.044100923341185,3.310045311355363,-3.7694990833451634,-3.2923411747194566,-2.4469627081492633,-1.0467153595329235,2.790626646609505,44.49981975038012,26.43874765601528,52.76250608125573,55.030587835491744,38.99274198147806,41.417586828178834,31.03256862214181,19.776449861393335,18.577671194862297,18.872137782766803,11.823816409477006,11.009379214231581,11.882495521669012,5.691970434384977,10.2482783656207,7.362926968543498,5.187318333551726,5.826412822404103,3.7007103441559877,3.4358537963949893,6494.0,636.0,804.0,995.0,1070.0,1077.0,916.4,277.0,300.0,855.0,1017.0,612.25,5878.564453125
RBB11_96,RBB_n1_1.WAV,-451.1330797072983,0.13784035402377784,-214.02026940782258,8.944349650897905,89.42675312367271,-24.318944631780735,-8.645883055861454,22.670025984036837,-6.380127126206759,-3.179364111897427,1.1033543977515625,-12.157724194352872,-3.095525005144732,12.868736597627654,5.065528605541008,-5.771839358396571,-0.5548803943547204,-1.3126343071216733,-3.4613682071380945,4.583697229669196,48.2378406535052,29.3154279496204,55.207926686024805,56.056397631036965,45.32956858827227,40.40034526293097,35.147201881955276,24.5847747687524,16.863635182931006,14.238463628514733,15.677356931381725,8.212697528486887,11.283229244969029,7.371206634626789,6.524375377063802,6.291129518763921,6.811850087199577,5.101446847696813,4.7699426038369035,3.306873910527014,6488.0,599.0,805.0,1006.0,1055.0,1055.0,904.0,299.0,352.0,813.0,1025.0,622.25,5770.8984375
RBB11_100,RBB_n1_1.WAV,-433.25978363712045,11.365749149598436,-224.4078813848442,-8.867778078221784,86.49309631390845,-18.393444807345915,-3.427241735841659,23.257595664544706,-9.662361424335295,-2.4200754709010623,3.8652569407183504,-9.889223508799057,-3.013585388943047,5.393000675032348,3.4025936429923465,0.1159015685477861,-1.9414464764197374,-1.7668745329448052,-0.6896468308234323,1.2826327303031726,47.47062171358474,34.15357652714723,54.59082295983371,62.49276902302457,41.95915821171965,43.137001250633915,32.468319502552866,26.51898052761562,22.964313025520923,16.877422113173655,10.556658035978504,8.199316967255422,11.661064890157961,4.79220089772058,6.7333959975071,6.227565471014351,3.871273034821632,5.454301995479347,4.850823824855689,3.0659209389317392,6493.0,679.0,757.0,972.0,1081.0,1076.0,913.0,288.0,330.0,858.0,981.0,614.25,5792.431640625
RBB11_101,RBB_n1_1.WAV,-414.71944367911607,-7.030287218655443,-220.5004065452097,3.2533538611978097,67.39520667204546,-8.475258614533079,3.9196436953059406,8.442615869834771,1.5299293222891404,-6.925991853223346,0.40270663403143236,-2.3420249466914904,-9.70273295580594,11.800390125814623,1.3955140352484159,-5.536622190544152,4.21736674845452,-3.1837015446667043,-1.8708583672748356,2.964285066138893,45.134778810540396,45.53838579002662,57.01295258733638,74.41325350672926,49.72153186169808,41.20847152562198,31.675224104802624,29.32985471145108,20.872388756099628,15.111398873798239,10.766859541438144,9.591779452472862,8.805057493606451,6.9673395162064855,5.281123617906344,5.74022300055136,3.110016756064821,6.812503953679612,4.51768552719139,3.280118765587912,6497.0,651.0,774.0,999.0,1063.0,1081.0,913.6,292.0,358.0,885.0,938.0,618.25,5770.8984375
RBB11_104,RBB_n1_1.WAV,-391.00478126598506,-6.936043004650527,-223.1419154056784,-4.947936661584606,43.79654275833964,15.748646254321592,-3.852241470659788,6.759730578089855,8.715944722278605,-9.92584321666093,0.8659800402821005,-2.066810855004454,-0.03201278499216677,-0.44926662389058303,2.829533857807698,-2.6413863237568886,-3.660705642938876,4.7670938750985075,-3.4725325019801287,2.169964275246638,47.60055285567352,52.677351309652195,52.999750512098544,76.55444013951767,45.69707027749553,39.877309279784534,31.45076579129474,21.13572255737434,31.778384112766858,12.40284039864954,15.767629864517508,10.444805067989904,11.706842188920671,5.407765718634787,4.509892719896396,5.179067366196736,4.8663948029550905,5.542902255813667,6.0811300843267,4.009581489318507,6432.0,613.0,724.0,961.0,1061.0,1059.0,883.6,309.0,363.0,909.0,955.0,634.0,5641.69921875
RBB11_105,RBB_n1_1.WAV,-404.5228569008746,1.807225566188339,-219.03733624026802,-20.758421870050235,65.63440499235698,2.33425157556689,-6.002735693697775,21.035441924920182,-5.968977696933613,-8.604799936341328,7.054535464298485,-3.482258645724614,-2.6650702575938885,2.7909149589387425,1.5586177243536588,-5.288584430263139,0.7209407365923893,0.1752607275552715,-0.7360268131486303,1.3362294951495608,46.65488792018988,56.50405383213167,55.319084831398776,71.75400939746515,47.66433368818561,42.88100351222383,26.00313073602783,26.84037187453715,28.43972707346495,14.673593618143501,10.921995397620949,8.581879943701317,11.087174087164545,6.8574899521432995,5.306671798105121,5.996038970591797,4.67848481976673,6.05645901397628,3.3881781202961334,5.811951331644549,6524.0,616.0,751.0,1002.0,1064.0,1077.0,902.0,295.0,333.0,927.0,998.0,638.25,5706.298828125
RBB11_106,RBB_n1_1.WAV,-411.8767932805348,12.853216333193398,-224.75760610190787,-15.695295388634303,64.74233436857655,-8.434985609904304,5.114139543105129,13.49969070020904,-0.12211383061209996,-6.21311098768447,1.6501542386885049,0.4005035727822155,-6.831131516601666,4.246941220215171,3.6489270556794415,-7.5362690011633555,1.5967052980104837,0.5623095409500789,-1.6521763336647424,2.7417405708520732,45.28995537583527,43.60539680710734,54.47317999386159,70.86689395683334,42.39595279897269,43.706100428614754,36.11215636306773,27.103848077801263,25.883134427422046,13.23598308088016,11.136685458703028,8.000333613100048,14.045129779482362,5.381928657147138,6.807346461956189,7.478706245466277,6.541796046483257,7.935205875656432,4.186099007555869,3.8481324126444707,6524.0,591.0,821.0,1013.0,1077.0,1083.0,917.0,293.0,301.0,866.0,1008.0,617.0,5684.765625
RBB11_108,RBB_n1_1.WAV,-404.4038051525085,4.786906986842682,-222.57020164476975,-13.882066217842464,61.95482990660198,1.8941330233408413,9.103756628762355,6.049005320437305,1.6986387548191328,-7.779491243230666,-6.751296737994943,7.2379968937609,-8.730139261864867,3.837096863651676,5.326626626393095,-3.735644969215381,-1.4718587664617717,2.274169714330948,-2.909490775915356,0.7178301204403702,51.44199711654073,45.77378034366589,55.35021175102407,69.70000343951818,43.060183914098026,41.55361452291805,37.359310588374534,27.426211027255064,23.6960808522934,16.71138640766799,8.126475028141128,8.986978993803268,12.436076580049201,9.853513995651205,6.156858036085109,6.84165245888329,4.246385112226139,7.025552951942877,5.442379057193449,5.378719196150915,6418.0,628.0,782.0,968.0,1052.0,1080.0,902.0,245.0,292.0,887.0,1024.0,612.0,5684.765625
RBB11_111,RBB_n1_1.WAV,-399.74082000999255,-2.1460030741131058,-226.29713991691756,-7.064729480441321,48.123754717714135,8.135159894495061,4.725109234985937,13.646658246235175,0.7516905845316879,-15.224980614003757,6.455824581124206,-4.690548241853482,-2.735133567013511,8.186583008658552,-2.1601738548598144,-3.7781469225491695,-0.3190493198565033,1.7139177451443142,-1.9533758371184786,1.574644762973035,50.11803523918156,50.350480776543776,56.833986875003966,71.74789842090699,48.897421476756094,43.416722506472546,28.722179852561123,30.020104743806236,16.98058619765943,12.41781347143449,11.490192651367781,10.59468921219517,14.365208175684927,6.209710589020344,7.834088199717242,9.251142936696546,5.279190117435618,7.661236389100543,4.337307646901248,3.4843167005193023,6433.0,597.0,775.0,998.0,1051.0,1087.0,901.6,308.0,311.0,864.0,972.0,613.75,5641.69921875
RBB11_115,RBB_n1_1.WAV,-406.9996221017535,37.16071184775142,-227.2261643142035,-43.92408251894833,64.40474386173219,-17.66156656970269,2.5054612091802158,33.327183227299045,-4.093487252329228,-4.008081000936351,4.66566978022077,-7.325713999898769,-4.172087092250195,4.7419547695445035,1.6744821018866227,-2.3699520075273215,-1.3000334425063391,-0.07445158057455861,-2.364058186860192,-0.7819523600899714,46.56979702950653,39.743230035579025,52.60753504463302,64.45635689536135,41.68424443193619,41.85070339752464,37.30676712798619,25.96637330382012,29.276740359408986,15.003529144264697,14.431481427206004,13.341756956392526,12.41230430948345,7.294361852611202,7.449973874318014,9.543661891136045,5.998950261750437,5.1104300132023015,4.60481600990776,3.260662415675756,6485.0,701.0,812.0,1015.0,1069.0,1083.0,936.0,287.0,319.0,835.0,937.0,594.5,5770.8984375
RBB11_118,RBB_n1_1.WAV,-414.2181385957037,15.851191292052691,-218.57111988308202,-35.16130488588848,73.07909244927349,-5.972635664661075,-2.513848121622093,33.769671490951495,-17.690863793355938,-5.629480652223794,7.284915544130263,-5.449988483135822,-3.082522272278198,3.5819688097693048,3.879816066226965,-7.215730864288317,3.3497229240337667,-0.16030208611494953,-3.717850299640195,2.628511272992337,53.02543262049344,47.915100149062496,57.18582879671403,59.7248405997422,42.640000595029136,43.48063794504169,28.659940745339714,23.912987235586936,21.881139863189045,16.858398984471517,16.252915004999142,9.04440727990432,12.285138726681653,8.226214235590579,9.157373481589525,7.300505153840209,5.924658432889734,6.046665310609171,4.220071036113445,3.45684093098157,6485.0,636.0,797.0,1025.0,1069.0,1077.0,920.8,306.0,307.0,799.0,1010.0,605.5,5792.431640625
RBB11_119,RBB_n1_1.WAV,-385.5868217094606,7.135414643212407,-213.31377356823313,-28.06846822480904,52.079368628225,-4.608516952851848,-7.403018483877106,14.175048061339009,-7.924615973988255,-0.4867669312240542,2.758169014093954,11.50701015209747,-9.526600760110316,6.556325575726772,1.2168546958949669,-5.502649514754432,2.9306653157346054,-2.1345553172958103,-1.8853998375654955,-1.3487693758323327,55.406117761414514,48.632882599763484,58.31952297056557,68.63575658158116,52.441800031907576,43.03341203066978,29.791562523135408,30.329371052932323,15.723540773988399,13.032689997026882,11.59092641044812,7.646902235823824,10.775280385725189,7.159893635162296,5.765206196992506,6.916979934426333,5.807393049722326,5.163406481728988,5.7961216220785055,5.878550206383869,6421.0,622.0,794.0,991.0,1039.0,1071.0,903.4,307.0,304.0,876.0,958.0,611.25,5900.09765625
RBB11_120,RBB_n1_1.WAV,-406.1100517462227,24.68328563364884,-228.05418685718135,-31.659318950750137,61.052302207951776,-10.509807121869297,6.637668026182388,20.004120980401936,-2.754481024999093,-4.495331021984746,2.951930907639996,-1.2135586507168155,-7.412121948340314,4.254859477623871,1.782079215937311,-3.1462612680972915,2.5529512587799132,0.27922022114930334,-4.452156130231968,0.388602895956838,49.87883215013436,40.63147874204439,55.7943505540634,66.05938726158016,46.46429204715633,42.27857526174478,38.1697003554265,22.488968563901814,19.235598616283646,13.739923887828821,15.972178799823388,10.942592331370648,10.820878904565756,6.13871703570965,5.274167347430923,8.66826450318856,5.410797889769717,7.52546103814886,3.116111891860278,3.8663674490356192,6463.0,626.0,807.0,999.0,1070.0,1081.0,916.6,273.0,325.0,870.0,957.0,606.25,5727.83203125
RBB11_121,RBB_n1_1.WAV,-386.87517328683396,19.12335643129735,-217.51283040733222,-28.686579182971908,42.515650733392945,-9.180100082668542,-5.912176275396046,18.34220954198793,-3.502263894234679,-6.404706222610612,10.618812309709371,1.644931477283583,-5.2354316283935765,4.64274098369549,0.03591901324646671,-3.721162956430204,-1.456361769294379,3.4521638490052755,-2.9904638259313843,0.9530311989288195,56.48073090640143,48.8711539713874,58.79393154401814,67.40537311579148,51.54735109085888,42.802409737777666,28.615846659070627,27.13901876215265,22.394179783626587,12.684310710193483,12.108323849859831,10.408476231176918,12.43442503494751,7.213237880696407,7.695909222396433,8.087700182263214,5.369478522971406,6.007130020212898,6.000233837456657,4.693189230765433,6504.0,620.0,793.0,1014.0,1073.0,1056.0,911.2,290.0,321.0,905.0,972.0,622.0,5770.8984375
RBB11_122,RBB_n1_1.WAV,-361.44623267487475,-1.6572903479133743,-215.04812128430132,-26.188816112737825,30.454687595388197,7.876445530932052,-1.7119997710855908,8.083109317378103,12.530550019848818,-12.824038543754872,5.288463902114682,3.8182084230835502,-3.857714452876331,3.0755767945890007,2.9063228577682634,-3.162326387456104,-3.209523516685105,0.03291430775492905,-1.8086313588565877,-0.6967077584000225,49.46861446615563,49.94029549739338,57.42486117779476,73.63483004471559,44.817037272522235,40.59347406898481,28.252723881832186,19.524001590675777,32.652570004306476,12.797038277131854,12.081263183030687,16.380966518186995,14.68867573651287,7.961440280794408,9.026829278645508,5.068357297069812,7.174087331121264,5.56921899968373,4.813512638808598,6.570379100023098,6403.0,640.0,759.0,979.0,1051.0,1068.0,899.4,289.0,304.0,908.0,942.0,610.75,5857.03125
RBB11_123,RBB_n1_1.WAV,-356.42578556890555,9.298396268856543,-211.47955821560114,-12.329724589704282,42.376621967340526,-23.019491854957167,10.128841874453888,3.3234782464076806,-10.681101067042679,-0.08057352419668656,-5.437665529315039,-6.405028274987061,-1.5419106273309529,4.266827931612477,3.0817264144156864,0.9869731467584685,1.676824443137364,0.2611635868728449,-3.0615521001967507,-0.29738180562843214,78.807914262492,39.0189706433367,62.682140713869224,65.89995606065273,47.94133273359164,45.96878995604587,32.14077740453273,16.032256444235596,19.5610526906529,14.520794516727694,11.15877550880551,10.712480026815845,10.586978532390967,6.999006548658482,6.258304290122727,6.009313256554029,5.829619460391699,3.548523648504404,4.820458833406024,3.369112863337841,6540.0,671.0,689.0,1028.0,1078.0,1087.0,910.6,376.0,375.0,840.0,956.0,636.75,5641.69921875
RBB11_124,RBB_n1_1.WAV,-406.9037108174732,22.675250776847243,-225.1927474487366,-29.030818437759493,65.76703132653476,-16.858239166863697,8.179088977747641,17.944922440293755,-7.233761379242004,-8.149424871609424,8.785208310985782,-1.1961927102310057,-1.990840337236808,4.988920365040604,-0.22192944909749587,-7.30775639461512,3.9269239856775657,-1.636013738605756,-4.085568614292856,3.2227160595967983,46.333750744365794,41.68009209692277,55.93569111297598,66.06064890114376,43.41648460223462,44.4092552458954,32.823988558392145,24.301396178129128,23.476966469665907,15.867691778288044,14.17284181927084,10.569681735862286,12.064360956932102,4.947894740247422,6.932980187057518,9.56228770585595,4.917509697713578,6.369384048149848,4.8482831808046045,4.422796662873877,6503.0,611.0,800.0,1026.0,1088.0,1079.0,920.8,298.0,316.0,855.0,965.0,608.5,5727.83203125
RBB11_125,RBB_n1_1.WAV,-393.6014555737198,36.65533991762721,-217.36541765076254,-26.723038454292904,60.56567036748453,-19.215810534083403,3.985264245094614,20.65346119152165,-5.73876123236426,-3.706125284114841,3.7771800523355346,-5.829848419498585,-4.692181786035691,2.416627288123326,8.563255303101474,-0.17156365734283024,4.6948336480344945,4.071835218628447,-2.9082493824461904,-0.21722424575437482,50.73589736684244,48.40013518231122,58.574452109624374,67.17614085899237,42.4358597528329,45.12369985572886,40.35560893619686,18.46247268854202,17.613309672472514,15.074354841978357,15.817832532745788,9.793326131349222,10.616878690025674,6.559759186297454,7.208412656742284,7.025685736439841,4.663323575220543,5.308198241538647,4.863303693980395,4.2684346534702975,6523.0,618.0,799.0,998.0,1039.0,1086.0,908.0,296.0,324.0,873.0,1031.0,631.0,5792.431640625
RBB11_126,RBB_n1_1.WAV,-400.5251908986357,24.94356644734515,-220.80360616167096,-31.494127933301833,58.27850164388344,0.7074996205567905,-9.279740676100888,20.128450924665724,-1.066050922338365,-12.205979187313334,9.642398940132978,0.3700952412502005,-7.978967010696174,6.084907331363433,0.67923280676061,-6.8994426091277425,4.135777357281128,0.5668497544345087,-4.066155044275606,1.6652017977845988,44.78665603388546,51.57835420307828,52.714368602845155,68.227205200986,42.676293187677096,41.122973528536576,28.661772282122698,21.944783508111897,19.184950471334055,12.925920798817538,14.118858011055277,16.64204456361302,9.640004373656485,7.617054598246124,8.515597887332184,6.750190036543194,5.524606948661321,6.997657472612947,5.2850245356180725,6.227106746949879,6422.0,586.0,788.0,984.0,1074.0,1056.0,897.6,291.0,320.0,862.0,995.0,617.0,5663.232421875
RBB11_128,RBB_n1_1.WAV,-381.7982088634202,31.978140258954564,-215.31719163222644,-35.58034696979789,48.6180658157661,-17.146278714221744,-6.073054759638512,10.758224752478045,-0.9405052085111999,-7.072121569608897,8.265252513309255,-1.5352695440735205,-1.2926714103609842,3.9112011821674684,0.8872685316923562,-1.17545877726912,-1.872141324922045,2.323577674341632,-4.921587611859396,1.860106820263191,47.00352407909556,42.686930572310025,60.00949425762835,67.54915830132465,47.598755021614764,46.20247274354455,29.096037808229404,26.691750807121593,32.56311341104124,13.58281355122122,12.777682681814671,14.833848811393066,12.74463626134975,9.227412164601276,8.523659681113426,9.084090052933371,5.441630096301441,6.098327380284144,5.640796665754129,4.215534904527997,6438.0,625.0,765.0,1004.0,1070.0,1065.0,905.8,302.0,341.0,794.0,1000.0,609.25,5663.232421875
RBB11_129,RBB_n1_1.WAV,-362.23159852053004,17.12042435968539,-219.3712308258992,-10.938116002580351,24.51014165033082,-2.3021093369450902,-3.574429268177095,4.723925928399072,1.6829564017553686,-9.367165289259432,7.208958488350715,-2.5817822806391986,4.7404948669014075,1.135658542517184,3.4319199872658444,2.144740980627627,-5.070641249616992,4.474411584023037,-4.598017051715008,-1.045713381509596,49.54666584344837,37.96345160806039,58.99405296205406,65.92556874459126,46.51310693548211,42.85820830123189,25.86490229185605,19.463683637082514,36.24605842381606,14.429564165705129,13.20813134227169,16.380308190961983,15.22856772181152,6.1882851372769,4.879109889580584,7.915119759530415,6.34486105953733,5.371145291345665,5.347443546742932,5.467290782534262,6441.0,638.0,746.0,972.0,1075.0,1053.0,896.8,303.0,351.0,867.0,965.0,621.5,5727.83203125
RBB11_132,RBB_n1_1.WAV,-385.1655063655964,16.16284499902713,-216.09330934196552,-27.939101240531112,46.74200840929772,-7.212314726044633,-7.782200758816438,9.885255570160094,-6.518551548410858,-5.067736187286445,10.134180161494289,2.8525233270896355,-3.8782886511431225,10.597031986770668,-1.7709572856293823,-2.5164378086010952,-1.4179789469025839,2.68084263523693,-4.039491010891513,1.8484647866066817,51.93489150199739,49.43888848276944,59.390111018583376,68.67195321088339,50.26879164841331,44.046027490593474,28.993197894047714,31.2157866561758,18.370127821524147,11.989335321877821,12.178128746338434,7.603805616928973,11.90495738444442,10.964110147497637,8.868357595247433,12.02656132004811,7.822590871934929,8.312706839762097,4.061122084478257,5.2035013035049795,6495.0,595.0,794.0,1010.0,1051.0,1076.0,905.2,323.0,329.0,871.0,976.0,624.75,5684.765625
RBB11_133,RBB_n1_1.WAV,-372.01196528831963,9.942235439636761,-220.84082068710603,-27.524069032078888,42.9672826682302,-2.827601874473407,-5.194961579294142,20.401527238793168,-2.807027774044292,-8.520355926642006,5.228999250914333,-0.08050158413479606,-0.8446729166431315,5.774908871588654,2.5741723273792654,-3.478437338790593,0.8060897737599575,-4.57110083679439,2.41360645417014,-2.645876325026248,47.413193898767844,49.195721558671586,53.878300568305974,66.64908568871972,45.02346540291866,37.48552555762999,27.534998245452833,17.0636237035892,38.466602015537525,14.309741275288486,12.315642068083049,13.240145700811944,9.313258926022108,12.18766359684332,8.418746377397568,6.9520151763246325,9.26687850966326,11.006917246878647,7.427194696875222,4.582550982571552,6570.0,685.0,751.0,1012.0,1070.0,1077.0,919.0,301.0,347.0,885.0,979.0,628.0,5684.765625
RBB11_134,RBB_n1_1.WAV,-385.2915019177605,15.543253493414387,-215.43328945482233,-28.185927631771364,55.60201412976915,-10.52356253657946,1.7458167603368595,3.2383193755788477,-4.026784656458172,-6.480223826842903,-2.4289349178469193,12.237719518516618,-9.15464486600456,7.581646076378464,0.9662453113994091,-6.644977056473268,1.9406985532191805,1.4364259354835096,-5.263609427849931,4.985520989679429,40.439277447000734,50.14585998448822,58.15052252321503,63.60016637737808,42.692358940352065,46.532151312416126,34.6169475778009,25.67199742768115,29.76849459801664,16.819176970742518,17.270773358571535,7.578191836219695,8.340432986921291,8.060635421287598,8.07371979229373,6.7878149908833265,5.412738786417422,6.505638734710633,4.966852702607225,7.192826244096184,6413.0,558.0,805.0,996.0,1061.0,1060.0,896.0,266.0,332.0,890.0,972.0,615.0,5620.166015625
RBB11_135,RBB_n1_1.WAV,-384.82818634278186,0.8485731145726354,-214.08458649751867,-20.369934130052563,47.08431367171258,10.611291656083212,-10.181646004158441,18.473218946061092,-6.157155956675647,-13.840837461913482,7.093409573463758,-1.6087863403178577,-2.6359767166783588,4.555041284878461,0.12324614815262716,-0.5393975646100995,-1.4281178715871075,1.5977210596782765,-3.917904242983773,2.853314882485323,48.92785682082584,65.00985158338939,57.413596090778725,74.40389753761207,45.16207776526471,44.63626243350706,24.09004158921955,25.623910442432834,22.211715057471803,12.6370011583855,14.740327236720008,10.349986361704277,12.91226048196364,6.067999693054724,7.138872729394241,9.364120388455405,5.457803173358762,6.846131229710505,4.531553706568276,4.894263489323773,6465.0,600.0,800.0,995.0,1042.0,1078.0,903.0,298.0,314.0,901.0,976.0,622.25,5706.298828125
RBB11_138,RBB_n1_1.WAV,-391.2353135620156,18.16153563212889,-211.02592616860915,-30.369878856739675,64.49731276445465,-18.874987178788167,8.223556683031896,11.609033744332406,-10.187407803256399,-7.547571215512796,2.0860177870897707,-7.701221092518126,-1.4887397077205162,8.397860112462508,3.151319173797612,-1.3113913400394004,-0.588029303397493,2.191578157560744,-6.5837254017514395,2.880327208427478,56.72206091151604,56.48064394240291,56.122395064683886,61.45854598060691,41.9827825755922,47.31398863696735,38.56606678457064,24.924716866438494,15.85349132531292,12.614585488244174,12.301012317881735,10.447896647591664,13.760329979234088,9.434670767436884,6.121424608149828,6.4304258195815915,5.130486959077382,8.835772200979086,5.2492970103235495,4.7826679829586745,6647.0,675.0,809.0,1012.0,1056.0,1077.0,925.8,364.0,339.0,907.0,950.0,640.0,5706.298828125
RBB11_139,RBB_n1_1.WAV,-380.35156006809785,17.244685387506482,-218.6540876139553,-22.24974903554987,39.69989014941499,-1.0978508460266356,0.2333538580359624,9.61625692494725,8.131637851145328,-9.496464857146258,11.619642698606903,3.270089587227449,-8.81261911766162,6.303831187836409,-3.032347143663927,-0.8672735016881856,-1.1337256879568025,0.16559931444827253,0.9178134173017886,-2.6917961785899034,51.090072058506244,46.96083368997339,58.50360881375791,73.20448873158067,56.52487585883413,44.253559786141224,33.033665314176496,26.26070303452423,13.833753119807092,12.385067655788946,12.689644859451116,11.527877880690248,12.108636322893952,7.809761276379822,9.09949512112592,7.891126238105163,4.455029143524557,6.649946309256512,6.230504712671252,4.668575937600634,6418.0,615.0,794.0,982.0,1048.0,1091.0,906.0,304.0,312.0,837.0,969.0,605.5,5900.09765625
RBB11_140,RBB_n1_1.WAV,-385.01294303978347,7.3055467834629,-217.62140092221333,-17.262955007897737,44.47097816687333,8.753622412079556,-5.596243778891534,8.406051942346657,2.161200938884073,-15.534148695813409,3.2649066546259693,8.256094775759426,-13.158198617594719,6.663453319792228,1.9452084717003169,-6.848834590405563,4.150572716194397,0.34081172504491297,-5.066676625238839,-0.5745704176947972,50.73565882825084,42.708617464194454,57.40641701994156,67.43658562934621,44.40235466316085,39.920121339794534,40.87181802632968,21.827929803279684,22.68174638020849,11.534205426903487,17.299457578399622,12.57161646963569,10.52902875358352,7.306315022980076,7.971742427576499,4.590017898654043,7.501147203818104,5.470377909873874,3.6106432765848138,5.95346690248098,6444.0,604.0,771.0,975.0,1066.0,1081.0,899.4,304.0,341.0,849.0,986.0,620.0,5921.630859375
RBB11_141,RBB_n1_1.WAV,-364.8722221210337,17.07182970693848,-212.82836515961745,-26.779959197610243,34.643271482214445,-1.7899975823788423,-13.830469285158243,9.022114203379102,-1.5309491972374878,-3.93960570928833,1.7108494614351197,7.54063468401646,-2.0328300701935826,3.3806534330132982,4.789524414603222,-5.188799915672151,2.475592913308648,-1.214888973644748,-1.0651581054237007,-0.6556032884644873,48.91544555794564,40.62528175436294,56.79428700185625,63.59103799067669,46.8560183397907,43.03091285180473,30.089882323401202,17.80009951386058,38.245637994914624,20.543948443598545,13.071449504967283,11.72803588558693,13.857685179117027,7.393057278943837,7.606927477825526,9.665171516088664,9.483929551204545,9.01902208015199,4.978966218196745,5.17713939006542,6398.0,591.0,755.0,934.0,1051.0,1098.0,885.8,318.0,320.0,898.0,972.0,627.0,5706.298828125
RBB11_145,RBB_n1_1.WAV,-355.0306675494673,15.598878183111738,-224.51756798098475,-12.120252249469184,34.462225887439885,-1.2116824243466449,1.2094736085674693,9.330538522427927,1.3530777893047168,-7.042319731031383,0.9150269422236418,2.404262179418429,-6.045656563782967,5.973077522801731,4.6708428488797775,0.5610327814499843,1.6438777227769434,0.7758225781717001,-1.028604073008844,-1.8085228189500826,55.02791142047458,51.759739293358095,52.38602058433385,63.988195008086244,47.96467883164809,41.032434914821756,34.188244808352444,19.783477116910262,27.168992939300725,16.714523568957045,11.711957887791753,9.153591067415002,9.842769801933002,7.196739434008549,6.810744072617938,6.849911038395296,8.404256159267876,7.890672231210709,5.865811133956408,6.235104521057162,6513.0,666.0,734.0,1018.0,1066.0,1062.0,909.2,315.0,366.0,872.0,928.0,620.25,5813.96484375
RBB11_146,RBB_n1_1.WAV,-345.82574757123206,-8.820316891861289,-220.2068265426429,-19.880500315481143,21.432476578843737,3.4538703207402874,5.979054350497678,3.131435469310793,6.401335596061688,-7.444156959703786,6.125464736637389,1.6636709249999,-6.570560929412968,7.407920470546003,-2.268053561209486,1.5155657938164584,-3.058424076018675,3.2938803998343187,-1.3014418976908062,-1.8779838952715926,58.79088489304039,50.629400760111224,56.10663702374623,70.94563076674008,45.386541379921425,37.188262935570634,37.27668335656357,17.409239321348554,21.18649137314123,13.703418138473543,11.808819208606375,14.65454901997425,14.145494853286948,8.826176940842235,6.733848124907872,6.482169400592221,5.354834920387387,4.484607322904879,5.111745909992922,6.564055605717687,6503.0,663.0,760.0,993.0,1060.0,1074.0,910.0,331.0,324.0,920.0,918.0,623.25,5706.298828125
RBB11_151,RBB_n1_1.WAV,-339.44238600653557,11.218641348768786,-214.1839416444484,-24.658757583185707,16.46174803595716,-3.632879316264303,-10.801673624979875,6.31965367536341,3.656738723503291,-9.714476508468197,9.319922388515884,3.820243241036997,-3.6686398919310936,1.8618052775260296,3.8996388768474115,-1.2804183722682836,-1.3788280066508987,3.0247250429543926,-4.258011257279423,0.27921620057150576,43.013926321199506,56.81597469497277,61.647392030233235,65.86141881890255,46.536518624550865,39.24209023415936,23.272680727198598,19.30221175292292,24.470098794155703,11.331295129934366,10.666983306685292,12.570752860213046,10.136699813405274,7.100806189891721,6.805036222828651,7.411949799833,6.99459329450399,5.433850103100726,4.089301893359285,7.362972956001125,6501.0,617.0,789.0,997.0,1035.0,1060.0,899.6,288.0,325.0,923.0,996.0,633.0,5684.765625
RBB11_152,RBB_n1_1.WAV,-388.5811655688942,28.021242142735016,-224.74963195913114,-40.217269912185984,54.835373826328215,-1.023245841198225,2.341072779030669,24.305068799132208,4.4870414999862005,-3.7875119870568876,8.343236436821531,-5.018803380803956,-6.282478363009574,8.695963043856427,-4.3197172437215166,1.2299726892271108,0.845785861686948,1.8781751921100773,-0.33947620343345575,-0.13062346253536755,45.298035596248745,39.764002453044746,53.10740362763534,59.861041163155285,46.23882028330342,46.01782643074924,28.310139571734954,25.136590819190047,18.419001554952494,15.537394069242309,15.101134259492058,9.153025980264383,10.116450224642453,7.311607221181348,8.3012473071241,6.833526907213096,8.415594857671081,6.628730062623197,4.188931247860994,5.184626637654182,6462.0,579.0,775.0,1008.0,1059.0,1062.0,896.6,317.0,304.0,856.0,1023.0,625.0,5641.69921875
RBB11_153,RBB_n1_1.WAV,-387.72574147184866,14.700034787642293,-228.30277207476303,-22.396471944489083,56.7454066408544,-11.056606753089111,6.887698679838718,15.52048870257898,-13.432164947176775,-0.009921368949728133,-0.13217871993493902,0.7875306656588289,-2.601481366184289,6.675384877219005,1.0820188767592305,-4.013240096911465,3.158062128348997,-0.5647883934226718,-2.90157940320759,-0.5375260384895375,45.29339894245524,49.84797511376652,54.82643043542624,63.93350973865954,41.10788887866051,43.1426952662255,29.726247464328175,22.057568061105197,19.737521774229723,15.37230481364963,16.777666129670507,10.611631712033615,9.985286866908778,6.27533796038111,5.456998585549053,6.9072031122948285,5.910915769625382,5.3592576741869395,5.20249480791718,5.3072871679359315,6485.0,601.0,799.0,1024.0,1062.0,1068.0,910.8,305.0,324.0,876.0,963.0,617.0,5641.69921875
RBB11_154,RBB_n1_1.WAV,-378.20819423035164,36.59787257816357,-213.953580568052,-37.90972261347077,55.49961261428316,-9.804400143054734,-19.071811963810006,17.79150058081246,-8.18759341653889,-11.715553115577443,15.67736532420743,-2.4281389156945496,-2.4355062321076617,7.440180063264006,1.2572978069254999,-4.29574091947467,2.957080306535164,-2.4323615706168016,-3.5385375371060057,1.893104723719662,47.99508164592884,47.952273798025075,56.49073774209294,69.95903863609811,46.756809556653785,45.21356205339022,23.360306042567167,22.332210093431303,21.612961820504413,10.927496205390982,12.76121882148217,13.052825380825901,12.136955715994564,6.0755731548113605,6.494734455072666,6.098855057708563,5.4954838004800415,7.679254893478999,5.971849817323361,4.813316470110209,6457.0,615.0,808.0,1005.0,1060.0,1051.0,907.8,299.0,319.0,874.0,968.0,615.0,5663.232421875
RBB11_155,RBB_n1_1.WAV,-392.78135728179467,59.69119631874633,-194.6661094460524,-54.30574483892904,60.197454647757056,-6.997683785585265,-17.008016046750228,16.861748599901965,-6.452909174772392,-12.433439728891498,7.826740728420003,-0.08769953830595903,-7.899048019871653,4.59321331709909,2.7777356791092176,-1.827830728136374,2.8631914714333626,4.0395780938276955,-1.3237175413807147,0.2818459148012657,39.852942963621935,31.351552840361386,61.727714253212866,50.408828583425155,44.112919666879336,44.42749863257271,27.196654491416837,25.253504183132808,25.699939694660838,9.23900424484427,18.46976536199308,9.292680704217386,9.014965309065024,10.192913978411104,6.743424733317693,8.243795895998266,9.452765911530651,6.947291559989548,5.5449642061353375,4.678111623472192,6378.0,381.0,710.0,970.0,1051.0,1045.0,831.4,409.0,340.0,949.0,1053.0,687.75,5641.69921875
RBB11_157,RBB_n1_1.WAV,-365.7512329151669,30.699184803190583,-192.08584046673974,-31.414287090115565,40.44791455440166,-8.397993931284546,-8.64332699007627,4.321538426649501,2.533543198992129,-18.763402056184997,5.288580971232039,-2.3976987444217834,-2.933614992713962,6.19708688921593,2.9796793576101743,5.363362727318134,-0.6917995054467511,4.318027012703651,-3.5943032555746384,-4.426305916476499,51.47943452472861,45.31777250335864,63.408066969050545,60.681724650487325,50.319687111649756,44.870364346277086,31.097984923880073,17.920711699345976,21.209146090140166,11.189591864847682,13.816446558151512,16.782383687817855,10.712475127542897,6.6715583679343675,9.219703228931353,6.379375187934899,8.125778609651888,9.000974521263393,4.8036929702849775,6.867393505610389,6507.0,518.0,779.0,934.0,1071.0,1039.0,868.2,309.0,331.0,918.0,1153.0,677.75,5878.564453125
RBB11_158,RBB_n1_1.WAV,-339.6415083428418,17.832871033918117,-184.46174643650062,-19.169671623529727,39.95441156700172,3.694936295423315,-5.877064582607242,6.566400637204892,-0.19702947410367963,-8.749244423384777,-7.913963838045753,2.5044964098079,-11.985873662566803,6.219153543477342,1.460773226267333,-0.371750888332357,4.342480248483678,-1.5452403918750575,1.5480042334177007,-3.476908051389029,60.42073233559542,50.95823478523883,61.55678134743228,63.91021608384621,41.56961938608933,41.340338848560705,26.08623807377911,20.626906718339796,17.462395710982232,14.170902372014945,12.425367433978527,16.314117590386207,10.782673589175221,8.984715382411705,13.03772446174973,5.783668081385461,5.5153276303685095,5.929106768062223,7.523236964196438,7.11730691334867,6454.0,500.0,772.0,917.0,1070.0,1046.0,861.0,316.0,349.0,950.0,1068.0,670.75,5857.03125
RBB11_159,RBB_n1_1.WAV,-386.67176809314503,35.16325406380913,-206.10944147770562,-35.22323069108622,56.09749689358253,-13.757625878996134,-8.891329876686518,9.512427746345702,-4.7892310717445605,-8.352396142390669,8.88574375631396,5.908193570170748,-3.1804619934495166,10.75549171344458,4.553346432842959,-2.0136339397694836,2.94862094650299,-0.47319296146955486,-1.9222561224926427,-1.5800018216864407,41.652237648583714,43.41040118564527,62.83657131999924,69.42843505859896,45.08976037901509,42.81583911756724,32.90086136170279,22.407845168816085,18.87208110105941,11.76800554835078,11.364528358156695,12.374878285802486,13.164379171945985,6.1572479724964415,9.492458331352285,9.42051385762653,6.51122134604879,4.240859484560182,5.534522644868624,5.432109702669029,6451.0,488.0,778.0,1006.0,1061.0,1065.0,879.6,306.0,301.0,964.0,1021.0,648.0,5684.765625
RBB11_160,RBB_n1_1.WAV,-378.91491249857165,19.51877411684348,-220.88441778356085,-23.535323296152566,43.41448587017603,-4.3142544304762245,6.931365628737525,6.113491091786076,-2.309542518704218,-4.6876936857859075,2.587021338048059,-2.095464884065948,4.082153441412986,-3.948606150925764,3.737449200480526,-2.146861048179901,-3.429876553949343,2.51036756048616,-0.9151054960120119,-3.679380390535378,49.509267455863714,44.07118203445456,58.0532620127409,64.40848315606148,46.037336048006026,45.9242646077332,36.6750011219665,16.56870141271227,28.582513224379433,16.07995535070155,12.097377834907835,15.143675125190326,7.997279759431508,6.526374434130812,7.014405400089767,5.282011555858963,7.85817697476654,5.259684578483337,3.5918651912480586,4.564694029454516,6592.0,608.0,794.0,981.0,1083.0,1074.0,908.0,272.0,362.0,945.0,1003.0,645.5,5663.232421875
RBB11_161,RBB_n1_1.WAV,-350.80644678729067,10.249256733835777,-202.083343916856,-12.139285192368781,29.595257451375694,7.88484116085306,-17.044433210817495,4.693913047298735,-7.125912465945425,-12.458857261920318,-4.247772932552946,0.9576625130136273,0.64916987534089,-0.2148541907812211,8.019004685520155,-2.7845204839882474,-3.019296856864771,2.8302232915342658,-3.635605438655597,-2.3082763454283612,44.86227238385494,49.3891801436327,62.67335253959602,69.06849526693097,46.47625366756231,35.811169173565816,23.159166725530955,15.89538262250806,32.86179237489132,12.425966102471842,11.368881538220267,15.14748279477123,13.039917460633589,6.266216680306478,7.582426673843401,5.450659063814856,6.693657082291933,8.958730707580703,5.29220675484316,5.607670660901619,6599.0,615.0,806.0,955.0,1065.0,1060.0,900.2,284.0,352.0,936.0,1056.0,657.0,5684.765625
RBB11_162,RBB_n1_1.WAV,-358.0033691805141,4.591246863660266,-211.9318189843733,-14.278265793823529,32.49565641780659,5.1606092603034615,-4.517929905873382,2.2629652943509573,-10.49025863145762,-4.2998877637641435,-6.361193521819384,9.401720573261077,-7.2191462923138925,7.686025130413316,7.257920939496438,-3.9341113993035655,3.924059035570154,-2.2062366591085207,0.4266483059671287,-2.6053679163886447,44.38161847402441,50.52955834051925,57.743382877385706,69.79900127922781,44.32852321088539,36.20973747377489,29.45917316294279,18.42757928567383,29.677427312461788,15.061380872613933,15.52867152706032,8.99052348112272,9.407877252625596,7.350379865723407,6.004358211554557,6.545508938675481,6.08617077110106,8.123507066470907,4.6926404166747675,4.387780301480828,6634.0,623.0,809.0,980.0,1052.0,1102.0,913.2,347.0,360.0,914.0,981.0,650.5,5641.69921875
RBB11_163,RBB_n1_1.WAV,-401.3060048831873,43.17464719982535,-201.88792798774546,-48.51761185361597,72.76831031086161,-11.14747512059864,-11.332504479253043,19.821094215234822,-11.440943856109168,-11.213901284438476,8.92170552993968,-2.8556860552851058,-5.0131993362481,8.357448683156383,-1.0035094044666308,-0.4501950298804241,-0.5424055801280506,1.437619338632315,-4.693833884134768,1.996200390641807,45.26428130147371,45.74232339727072,57.32361078094539,55.11590931580187,41.814837285730945,43.756144910669306,37.10010812851182,20.561422803027543,22.733834795328736,11.030955610731764,13.7506641960773,17.23154337787779,13.014535265179909,6.766824656479616,13.334601141251985,7.372553877653606,5.149557131500025,8.430255548649843,3.6529785783074002,6.1922318266775065,6416.0,458.0,785.0,960.0,1063.0,1071.0,867.4,312.0,317.0,967.0,1013.0,652.25,5857.03125
RBB11_164,RBB_n1_1.WAV,-367.63386210281067,6.304191102982115,-208.85640362815414,-28.194865592393366,47.22738534918428,5.551498733171792,-5.960637026421276,7.350459243937954,-2.1168619157616733,-10.878785714381836,2.4726300148146563,-0.4617378815406891,-2.874300633015053,2.4700972682084066,2.01138989764326,-0.36395553744432435,-0.2758155927591716,0.8172193591122587,2.0093477792112693,-2.419783314131028,52.18834138732848,50.915668040944176,54.737605532921684,59.39572060728305,42.49983312016758,39.94831200156022,28.068498522761637,22.54023063415925,31.17288517534497,10.746734145236045,11.865325408084944,17.29547837411604,7.730402603445393,9.428776679729836,8.26043239562288,6.675529325155824,6.96138818354077,7.480615692926821,5.219619711903224,6.2601741545570775,6484.0,559.0,774.0,932.0,1079.0,1060.0,880.8,290.0,342.0,921.0,1053.0,651.5,5663.232421875
RBB11_165,RBB_n1_1.WAV,-354.1168804882705,-3.981408701814637,-217.71313072790278,-8.758098139682627,20.621851045203048,16.968341350775358,-0.4566761362285097,-0.3133406342080914,6.153276157775006,-17.31711053871149,2.2663037011953735,-0.9123421595231921,0.8124247531914762,0.18836694277484575,5.5173348574325045,1.555661958889494,-0.2109589579408851,2.126407927328154,-1.7645683166999868,-1.9676493026201534,48.820601215834465,50.54256595573146,57.522030001732176,66.08697267206162,45.55881328411525,33.622768644426536,35.668790039722474,18.517963103481243,23.90822045338964,10.08503036783352,11.806692099223058,15.909907644504424,10.193466108598155,9.370336839578231,7.673515946059003,7.119143858896888,4.258241007773511,6.4715609019770435,4.660284793764855,5.125327791597164,6564.0,563.0,770.0,953.0,1059.0,1076.0,884.2,313.0,370.0,949.0,1037.0,667.25,5641.69921875
RBB11_167,RBB_n1_1.WAV,-365.8112036696688,5.704557239592644,-209.2364145171355,-21.45403648206283,41.67185378313725,3.0216398097648063,-6.178192875048764,11.896884550173958,1.4856617112895014,-7.449218412946575,2.5299100644886434,7.949133059029989,-9.545988003223796,3.703254090971848,0.19450013903812952,-4.246224489051427,-1.9569580721258788,1.14352314867652,-0.35920629863584347,-1.7340361293040767,49.75576463942577,44.66569130605356,61.21462849303316,63.9142790091251,43.902943039266574,39.02024838026246,27.411647972377214,19.584418143493636,31.7141332608467,18.296206471896525,12.749105047387175,10.985005782467052,7.806997756969302,10.464749082635555,9.320997755543242,10.164366890577005,5.983544021361107,6.625318482057796,6.192982080539054,4.459056837373146,6446.0,617.0,779.0,974.0,1070.0,1061.0,900.2,279.0,334.0,874.0,999.0,621.5,5663.232421875
RBB11_168,RBB_n1_1.WAV,-397.6416298444004,28.697225199908072,-221.36724198227859,-30.631401829975786,60.60912394463733,-7.706613553422444,0.28153210049402067,17.668524306442556,-4.739522349402688,-7.759703468768921,5.892019472565988,-2.869670188681684,-5.561921456602618,9.034975889941446,1.8811512945446907,-2.465388383010664,4.607514892011154,-3.2473337983352817,-1.6967048298322986,-1.1866295840851633,43.789378702715744,47.85475984515918,56.71240987830196,67.65975827903414,44.612611343655765,40.53779020881811,33.13712378995865,23.48965834193742,16.805218795146583,12.159917334399701,17.104570182833076,9.222753911172829,9.316540553902778,5.490911242650726,7.060842544392936,8.109458699468593,7.249072888130701,8.262709961553139,5.122484935762789,3.9243382512882725,6492.0,534.0,812.0,1002.0,1082.0,1064.0,898.8,297.0,314.0,920.0,1004.0,633.75,5684.765625
RBB11_169,RBB_n1_1.WAV,-376.9272175657088,16.598452776597203,-221.07128870359935,-19.691236950221843,43.45750457879268,-11.86326436251915,-1.7852326800697231,3.7207212345502816,4.0305339632133785,-6.292694292539382,7.904713288063354,5.078595017710176,-8.100380116332303,7.889795575014757,1.0921187828811905,-4.778442271193866,0.46849934159830486,0.9441714321488425,-4.17697122895501,1.7594996670102883,45.00876682930181,50.542063342221134,55.36093657274999,65.17044460825664,46.54443309035589,41.589710458541255,33.823750076975514,25.95257501297255,18.259996352023375,10.873663314236705,11.626045027088693,12.15088244792704,12.587321420036712,9.29017382283044,7.9723706687172085,9.899135409255647,5.06534455473422,6.266117257256165,6.109040093723367,5.048901662530717,6354.0,487.0,772.0,995.0,1035.0,1086.0,875.0,326.0,303.0,881.0,1002.0,628.0,5921.630859375
RBB11_170,RBB_n1_1.WAV,-360.6936736866484,22.935686956561916,-201.39322670925262,-27.10335869021665,40.061897929981555,-2.6831722538748655,-24.51014959601202,18.063779221995738,-16.176646691994872,-7.751958028918722,6.9771064138814,-4.286227005428708,3.875419295433835,1.822991818684794,4.300601724087262,-4.404221013011537,5.017748575222849,3.459448704032756,-3.3540754468134626,1.818204539263884,49.011808226481385,48.295088732455675,60.992748849531175,64.21470500965877,46.44467016768566,37.91029127282412,25.17481522226207,20.438498850946996,26.002626726435558,16.85582157040475,11.065851721907112,10.509260261112756,15.13135946726105,6.628212556408926,7.434539758140544,7.570032688632695,3.699974765421795,9.681540451551037,6.931527468831294,5.410125090424457,6517.0,604.0,784.0,966.0,1072.0,1063.0,897.8,315.0,352.0,875.0,1025.0,641.75,5598.6328125
RBB11_171,RBB_n1_1.WAV,-359.64172300830626,0.46416279388452975,-207.65049049640152,-12.872425138588913,26.43385810085174,8.59364475720078,-15.666852837404042,10.209981077354506,2.5562895676633417,-16.414355739592928,10.28668192458053,1.1330588279688936,0.6325652300423992,-0.18090395684246344,5.412675196181077,-5.877275515007167,2.4984743399032427,1.2915749887984231,-3.685680926318447,-1.210190681709417,49.838853509330825,52.7717488911238,59.50589902300019,71.72197543716406,50.138003177346384,37.086743246286055,19.897720778299984,19.03880140175952,25.550355192906334,17.24254170222507,9.186789593426662,16.32170016587743,14.464766375572514,7.4298854262912934,5.476455623956623,6.666995388217539,7.102212413796848,7.623982137378349,4.157102946780578,5.200502132206811,6382.0,596.0,789.0,945.0,1047.0,1073.0,890.0,283.0,312.0,915.0,963.0,618.25,5878.564453125
RBB11_172,RBB_n1_1.WAV,-371.91802272776516,1.904038343787782,-217.17055568421617,-19.261253437389467,38.311974032475376,4.020834035372924,-9.799320404005316,11.751804213782146,0.47040386471121576,-6.417254727122818,10.267995622325941,4.204791121149603,-3.8259655105684436,4.413376009758864,-2.249568614785418,-3.118573969131992,-3.2005208733266293,2.738493220751233,-4.257913329159281,0.17281622505803507,48.044463816470625,58.499069566710226,57.28103158313027,75.08617253598094,50.84765770570785,39.484570909800546,23.677041249052436,22.182849050528965,18.17555181928609,13.246439214117125,10.894913661020528,13.698900772744453,10.151192066227312,6.880370422661073,8.410441745580044,7.208375530622045,4.760482002018676,7.129405951785989,6.960059865554086,4.233859824028417,6415.0,599.0,766.0,1003.0,1046.0,1085.0,899.8,291.0,301.0,886.0,976.0,613.5,5641.69921875
RBB11_173,RBB_n1_1.WAV,-382.53013017958403,21.31446346307802,-217.25047376621393,-23.608042463230664,52.44045373191567,-4.1520620420633865,0.09890467353439981,13.333576905228353,-9.372415808924591,-11.592862110304152,-2.487250767353483,2.6047311627084078,-4.141018769842739,5.083443811936473,1.8679930952742179,-1.1430453054654015,-1.6690140755581768,3.030221061119238,-4.714191454857135,-0.04828149806509469,42.948608539108406,56.04691142376031,56.92571554568657,71.10725085387382,43.77267897064661,42.61617821071494,29.64106023149049,24.453474415691574,23.27819720446621,16.618190097201015,17.269968010467345,13.96115312559794,13.149896123427384,8.568617090181426,6.50170016531817,10.427693318722397,3.630895795637332,6.881933727255196,4.853393297696523,4.5974852252849985,6522.0,621.0,803.0,1005.0,1070.0,1084.0,916.6,301.0,316.0,884.0,979.0,620.0,5727.83203125
RBB11_174,RBB_n1_1.WAV,-381.05204791471294,13.73651773769162,-222.78957934522384,-18.640154640007996,41.98431459778857,5.7219085311276885,-6.211725425206316,10.962175218189524,-1.6638858868955202,-18.42477673974374,14.286286133532492,-0.6837732205559842,-3.5265591649006605,10.729559066395804,2.616997008482185,-1.5594335878862073,3.520259980070185,1.3008025805287606,-4.72615239010741,0.1686402997361193,54.97416440084308,52.33851775942785,54.26786845453816,68.59225460825886,44.24523036210851,38.88488822292522,31.617117209573877,19.145029354963082,16.91740885073666,12.564660572564279,11.120345720606046,12.998802627417597,9.758783939013878,4.632664307282713,5.030362000795995,7.705889977505667,4.295108279022701,5.540002177674096,4.580558541261954,5.02308566780201,6443.0,615.0,806.0,959.0,1039.0,1062.0,896.2,290.0,321.0,893.0,999.0,625.75,5663.232421875
RBB11_175,RBB_n1_1.WAV,-371.9806605877005,23.660313783692647,-215.24099087297833,-22.394430109327843,43.16275425730704,-8.000229671011176,-6.240860683383661,4.148069691691581,-3.0937708151204775,-14.712499291560892,10.166219354309503,1.099479777227976,-0.5361636545426912,8.053314293564782,3.8637549990621163,-4.976808290100108,2.0932721128320813,-1.3309430534829976,-1.598748056906428,-1.8515728884539968,45.84382001798409,48.5174275861258,58.34897297656066,73.49777977656477,45.74144861982469,43.140984920186,27.776065526827665,25.679148680338404,23.365186765995475,12.761724857344566,12.67210459131752,11.268537769127576,14.01987910528909,4.7116404172768505,6.13448957719839,8.297940677398762,4.20809203637929,6.88445862617527,5.689975922093795,5.373442958417165,6549.0,626.0,801.0,991.0,1081.0,1085.0,916.8,327.0,296.0,848.0,1024.0,623.75,5900.09765625
RBB11_176,RBB_n1_1.WAV,-382.43018606919287,17.38239662007934,-222.99213662076284,-26.844677153618406,46.26726868972174,-8.528942201026943,4.027885265263229,11.185588967632498,1.2952112288688893,-9.872992498757586,1.6917068415768075,4.165482604351205,-6.516496927614687,6.141966638554537,2.305282469690594,-1.7320367047815606,-1.5765766860124248,6.3072275622734155,-7.884448727587132,2.602779529989306,44.71164129783215,54.29251319492014,56.11265985897366,69.98954656977281,44.94489952912517,40.724178726632914,32.3350580741046,21.97730578720328,17.09539050011785,13.920172763083041,14.745344211454993,11.244319824350235,9.156406606380461,6.624641445608122,8.312316801595104,9.9307245309957,7.224907431885209,9.10547042260702,4.574487234421397,5.524016781417711,6467.0,613.0,802.0,983.0,1042.0,1086.0,905.2,292.0,313.0,920.0,957.0,620.5,5663.232421875
RBB11_177,RBB_n1_1.WAV,-390.67869503492676,20.628558774109635,-223.0719660183289,-31.929918160788127,51.70384975511468,-2.1387526507305905,-2.639369208801177,15.511937721450813,-5.021966558429813,-4.586423708169535,3.277714722950786,4.166945984674453,-4.386498342750976,4.607561889406195,0.16458381184567894,-3.4295525035386785,-1.1561177523009134,0.8562950418683226,-1.3374165606300648,-0.8132258390335159,46.46951478573942,57.508149449167725,56.901629268139494,70.91670297028021,46.135653956395686,38.72824229663812,30.35392466224466,19.61114667889034,25.36677268229299,12.951397243707655,12.696028121995464,11.973645904492113,11.024712346291023,8.736982863225826,8.199727090737488,7.643022511808121,5.604668899567459,5.922046145773535,3.6714266354125615,3.928190874545396,6513.0,597.0,803.0,986.0,1067.0,1072.0,905.0,289.0,334.0,862.0,1029.0,628.5,5706.298828125
RBB11_178,RBB_n1_1.WAV,-364.695884260842,26.01945064125801,-203.2186333096307,-32.055443799085516,46.940304248793716,-5.240179065636014,-10.48791284516113,0.78686568746132,-4.057706221068896,-8.213005307228181,-0.9177795216862016,5.133703656236484,-2.932598950638146,3.2494462998625804,6.648824725825966,-3.4309358456492367,3.7028380848076266,-0.12631607865829628,0.6120817351057205,-3.71469223591162,50.307044766372194,51.816915701653684,55.371269276666226,65.55587027436007,43.16669542991507,42.052973270651535,31.947186359015735,18.774148424197683,33.063124691344534,16.724298739654113,13.302476503906187,11.576207431768552,14.643533929296032,7.648066922791939,5.577999773794959,7.9405553687224035,4.709012770252297,6.906554792071617,3.9714069905617797,6.918272626231611,6370.0,573.0,729.0,954.0,1033.0,1066.0,871.0,270.0,338.0,922.0,1019.0,637.25,5663.232421875
RBB11_179,RBB_n1_1.WAV,-368.770048546816,18.1912168851463,-199.55804617078925,-27.010368363256905,46.57710001225649,-2.371921914984825,-20.837120737164213,10.980956642776967,-2.527600623627067,-13.789545782198257,7.238112346079589,-0.6176106151864151,-5.229723921329802,5.098783310303452,1.4686680067890927,-5.240328903153451,2.6665655634953493,3.1003664154695905,-4.340052758030533,4.78855406493644,56.4849435591515,43.62393578637562,56.927176480830425,57.05040585594429,45.64003642981614,39.028449855239124,28.134842046992457,18.268016473619234,25.20265668706599,17.745757423209394,11.896990174906177,15.17015231163764,12.983040340489302,7.367571193017753,9.04886174930448,4.74957859933256,4.739412486650543,7.3972724153342755,4.893539222491489,6.379679649159013,6585.0,565.0,753.0,962.0,1078.0,1056.0,882.8,309.0,334.0,982.0,1080.0,676.25,5663.232421875
RBB11_182,RBB_n1_1.WAV,-377.59032287312334,-0.01824711821195549,-221.61484845816378,-18.801591829145217,44.41475972926293,10.451620706470822,-7.112421390180223,15.94692474494263,-1.2888598580102117,-13.211919626037973,3.810408824248067,-0.6452904853765989,-6.194174646916531,4.672039849217817,7.296080165470904,-5.415859455738687,2.132579519470229,1.355411649451652,-3.391308307462873,1.2570813404235686,49.26297247572036,62.55093127547755,56.02676583415993,76.12013725903523,46.19647308454788,40.67941378732788,25.370990343275338,21.804474875815067,23.488415098051536,14.368197154966541,13.270768305240333,10.586449013100204,13.5582443080078,5.207470357066255,5.956853749015829,8.330157969061604,4.685401583317783,6.570073796006335,3.757667848561834,4.148780624911305,6575.0,630.0,822.0,991.0,1038.0,1115.0,919.2,299.0,315.0,945.0,961.0,630.0,5706.298828125
RBB11_183,RBB_n1_1.WAV,-346.29625186108643,7.566412094607483,-203.06289822486266,-12.09542638641368,27.092979636579237,6.856157831109872,-12.056443787702642,-1.8890341136212894,-1.000260349318404,-10.467278901265798,3.22595277363607,8.33152260118464,-5.510343211797441,7.637997395887691,-2.704957551655402,-2.4926746881209785,-2.82436506217149,0.4279444726011911,-2.3709140693390527,-1.5227859348534856,49.41492822098862,44.30091894244107,60.32955331660839,63.09319428599264,45.03886616999608,40.089278987974936,22.856967060315892,17.561579463286222,30.5447081133839,14.563670806066552,11.398545826295518,9.237849425471595,10.281474835927362,11.339702660812328,10.625031579665894,5.429038352063937,5.9730665607315,10.840292121041843,4.402161454361551,4.591480150830423,6375.0,570.0,754.0,928.0,1053.0,1050.0,871.0,313.0,360.0,871.0,1006.0,637.5,5641.69921875
RBB11_184,RBB_n1_1.WAV,-340.60364856157247,28.974147140335653,-199.51143086204794,-28.07150745678261,31.193842397724044,-14.345629146142034,-14.048203310616415,-0.41937828977696,-4.925049998940015,-7.040706646282537,-2.0061178757396734,7.8313729150181945,-12.189597640639853,8.436101912598016,-3.0491995918515222,-2.4912390680079763,-0.0725561678642019,1.0465483424734046,0.6475155410364948,1.455435932783281,45.44700595326656,51.93745042821341,60.67435674827632,69.991631709065,50.67498278273087,40.35918587925117,24.871240501559793,19.123526851659992,20.468893375886335,15.487858050613557,12.646154134630029,10.223102917130582,14.398284068093226,7.122870468367916,6.632865803854045,6.534116888790592,4.803262271344767,8.219440798189655,5.44673047398036,5.970435961598955,6598.0,604.0,808.0,982.0,1072.0,1076.0,908.4,306.0,317.0,935.0,1028.0,646.5,5641.69921875
RBB11_185,RBB_n1_1.WAV,-331.4502591506262,9.743682185926637,-201.56466023165194,-13.266066556500885,23.859579350547566,7.561872672034564,-11.051089649609922,5.740602599333875,1.0415120873727635,-10.754370627267487,5.640735997478343,0.9328706588035867,-1.5342662715454596,-1.8336787784516462,5.147293118821239,-2.309695442320691,0.4367062264199515,2.5207979679019874,-1.2932769898233887,-3.2781211907238488,53.7737873543606,51.093237835584674,55.50114080867985,62.170517891636585,47.23831629668002,34.11478549482348,23.582558518665767,13.881034659849737,20.167971740644397,19.10969151393041,9.938961555447355,11.947162639096069,8.11166514679074,8.808055291377597,8.878385054998954,6.036515076041772,3.547778521984252,5.913607265977717,4.344052183906525,6.718727353091682,6532.0,569.0,765.0,941.0,1065.0,1067.0,881.4,278.0,333.0,937.0,1107.0,663.75,5663.232421875
RBB11_186,RBB_n1_1.WAV,-381.2406479259811,27.04896363349709,-222.59414224506637,-27.60819217532955,53.61619686599155,-6.190539951464941,5.082765012274406,6.81574340761724,-3.582990648342857,-11.219095286712598,2.656496284870174,-1.1059051271410347,-3.391116617486446,5.219548692463934,3.5520554487222555,0.7273206743504734,1.953991179726796,0.757249946342198,-2.1883763144048562,-1.2303153061443282,46.32386679244469,49.09353483074477,54.50072493560519,69.1193590222669,47.48969688029648,41.93573113944645,37.0680686815512,20.442263851685208,16.465410832565105,16.342040053817808,13.025524626562483,10.731052488615356,10.034010189926144,7.889989270563111,9.537497660906842,7.086064976777446,5.819803242922584,6.694483205462697,4.4785055203170065,5.191473890988525,6368.0,593.0,781.0,983.0,1071.0,1065.0,898.6,271.0,306.0,868.0,963.0,602.0,5727.83203125
RBB11_187,RBB_n1_1.WAV,-354.38125414474536,33.05085491901228,-213.62108509380758,-7.266620458161984,31.530324487333214,0.19796099470484357,-5.796692709271046,2.1281054452571793,5.272914988040804,-13.558538560230566,10.582850532691031,0.5271884408860649,-8.032259029944772,9.317258836751256,-0.9852779612122625,-4.122270558371995,1.3835406168256446,1.6302390536957225,-1.966584685680696,1.3631411412277947,45.447244647100746,49.32369097407779,59.41194897857255,71.37876723146788,44.66010867393072,41.29633610761783,26.460768219584246,19.13625746141482,18.993153278947347,13.628640529857806,12.422148546318724,13.649282961562138,10.00855974060223,7.076303600319203,6.100353745186371,6.829366617249873,6.314756108951694,5.396297594684192,4.844945654163584,4.059243034767267,6506.0,593.0,813.0,1017.0,1081.0,1077.0,916.2,299.0,356.0,799.0,1001.0,613.75,5663.232421875
RBB11_190,RBB_n1_1.WAV,-346.1564152873334,-4.2313870897037615,-211.22664972267697,-18.38083505716231,25.71681578893777,2.983077227951132,-10.641637822803025,4.829641860073296,-2.775507946469517,-10.6981455720922,7.041073750120619,7.969674068275734,-3.947163614846596,5.944866485619029,0.9361940971588215,-2.728373376878029,-0.2634625914054796,5.0159353242148725,-3.4487968394113127,0.44402711317919713,43.84714904650958,55.522395565250626,60.17431671526485,68.53848567481614,47.27594439278008,40.86277652215885,24.27110229572005,16.282631411087625,26.473955857921773,14.296763624334288,11.815873381460529,12.35051325392097,12.511074410923115,7.521991963919618,6.940657498134832,7.2626820663405125,4.255826448178322,7.435619012973818,5.482561245733099,5.963343137262182,6335.0,576.0,785.0,979.0,1046.0,1062.0,889.6,306.0,309.0,849.0,940.0,601.0,5684.765625
RBB11_191,RBB_n1_1.WAV,-367.90767907001964,30.41445272809079,-211.3365991145585,-27.617414562106575,42.224099445347434,-11.829793346664301,-12.614586867622387,7.752239206415907,-12.900181026619187,-5.696497165835016,-0.022345066765446273,3.5329300045058987,-1.543139026509697,0.8942782453795433,9.301941990855509,-5.926208759308017,5.823123111509906,0.6434065805427454,-2.274760379391532,-1.7353461577294012,54.215728176585735,50.67134645898577,55.1855299375802,63.83397128370085,48.48190189901024,41.635375175330935,28.681868971374566,22.05573467292457,25.154455911758873,22.896365031062796,12.327669002910447,13.043246967315795,16.46134635950304,7.240470337780234,6.171038774284296,6.930870093765266,4.577239125385824,6.640090237948339,4.581758331388102,5.460171549178725,6467.0,605.0,778.0,982.0,1084.0,1080.0,905.8,293.0,330.0,837.0,1019.0,619.75,5663.232421875
RBB11_192,RBB_n1_1.WAV,-364.5648658516106,35.48607823948031,-208.51915712847645,-29.23416696365753,40.587408216795744,-12.98907544140136,-16.443362357274335,7.8604573531155975,-8.43141277423764,-14.703957634538877,7.96264746133405,-3.1027229119825845,-2.2133133423455953,5.277923362516985,4.68109377346337,0.43261503752574,2.6098282735152574,4.702487838488434,-3.1561922330699543,0.6355785301328878,49.7093550251707,46.61294589117543,54.6961580084679,66.80974822789531,52.465863354848956,39.28810861878791,30.116482372350703,20.67730090584235,18.658392134773873,21.128541702626627,12.269822020136322,13.172567429304952,14.965294645251406,6.49939719515467,7.45848811877235,7.621587489400036,4.447566859852923,6.19380842151864,4.077471343959341,5.035265011683155,6442.0,607.0,788.0,983.0,1047.0,1071.0,899.2,296.0,311.0,927.0,950.0,621.0,5727.83203125
RBB11_193,RBB_n1_1.WAV,-346.2308648537793,19.95408015702702,-212.89842842958356,-6.05476784649913,30.701839369981084,-0.9998375648921457,-7.750223813072101,0.37801572602240313,-0.23808949385220646,-13.338195398381595,-1.3303617236983878,3.7277536019014526,-8.3603629131884,9.485903973491228,2.4839003816526044,-4.058145510732238,-0.04586902107996579,1.9538486062069111,-0.6705159022849543,-2.532512665608365,41.49802497320604,49.52389328451741,56.78561810902768,64.73096508694745,44.83855480778434,37.92828076461002,33.87637097783818,19.774542191875558,19.889659901612305,13.171366802987134,10.523718662339869,11.29870909342108,11.306216059182736,8.148534428043206,9.705852215197204,6.391270732440589,5.559081852234923,8.103814747544497,4.156311530625949,5.254728584633258,6308.0,486.0,783.0,972.0,1048.0,1080.0,873.8,304.0,303.0,912.0,951.0,617.5,5641.69921875
RBB11_194,RBB_n1_1.WAV,-380.84664695501425,8.799938661198897,-219.0988663812527,-30.95986906579885,49.659590856946366,-1.1771300364746322,6.795116374613238,7.028477457790643,4.558621358379469,-17.567730577030293,9.14777572165168,1.4496206687493882,-3.297643943401908,6.540126813540403,-1.3875973754008364,-2.307448809083606,-0.6148150587917441,1.2393082643212,-4.309688634219172,-2.6439678384265553,47.24074001370948,59.56092474430544,56.13828215568811,74.28602772881082,49.27153725332599,40.13448303894642,34.31430374632913,22.68976869764294,14.51800012633772,12.072967763961698,12.29333938551084,11.618902121113907,8.53669000123613,6.863483371754953,8.991698015590309,10.70380005201603,4.50399701691446,6.059250134935345,5.826386131782963,5.6228839687320065,6509.0,593.0,798.0,990.0,1064.0,1089.0,906.8,303.0,298.0,890.0,1014.0,626.25,5749.365234375
RBB11_195,RBB_n1_1.WAV,-323.7976576828316,6.985768125169651,-196.23426379318389,-28.087980702845424,22.51921678937929,-9.956951565478157,-10.31281157869871,-5.169120995677775,-2.697394118474114,-14.371576213380767,-2.55127649645266,2.2701590183173197,0.587327667844404,4.165964004986347,7.395480718364558,1.7996935695885639,-1.0585487148439041,4.980127458546096,-4.498975150578061,-0.9154375071990396,49.342605601781926,52.99216328163817,59.48598771320583,65.65527032708528,46.190566733731075,42.6923279247251,23.88820915085892,19.05668213519872,31.44424568511169,16.113524105700563,12.893798231148063,8.824786511182552,10.83671087147921,5.341712401585817,7.9315048050936126,4.227172396916942,6.936487293457962,6.6568108815929845,6.788759021035836,7.694939537638577,6498.0,616.0,741.0,1002.0,1068.0,1048.0,895.0,314.0,349.0,928.0,969.0,640.0,5620.166015625
RBB11_196,RBB_n1_1.WAV,-363.495726911448,6.197798453603988,-208.7963533521965,-22.98875452101632,33.24540930215213,24.885314744907003,-14.898823357935656,15.29047509030092,1.7601637841253372,-8.133627800375638,3.1774727363289315,1.0735675263566946,-1.7816311523195574,-1.2763824621332374,5.962448576676043,-0.7611370204961896,2.1221940788565417,2.787171125080413,-1.445313235452952,-1.3148946902308074,50.16024748850544,59.723435077660376,56.20943020822956,69.1001578839147,41.77694259855363,35.408013872991,34.28488791157206,17.342600073215056,27.96660195160719,18.912910522803124,12.913122421544463,14.645374464263144,12.425841208215019,9.780009433616387,5.67713204834437,7.235279057277896,6.216696557593223,5.74584159092187,5.241903684824006,5.9214508483380826,6671.0,595.0,814.0,962.0,1092.0,1048.0,902.2,283.0,353.0,968.0,1091.0,673.75,5641.69921875
RBB11_197,RBB_n1_1.WAV,-365.78656566605446,20.231018401513303,-201.1227990567068,-33.35059639462405,40.44628185997257,2.9799236347712728,-17.34612149899844,11.16472557368203,-0.17862138253426033,-16.495506368105076,14.044598640682306,-3.4045582847203493,-6.077337732405896,9.239934107150146,-0.35816388750703987,-4.5457540165784245,2.6535328973217944,-1.7891207336713995,-0.3730711767436991,2.1360947617169943,60.88059002756377,46.83631535936457,61.38088423267538,63.90422112109145,50.6928530637806,42.329310686426936,29.870560933163723,23.68341077332153,22.46635488296944,11.213708463406245,12.197198055276338,10.825670334178565,13.657751548487228,9.555509690013377,8.126948547181222,8.323284886194354,6.5726272292945245,7.745680994300537,5.1850287924495815,7.9772326346439755,6659.0,621.0,816.0,956.0,1038.0,1083.0,902.8,339.0,321.0,1002.0,1012.0,668.5,5620.166015625
RBB11_198,RBB_n1_1.WAV,-349.393622142092,23.544736823941932,-202.48562102708757,-22.111856109701673,27.280291659860346,0.7476881176612303,-10.825693849951755,4.871759098176135,10.563902027102468,-13.832873362897848,5.804732974421982,7.201312052472232,-9.159717737704016,9.959906608075263,-1.419858143595431,3.418468316173176,-2.6964301323648012,2.5679288721968967,-1.1518067998750157,-4.757873558679237,53.04609789011423,45.066264881057215,57.04289401807688,61.21771426492159,47.91005747316264,41.04407784401053,23.05640790544728,19.502193378097836,20.81661302001317,12.286485201987874,9.386145872356785,14.088946617731319,6.738821838297428,14.600340898738077,8.212758955082812,7.9791380617911445,7.703636752614559,5.917398183936327,4.1994869429740955,6.557724053858948,6447.0,578.0,790.0,915.0,1090.0,1075.0,889.6,279.0,335.0,894.0,1021.0,632.25,5857.03125
RBB11_199,RBB_n1_1.WAV,-352.301506535486,21.454196496735104,-213.11173136996962,-22.996987644772975,36.32620080638704,-10.911473402781015,-0.9216278909393824,-6.9360161411918,5.145692726419184,-15.563308954819304,6.90663209517638,2.698212165819077,1.5593741747241663,1.4827629391781676,1.6414478251163678,-2.6649452955568202,1.418276183820129,-1.7578709117634514,1.5827382032800075,0.2055243582323541,51.69289032820097,39.36280498037032,54.00922568529155,59.34390062572529,44.80891025320861,41.72696465405178,26.237143201135698,16.99817479179926,27.462980106771386,15.414922463331962,10.07957084230192,16.326946083602998,12.245918275055526,6.935379668449957,8.21613984104253,5.896419287252716,5.379166765650136,6.439994289174113,4.816786139356732,7.937092464310571,6357.0,583.0,792.0,907.0,1082.0,1072.0,887.2,283.0,335.0,867.0,970.0,613.75,5620.166015625
RBB11_200,RBB_n1_1.WAV,-378.29834574823906,15.216035204227031,-212.9822589870453,-28.981581907596823,47.51809739717255,-12.818317232998849,-5.459276525370092,16.582094006411207,-9.501101366479064,-2.1464464371475156,3.520285284915748,5.180244418134246,-6.868495077761064,6.525221246346245,2.9889416182792132,-6.995332586313731,3.685226968247022,0.6731082214550794,-1.354393657591452,1.568996007910677,53.63988270136293,44.80353458701229,62.591173056636286,64.2117945571883,47.87942256679857,38.74723219903657,28.093479806251715,20.75316600173309,27.024344971639454,21.609528556775466,15.908440315528129,13.026377464832926,10.779233165808652,6.333339190660554,8.858279805824186,7.519272237024099,5.782796561069315,7.00250245870542,7.02663033148211,3.7213999023770254,6587.0,593.0,818.0,998.0,1084.0,1062.0,911.0,293.0,312.0,873.0,1092.0,642.5,5706.298828125
RBB11_201,RBB_n1_1.WAV,-350.1999140100307,10.438872283350175,-202.28485231121866,-20.403674185744133,31.416585519944277,1.6965664459542826,-13.065997137610466,6.565716341568819,-6.934859526232811,-8.036755027740437,4.279640111724244,7.680202767796889,-6.3409424813167865,5.702041657556404,-0.23742607217235917,-5.90989343755744,0.1274960768203644,1.0273365892764428,-4.8858950393038265,0.653736732784766,52.872553677485165,56.04900585684444,61.25933985742436,68.43886278349264,50.725999813167626,43.276389767975736,24.27716547708424,22.21121519749201,29.948104064555533,20.278306263227424,14.220774872673562,10.476027806393372,9.83981058104673,5.258631994644535,6.228867635410868,6.865450886884385,5.462976430394284,6.794009937835637,7.087451782968072,6.444216223139316,6413.0,592.0,802.0,947.0,1047.0,1069.0,891.4,280.0,324.0,916.0,971.0,622.75,5706.298828125
RBB11_202,RBB_n1_1.WAV,-374.01339525719817,11.493297090592359,-224.18947273792477,-19.346070860755418,45.28844503397988,-3.399365993447335,5.7113825315354045,5.853874465608838,3.0210937980950985,-11.244414560803204,1.474986465112319,5.130135033147965,-7.039133740444101,7.042001679202116,-0.9941379624848466,-0.6973263006702416,-1.8811035176914614,3.6842845168139378,-4.442725881530388,-2.8357438085027398,47.671982125999214,44.55406749433759,52.79807957044793,62.76171100593757,43.12976601246978,40.033093359965044,40.34567119956534,18.248774158559183,24.78308894555638,18.594822197916738,11.961172133398591,13.545926120617564,9.563675114783775,6.5403705800339775,7.625700231687577,8.862976727164597,3.97708630399517,7.715172611619291,3.456451302351866,4.375335007007165,6310.0,562.0,797.0,937.0,1078.0,1064.0,887.6,272.0,319.0,901.0,915.0,601.75,5727.83203125
RBB11_203,RBB_n1_1.WAV,-381.12813594952263,22.696876217395065,-222.13743967950532,-21.77805203878162,46.803833736417126,-11.494743856110174,-3.108937148466023,14.273311253503282,-4.971033346900328,-9.624804579099216,5.084175546169178,-0.9581272727517024,-7.569868433389074,9.861003718766911,0.9934130737118186,0.13539474470000776,-0.6569399969981033,3.2920945496794656,-3.7419508105847274,0.1910704191163175,53.424144299199746,46.25376323697507,54.64906009317006,68.83065928538572,49.31151576280025,41.57750131198223,32.082656890178285,28.01386393110399,17.198327017890133,12.962871127697827,14.171364415989899,9.373516227083075,12.650411427317115,8.228762277954756,5.125483797105949,9.335161484110946,4.611498461440401,3.956422912122139,3.50636590086657,4.105210426389166,6511.0,605.0,833.0,1010.0,1052.0,1091.0,918.2,293.0,315.0,893.0,972.0,618.25,5921.630859375
RBB11_204,RBB_n1_1.WAV,-395.6263842042,31.46806222062754,-221.5953108818132,-21.05799601500378,57.81696873596564,-15.362639180498139,4.742580568333229,13.448077357214482,-11.956606957937783,-1.77533221740822,4.908231821523416,-1.715607088388111,-2.8665717012106238,3.7002157318348687,4.307674995782444,-5.345636294812836,1.8051287506678557,0.13800791258221928,-5.3089026809267645,-0.01200919540315756,50.146585702136214,43.16930794771913,59.00226819586157,69.48819039546926,44.71416954675816,42.10940681495667,35.62938439992228,25.59624486666023,19.03222695132759,12.691432229349338,16.861809716556134,9.577338936559677,11.19420851714496,6.9119350657159755,4.375499554734662,9.913889962225854,5.064789108506496,4.056562416833267,5.171721919040025,4.559488974856634,6523.0,588.0,823.0,1011.0,1063.0,1090.0,915.0,314.0,323.0,875.0,984.0,624.0,5986.23046875
RBB11_205,RBB_n1_1.WAV,-366.3191644489046,31.531776552157144,-212.7758745684299,-20.184523380360414,38.08832936912791,-10.090607868782348,-11.02448951895174,12.483059409662207,-10.939652415571341,-6.9961280169084015,1.232383796586372,1.564173911936788,-1.4612234416231211,4.593053848167937,7.667201894393135,-5.118141465439406,3.7676936160512433,-0.8253090766391483,-1.6765128358294965,-0.6885206628432938,51.1836773437203,47.68028704304801,57.149449592633864,69.74072710554807,49.595747246487086,41.514261576853066,28.767982766532565,31.735518579840765,18.52726054531093,13.057149311569141,12.998979186775546,8.8416240390485,14.328555450566654,8.115742940683361,7.614178250214972,8.929214871209018,4.784180670768139,7.315144945310071,6.010224711359451,4.902463063318359,6421.0,615.0,805.0,1009.0,1059.0,1082.0,914.0,296.0,328.0,841.0,932.0,599.25,5792.431640625
RBB11_206,RBB_n1_1.WAV,-369.7099475037359,4.06633047891064,-219.89660639274592,-7.90994306687547,30.694105900169095,7.837065667416241,-5.2834854193787635,2.88011794083428,3.784615368955927,-15.3582011407209,4.33746410760317,1.5751258180282846,-4.308398275726569,2.351822128284964,4.91747532801085,-1.247727175985274,5.672597731378599,-0.4142382739529376,-1.7047109608688318,-1.125626014451866,59.06673569455353,48.63800532675869,55.33556547990096,68.47275424729237,44.727458541644495,36.734713558168906,46.525698921934776,16.401340158327606,20.44788536454519,13.000599769069744,11.087043542834579,10.352261651090387,8.278165522084837,8.986375494573938,8.1526453850463,6.0396071736881085,6.288937127455437,9.22947238816721,3.987912337271747,5.588996440293447,6402.0,641.0,747.0,961.0,1073.0,1086.0,901.6,298.0,364.0,872.0,933.0,616.75,5641.69921875
RBB11_209,RBB_n1_1.WAV,-338.57533235220814,-0.368675254390417,-214.49546961690646,-11.052659207130468,17.385335769466536,-8.230614683659445,0.4555977780757059,1.6234445641519821,-4.001143111007128,4.12556308895797,-4.501719121605046,7.107056319123586,-3.1600607630533575,7.328908020373535,2.9537376535099686,-1.5471417431105172,1.7963344604064484,-1.5605481220991089,-3.0367777848702158,-1.890953916941421,66.86050587105765,46.32878402242434,58.79593455479209,69.23536466482246,56.438493348471795,42.92971209595142,36.32321480893315,21.550868213412386,24.387400911225466,11.89569990784884,15.112478971822409,11.477716232283894,13.913126621968463,10.77410351824005,8.639006371742592,4.78653606115559,4.165050491162088,5.017699832091396,4.828859960480073,3.553658680054828,6442.0,610.0,648.0,1010.0,1059.0,1085.0,882.4,409.0,321.0,860.0,970.0,640.0,5749.365234375
RBB11_210,RBB_n1_1.WAV,-366.9033375048231,1.4104214374969164,-209.67388907698972,-21.648356148940046,47.77228761056882,1.4024006686467845,-3.3934934116535787,13.013203172176443,-8.412278485884194,-12.140358727729978,3.906504653382024,-0.2834371209800693,0.5190225006140889,8.333463282516666,-1.4678020210295435,0.8119268713146466,-2.5484439722239514,4.681906585564179,-2.1902053325207542,-1.2773135620617573,52.45222979626266,51.42113776856538,55.694932715244704,69.60071020152316,45.01109000544029,41.101378207434166,38.62587635379393,22.431129626159432,19.157989281213062,13.114912238076231,10.181576018435129,14.680267434017182,19.598154834660633,9.284650662634768,5.181004524134546,6.787190170127583,6.668543463791802,8.62517514752717,4.976481276238778,5.2255581027312195,6511.0,609.0,799.0,1002.0,1068.0,1069.0,909.4,307.0,334.0,881.0,971.0,623.25,5641.69921875
RBB11_211,RBB_n1_1.WAV,-383.14276355024055,11.558474736432716,-220.16194865859669,-28.418342208277927,56.2922163456601,-4.295347353999652,0.8451873422767745,16.534914168237567,-5.8113858802778235,-4.829086360228519,2.814243843453486,4.13434430774186,-4.249807250295829,4.028547339040905,1.3260817665847777,-5.1708504763108945,-0.37794136838023945,7.7036929585888005,-7.80923143508342,7.141570675154092,44.531868151488155,58.00978651085886,55.221955372264,68.40100803113232,42.666146927688835,41.09749706061713,31.528118659164406,21.701492754883205,15.23353867200765,13.656256385029657,14.462405413972169,13.06422486156084,14.252732713983395,7.568153257731522,7.3208883541761125,8.310576958083455,4.736695841509427,5.890644912929182,8.48491919916887,7.386633803610155,6509.0,601.0,809.0,1002.0,1040.0,1068.0,904.0,300.0,326.0,868.0,1029.0,630.75,5684.765625
RBB11_212,RBB_n1_1.WAV,-363.27772571265234,24.080833671255252,-199.88767059533043,-26.24163990391872,53.76730793711652,-1.2784554847112986,-8.89041920574851,14.855157085054328,-4.967437427435772,-7.583167391720964,10.758250504876354,3.3197024740494507,-3.77539051550264,0.7670888020967632,-0.008419279306580986,-5.051864518118849,0.22668340957598734,1.8022743821325167,0.019388299977689677,0.675661793421972,60.033598987178,44.75284076558816,64.81388144688297,69.45019743862031,42.69935455607058,40.47128614088349,28.742928081769573,20.56249717769857,29.97332998407426,19.540318274269733,13.29325034308077,12.156628682075755,13.300042276629124,7.685491052868695,6.928138250568601,8.391251278004253,6.475479950284607,5.858840653701601,5.544403074532812,6.29980354869627,6540.0,601.0,822.0,1020.0,1040.0,1082.0,913.0,286.0,331.0,932.0,955.0,626.0,5727.83203125
RBB11_213,RBB_n1_1.WAV,-395.2437726396171,25.19448025693624,-227.0720555132756,-32.23103335055228,59.00884142319987,2.323258509843399,1.319728337436497,21.561642447709332,-2.372522852203302,-12.548956786492946,5.819993541517578,1.7579446641357934,-4.263033723038347,7.411301985309575,4.06899520112162,-7.67866054430408,3.167953987774623,1.5084608147364813,-4.469070163479453,1.6098768990986987,42.90259632262699,46.937815836791344,51.89174038915969,66.01525024895925,39.81598951219004,42.213409485728846,33.34842758461696,21.33840373937634,24.372565550848634,13.970249375892184,12.224039829809303,14.2047963261171,13.072904241076595,5.803580257246431,6.830157837296025,10.359270044496725,5.257842420169637,5.465642300778063,6.396508718941114,5.81402193567156,6546.0,605.0,813.0,1009.0,1076.0,1080.0,916.6,321.0,317.0,862.0,997.0,624.25,5620.166015625
RBB11_215,RBB_n1_1.WAV,-372.9422255573965,24.368502499082528,-219.0902598920959,-28.104168602338156,42.77994841142636,-12.919551417184408,-14.570343410295902,13.225570332666456,-7.6060828461622885,-2.1016846911269034,14.453464223471636,4.325060506681003,-1.483364556564242,2.4167375740077177,2.0427615605403946,-5.152353076438535,2.5519914235574426,-0.8156705590095875,1.6016447424680516,-1.7564973385279996,55.09771137965428,43.88417267288304,56.59469788143493,64.1110118395093,51.75311427385158,40.39408786275305,27.382150855577194,24.217147730966378,27.23346974146275,19.80653094566952,10.121134355755519,14.366777490456181,15.556827624998522,4.883016543180021,7.927959277205834,9.630576899072556,7.692079924378446,7.548420952272978,5.370728569720197,5.270035553733325,6344.0,623.0,803.0,985.0,1048.0,1088.0,909.4,304.0,288.0,841.0,901.0,583.5,5900.09765625
RBB11_218,RBB_n1_1.WAV,-359.89221925231783,1.848450110747221,-212.7380431599299,-14.339680630500162,32.89588558774205,15.782829127867023,-11.619281390387771,13.867610701314042,-0.28291399775107967,-10.005244682295166,6.065445044564075,1.0329408188889244,-3.175100376047968,6.510838213956937,4.894339722130803,-2.7029601701058428,1.0382912229718397,0.352254741402803,-2.175446970137537,-3.950322863228108,40.920194721285576,53.080670521057,56.31063323713602,69.85547753432913,43.74468770657241,37.960439872436154,30.500211695453256,23.77599959145554,17.20007552125278,11.407126479675373,11.94184274404948,13.962011236991813,11.714774514837098,7.141710370332947,7.608876567569246,11.387796483595425,6.511977346696663,6.985377644650943,3.710502760485911,5.89711732162519,6507.0,558.0,796.0,986.0,1052.0,1074.0,893.2,307.0,296.0,908.0,1050.0,640.25,5663.232421875
RBB11_219,RBB_n1_1.WAV,-375.4923723186757,13.522240702552605,-218.13113719808953,-29.178306975589976,42.328164946025936,0.04316065139779382,-12.718959152502286,16.43617736804391,-7.4630580888216365,-9.83773140292237,10.994180766260815,-0.6881822572752869,2.3261793658827497,4.883265969509145,-0.32791006333750344,-0.9589384123441708,1.7588158039649178,-1.9096903051726697,-1.00692954163566,-1.2244378719229776,46.070762626196334,50.59164119389269,54.46878029073099,65.16746608726606,44.3284941696192,41.74941865995265,27.72647635155027,19.34264573875274,31.550213725376633,16.908017726026777,13.826482629717948,13.24645798353588,16.963763507001758,7.00314040432659,6.525158626999691,6.632621051326491,3.4203697679339027,7.613033749962431,6.548621816448145,4.034608706763648,6483.0,590.0,787.0,1000.0,1052.0,1080.0,901.8,304.0,335.0,886.0,983.0,627.0,5727.83203125
RBB11_220,RBB_n1_1.WAV,-375.56257895654585,17.17337981800338,-215.96297224193586,-15.599853549429426,37.74256219412255,1.3162998318483115,-2.943573545501503,5.319184317639734,-0.47542888554856866,-20.105774846869974,7.266800431745088,-2.3048937490504047,-3.070687192240183,8.819736472023664,0.5354954501121196,-1.4697793158346526,-2.8386718292957136,1.5931769550602293,-3.5528122556829653,0.34214348585484666,50.588575864116095,42.74300323605859,59.362221260537666,67.94317088724075,46.69458119549305,37.46374357267086,26.06200198659603,28.47627790659743,24.106498000957178,12.390878457883566,13.4483222890832,11.881639253783181,13.170866514670587,8.122487281659694,6.312744052332602,10.781045002399916,6.451737793290932,6.926963952038363,7.359908716567386,4.609028652204651,6405.0,555.0,802.0,977.0,1064.0,1076.0,894.8,280.0,303.0,893.0,992.0,617.0,5684.765625
RBB11_221,RBB_n1_1.WAV,-397.737321631733,31.93695646340064,-218.32095519036352,-37.056700961749314,63.76481569042136,-12.2067724608811,-1.0337296898847206,21.12553468997502,-7.324755675450222,-10.926000057672484,15.002514809541315,1.6232400850137603,-5.366006163965501,11.731069652467479,-3.1842451822793976,-2.2914116331388152,2.509914543988563,-2.5340304670221543,-1.308541149245397,-0.9407667790988946,42.9989328795161,48.09043037368488,57.03326012118307,63.42535198894759,43.89850587019607,40.99710046083452,31.505289834454697,24.27519341515097,28.427238687427188,16.021706993798098,15.08768432755146,12.995981476180395,11.396063430978566,10.292406774360266,11.848516116293387,10.72005429009227,6.665558591975396,6.038014085174237,5.5344162918402855,3.2917109025969298,6446.0,596.0,799.0,1002.0,1073.0,1092.0,912.4,291.0,305.0,848.0,974.0,604.5,5749.365234375
RBB11_222,RBB_n1_1.WAV,-312.3655065422972,17.404720458113758,-185.19801670864464,-21.570528523995097,24.937692808404414,-16.667400432571387,-13.232132485895931,-8.014689608678284,-1.547503270503169,-13.433182085020748,2.9295613437984773,4.179798244320812,-8.68347065261744,7.41784063807298,0.26647959712383246,-2.6010745957891825,1.9009566569517105,0.8758571079980378,0.9819161052279953,-1.7818307730483935,53.185584530389,50.695465779130494,60.32270935809884,67.01788036361452,46.13615152176626,40.05524039588516,22.972223761611072,17.588666253267107,27.868749188333627,12.668350099555354,10.250726598580004,8.753095681787899,11.263525718170044,5.601851894375089,9.14632936058998,6.298858504740998,7.486794188739824,7.889797165398591,5.559368245584096,5.050146773130828,6553.0,670.0,735.0,990.0,1053.0,1076.0,904.8,332.0,334.0,906.0,1003.0,643.75,5641.69921875
RBB11_223,RBB_n1_1.WAV,-381.62290878914587,12.817881011009447,-221.27393951831476,-25.993399195627447,47.73719685211896,-2.98292313750959,-1.6758491996911316,15.554022146756303,-5.763476682412239,-6.804754990571622,5.628578175117125,2.6755949495890485,-4.977410003929081,7.371690383979721,0.6928104911574029,-2.3427004889844536,-0.043367211143529136,1.3247467035553318,-4.532067998437924,-2.5121953318491026,42.91355851311821,50.399338387410964,56.84657419220186,65.8715990695275,44.76305259712965,42.80395957830828,29.32383622042358,22.68042554885542,21.910325142673635,14.555721035319245,14.149383695876585,12.076407982105202,12.168086209926921,6.113888270403163,6.089378738766673,7.700625680027351,6.576409897936683,7.481209777536707,5.1403535127674616,5.098350263383486,6464.0,602.0,807.0,1012.0,1065.0,1087.0,914.6,291.0,300.0,861.0,977.0,607.25,5921.630859375
RBB11_226,RBB_n1_1.WAV,-330.810032408591,14.231331795415947,-197.41476971803294,-21.445600487218584,19.17675556679045,2.7609095792321847,-20.93003995956051,-1.2668296984180567,-0.07091832397490841,-11.006347512788826,-2.6891709729473585,3.4156384429411055,-1.1887362430448751,2.0053101102858464,5.626922950516571,0.6068449411999958,-3.2730423857026336,4.328295958005521,-2.1604804757740648,-0.1145464626033014,54.91315461387511,50.07499153144952,57.233722050719635,68.33682039327957,42.9440656743476,39.030936672743884,26.156728908629184,14.6668185162728,28.665282615392055,16.644988620747437,11.534197424837943,12.846525707752804,10.881454499639572,10.628910827913277,6.0538046069742215,6.63792722478831,9.546694100276158,10.96264174787808,6.070768080425003,6.307292975298181,6399.0,657.0,725.0,921.0,1056.0,1079.0,887.6,301.0,328.0,886.0,979.0,623.5,5641.69921875
RBB11_227,RBB_n1_1.WAV,-354.32077205174016,6.208548967201953,-209.35777022772618,-34.55691684354461,38.34533070064622,-1.1135135685413968,-6.25068738326391,12.637671206807314,-1.9561664630765074,-13.368750915135342,2.8629456089274385,1.6209640381677262,-2.9453044778551525,3.8666859264512863,5.085103211950447,-1.045455607467446,-1.9132464851050275,2.3877827399907887,-3.5754220457095167,-0.34905026326626276,53.66858461672903,69.20139774421298,56.257633432321825,63.90536324578429,47.3638645167459,40.421025568173434,34.5526816681564,15.934616524172862,31.096702868820458,15.26846376165003,11.683129194368698,13.941239652083322,10.982702850940836,7.614304150146656,8.891505538206038,7.160833421001983,7.564295825073698,6.558090597650336,4.870639624545476,6.677184842336111,6400.0,626.0,771.0,1006.0,1045.0,1084.0,906.4,273.0,319.0,883.0,923.0,599.5,5749.365234375
RBB11_228,RBB_n1_1.WAV,-368.60817749779665,16.677749459451995,-213.3392139389798,-22.51115474899188,36.64243493171688,-2.514645592232532,-6.569872398236387,6.856222421649155,-2.7204527949443227,-12.330391189814458,7.952764671782466,5.31021712208605,-5.227567667285999,8.20763273898248,-3.280873447086695,0.6108235880599855,0.0875612580828412,3.1445460085288257,-2.6957710824904444,-0.9777819978212823,53.87096574271158,49.98248430679609,58.478045111379345,66.80742086966632,54.269202489168094,36.66860043919531,25.923727287007136,26.343005283446008,17.57901753685655,11.93389213103744,11.33202619218059,10.267426854558023,9.438385814223942,9.55149506594806,9.323471380958543,10.313126172746227,6.753180753956982,5.10779325429125,4.012595973985724,3.4396962790869527,6397.0,632.0,790.0,957.0,1055.0,1080.0,902.8,286.0,275.0,895.0,994.0,612.5,5878.564453125
RBB11_229,RBB_n1_1.WAV,-366.1805120792998,15.683962126061335,-216.79141030823462,-31.033390820005344,45.20456636617563,-3.764722777086133,-6.328027037401427,24.85798377065229,-3.369047175888168,-4.432379328997307,5.423182075486998,-2.518399743757076,-6.344098690846858,4.557212376152971,1.0576407637485417,-0.42260529570613525,-2.650070392840392,1.9936373625663768,-0.7042826908221499,-1.7594882253805315,46.231932041340976,59.84457140749768,54.6804848552888,65.81867562821436,43.42077731155927,45.328235934075025,33.72833387285671,21.202664881274067,27.523062608351527,13.967317617492128,14.157728006883909,16.315568445141963,13.899848060462851,6.178884267108157,7.44212799245319,9.710284410458716,6.08320621656978,6.381587900638932,5.780913472470928,4.773336038558618,6533.0,649.0,812.0,1003.0,1082.0,1092.0,927.6,280.0,321.0,846.0,987.0,608.5,5620.166015625
RBB11_230,RBB_n1_1.WAV,-355.870719966596,21.290043422051127,-185.85121584672822,-30.1573000884977,55.13228461609672,-4.770905155121119,-17.356332069026816,12.732807472571471,-15.732192981880702,-3.6247916647735257,1.5336462737091703,0.7602339612491584,-5.780324544062962,2.543877656319513,3.9247141320138414,-4.591996829009867,0.2118860771296049,0.3424103984559085,-2.478527187517454,1.214481489030531,57.51184696370993,60.83523469768284,63.489060996743184,62.30362617155108,42.23230808988849,40.09886226599871,26.50615573262252,20.200700106057347,28.27240076872555,13.151735194377038,12.566993146618255,8.345243125418268,11.179612210676195,10.344664728977904,8.912992720192689,7.553768200856973,4.64570163933138,6.055230140087319,4.724088311061489,7.041934767123267,6552.0,551.0,795.0,996.0,1037.0,1044.0,884.6,335.0,315.0,906.0,1114.0,667.5,5835.498046875
RBB11_232,RBB_n1_1.WAV,-400.85260515601163,9.909081480158871,-216.6033461235912,-39.53769414660122,69.1208640435968,5.819642508346984,5.496275107997997,7.105337746038837,3.391327631599286,-15.403643266818039,8.548206867882401,-3.0861454168697247,1.0798473500162684,-1.618668384236452,0.5095430397958222,-1.0307473366310356,-2.1170279261427036,1.156200405073676,1.4123159024115375,-3.4304338856826275,49.32803055979859,51.15360278369706,55.2552803497066,66.44366321240005,42.37184943169379,42.69368169360503,32.20869295164247,21.468034847362244,24.634303176738342,12.407347756624588,12.37668867937556,13.090256297852443,10.959808011190784,13.324355308755758,8.901655924426299,5.508025567879399,4.644108163840161,6.21696225587835,4.879137336535691,5.016805104587499,6443.0,504.0,777.0,937.0,1066.0,1032.0,863.2,288.0,310.0,981.0,1104.0,670.75,5598.6328125
RBB11_233,RBB_n1_1.WAV,-394.3323207606016,7.102818918513935,-224.47426796851687,-41.27161062276129,68.0564942113039,6.6317737151438685,5.422961987315585,13.832218739877264,-2.6486893506869675,-9.187379025279121,3.372950368442739,-0.2913503550499664,-4.983223297883217,1.0062892404342714,0.10264248634608893,-0.08226518527078455,0.6620096065425534,1.5396158469954007,-0.10276609922767052,-2.5288116131078477,41.85536217791783,53.84068220759002,54.64473310348425,75.63320778122709,47.46348766273016,41.20721999758427,27.599391318299226,22.810936213789788,20.60515254941152,14.491854991292163,16.161116547337453,11.855531730950524,10.162421626843368,8.321122522280403,6.225526689837222,8.207152391831212,5.4649188922655645,5.675380964626847,5.4479146436768335,4.887637642649283,6435.0,610.0,802.0,983.0,1052.0,1105.0,910.4,276.0,322.0,918.0,904.0,605.0,5684.765625
RBB11_234,RBB_n1_1.WAV,-352.99616093987714,-31.363831979147896,-216.04072762033329,-19.07824383512658,41.37570767471952,20.685469370221572,4.324043106594535,5.183174467052809,0.7356578451209421,-7.862007829557284,1.1024342691286813,4.130613673894989,-4.767781416120348,2.3150740023170133,-1.2807031157948385,-2.0857414296429417,-0.08185048596345587,0.6215188649922904,1.375007000196209,-1.9544983775747649,45.441736688293496,56.00906296409324,57.79567146795621,67.14666876221402,40.085365884270814,36.36225402364753,25.88260977776635,14.987818846864423,24.343142329036134,13.163373794421512,13.707311842760683,6.968329271536146,7.718067514012677,10.601750391955836,7.927471373147895,4.906178377606483,7.453295648451549,7.5482397020067715,5.647829346297066,4.402814259048722,6574.0,610.0,781.0,961.0,1050.0,1053.0,891.0,306.0,346.0,955.0,1046.0,663.25,5577.099609375
RBB11_235,RBB_n1_1.WAV,-363.2787784834568,-15.361077132567107,-225.31908726859328,-16.28453897806112,34.61470003838833,16.26181383012079,6.9986857292030065,8.264081698728967,6.832910225859785,-9.149073965281106,-1.196845531534069,1.8282283204193497,-4.811204402698658,-1.1821441340512349,2.7218895014585383,-0.9242438803866503,-0.5650588639486174,0.7702382823170646,1.2265408795017982,-1.2573557930674324,46.406635689912775,47.321359955776614,55.29184359635332,64.64232306669808,45.860448736907585,38.265053945235266,24.631148886058554,16.493930775339248,29.2368747304752,15.754918349048666,14.44363826900227,9.965478030656763,9.939762782227328,9.035502451325973,5.987476194701205,6.151538044637917,4.966448302191851,9.032190800654105,3.928016286915996,5.381280494289046,6552.0,594.0,802.0,983.0,1069.0,1085.0,906.6,277.0,348.0,942.0,986.0,638.25,5641.69921875
RBB11_236,RBB_n1_1.WAV,-376.8681567532146,4.508688765900668,-222.11731618746413,-33.70729674641875,53.93061948062181,7.199430797672146,1.038586525379644,18.969783217660737,2.277749474191072,-12.798686772248448,7.416079217975787,-3.0170516160226426,-10.830554502779068,8.00186088335449,0.4424559631357193,-3.2261841804548084,1.8688328566643577,4.958700222149088,-6.6157749331647215,1.0662914085159134,52.58111693436825,47.88668060224166,55.558113468124425,63.14778088140241,48.37100561909076,40.41835844394695,25.122275793293312,18.101043093094262,20.058669662435367,10.451068114551301,14.934181534132724,10.018493837123382,8.12887437295921,8.251932780718889,5.649468033622535,9.475456660877011,5.274984255482685,7.52566618044787,5.386347745431665,6.218826725896161,6364.0,571.0,798.0,955.0,1074.0,1063.0,892.2,280.0,306.0,884.0,993.0,615.75,5641.69921875
RBB11_237,RBB_n1_1.WAV,-360.3783661531197,-9.716245919466328,-226.7879704154344,-23.240984239857653,43.88199372137943,3.9714540295494656,9.422004349458657,12.887912924900359,3.3530850198711057,-8.743516612356727,5.388779532726317,-4.185537335689916,-4.090637986756687,0.9043443135127729,1.1498042596078246,-2.164950990020155,1.0627891894444232,2.4230786667547055,-1.470299336912804,-1.344435954690489,54.384672195519684,45.03659744436521,51.186455364867214,63.09312581735928,42.343527005255815,41.85999663427041,32.28836177905407,17.285038994778432,17.334817105059514,10.49212002053252,13.189176293814707,14.977602266716625,9.262563454557613,8.654819080285156,7.197781366268721,8.984534081608171,3.5578288493609023,5.070751283391509,4.161380881329328,4.389988317030683,6584.0,625.0,808.0,1015.0,1080.0,1075.0,920.6,282.0,345.0,896.0,1006.0,632.25,5577.099609375
RBB11_238,RBB_n1_1.WAV,-321.34070480540134,-32.71859963319539,-210.8010828833015,-22.397117032033645,19.896827774408283,-2.0397824143733803,7.37014953220132,8.342324175748267,6.888346626025319,-0.27567889744015167,5.171608829318031,3.255580872141635,-5.692874233779924,0.6505061380162923,-1.4788502000090933,-1.9660633594694041,1.1722895226749468,-2.4521890382698412,0.44629278197149275,0.4282377536715847,59.24909687974568,48.714272621820115,56.40967678123576,66.88610510817466,47.581103562491144,39.64105104430848,23.649436072956675,14.801214593907087,21.00855803797268,9.968573966622733,11.250929185565921,10.132208832658987,7.405764447422145,8.3267705752264,5.512476291565818,6.473676688153243,7.714418409634803,5.798082684429831,5.909159961459678,4.183381780566649,6542.0,672.0,727.0,952.0,1071.0,1076.0,899.6,358.0,341.0,897.0,994.0,647.5,5749.365234375
RBB11_239,RBB_n1_1.WAV,-345.995775225102,-19.781918406765065,-211.3769866856379,-31.976111981079928,36.429995034096315,8.182589409477789,-1.7255930786720195,13.220504783207655,0.4468219017305833,-4.12502023899239,5.433178712702985,7.6533206255981,-7.574845703157471,2.778488551417999,-1.9061731329703355,-3.8303503071415377,0.500666473596534,0.22100195338931045,-0.7537356645981323,-2.31372128107456,48.2355970280818,52.47960173059794,60.150087854746516,63.00561901306342,45.57269816862269,39.86603097521746,22.204979935832053,15.093839248565299,22.15719730755639,16.53676898354761,11.870720082701549,10.640591632000252,11.032173078137133,9.262569781196513,9.569451453445568,8.773633271587094,5.312482180914596,5.345162101943734,4.656844174792572,4.522035746250396,6467.0,607.0,804.0,976.0,1050.0,1081.0,903.6,248.0,316.0,919.0,1011.0,623.5,5663.232421875
RBB11_240,RBB_n1_1.WAV,-333.81654957672964,-13.587991781826341,-201.3042573355176,-45.19798880861431,38.74351398217097,-5.835400467792647,-7.5589680381602316,17.368477863695016,-5.054912346281737,1.4317883158347735,4.750073222110332,9.202515086466837,-5.359055543292054,2.0565446153792037,2.355044069216173,-7.278783644375845,4.800524825906915,-2.3081003391021544,3.3967477570138747,-2.892712676670652,50.63500354408633,49.75063616373159,52.745104217832555,60.54940702512284,50.20267937514431,38.93437936178502,22.16128247594357,21.322574575449003,14.663494958831429,11.89909311848044,10.287459132995414,13.87434822851543,14.246339247885736,8.261223735592063,7.891432696049627,6.9461529880942,5.501721208350872,5.521766338978866,3.7695851114983667,5.356436171357609,6506.0,629.0,812.0,980.0,1054.0,1044.0,903.8,280.0,293.0,943.0,1032.0,637.0,5749.365234375
LPL31_13,LPL_3.WAV,-379.52162769409404,29.83380348797792,-183.10563751075412,-54.05201199769248,34.05962759719638,8.113938485378531,2.096767194815928,7.087531876592787,-4.022274578330525,9.750460232515893,-6.909838908531833,0.05933084557020542,3.0383306713362734,-4.493925714298691,-1.3036670136640678,6.6619407847286976,-0.8486317324957573,-0.9752072628110787,1.5161638680853817,2.4243581467241992,58.07835635285689,36.324135372743,61.75812603081827,64.9244797301251,44.10427893947059,36.692788573895264,29.3737435809382,16.985698101312792,19.185855543273536,18.704448891658394,9.808012805141331,9.762539734200796,10.300808658608547,6.631322779650194,9.926013725482832,7.657461126068859,7.191601501273795,7.082297794088078,5.797002174826541,3.204131320908223,6351.0,410.0,668.0,908.0,1078.0,1054.0,823.6,388.0,275.0,1016.0,1191.0,717.5,5835.498046875
LPL31_18,LPL_3.WAV,-371.94173482268656,64.40816915849862,-163.5667447776637,-54.71535720897426,40.57883110874965,-4.793293929719049,-10.08402564585415,-1.6019342927677258,-6.747913532141216,-4.576110680745521,-4.71896174144767,-8.716648694365835,0.4202464298291279,-0.26402418036828207,-4.583236632202679,7.179952087699633,3.020613723876554,-1.097899585961161,1.5037007432098453,3.968503154413515,50.78817124163603,41.58244116440879,56.04785364283587,50.99892427355445,46.68451474061138,41.94328846717442,25.27587926120335,26.492197630751022,14.580906526220042,18.439208616618167,9.37135848138515,12.222781623500898,13.64209888190506,8.230515403990564,9.133270008141322,6.7926465884422,6.850988789679019,5.37926834550267,6.218724898402418,6.589114315676859,6299.0,459.0,729.0,863.0,1078.0,1065.0,838.8,336.0,321.0,1018.0,1127.0,700.5,5857.03125
LPL31_21,LPL_3.WAV,-392.6431080674224,25.133885231649668,-182.9511793862037,-48.739258450498994,47.61435386968533,7.5778295696061395,12.165357937536404,5.289847422302165,2.125800448499855,6.907988880440432,-3.6908753488436368,-1.2174249628172575,-2.267160464368541,-6.714991445764185,5.1985879813567735,1.304388287236492,-2.8097095854035383,-2.6996397729169312,1.3317760320234187,1.3329868771648847,46.22939161965857,33.876024480743574,51.84741536933954,56.8665630591784,48.37252802744715,44.015152709061056,25.447160209175905,20.191984786744946,16.809131285227288,19.254686325874022,10.084831736928571,9.313833673909844,8.392691782496046,7.994971029290267,6.531594897198712,8.235185639670854,9.739987157502934,5.6295338174720975,5.359223781633968,4.5161323314345845,6132.0,433.0,642.0,906.0,1081.0,1078.0,828.0,324.0,319.0,908.0,1096.0,661.75,5857.03125
LPL31_24,LPL_3.WAV,-359.08714765824624,11.579182935396467,-176.3931220911356,-41.873378757303534,15.413881913406529,30.965927401489438,-7.74286079398599,11.977612724535291,4.274606987900776,0.051830947060552766,-2.7649398904257674,-5.82852213416465,1.781228622624568,-7.137004002153542,-2.029618220473483,7.013188876811842,2.5724701615606373,-2.908535092727045,1.5586002442663511,2.7149964501345325,52.81488782795188,47.11200977734365,61.004187644534255,62.24802022456982,44.10889495616685,35.42722579914517,27.180435055150983,16.51118496678877,17.821857575309007,21.33587541331672,11.343129910924377,13.114338782459745,13.783283045230204,9.567205489467803,8.470556212040401,6.46348385996457,10.05875442444642,9.183624324551408,5.263511551491802,5.718399832218222,6078.0,371.0,651.0,891.0,1063.0,1079.0,811.0,356.0,295.0,899.0,1139.0,672.25,5835.498046875
LPL31_26,LPL_3.WAV,-369.68825453744535,34.14350974306706,-170.09956223406147,-44.471329362895816,35.67562290611888,11.440892942898914,-5.466389931318688,3.791069329892122,1.5470515492234866,9.96194773263618,-6.232730574096126,3.6239093143622223,-3.11225249718639,-5.804483315390957,7.620850010619078,-5.319226481981438,5.455319237942043,-3.8221069001981096,1.721068249430456,-1.3816098232163794,58.432502779186166,46.782999019383674,55.37629838607372,70.0929926580682,37.495374595709634,37.769205100366904,20.382869927353802,20.850375795972063,18.353468312947758,14.90115940615557,15.060331466119957,14.4567167681136,9.99082752611214,7.538839727107842,10.650713574994016,6.9360252079859075,9.211303856317985,4.80774714715788,4.410594083640914,6.054815708539561,6109.0,446.0,668.0,919.0,1086.0,1072.0,838.2,338.0,261.0,898.0,1028.0,631.25,5900.09765625
LPL31_28,LPL_3.WAV,-384.169553193259,32.187265013227794,-194.34957641710406,-40.59035513900709,37.179737042614875,0.12079317031811243,4.345048997642921,-2.7989246923315454,-3.712663161179172,0.48840162569375206,-6.385133905224691,1.1695667183396592,5.994212798483182,-4.209759935455559,4.542149689064937,4.036868198579466,1.1757153275089105,-3.280417642705308,1.9282727952444618,4.1072600367656955,58.236631706500454,44.387458964167195,53.03369660868748,61.551071089930566,42.243851235840125,36.245493978341074,26.394342065851017,23.107000251460402,16.373494441904942,15.972952149943989,9.966436004479089,10.176396738242426,11.950457219718897,6.792255313793054,9.246761267121608,5.110949707405251,9.205599031079588,4.636407737375627,4.60020678786977,6.604065041815353,6279.0,492.0,717.0,923.0,1079.0,1084.0,859.0,319.0,287.0,938.0,1116.0,665.0,5878.564453125
LPL31_30,LPL_3.WAV,-382.8586246415174,20.06397477104654,-190.45620519286214,-51.63808076897275,32.23451593171489,21.84812152048826,1.8318900078052052,7.2438697464478965,8.577602435054851,-2.834930954487274,0.5951496153063074,-0.19769680447663335,-2.258078898704144,-5.078273664353159,0.7402559038809294,3.5116247162596834,-1.8074212259850222,-2.6833404072307667,2.593876922162991,0.0736208526130847,50.518198829290135,50.435088772211834,58.07076136837332,66.04627282479305,41.2044603580811,39.00591764257403,24.83333746408652,21.163570725444497,13.031242791245853,21.112551831371796,11.29901560727079,10.045037017348148,7.213636253545582,7.288400171884264,7.9934632327358885,6.944485577579313,8.143269404163243,11.776786267085996,5.735890680568744,6.766683616365946,6243.0,486.0,708.0,948.0,1056.0,1061.0,851.8,333.0,292.0,897.0,1108.0,657.5,5878.564453125
LPL31_31,LPL_3.WAV,-386.98789580357277,41.72123724336438,-183.26278360713553,-53.24483938295983,42.37280560096881,11.250267662194403,-11.60686219932251,-0.7057639533135103,6.435290614791414,-4.973937795467484,-2.8905651623820985,4.829889311818447,2.018539461104508,-1.8082678529458394,-0.06185825409671569,6.481219162095852,-1.696424663477524,-2.783791682054249,3.2051513200068795,0.06594786826357486,51.18217654894675,51.06325444107164,55.717518393047506,65.92701306679336,42.970103295120055,35.49966872666781,31.595748868830427,21.168198982040956,18.41763260535512,18.122995059139654,10.07436315656519,10.838117952667528,9.880857081075257,7.5816302390932035,7.666151320698776,6.415735970669565,7.98007105817765,6.454162164231572,5.044261792027601,6.17903010082876,6315.0,459.0,736.0,939.0,1089.0,1077.0,860.0,333.0,269.0,961.0,1040.0,650.75,5663.232421875
LPL31_33,LPL_3.WAV,-361.09388661880917,-10.12245544997219,-187.6842786727275,-46.01787615854324,24.19809241973675,35.95944761587628,-6.060195087400051,7.112101712781644,11.988593196115138,-2.6064244770869767,-1.8486928953953377,-3.2599646289065425,3.213078707314862,-8.504615820064188,2.656959626982262,3.9109111263649208,-1.2111208221164222,-1.8313641740691309,-0.3818539398413639,2.8527637567454027,54.108407955552224,39.07393800531725,53.48523806412214,59.49329083399247,40.82855299870805,34.90472424371113,29.83288809545596,27.86335974646615,16.975307902296223,20.33105728630086,12.348896963681028,8.631680734422172,7.130485317957924,7.087782808544315,10.00853704078135,7.720114600984657,7.831571103728598,5.1914129113757905,4.624041040932856,4.82850755143779,5982.0,504.0,688.0,879.0,1024.0,1097.0,838.4,352.0,272.0,704.0,1107.0,608.75,5857.03125
LPL31_34,LPL_3.WAV,-356.3316207278811,35.435169386787535,-169.3065089094546,-47.505422875099036,48.2571542873041,17.162939143158816,-9.436325484300855,-4.613516594663781,11.900114060528574,-7.130592377671786,-0.804867455284222,0.3022828473096701,2.928757776462349,-2.369632033014472,-1.460829976482553,5.193716580397711,-5.446622639094672,0.638971460684122,0.8021778237661145,1.6586146669309443,62.6285888982793,61.36902897416855,53.469890859255216,57.437311305108565,41.19303641643175,39.30479262438921,27.74701281106114,26.523796606635255,22.367424579696213,18.00832342338611,14.947261925612889,11.493053526987687,9.77281734011705,6.427423483698606,12.350985047589175,5.803091308772929,11.298565590632716,9.771730696681011,7.3511929402522656,5.625633461413173,6378.0,603.0,749.0,973.0,1067.0,1122.0,902.8,290.0,252.0,909.0,1003.0,613.5,5512.5
LPL31_36,LPL_3.WAV,-331.0485245481496,29.3684448162354,-149.8742988057783,-37.63509527869143,29.22219642644364,16.553344569962963,-22.726475188239807,-0.224801728759013,-8.809818214915953,5.051924208204916,-11.99938271259217,10.674207671177943,7.119110642568417,-11.37025264244926,7.259087462964496,3.129089804920703,-0.4799198911245782,-3.0324969300291054,4.137121200837969,1.2369543173955588,91.8868746081187,44.57501104145399,52.422497575549,64.558065525754,42.06327811909877,30.453063598204132,24.722760015405306,27.115664250558734,20.52270285898511,14.120194562534964,15.518540376211059,11.607562777734168,8.173209733682784,8.522128203786076,6.958101701126868,6.009492778667564,6.265619298940203,8.889799149824695,3.772728779002446,5.218471273695534,6126.0,481.0,695.0,922.0,995.0,1089.0,836.4,337.0,274.0,790.0,1152.0,638.25,5835.498046875
LPL31_38,LPL_3.WAV,-399.7020811033036,46.36010475567991,-189.01886264562435,-61.45910824878884,55.16775512309463,2.419913956165437,-16.609810671899577,11.273889384011701,4.483598300507773,-0.711968832825778,-0.38876323194130996,8.264913243382264,-0.8061372149037224,-8.257208489655786,5.188503659684715,5.603148994738378,-3.6563416884450786,-3.1825923996750647,2.919230328635364,-1.5400503078567844,50.53939034544791,46.775978469418604,53.2702722182221,69.50581878227896,43.079637266820406,39.43007809087816,32.593580368650926,21.250298637659508,23.860345572672053,9.657609499180847,10.77057829381709,13.962437445378043,6.206076477347096,8.94943298083588,7.240076541995045,6.033581079011342,4.572454215406744,6.152927197182513,3.908555673924805,4.531367395076775,6331.0,517.0,733.0,929.0,1060.0,1106.0,869.0,302.0,242.0,984.0,1018.0,636.5,5878.564453125
LPL31_40,LPL_3.WAV,-414.1649705695973,46.34011562166569,-183.2207341362649,-76.09212566755059,50.20643729812012,18.513021706943082,-17.72003417969111,10.208412521207542,6.76257351518231,-3.2194209504829905,-4.1840497589185155,10.54748520735592,-2.492088615635504,-3.5112681440474094,9.931541674118401,0.43630774518426535,-2.9096234046220437,-7.4569870198849415,4.107057924514105,-4.993212462289426,46.36856136063874,47.97913762956947,56.4353387998304,67.63586991051385,46.40929292393011,38.94662001951335,31.60773457175335,23.042730831046452,15.949347450323895,15.886885752283485,9.50530295710751,11.892316358373805,6.728013728302833,7.374706369840553,6.00855093271211,5.397170972594242,4.6892375690074335,5.93463929705701,5.464680042092146,4.463278097272456,6078.0,495.0,628.0,925.0,1042.0,1060.0,830.0,368.0,292.0,825.0,1044.0,632.25,5835.498046875
LPL31_41,LPL_3.WAV,-407.480820067972,59.28335282031169,-185.3129759103322,-76.691055488501,68.53737413085172,16.869799340794007,-26.0918958278065,2.7764760813822225,1.232629494293917,-10.174684315382533,-2.7550241049817275,5.995330107406396,-1.1858278370970938,-3.1301854485823903,4.427899540028074,2.8290076477867636,-1.5728223374981198,-5.470672335041059,3.9033705275655723,1.1839511789255286,52.01803136058833,53.39532142483709,51.21953481485466,60.5427777310922,46.228826782443086,40.07941390245442,32.94141407535136,25.885018671310423,25.50034428083382,12.273767743888424,18.052500348974846,7.3903103831849695,6.412663953645726,6.897895576094714,6.671869994172643,5.3507402258445085,6.116418493383288,5.4828616312646865,5.335241772680947,5.451190827647239,6373.0,559.0,755.0,931.0,1075.0,1115.0,887.0,310.0,233.0,906.0,1034.0,620.75,5426.3671875
LPL31_42,LPL_3.WAV,-365.6019795069027,14.908925786325506,-170.54940207862379,-69.70139050784127,52.093323876014374,20.172279667116076,-23.261085273204568,1.8352211945830332,9.547604881874578,-7.201183062822558,-3.720117639677969,5.771376906947433,-0.18800654228414865,-0.52237459146544,-0.21451773652403083,6.74814451484328,-0.7589873288308191,-2.396069153293332,0.7000234174855591,1.945745496888361,79.80431805089125,91.02738307344625,52.48557145057944,65.96429696879892,35.08312079862634,37.236857098479064,32.0325305925621,23.013200208040054,24.343499832780488,14.351441189648556,9.155214306046366,10.565004304986399,9.30163370042803,9.909028711045492,6.677032263215353,4.633967839500656,4.702706919232776,6.157850057022679,4.623843536893869,4.599607104172694,6069.0,492.0,729.0,893.0,1048.0,1061.0,844.6,303.0,278.0,783.0,1034.0,599.5,5663.232421875
LPL31_44,LPL_3.WAV,-378.15480876750405,23.2237962630308,-199.1741219276328,-27.2894722698775,33.24978904377279,12.746182571485491,-7.963849250738875,-13.305973815503297,10.326726649673208,-5.474223496718148,-6.308042098552575,9.43473670670436,5.334513161757955,-4.631933575919939,3.4440416633392834,4.822675750000161,-3.959448444150397,-0.2984560921786235,1.4704012383655107,0.35892331986947734,65.05129373423972,47.16111851527924,52.80014066275357,68.4998881476422,48.8995491839544,37.50468511300546,27.103407102783557,20.009865211088396,20.256743677033793,9.608903189853205,10.500728838270286,8.113225176290117,13.43817970765571,8.058781446642621,9.191797812739859,9.295095287543106,4.344134456937986,5.104735897312966,4.456251613688453,5.7047202807044375,6364.0,557.0,741.0,876.0,1085.0,1095.0,870.8,307.0,255.0,939.0,1076.0,644.25,5641.69921875
LPL31_45,LPL_3.WAV,-383.3065206168746,28.49558867111794,-184.19064923237028,-60.30772669960195,48.761750881110416,12.36895524392199,-21.96389189138714,13.094191252876792,0.9795915142316384,-7.993796643861548,9.450493492183218,0.9056890307236589,1.7037897690136814,2.16654667223208,-6.0480439375424355,11.345959057691877,-8.272828325385325,-1.1416477521080894,0.672918967616867,0.6943632663099024,62.9406655376954,38.55127331606789,53.44232253987972,69.2983289995821,47.849127460064096,39.9963109464207,38.89562360569409,22.828092999395743,24.277552842637345,10.961959446878963,8.62745661923225,8.280072541684984,7.1896011970336415,7.6086019593870216,14.1037345536676,8.424248302086076,7.053296116609178,3.9620706099700453,4.502985505827735,7.272090053060934,6252.0,589.0,736.0,925.0,1095.0,1104.0,889.8,369.0,222.0,843.0,984.0,604.5,5684.765625
LPL31_46,LPL_3.WAV,-367.1036174036072,20.32127318148335,-189.59553554344544,-44.47791303107647,39.446272732078626,6.779999568965001,0.37537680128680745,-14.76226762451109,9.824848858705579,-4.705405056660224,-9.80288506398634,9.909891858881416,-3.6768074619643834,3.017367840921722,-0.8730539425759682,5.303996302954202,-3.162534494370576,-0.8007436258654226,0.36606959901021374,1.4266773538362938,71.12697023628594,36.85292747808191,53.102396667751954,65.38816886065904,45.85054422527103,39.1160755530046,26.401142772561094,26.527326556229003,24.19579561506861,12.072910150061915,11.17275908287414,8.983368050809455,8.390782841357979,10.347984294717733,12.524490597206762,8.06311571246947,6.403365563433846,7.511752306575109,6.718052054321549,6.58796945376408,5939.0,547.0,730.0,907.0,1039.0,1076.0,859.8,309.0,242.0,668.0,997.0,554.0,5490.966796875
LPL31_48,LPL_3.WAV,-362.89755243933536,10.213605034221162,-179.6998501180131,-27.232775985538996,24.23398618372795,27.05506133523414,-18.76938896423885,0.6125569301004995,-10.298863298652899,1.9077302461247414,-4.9996767470967525,-0.11706666237503237,8.58570806999235,-5.939461281507628,2.4735898411749075,-1.4641999595855515,-0.42806465775343056,-2.4103933231102213,-2.4229575305533246,4.836880210850699,70.84890444221894,56.90246307140515,51.46751686622893,66.0842369013183,49.71786611485642,35.867889463234526,30.248143366013075,25.39595811072492,16.988061492093518,13.337753510461852,11.600566962471474,11.210518839928698,8.960355072041777,8.136752903576006,14.479755057464919,7.371750666093837,8.030259060754188,7.452190829711447,4.763175352059875,5.825647565965443,6141.0,543.0,703.0,845.0,1087.0,1105.0,856.6,280.0,287.0,860.0,972.0,599.75,5900.09765625
LPL31_50,LPL_3.WAV,-385.85232531488026,36.72154044411593,-182.65082990932498,-46.13678835355235,52.900274771635516,3.74240709778426,-15.574093749015526,3.7539988189280367,-8.713311256848712,-2.9079015339050645,-5.560519971474138,4.461858494841063,4.820759290308182,-5.905477032091757,5.427005121790801,0.10731015831620803,0.7006557559253377,-3.6148317194634254,1.3779198106530541,1.3863083913806746,53.56023382497683,60.906048833720675,52.17504367654867,66.55795643513312,46.39965958093093,37.135837754633876,34.28864978851253,23.118310740502597,21.403649099705213,9.484404244257515,9.274480022953743,13.958391222477303,10.59267561675445,9.211944096456987,11.726033481559993,10.598086460786424,3.6040374557208597,4.731229182926639,4.868373684215839,7.354806681107005,6241.0,534.0,719.0,905.0,1103.0,1113.0,874.8,309.0,268.0,848.0,994.0,604.75,5878.564453125
LPL31_51,LPL_3.WAV,-351.61598165499015,20.806292631618373,-175.00471540603806,-41.292901273682105,33.22050014170586,10.548221164160468,-15.835347452423905,-2.536583571301498,-3.832886310628889,1.5370707182547052,-5.118384986181802,9.57388992051801,8.125328044456621,-10.029352411267158,13.133114999426741,-8.55000617645295,3.212072770940357,-0.06151308605873074,-4.704339591818702,6.4276845728411285,64.08306206514962,53.41034910606885,49.18070872122121,51.821147125721446,40.43978810763201,39.13355818347492,25.20108878342687,21.60851874281205,14.743928575360668,19.363113787027256,11.701740374545112,10.472555907583722,16.377596197710655,8.746842868347875,8.531485544418295,5.586468416545844,7.5817405760567125,4.920741067470882,8.274775147007679,6.13113610052711,6125.0,566.0,692.0,881.0,1057.0,1069.0,853.0,314.0,260.0,848.0,993.0,603.75,5878.564453125
LPL31_53,LPL_3.WAV,-331.8762910831409,22.96089234711038,-150.79752674033958,-38.49595453419603,48.398917213479606,14.864759995202657,-14.318832122971642,13.15778629542102,-24.35123737509329,12.73494958942086,-18.44301788031374,2.3938159812800377,4.439063179831133,-1.2737698160597752,-2.6465487617616006,1.8194872944380733,-3.1641619896272224,4.172451196081701,-4.411975822317862,5.735212488648813,86.95517025669389,65.97855793803535,52.527956841401235,45.696019617588874,42.32095796403532,37.48308857947284,26.303896961909402,23.549864934882667,12.764501486625631,22.99096844337143,13.581996250907341,17.234150752957646,13.64403337261038,8.444031928144486,10.23790602073733,6.536678322780505,9.507774177713975,7.0643149680349735,6.755741193519021,5.236552141437892,6155.0,550.0,694.0,842.0,1081.0,1099.0,853.2,273.0,260.0,899.0,1017.0,612.25,5878.564453125
LPL31_55,LPL_3.WAV,-372.3340019973661,16.46891646960346,-182.3791064873364,-32.35770507979017,40.52483690052946,21.411254415703304,-15.677126857772679,11.299690868571593,-7.72843128560036,-6.198521137087781,-2.4371328172998092,-2.1225263115163875,4.7498584245532935,-0.8863351509746342,-2.5492924148587455,4.582710232864177,-2.889050237560119,-5.1494374562511265,6.187252585879915,-0.27102420373172587,71.13592562034479,48.705916253999355,49.783743502626955,52.60660005517145,43.36581486713515,36.23172464880952,32.621091742775356,20.415211833651153,15.565639050444057,14.743323285699825,14.784303967529755,10.715445149984284,14.857693848604978,9.025887700847003,7.683748366728043,7.526847987578147,5.591857941042273,6.737074803710361,4.8096051812772815,6.010249888209303,6190.0,580.0,711.0,934.0,1092.0,1101.0,883.6,312.0,271.0,746.0,1010.0,584.75,5900.09765625
LPL31_57,LPL_3.WAV,-384.34887489921374,25.780051447911994,-180.5179369866541,-47.357387602986215,46.769329295549205,14.070811522190294,-22.26234412451594,11.451802553069196,-4.126411732877562,-6.302770002558521,0.5817670224954508,5.101701444237484,4.12920867143999,-8.344064246305681,7.656907251023556,-0.0803485676631543,-3.521810455879142,-1.2071951763576152,0.2962634418676014,0.9421292310906552,50.64644732357076,63.05502820048985,50.985544911020746,60.087832231613156,43.399581423426085,39.75111262305081,32.47634535912201,31.93425965385816,25.54570413917284,15.9658803259068,15.961659871599249,9.682737173374457,9.953678733703459,8.14444668304157,7.999618808422377,5.51930861985679,4.432201845722559,4.445309237904229,6.280947753921182,4.657593952438269,6376.0,511.0,723.0,958.0,1094.0,1109.0,879.0,329.0,281.0,895.0,1009.0,628.5,5878.564453125
LPL31_59,LPL_3.WAV,-318.58945435594956,1.0969024504508817,-156.9771833088951,-34.67207338974201,35.28582528615434,14.803200040911626,-5.48680266081528,-7.3365403009634,-7.850396779826663,-1.6655719979782218,-8.733608614243675,-0.9050126888825799,5.129647013706947,-3.0554373465505016,3.263704619997835,7.509654153884408,-2.4160571710645105,4.409874282894599,-2.5840381885885324,6.1501900363301605,79.49771531678495,46.605787509430606,52.63786362523397,55.52200485498885,49.71709135849656,36.9066049146608,29.45741938292628,15.241288953049493,18.61841469173869,18.519270852068132,9.86554167606193,8.618801553077304,9.752335949581683,7.544122655728682,9.330940577424412,7.024257267263727,8.8571055659262,9.029178584628085,6.0634198127501335,5.505834267365815,5886.0,509.0,713.0,877.0,989.0,1094.0,836.4,303.0,244.0,720.0,981.0,562.0,5490.966796875
LPL31_61,LPL_3.WAV,-390.36768609729427,33.35319847106288,-189.63891827199402,-44.7454724130629,63.46002993567314,-2.2231956343657924,-8.960053224939113,9.085603800885833,-10.18228673004516,-2.0928187313490887,-3.5063757789918846,8.159524141353462,-0.027044274761090822,-0.17467051412488968,3.3957539318080077,-0.14487991576316606,-0.5829295492432216,-3.1141325893663594,3.0857096705985527,0.5547807949816643,57.860786641404836,45.671037118868135,52.00449767554569,58.873999892886154,47.16628174699906,41.898430532600855,29.818671264102054,24.30235734238152,18.84720713763288,13.679649072349408,13.327581998207757,8.910360720242872,7.289966075692088,7.791048252048896,7.489855777890243,10.049773283321125,4.970599667898722,4.311283682373326,6.757385373590594,5.124834172966974,6390.0,543.0,730.0,981.0,1096.0,1115.0,893.0,324.0,271.0,858.0,1021.0,618.5,5878.564453125
LPL31_63,LPL_3.WAV,-356.2759383630943,13.27697093918172,-167.75536540496844,-45.199895896902184,34.14583482441781,19.62883522652468,-15.352749892033628,4.942222044630767,5.127023522568728,-4.889277214073318,-4.716395681960547,3.5368077011087835,3.158453150828245,-4.726931066626581,4.347813059223251,3.263233270949411,-2.307600358175518,-1.5969042116589613,-3.586861520764334,1.495583683340754,71.98827732413818,49.251256163190334,53.20122211312649,61.24025784881452,42.71842490811539,37.21734226252875,27.623108152603834,32.074018973201284,21.467327612622622,12.722769876950942,12.593992105258746,8.106612561423862,8.243396345783154,7.45515532518273,14.007427339096372,7.847609008303647,6.075764251763658,6.209136143871079,5.531682904539338,4.309308335962943,6122.0,541.0,725.0,929.0,1075.0,1102.0,874.4,320.0,235.0,781.0,973.0,577.25,5878.564453125
LPL31_64,LPL_3.WAV,-353.5554923858669,23.768681710882266,-161.06365287725717,-64.92346846155785,39.39035689431441,25.867382859154922,-13.33772120496463,3.067275672946939,6.266321211350337,-5.314388612138555,2.734431177745862,-3.5888666359108092,0.07540020015701458,4.9915912481484614,-2.1031115837856516,5.87997961121352,-2.092662374138077,3.210002593592343,-2.851312337408488,-0.06358921205051733,79.7816987142275,44.78990989933654,56.2450684282253,56.074447372185304,42.20821307373038,37.006116308772825,27.473430211532616,42.40524010277873,24.526379477594645,22.065122449834202,18.018161938322645,11.832993065386415,9.414154868490389,6.2371055336860275,12.241047299875033,6.95695057485159,5.480855516820512,6.906259219961924,7.345871789893691,6.53140867476017,5916.0,549.0,715.0,807.0,1064.0,1109.0,848.8,270.0,264.0,711.0,1003.0,562.0,5490.966796875
LPL31_65,LPL_3.WAV,-340.73363209229024,12.618839560659412,-174.28904370516446,-38.02332221269806,44.888247279018074,8.516161374662532,5.365511168410051,-7.39918069461611,4.301765457558747,1.9490610620642854,-4.0643277555571835,4.154809175447971,0.06723989897555256,0.9625784905404016,0.850200996031788,-2.9322125026803625,3.2119961738852387,-3.8613435712925916,-2.07229584934424,3.609486019629642,60.08554963294954,75.07299722600608,47.956527701521225,53.850100770065225,37.813161113660314,43.292511559178664,25.164662092942198,30.401824398325815,22.34036787068316,16.890427793470696,7.335280867683846,11.230857855436913,12.56176898167239,9.474884106097637,10.80395283067636,5.223650556606564,4.3551354208950785,5.831435358355454,7.8618350144148845,7.649990445596896,5992.0,531.0,701.0,872.0,1082.0,1106.0,858.4,259.0,263.0,799.0,938.0,564.75,5878.564453125
LPL31_67,LPL_3.WAV,-334.1470536384857,27.115677192263725,-169.7848099330462,-26.840147082164503,28.04661710988653,22.090950597782417,-15.992286876308011,-0.5898563341541566,-1.501546318686096,0.5763571752658747,-8.122166449793317,14.093955235046613,-1.65654037533274,6.261839916895108,0.4964263847172286,2.674308354980821,-0.0669618511071131,-6.39373067158746,2.889208645503316,-1.5374740412920584,66.41871422863103,40.37118125060031,49.77678837568101,60.05849286297648,41.510773397898845,35.70519772536149,30.40786469211497,20.83529109277332,17.66777061547006,24.907537631247287,16.396088842486307,11.048291889008683,9.3717100756197,8.232514354739607,10.233430242472089,6.0196691589076305,10.158250448021734,4.959483727531924,6.2143352333095905,8.24001110666266,6164.0,564.0,706.0,904.0,1055.0,1121.0,870.0,320.0,246.0,819.0,997.0,595.5,5663.232421875
LPL31_68,LPL_3.WAV,-319.52108891254085,5.557229240482968,-160.91234735604752,-23.398295572417453,33.25507017228428,27.498916367716017,-12.396916744630792,20.93377524705224,-13.058570981476153,6.954374444762223,-9.638012707540456,0.8913108846491119,-4.060474614030364,-0.20255888702175978,-4.849913100701669,4.77509193762886,2.520524606548636,-3.888564096938569,-0.7650194839572703,-1.0342963187539405,71.9310142912199,60.8345334411444,49.54306964024145,51.51829213088871,42.32370919963238,39.45875451213081,26.084643788919696,30.169772157156924,18.485097191647228,15.90483630313807,10.358994525606155,13.206853568599017,14.261032333364483,6.343438587907902,10.996738620195705,8.26708465005925,6.083361997517023,7.455387293633526,5.40462128690583,6.3272534369301505,6156.0,553.0,737.0,895.0,1093.0,1121.0,879.8,255.0,256.0,813.0,992.0,579.0,5641.69921875
LPL31_69,LPL_3.WAV,-367.0796844510692,43.121118665483564,-191.4061859469173,-44.89559210358378,36.679337629956386,2.418132117779304,-7.881712809825648,3.2991341849776923,1.4304719144772253,3.584410006427479,-8.070847754169133,8.225345016254833,-1.0053383605995871,-2.8971242992889557,0.9569711605043812,4.297886430335632,-0.1040386705115109,-0.23812395695050467,-1.0578977143410302,0.9292862733030962,66.09014766782627,44.59034268461544,53.39610722617187,56.25128804078601,44.69897197483321,41.234839812442445,33.88934443006774,23.008779745486855,15.284075452596198,15.36202529548664,10.225311376684871,9.55261353550297,11.154842602764246,5.574698921923351,9.808592047298436,4.583378269609037,7.745542347166704,5.3191042944583256,6.1570191600387405,7.661648806404873,6363.0,646.0,723.0,959.0,1078.0,1127.0,906.6,278.0,251.0,862.0,1009.0,600.0,5684.765625
LPL31_71,LPL_3.WAV,-354.01048802425913,26.0833048623577,-180.88288887001028,-33.175367171017186,33.224188740252636,14.507087774714023,-14.73509825637313,8.269390403309151,-7.976370947524064,1.1206079689573496,-7.77212434307795,5.702080462980127,4.60720351218855,-5.644486406615341,8.793047017596454,-4.978942728576046,4.932314601479687,-3.7823257789834033,-0.31968198457108943,3.2670689603802794,79.46821875861096,48.6363614660089,54.48542784744186,53.358356225542025,50.52865984427233,37.539566446571044,35.87611602112472,22.15651817145403,16.54817754256628,14.418125170889365,10.686059246798962,10.51318609923717,11.295675024363508,6.181255677710407,8.45756141643498,6.174229836572559,7.285136361476922,6.8749672839314915,6.10062322921689,6.200566528848127,6383.0,534.0,710.0,938.0,1071.0,1088.0,868.2,325.0,255.0,985.0,1035.0,650.0,5706.298828125
LPL31_72,LPL_3.WAV,-345.3914814215511,29.780268488063665,-182.6336842223518,-23.71208935255616,36.49847680001341,23.3860783183517,-6.061741577161234,6.039809820176437,1.6059003327656698,-1.1841304228800162,-7.116420531091729,2.2585743797305593,2.9294308898078802,-7.671484705100759,3.557842000119066,3.5707081317626175,-3.3182112543402322,3.7129900978822366,-1.4121683650245094,-0.9136768466716672,63.35295470562175,45.585798637545864,48.86120705613452,50.43275866485553,51.27270910065475,37.83261359889609,35.699775022133885,31.654255216869792,22.889440318120815,13.59324156459055,10.723306704919196,8.00087566128454,7.6867199083846485,8.130003079006789,5.379972306688597,7.304132845045054,13.299631624905192,12.154678617747175,6.994456407386455,5.240009950584263,6098.0,580.0,717.0,853.0,1076.0,1126.0,870.4,293.0,310.0,779.0,927.0,577.25,5878.564453125
LPL31_73,LPL_3.WAV,-334.4739440385278,30.81063942081886,-167.78326199772818,-44.23989121668803,37.84334917792051,11.749561672817046,-5.1148110644397615,4.861792729533333,-7.032642740686521,15.617838686851398,-15.977351117406997,11.236095611261103,-1.3704380860336978,5.7916184423417265,4.702606164744172,1.9939259966752492,6.049300533037773,-1.073378532143709,-2.739476755875112,2.3615168429479807,79.17442673893065,53.48537237670365,54.122462120851125,53.98451864810964,40.95785651388467,37.50389438085067,27.77879594438986,27.650716044402643,15.642976804118554,23.395863057879925,13.958600933652336,9.55706546121317,9.731534937785318,10.269956231077467,10.709013530618634,5.693291368790461,9.746949979353332,5.57478460724664,6.845148542931024,7.890172256100114,6178.0,571.0,722.0,877.0,1064.0,1107.0,868.2,295.0,259.0,861.0,989.0,601.0,5577.099609375
LPL31_74,LPL_3.WAV,-361.0575413202206,28.62559249852907,-169.0568226570073,-54.08562054418322,19.02893431996239,10.503066646468449,-1.8232443014180257,5.275766253990349,4.085782444690536,5.0807522856588365,0.3666739200833301,0.9226005979973974,0.6871506255818652,-2.5841762969140416,2.047701074934935,1.7338697329060808,2.1670230133257466,-3.5383528468641936,-0.8096044536372411,1.9268294801158867,73.2587469528725,40.617230346792205,72.15067500432806,63.0008436800702,50.84079428339592,41.412902975933775,29.154605111306303,18.976218850867053,14.130902288883684,20.837611298544886,9.98006201790869,14.341750713502652,11.620658535487943,8.85335845373292,8.807000131990476,5.573885758454883,8.925657394507617,4.774777724237424,6.250859536134328,7.183679740315005,6246.0,399.0,637.0,908.0,1088.0,1071.0,820.6,376.0,306.0,883.0,1210.0,693.75,5857.03125
LPL31_85,LPL_3.WAV,-366.13525017019515,55.80996614346143,-166.96578942246106,-63.7801972616408,24.07304972762659,1.6656122474874813,-12.236122453968377,6.103563832935055,-0.09898220511733438,10.557948953719931,-2.3363928074707987,3.7125843478648766,3.260851072796294,-6.895585796934888,0.9068594298228068,1.1837860926530872,-3.9199863875198937,-1.3813153741295021,-3.2296058019300884,0.7154409326569551,59.84775764631435,35.67779403356323,55.81130209075037,51.63051643907618,47.19525634774778,41.27754153513394,29.724193935654476,18.671966222348313,16.71275567950575,17.201369290543813,11.073456835847628,10.403880129326598,10.71043767142369,6.485726066254014,5.665157736621507,6.31279511382561,5.933072096341856,5.866255362260942,4.984024409541371,5.240414981215307,6403.0,395.0,708.0,937.0,1032.0,1019.0,818.2,396.0,388.0,1081.0,1132.0,749.25,5770.8984375
LPL31_86,LPL_3.WAV,-366.76432367274464,61.026765805248885,-152.0117480226988,-44.63392415400635,18.304136401143918,15.573485172649917,-20.848529540111308,-2.117893385902992,7.229420512323132,-5.314865824816544,-3.042226773976681,-6.068754943345072,2.113515544875448,-0.8807023209408386,-1.2240894344268018,12.151973456935988,1.4575122767479676,-4.822495165915247,4.537836472544319,-1.5172956032546898,50.80530333084883,27.973932113598693,60.3128939504832,58.66056190465265,45.35991023262407,42.549492117703615,30.303407657061424,17.13743834378683,17.80567798185482,14.311713256439184,11.952199358095898,12.996891255435642,10.625648664493703,8.627075109954566,10.07117313468553,9.689334070935164,5.096891437108461,7.9000160365186645,5.553189310391444,4.170167261205794,6391.0,308.0,631.0,892.0,1017.0,1012.0,772.0,475.0,397.0,1068.0,1240.0,795.0,5792.431640625
LPL31_95,LPL_3.WAV,-382.8181120252539,33.78082720473468,-164.72083117582412,-42.81779885895121,29.966290699090184,11.724313662668658,-9.143903750435966,-3.7411439671928446,6.66469136971184,5.604897855801442,-7.147587252231275,3.391540478325075,1.8312960492211083,-5.5381435960878775,5.085153914734388,1.6563821440346431,1.390757220986909,-1.0661056502683182,-0.2161981581896278,2.835907280735388,76.76013654557694,37.753751546876714,63.399951635245195,53.91792727741076,47.61370255195889,36.97260987640383,26.04737085566538,16.88551323777558,19.94184401575082,16.763101475788734,8.46895139187269,9.975543125654013,10.047266215533377,5.921391823663092,7.079664338730658,6.868970936864375,5.3766824621644735,7.527225162878095,4.8046094542389755,6.921790984832716,6501.0,299.0,618.0,875.0,1045.0,1020.0,771.4,458.0,341.0,1028.0,1391.0,804.5,5792.431640625
LPL31_97,LPL_3.WAV,-377.2940948437328,33.00587139743039,-174.78359154979825,-45.53963784192931,45.00256634810441,7.129481224764743,-15.177652600919055,-5.056681183353421,7.484584613416217,2.267429511299618,-9.710686970830414,2.793911023199134,0.748155331497088,-5.457954235355226,2.651837030617778,-0.852851576527962,1.0501878071210964,-1.928509807058271,0.9105471408288841,-0.5794754388842902,61.536755054886186,56.376868501880644,55.9934056529163,62.730674872431074,39.60056626908837,36.15072269316823,28.262043803320523,17.01468096041654,18.455841373182142,22.126361337623365,16.37255166057336,11.60655093504996,10.154646532336193,7.675267355400466,8.06131153665977,5.710411404829274,9.350281092397736,6.574120496723607,4.9934542073576464,6.349401270882528,6571.0,517.0,691.0,916.0,1055.0,1008.0,837.4,344.0,315.0,1025.0,1211.0,723.75,5620.166015625
LPL31_98,LPL_3.WAV,-390.7733523583108,30.852657014629653,-169.9390845250186,-55.26028444963452,33.453801048600184,16.52444722130037,-9.521194698007374,-0.46180048334911306,13.522621254632744,3.483322707171442,-8.939442892473021,2.242139523656661,-1.913470201255192,-7.913941624245898,-2.1789080713581988,2.7433515836986926,1.5886267349639849,-1.7736537221182445,1.629551583575365,4.491838746280689,50.7289173037851,48.14717160956711,60.49880408139515,67.13517903092303,42.08939971613083,35.011798932350615,29.606817689213266,19.792242647155838,16.345704472547215,18.801159630991535,9.445945098636129,8.731538656745379,11.390099035164937,5.927491572856671,8.130564894753876,5.5384572567896315,5.136783481204707,8.637505572470678,4.8358062589840705,3.8574012642988302,6118.0,283.0,650.0,858.0,1005.0,1015.0,762.2,448.0,350.0,931.0,1103.0,708.0,5663.232421875
LPL31_100,LPL_3.WAV,-343.0060389624812,16.52988620589185,-176.3366167026468,-12.194782257635117,24.31019022905229,23.855377134115933,-14.569253052147861,-5.207694031087006,5.86489439408915,-3.5309693325985436,-2.860525961303434,-5.38151925408547,-1.7662094098564316,-2.097391270756557,-1.7616515225457012,5.43487774375238,-1.2059168736276848,3.5536034180419906,-1.556383094172632,-0.850981023036839,83.2900461130971,42.514707940405884,55.65782543335688,56.67219337390328,46.1742971085556,38.88344500706665,26.954518638175884,25.605585763177135,16.20842134810394,15.881439354046758,9.628751304841963,13.35521856621491,7.457183135238027,7.552012143607792,10.223215606513902,5.917344263897878,6.109636474059302,5.404043070581617,6.0262471510925275,4.727637813686486,6349.0,509.0,698.0,862.0,1040.0,1049.0,831.6,319.0,318.0,961.0,1101.0,674.75,5598.6328125
LPL31_102,LPL_3.WAV,-381.607154205701,31.978645819431655,-181.31172679562587,-40.63523719188248,40.86345499641503,16.702397933889298,-15.59811782812684,1.0166742598066139,3.5517461846108014,-0.79236323728404,-7.847395218698231,-2.622414262647578,4.518593184449577,-7.474939486761946,5.502585304002752,4.382082378045587,1.628372165946731,-2.973291010243694,-1.1907181505890867,1.9939219952393492,61.263723995010544,47.0269569553697,54.70418707979292,53.62061964834791,46.47287634167972,35.70229957546117,29.026848486863592,32.85202445869515,18.586258043802573,13.403208197797083,12.230313330628482,9.276462084355476,8.812628314153514,7.387106622358204,7.735756267214558,7.953202996355032,9.63997289810408,5.704642072308557,5.039131857372303,5.794713337951877,6234.0,418.0,669.0,864.0,1041.0,1085.0,815.4,361.0,309.0,933.0,1063.0,666.5,5684.765625
LPL31_104,LPL_3.WAV,-353.2384002344431,28.99257189024683,-167.56367659691372,-27.14835341007537,33.05203032637701,19.080967429679777,-21.642302421964313,7.7407785320655496,-5.695903133494789,3.3139934918074188,4.160416989866702,-7.119121510053964,7.792102981538135,-3.127638299850936,-3.8983389054564404,4.852503200663733,-5.04565123706174,-1.3309934843507885,0.64632837232316,-2.6475047347454974,69.87289020960674,43.483438122784314,57.22083135751996,56.4000019098851,43.68169635840969,36.410275244302454,27.1485410879185,21.319307797128303,16.722650755403546,27.877099979568314,11.353022196480795,14.336969553596145,11.22585505771594,5.864746726035674,8.59952954233921,6.456719702748019,10.976979114640795,5.858023886907815,4.859485195303112,3.6499923256933364,6265.0,468.0,661.0,856.0,1079.0,1067.0,826.2,312.0,326.0,949.0,1056.0,660.75,5620.166015625
LPL31_106,LPL_3.WAV,-363.03102812416364,47.78120527383004,-163.75065808493653,-44.79443420792369,35.60497514893752,5.472355986828409,-30.17311814194198,-2.2327546828198694,1.2428034858530677,-2.5610095251302525,-1.6487505873338935,-0.9066113571740738,5.4881466162624974,-6.251274021121462,2.690070986129514,3.860985288096058,-0.8016759434086672,-0.6372978596316428,-0.3490967992590251,3.62198915267293,60.19262107921071,35.91428944571348,59.044638448816066,56.21407670384266,43.70311595663878,40.07975369456027,27.64545294463385,22.161373757589583,19.649961977788063,18.728888622062506,15.13723391211331,12.728785340380627,11.727308104980722,9.974204721150794,9.155030152179839,6.397195827062315,7.710454444128659,6.597002491375779,5.58356773730034,6.168738826636181,6263.0,468.0,676.0,870.0,1064.0,1011.0,817.8,348.0,269.0,963.0,1098.0,669.5,5620.166015625
LPL31_108,LPL_3.WAV,-387.3750621315581,24.465666270257394,-176.22122522826933,-42.26331716798973,35.7653772464934,16.25881395823177,-9.349068160103265,-2.804829756542341,2.8677240988922743,3.1136611697699097,-5.039248054362395,-0.1674303571501549,5.756965486103086,-3.638282773126595,0.8172635975077452,5.714828925533578,0.7650691559986647,-3.7227133576355285,-0.773856754928963,0.9116337250274873,62.94796808239786,44.292269261314544,61.36638166409256,66.37164924373559,45.308325223328566,37.195521573345076,29.367869064161827,21.668265383458586,14.750388212461456,19.178327935030495,8.234322366438372,12.355799477011269,12.855231052592295,7.148109531031752,9.33500851517641,6.148028873792896,5.612089422391282,6.308747471697246,4.1340144602704285,6.034962736912131,6400.0,436.0,692.0,883.0,1049.0,1042.0,820.4,352.0,302.0,976.0,1168.0,699.5,5641.69921875
LPL31_109,LPL_3.WAV,-378.83293555310627,20.73227212704725,-177.76510281626932,-46.302787135296576,33.90448078577348,19.830343898523253,-8.394475611968323,1.6044217257307756,4.919864025448354,7.87495064175008,-5.646490213563042,-1.3865047749317478,-0.21082091976061848,-1.5945760381949596,4.320765936546887,1.361145854686786,3.794809840624991,-5.24768815979462,0.6001744223963207,-1.225542675983067,47.2934521074456,39.4182742332746,60.49756913726094,55.16840444557178,51.10288274344302,34.7010529838416,27.08120478776923,29.77002921443809,21.72056546714871,20.794489847435063,11.141823269141165,8.76126241097754,10.037857349544243,11.153469832571668,13.095049444240466,7.950480523740777,9.55519022065868,6.621570915530995,5.380917809170826,5.368305422737279,5886.0,221.0,621.0,865.0,1001.0,1060.0,753.6,578.0,344.0,649.0,1055.0,656.5,5641.69921875
LPL31_110,LPL_3.WAV,-402.2768807526274,42.918577100199,-184.2424000777237,-56.72970501710773,58.56371984266388,5.915837281184819,-14.600203897805306,2.932876308017758,8.739242478183245,0.25779496028639487,-1.912810580682148,3.193443616340189,1.3260963097081224,-3.3668784330271353,0.9602689722839087,5.15429809878328,-0.8221985123769758,-3.914949598413109,0.5483297885396688,-0.10937580282701496,52.03334898146202,48.67607852585797,57.281307683689306,67.27738639429737,44.570852961195385,38.22341659973858,31.18000896071636,18.99653523432945,22.21081678275613,11.941610916546272,8.371902252514806,12.526938433108963,10.125914800987076,7.428094337585892,7.165000745990828,4.452750302044273,6.5745005242433505,5.704776579768479,5.818365664060355,7.134434300363555,6318.0,426.0,699.0,895.0,1057.0,1066.0,828.6,373.0,286.0,949.0,1072.0,670.0,5684.765625
LPL31_111,LPL_3.WAV,-380.94233291968357,31.603295435021405,-192.24182906592821,-25.508262724998538,45.56180519081245,19.234499054341512,-0.5829341605145315,-7.090721627832909,10.606691565171223,-2.3702835537345655,-9.002486672128574,6.006751283182341,4.600348601159276,-5.162964338152181,-0.05502531713987309,3.9735029664137342,-2.4104885405383625,-1.760397390423981,-1.0410029939684233,1.7226086254625503,64.52199936538241,37.958530973723455,53.9049191380743,56.04899377841205,47.80591457027514,36.28442308334892,27.994195258420568,25.01661940299811,17.019035747059988,14.315894293585753,10.165798789729054,10.18200513208156,11.186871321148152,6.456740307893024,7.804189698703093,7.0406735743090465,5.743776145809448,4.757601117373234,4.792684211343885,8.811797580925681,6145.0,492.0,719.0,848.0,1015.0,1017.0,818.2,333.0,303.0,871.0,1052.0,639.75,5684.765625
LPL31_112,LPL_3.WAV,-366.894007464504,21.06478558774824,-173.63582098794146,-22.887753581640002,37.258058430228616,28.499614501076547,-10.539288051185679,-7.333855439272211,9.185190792432893,-5.858269218887425,-1.2409410173681912,-3.449369536569622,4.714796907692266,-0.4432147995861629,-2.113002208544764,2.39031075060304,-0.07262966754415645,-0.4600631570657954,-1.4631859226522619,2.0730175520915224,68.91960831067439,52.042990494363934,58.60375261092281,61.71915306919137,46.49240471024469,37.87068556192595,27.245960453512673,27.63900126705462,15.592208539467997,18.12810487045989,13.19370976986097,11.646472976478742,12.364080382830817,6.244404042039972,9.21572831214351,6.898449652871952,9.917084902216036,6.737205671779758,6.013179984928459,7.133900881185378,6328.0,548.0,708.0,852.0,1041.0,999.0,829.6,339.0,322.0,937.0,1082.0,670.0,5620.166015625
LPL31_114,LPL_3.WAV,-344.4317164976696,18.128201185698398,-155.59087406465846,-25.8126711483812,28.356415797227047,16.901044717527988,-10.207681471379958,-20.140183566752043,2.2435558933776276,1.8874228522101986,-6.509412893754273,-0.6507625899345333,9.51313179894055,2.1010309370708673,1.284560691972454,2.3848223563809805,-0.6234105148567438,0.7679512312290707,-4.6958245381734915,0.6208480333762659,91.65827139512785,60.83862590899136,58.544848362710894,60.25117417036292,43.14665600572893,30.735427711419568,23.681926415062946,22.55053148901381,17.39887363498988,21.38992822978943,15.947952852032794,13.773939406822167,10.23604375421763,6.998255892932827,13.33280468457321,6.528460208474203,6.534545140963573,7.579896309410389,8.12506950799109,10.228353496837807,6485.0,477.0,682.0,792.0,1056.0,1083.0,818.0,385.0,250.0,1142.0,1123.0,725.0,5577.099609375
LPL31_117,LPL_3.WAV,-410.4153891654906,36.20190963041433,-185.78172760899062,-34.2586207942694,61.63847963446572,9.650813790518294,-18.928369351851273,-6.468534871059336,4.184784798211211,-10.129605202019764,-5.745141353203374,11.873449854910312,0.30517687700504115,-4.9002522717591654,4.253614176431974,2.810414343223311,-4.289309718320589,0.9743995795500915,4.4824441375006225,0.5835614339883498,52.647409749184554,53.63437744491216,55.43986095165149,65.07772163725872,41.3878303632359,39.202671212964766,36.30924584504823,20.003494621796825,16.85365359360529,11.625171894965238,11.098022006355519,8.533335745739256,9.779225253876927,8.597625707324857,6.131609655270558,6.305933256597401,5.541572422265456,3.886065474285407,5.077987485493656,6.600688163510249,6420.0,493.0,703.0,948.0,1087.0,1089.0,864.0,371.0,266.0,967.0,1005.0,652.25,5706.298828125
LPL31_119,LPL_3.WAV,-386.310521682911,23.223973161117602,-189.33313281981506,-29.447630156441498,57.37446153443808,13.01143678821632,-17.324257034404436,-3.247892312170649,-2.52630186776646,-8.364829025081422,-2.880745956580433,4.841517947381604,3.56145803992627,0.0763576012661942,-1.2424939776345927,4.361360018171502,-2.997952582373482,-2.5067281609576963,2.828696418154798,1.8159653014229924,71.36404673351996,38.040636113785766,54.067811353158326,54.25097096965884,51.45702177768124,38.81346847182135,27.459659537713815,24.798998055417517,19.793792718154883,10.764934150605175,15.003323422304028,8.173620892272162,9.447670541177759,6.619115393670766,7.84433120480653,8.75460632412189,3.9645839086025987,4.669215492462094,4.08458594854119,6.906728201530476,6300.0,531.0,705.0,951.0,1062.0,1089.0,867.6,309.0,255.0,892.0,1015.0,617.75,5706.298828125
LPL31_121,LPL_3.WAV,-386.82315397830496,47.43207166323277,-180.7942923658668,-31.775375793252444,56.70335081407225,2.768712690430087,-20.42068425101626,-3.949575118926593,-7.8360716826631105,-4.34302689673518,-2.391154442399908,0.9755572092969443,6.347516465330834,-5.395390165756853,4.569403344264079,3.6764362288577455,-3.856705460744684,1.1450049490029799,0.7413113914354482,1.0730813705864253,71.57678374580507,52.23845061707197,55.225099579362414,54.92784214629157,50.220589985868635,39.555551001301524,30.614222969425644,25.678761273558845,24.74738927401584,11.953114120729875,15.888485770320736,8.019222036755991,11.15078476354656,9.117580563185147,6.540503600506664,5.7027766160237165,7.272712146966164,5.723650225099833,3.369535077239099,7.246900660331882,6374.0,523.0,706.0,950.0,1082.0,1082.0,868.6,327.0,272.0,890.0,1045.0,633.5,5706.298828125
LPL31_123,LPL_3.WAV,-385.0598271666359,32.064033852236854,-181.97141171364714,-32.27671823085941,49.67644824874978,14.010817569113724,-18.267450970691158,-7.237044163900992,-0.361752722862864,-5.635642591944914,-15.289766300198359,11.197973762329772,4.172033818430699,-2.299710053707818,5.588942325761787,5.774185833333222,-3.515826551885187,-0.8331464321381261,3.618960473134489,1.6328564037001712,67.28273197068602,54.69191343330999,53.58526336357466,65.03134144954062,40.949121797117726,36.28339427416782,29.17786170028622,26.43049203760091,29.29362128598118,14.759336479217641,13.0960523886894,9.89231111882156,9.935230904305712,10.228440739685446,5.778728958750336,8.33016349552406,7.168954884656014,7.945138550908677,5.95479198369119,5.6692145663378986,6082.0,464.0,683.0,901.0,1058.0,1014.0,824.0,337.0,266.0,840.0,1019.0,615.5,5663.232421875
LPL31_124,LPL_3.WAV,-379.9374855826655,23.976910209404377,-184.56981273144638,-26.152204746588023,54.26453985894437,14.293103780223971,-11.133978375830376,0.924020569659616,-1.065773651770453,-0.8249228456981477,-8.912328566771984,9.837114198459577,-2.6530407344174436,0.3162035206932889,-0.29795219185610566,-0.47633974396432877,1.6036554587599194,-6.249966517621971,1.6971085914905315,0.5217855324779354,68.36126087705621,52.13602327506228,56.88078279027426,58.41135879257576,43.80756385340969,39.2443854463183,30.30618776555331,18.691484448091856,15.397371784925872,13.223401699545766,14.09572000358066,12.6102158499804,11.732664951332863,6.753144578587923,7.560320260368401,5.316977116287196,9.631996451562511,8.214540901756557,5.2174685181986336,5.3242467217098906,6313.0,530.0,694.0,926.0,1052.0,1084.0,857.2,363.0,255.0,903.0,1013.0,633.5,5641.69921875
LPL31_125,LPL_3.WAV,-386.061815651446,50.11592304558635,-182.4191068121548,-37.72123194502372,56.04850864643274,14.589412008780974,-7.519511124429446,-7.296783626144865,10.810849259289014,-0.060296632767661444,-12.404105612216311,8.797587598967068,0.3856469837087983,-8.825450838755094,3.2269935411602506,3.37900401355541,-4.185662401272971,-2.364908279232453,0.4490121634645031,0.6305461669542043,55.85997381918231,43.30278327184707,53.939113313364665,54.49284131651174,48.72598448593678,37.47048683130537,27.759734461676988,27.834847658915802,28.949179180728965,14.838165850971654,12.567144312576017,12.08556544035957,9.749295700674447,9.05312981929478,7.060915081188714,5.667822141730664,5.845668925968973,8.568766512078158,5.13787073683175,5.019336755039427,5968.0,471.0,692.0,836.0,1032.0,1081.0,822.4,364.0,261.0,781.0,966.0,593.0,5684.765625
LPL31_126,LPL_3.WAV,-315.7056875426839,6.629444297412078,-162.79756838516343,-30.515627571266517,33.44881522231705,24.97168655846893,-22.335161071696522,-8.592714223651782,3.858719356713923,0.4731823416441897,-0.029585196709304915,4.159835430191243,5.61170878232608,-1.7995435567122455,-4.282394369075897,3.2802383161518445,-2.611784836536583,0.2708737481667123,-4.28963767548127,0.9576299098327283,82.20993340368514,57.45372911998488,51.08709119045059,53.97199056558526,40.63222190596379,32.10568723932291,24.017495613988963,27.73966575004616,14.695494017233935,14.211845823747598,16.462075926807362,11.639053604608685,9.573649070105747,8.832987429353732,10.381368360573916,8.762557089302566,7.461552478662123,6.248719505074556,7.022990383369864,5.818174748954172,6096.0,514.0,679.0,849.0,1061.0,1080.0,836.6,320.0,280.0,745.0,1068.0,603.25,5577.099609375
LPL31_128,LPL_3.WAV,-368.9122594312376,17.149460044727018,-180.70684998014642,-30.017414457356388,35.07531448672257,29.75194734545035,-14.437052263930934,-8.682681138863598,8.139845542245011,-1.84233174474643,-5.568073583205438,4.833083793096604,3.5535552129170975,-3.7139546222876056,3.885420058965013,-0.033661372799306886,-2.8562698884490927,0.39084163721604565,-1.1377970609673447,2.4846486538767856,78.15789039407947,41.83166006562017,57.78588433975854,58.2453028856987,49.31049158174263,37.995516117757504,28.569868751758907,21.423091572715922,19.86743033410375,19.862816581467857,10.582048708666663,9.710597729228633,11.40781991325757,7.704488017175112,8.540737925406837,8.231309860964659,7.59122782416246,7.9245781632673244,7.544851055010744,6.00645345015216,6255.0,496.0,675.0,898.0,1052.0,1087.0,841.6,346.0,257.0,907.0,1045.0,638.75,5598.6328125
LPL31_129,LPL_3.WAV,-398.2782348426955,39.256960550784676,-187.95791333311473,-40.554465773564154,52.84906698477998,15.248263065114159,-17.245358467031437,-6.1250701013183955,7.702128031285086,-12.74996057532837,-6.894264701178699,8.618032191168615,1.1150208113120097,-0.5331472195867578,0.09603983951199505,3.3618332597203433,-2.958037904113301,-3.27302897741345,5.459840876617494,0.2959724739016917,61.38641772683848,54.12003795731921,55.77912805858981,62.49086381316153,45.965985669596655,37.85329379829427,29.14705693988772,20.733060220908595,21.89624548336496,12.58070876419962,14.250491930073746,9.17676859909984,9.543147175755355,7.039862976461903,6.221162527458383,5.830946136006184,7.383947561424894,4.720110408723142,4.2013945128981405,5.808896102242598,6229.0,527.0,704.0,905.0,1032.0,1102.0,854.0,334.0,276.0,823.0,1034.0,616.75,5684.765625
LPL31_130,LPL_3.WAV,-379.7905914119766,22.634435477547022,-190.16529142572577,-41.01598347072114,42.78364387214998,12.899659572719063,-14.946724715512323,1.5390241452303164,6.32865768513687,-4.283735730699354,-10.970796582979364,4.653579570022729,1.5462791707852521,-3.1068463788194576,2.8011830519064063,6.448684094000044,-2.0496214903850762,-2.453643497475707,-0.15066931847494353,2.094928742418216,66.67162448344227,43.70504433089443,52.565036774943266,61.76265377798095,50.55680258139782,41.58817995651097,36.630870177451925,21.008786019079103,19.991745321292317,9.481873865334151,11.62327334977149,8.94584611135926,9.647412421674254,7.410949854202202,9.503404763717995,5.448039564894149,8.608202700315081,7.337379959048294,5.596064626006718,6.802001846796378,6161.0,508.0,709.0,887.0,1031.0,1082.0,843.4,324.0,291.0,823.0,1015.0,613.25,5684.765625
LPL31_131,LPL_3.WAV,-366.87440548972666,44.28745583633025,-175.2274399371274,-33.488836558914315,53.983587738841656,6.9654551013551655,-19.932094269720142,8.568090285287145,-3.7087114103376484,-5.954321937217789,-5.226799412369668,0.8615940908771196,2.7784385924829675,-1.7992353782815032,-4.60472081937387,7.087266833384702,-6.126348667001024,-2.4738847291566155,5.80147830102877,-3.269059491386298,71.67064820110298,50.56663368472205,59.17015047508713,57.462965544214434,39.841295787392774,34.561917247912106,27.723879485861687,25.320654285524444,18.632247911472774,12.458226587443944,12.611680373915066,8.900574327775987,11.968920678346247,9.370013139861545,8.607834979795218,7.07591148627747,5.6233836598533635,7.731376989997052,7.543963299354972,7.308524632053471,6257.0,525.0,702.0,914.0,949.0,1065.0,831.0,307.0,299.0,854.0,1146.0,651.5,5727.83203125
LPL31_132,LPL_3.WAV,-362.127103984284,15.313775071637986,-185.62832803493032,-23.938506260470344,30.82074735665217,23.547004807518995,-14.750427659854362,-3.24415171913807,8.799731512163316,1.8641178578742923,-10.033724755649974,4.7783458474679525,2.5259419741622886,-4.89026963362864,6.782873755643361,-1.7084946559177585,4.246282851172577,-6.334366409034861,3.1977193612031254,0.4994633498760947,72.11516229729102,48.28409000604404,52.903052967080754,59.64207330664301,55.40107428585599,41.2502405043793,29.278248888973216,21.979932432517508,18.889135063588874,12.979733753937136,10.077062767365355,13.682348376900404,12.96970495338275,8.32898416464545,8.863247356752131,5.915564634700211,7.400177997127663,5.394233040954257,7.088229471396914,6.057199694159105,6099.0,523.0,688.0,849.0,1024.0,1082.0,833.2,342.0,252.0,814.0,1032.0,610.0,5598.6328125
LPL31_133,LPL_3.WAV,-389.07470418534507,26.702985728249185,-194.39307768245618,-40.01344959041597,51.056835422461816,8.507644009307382,-12.38907747759981,0.3365352954481849,5.786011744499495,-6.168540585387417,-5.503102446408548,6.072735500141017,3.0256118816712285,-1.9819985014968737,4.375148534526918,1.105585468473367,0.17012202662048823,-5.7388715264328996,4.723621777804865,-0.3625920311343437,62.40501741898243,40.29044437464584,51.95356765647278,53.35505699730132,52.12328267113221,37.42560058422799,26.457774484212734,30.974141982040663,27.03950554356525,9.169043763867325,10.230105979948675,7.244368682982688,8.877141430157106,7.678942044329486,12.350148776022944,8.514828273694645,5.51877720363335,5.944939143997519,6.005456166989696,3.645560343653706,6200.0,523.0,695.0,884.0,1064.0,1080.0,849.2,365.0,265.0,840.0,996.0,616.5,5684.765625
LPL31_135,LPL_3.WAV,-378.91125336447413,39.765427584128325,-178.83288601665882,-48.72100738658174,59.142203962415586,23.512772020694054,-31.208207236761403,5.649025335795013,-1.6063011224724817,-4.072155297449197,0.8543251836619108,5.167828459538562,1.7845193004083308,-1.8682341389845523,0.24869762502692894,-0.7363162290520195,4.551826230302418,-3.3223288085741896,-1.2161239161352473,2.8216753815662554,70.9280298174685,46.76456908985863,50.96423842308124,48.699498327850385,51.05236724880568,36.244672553948064,30.495988011359064,31.633911046290166,21.7854329995855,16.398188182182963,14.580034340745303,7.783492691485056,8.89724790052593,6.237587605213027,10.281482976090722,6.6328511130555015,7.116018728579224,8.322447343467905,5.184146793711452,5.677916483127145,6017.0,513.0,698.0,888.0,1077.0,1072.0,849.6,281.0,256.0,748.0,1000.0,571.25,5641.69921875
LPL31_136,LPL_3.WAV,-385.49564551074087,34.55665779906327,-179.3617962969849,-50.427899328769534,50.765755153711986,9.728657596913296,-30.41305642694761,5.925000919147668,1.9787584922033672,-7.108052061163154,-6.734795924684588,4.235748802516385,4.974563153056031,-4.732724847892333,2.983448912641215,5.105899110993215,-4.228820499498227,0.2113942273218292,4.203660265891452,-0.14528626287288912,64.6652178474292,46.17357726565169,56.8838476210604,61.525247104043835,53.19204769633565,36.29284500869777,38.90821405005382,20.997736201632705,16.797963424993544,12.006610357906142,9.17245393838575,8.33509689823805,8.02393033941888,6.4153540022019655,7.124083777943769,3.1456494761776987,8.464027729570601,6.804681052358162,5.480212774869781,6.865706358852869,6283.0,504.0,731.0,899.0,1001.0,1098.0,846.6,334.0,306.0,867.0,1054.0,640.25,5706.298828125
LPL31_137,LPL_3.WAV,-385.8835131922691,33.11053751559228,-184.34098141512771,-47.58751725729461,39.81729209973298,15.589044441167683,-28.426955017124108,1.9717791181097912,13.889350413692478,-9.489376944280995,1.5495007631271371,4.332371298347556,2.688473168460504,-6.651241055816073,6.473987378999298,-0.3923408176422836,-2.1574733639935473,-0.3519466426600018,-0.4097282593155423,2.825307203057688,57.73873333349159,55.00853367452166,53.962230978723376,64.76451554864785,45.229971738402234,38.1528843935576,31.34992551392776,28.113373878473695,24.64894792033563,12.755586738736147,13.468710405639118,7.94686110715315,8.884016232322917,6.451976704709883,9.62838745168566,5.064268835779553,8.18358452458116,8.661574751513106,7.654660274722052,4.457327311553598,6156.0,518.0,720.0,859.0,1035.0,1075.0,841.4,341.0,287.0,773.0,1064.0,616.25,5663.232421875
LPL31_139,LPL_3.WAV,-428.0038567110217,20.52177030666237,-181.9308460868319,-68.10741500094383,47.80905891903644,57.0580429936747,-10.337989480427398,2.5084470534945478,-0.9147802071471939,-9.122275658047345,-0.19042600924307646,1.2663250085452882,-2.535797379332801,-4.337861780716826,8.098087729033638,-0.2669290054598737,-2.0952868148106463,0.7661433173900539,1.6215261136775865,-2.988450838155066,67.95194811880128,63.28441770242708,55.80111385107146,74.74008380796087,40.99847438876666,35.635071814870095,27.44543385113026,26.676180742171425,19.725879297007673,18.360866880483865,11.313668565806054,12.424418876068364,9.47930870377614,9.053663010090336,9.674114966290615,7.3138638651367724,6.485397598924184,5.397267459803324,6.140491915541726,4.468399068462168,5917.0,405.0,624.0,858.0,1027.0,1078.0,798.4,363.0,309.0,731.0,1025.0,607.0,5426.3671875
LPL31_140,LPL_3.WAV,-436.437093821932,57.2197728942061,-188.21507731393234,-90.13047524455767,69.78279261969116,33.999908512460564,-22.952908266720723,1.6513130693891962,6.881258131718585,-9.562206416330035,2.0600487161792373,10.030026046176996,0.4578432706041198,-0.3656603266742518,1.9947066471679546,-2.536078162021595,-3.7960914484316146,-1.9603168131767108,-0.994673042880953,2.119464121933148,48.72876751314233,40.12647498643243,53.12609041989693,60.556094340123735,49.942793267592926,41.46774358054342,28.29260498464366,29.214870638127454,21.617443203755997,22.156622512323825,14.773813474641377,8.842654339068126,15.872112959254075,6.92616768474641,11.219858986670447,6.1197456485329615,5.792554451962519,6.835206322858806,3.4389360996832945,3.7660301923133783,6052.0,514.0,704.0,845.0,1028.0,1082.0,834.6,348.0,270.0,738.0,1030.0,596.5,5447.900390625
LPL31_141,LPL_3.WAV,-425.6154883037781,56.317629026022935,-176.759462666635,-85.19259249389056,62.73921429654854,27.299572423576848,-22.838458253334853,4.061020606610826,8.20686466746771,-8.358365839859465,3.1945378660826536,9.44521149075837,-1.5452797524462627,-1.3952130600097143,2.5502311436912017,-1.9616208142049534,-3.1656218601611354,-0.11442736298708686,0.0977772874865503,-0.1435358250692389,53.685004380981624,42.12531694470703,56.97155898443938,60.93071160342458,52.150098731733024,38.361305508790416,28.076643001767575,27.37785964897079,22.645427928661437,21.4676749895595,13.495488341073399,8.485286311577335,14.243112565916698,5.53871290849485,10.292563366919872,6.0909867617436095,5.2776836708735075,6.570732960614733,3.6017100723966653,4.111311880560156,6227.0,517.0,703.0,859.0,1033.0,1055.0,833.4,335.0,259.0,954.0,1020.0,642.0,5469.43359375
LPL31_142,LPL_3.WAV,-424.0355349636356,55.91536170985832,-184.2828843025338,-82.09999625654709,68.98326494393586,22.659632141024872,-28.64053607279997,5.876946343667192,9.671352491260222,-9.120880234856708,5.061089263926335,10.708619041034115,-2.8576893536417516,-1.2886994903340427,3.1610012318778167,-3.4475998724524977,-4.376280210444131,0.5277500886177245,1.3545819193729722,0.8782242819216324,50.697866489646216,42.92833451417164,53.17080346513074,61.425566544110865,51.9248063427863,40.28303793522885,29.280095014010232,26.404609528535236,23.978706310795804,19.78365237353717,13.336502408287343,8.54589641210285,13.688471228674459,6.092172265608541,8.920032084171053,6.239876945533728,4.075941491479573,6.7096869030679125,4.36145284308451,3.9378148731963036,6117.0,523.0,713.0,860.0,1033.0,1090.0,843.8,346.0,292.0,756.0,1011.0,601.25,5490.966796875
LPL31_143,LPL_3.WAV,-432.54550543873523,54.114169410261866,-180.6777910992335,-82.07052416942815,69.0879475786999,27.319879914466974,-27.28980614216253,2.340265705115584,9.930039190859379,-7.122149447112884,1.4685561378829257,7.4253029376424236,-0.1661661340246511,0.26217093248300466,1.362476016214106,-1.6659240735611183,-1.0038162941299908,-1.479003231868933,-2.2096162127327283,1.676681143555814,50.49761313161305,43.54894027123953,51.45542422279274,63.72408956579226,49.93594809181815,40.57385545345623,28.08068059597939,29.05321053541328,24.313370156778273,22.631135006447078,14.644834511600102,8.4533415082533,14.6234534365578,4.647524338671888,10.962998452788542,5.144995191278262,6.013268634292158,5.576851074600651,3.6740918176878905,4.80293428607917,6156.0,532.0,706.0,865.0,1039.0,1084.0,845.2,310.0,256.0,821.0,1043.0,607.5,5490.966796875
LPL31_145,LPL_3.WAV,-431.92969128637077,54.17092928257876,-183.15438809106385,-78.25480207157275,71.11161806164478,21.425779172227283,-30.790104638390144,5.035300835801236,10.02418641229139,-10.390555848019629,2.4997172757590542,11.697511268019943,0.14810521782416863,-1.5773491827210633,2.900053307547226,-0.6753491541459432,-4.044344710533734,-2.257803666757504,0.5557290839020573,1.1563210250550484,53.251394948975474,44.080953972990365,55.30139874268223,62.567237473113614,51.228825916181165,37.71406466828457,29.516845198363924,24.31954749754799,27.511046101804187,19.068843037318373,16.271399860094963,8.009346531039261,12.228606478737241,5.791000201627831,6.980516367438969,8.390017108780228,4.074379334564468,6.697859994194205,2.5517797377383413,3.3436629699610787,6282.0,520.0,697.0,918.0,1050.0,1084.0,853.8,334.0,248.0,853.0,1090.0,631.25,5641.69921875
LPL31_147,LPL_3.WAV,-422.88284480719807,53.37243268924514,-187.28198934196317,-71.59048586029677,68.08744859708223,12.10598000279963,-27.466260342328923,7.730693656803851,6.022197803004476,-8.423817691845706,3.2877289173947495,8.482459965883164,2.4572395508642555,-0.2350888173159398,1.2857119037217135,1.3044555906370081,-3.27433629581773,-4.2764283720755625,1.411758293807141,2.126234147045212,47.08692152274026,46.220023873419976,50.63294714483574,64.55183029887056,49.40282839767779,41.56463271828348,34.10611730899492,26.98741442840838,28.34992078745074,13.173134682227461,12.982345092114652,10.53041439895154,11.525735449268074,8.559079007924366,5.401918674171352,6.25558066475171,3.382699289112003,5.50154573947197,3.5145756694249797,4.821555090890096,6199.0,491.0,709.0,904.0,1063.0,1104.0,854.2,311.0,284.0,815.0,1027.0,609.25,5684.765625
LPL31_150,LPL_3.WAV,-433.7913011467595,51.79654128492093,-184.7664659325322,-65.81752759765637,72.7193136382909,10.288017800623775,-31.733014813997972,6.191085196490536,3.325880924262611,-12.551919593275475,5.653007491306938,12.165002269710607,-0.8846119447713489,-2.043023934671987,3.9366451563990013,1.2102007623922952,-3.783201938144969,-1.4660931634112344,2.2624592627093603,0.7625925391062078,56.65596817404501,48.90161925593745,55.72427289617496,63.09761733372341,50.14556747186171,40.80481809706516,32.72067646356452,24.751084310907572,25.181157931925764,12.910525485568407,12.65841330468819,6.9774369664049125,9.88868381721308,7.03860177889607,5.009690534313914,7.784787405010172,5.213069863736568,5.452511349226204,4.342797820032084,4.061396283208895,6415.0,495.0,705.0,938.0,1085.0,1102.0,865.0,332.0,294.0,949.0,1023.0,649.5,5706.298828125
LPL31_152,LPL_3.WAV,-414.0335936938002,46.95577781797433,-178.49641698252677,-72.91951866263209,56.65859108622339,19.821654011781852,-28.39467573188712,7.092158300421908,-0.2679335614139977,-0.7672121427015869,0.6355835769955017,-2.0635429617754864,8.989959599877922,-4.755476306934115,4.841287050619541,2.9300616155334605,-2.9554821675138316,-0.41237027528434234,-2.541356537895166,3.137015588872157,60.67213250385204,41.43175840112259,57.73608180150596,65.61757816839001,49.02158978041961,43.884303578945385,32.82457167698341,27.973284235379406,17.948338023252187,19.969568735869583,11.82821662938287,10.460107675037827,19.12836750407771,8.484076475686528,7.4628564512305795,6.2695305392109235,6.525463522621087,5.400986267772477,5.916714609194542,7.7874267974530795,6006.0,498.0,668.0,840.0,1031.0,1051.0,817.6,342.0,259.0,785.0,1049.0,608.75,5577.099609375
LPL31_153,LPL_3.WAV,-364.0389046848942,7.782964164498861,-169.28211860059344,-55.953903932993775,38.9093697531443,28.201829095345065,-21.962089839554626,-3.339791163220164,11.834026505039422,-6.668219352718415,-5.270994674459796,3.10652316746536,2.1053081140682903,-1.567397674378501,-2.3886973554079414,3.5712055994377567,0.8512147830435102,-5.308782749705821,3.8766519075656736,1.3232016936915456,85.65714168219453,75.26648908845455,53.21557749885328,69.54365870471023,44.38112818976036,39.05616819265247,34.8564543346616,24.860207242672036,26.185672842710716,8.02122523420649,9.955966518421327,6.176120868168782,7.760242471823585,7.051968890274549,12.17056893937981,8.01585935583294,7.852366797613365,6.241171700678361,4.27499894800333,6.279073195425843,6092.0,514.0,698.0,862.0,1027.0,1089.0,838.0,327.0,257.0,852.0,966.0,600.5,5641.69921875
LPL31_155,LPL_3.WAV,-371.92970013812203,37.911669089289,-180.711765099974,-27.926848141479418,32.97425512518409,12.366308944928777,-10.696474607105495,-15.915430502501467,4.8730553139518396,-3.225704690623957,-9.30750847464647,7.297003250521482,3.793055506374508,1.4038555207839103,0.9968741538066013,3.269146469975482,1.8826712164282928,-3.8491213862448026,2.631623555100901,1.630644102643254,74.49755573174671,53.31702452012382,55.00665052777149,72.21651286300148,45.77227300269511,36.056824895636915,29.16434370983428,22.513485693969308,22.8458253894179,15.04652579654194,10.628599657243951,10.255864246010429,11.957093531165695,7.410836539181627,11.15312117663791,8.121602480038359,6.22201271232406,4.935410699554367,4.028891375557663,5.558758928335161,6166.0,520.0,682.0,797.0,983.0,1067.0,809.8,312.0,269.0,873.0,1171.0,656.25,5598.6328125
LPL31_156,LPL_3.WAV,-349.7359551424946,-9.874951175300916,-182.11117816574114,-27.363531260737634,36.42922984673993,20.464548844099813,-16.56204465060334,1.6348274752425784,-0.2476982435447384,-5.606746597380622,-1.1237967930346981,6.32236164420264,1.482974841303055,1.7403676968878201,5.411430396285945,1.359999745832343,-0.019075099172036314,-0.884189559467386,0.8916308137207173,-0.39052453778027674,83.22876542482918,46.31580254225672,54.866715614722814,62.79243944731782,44.65491890267373,35.91370224977631,27.347922892729,21.694265823198194,16.192324375284976,14.781191260673532,12.054235136233192,9.14747505242393,10.192369572812822,6.377715364233553,6.187045293543997,5.62645863025026,7.212709855449992,6.299088957641993,6.74339108195013,5.098599843308438,6202.0,537.0,710.0,955.0,1030.0,1055.0,857.4,333.0,285.0,828.0,988.0,608.5,5620.166015625
LPL31_158,LPL_3.WAV,-363.2086955337854,31.59575033663091,-168.34870928661672,-26.402173438858604,44.97813767683149,16.29369907180558,-21.832533738290667,-2.647400435359391,-0.787630300569426,-2.64518809103487,-7.679023317019648,2.7932572384395913,4.666500195534359,-2.179501682820344,3.047591556876257,-4.395337816350893,3.855575142377314,-2.903370779492743,-4.411890237853094,8.981704939217272,83.81456886054298,58.98781754083967,59.184613344197615,54.45681369244491,47.811727068653674,39.199960230486646,29.826721039901997,17.55426418196361,16.10895889454021,17.524764101829888,15.188431060183895,11.1508388382039,16.452258292873918,13.598645427202591,8.679679625986765,7.024253641792637,8.87469505452741,8.973489187045143,4.708603873563875,6.765007093533739,6330.0,499.0,686.0,839.0,1066.0,1088.0,835.6,301.0,289.0,1036.0,1027.0,663.25,5641.69921875
LPL31_159,LPL_3.WAV,-361.424428538666,27.655598728425282,-179.09312683484663,-35.929895482302015,46.22486053952261,11.125718714861376,-26.56406218408722,9.797739855090962,-10.483296090288238,0.8266458533141505,-2.487608002482615,-1.5132486479298564,1.4609093554659052,-1.818393843642527,4.525884765920291,0.27365836704172186,4.646994615671573,-3.984771828839902,3.0050706380173797,0.22659737918115863,84.4376528634496,46.361608930525904,53.47054499576346,54.144689388970704,54.43488699298506,36.90987836464455,28.564019017352944,29.42102615909825,16.419958344911773,15.947550347453141,9.663737693300206,9.16542172609214,12.035129298621934,6.265104424072545,11.40868062678497,7.915990505174759,6.014911984037786,5.558534395070035,5.904691103329015,4.809819388627753,6078.0,485.0,656.0,877.0,1039.0,1076.0,826.6,336.0,280.0,827.0,1006.0,612.25,5598.6328125
LPL31_160,LPL_3.WAV,-403.32575739103,42.53059298689036,-195.56510958115828,-54.15015172897692,57.777641691798934,4.812302058552791,-14.298205520810706,8.51019965776371,2.2036633189535704,-4.32744175531858,-2.563050635578258,2.0282206734909716,4.194210353214651,-3.539683412794965,2.4263442983588726,6.1144088040672235,-4.608254338961539,-0.9257487098798762,2.1562530198410754,-0.8864202239724971,53.60245935942851,50.73377485898084,53.89031721968788,65.43659587767256,44.90191741082829,38.54105540096727,29.06689874281957,22.721233429587755,21.762453800004476,13.656382925652203,11.823485521366184,8.122005937074595,8.410857591240681,5.984116638025715,7.899843702901798,5.82608539643076,7.47829132763645,4.80696883259748,4.243990639275029,6.498936738995023,6237.0,538.0,707.0,862.0,1062.0,1097.0,853.2,334.0,274.0,839.0,1031.0,619.5,5684.765625
LPL31_161,LPL_3.WAV,-355.54499643005,17.359202753202855,-180.33135790277623,-19.371168466847955,31.062661864553437,26.911877199139017,-14.20983933021456,-8.178107880641669,4.66643062784929,-7.734614368723437,0.33920196819853454,-1.996560192970249,2.9605635587854295,-0.9665605763687094,1.3234774295607452,4.035970273193566,-1.9592102900647683,-1.7158253832913073,1.7086880902782962,-1.4350368134734324,82.8721380320727,50.32031437338605,55.36626735619676,59.65009360437146,46.970614786266054,36.88046580881354,25.624246917163408,22.964407264258725,15.255293318730484,19.345301234337846,9.858986030842667,9.90391137378588,8.831405341267649,7.031863041767684,8.870573829152583,6.590609415213691,5.472418647859197,4.803265515357342,4.311869401861088,3.5702634822338304,5984.0,480.0,665.0,805.0,1038.0,1091.0,815.8,323.0,285.0,880.0,925.0,603.25,5512.5
LPL31_162,LPL_3.WAV,-377.89213159245,33.96738703644608,-182.7055451613033,-52.241798286060934,41.94161941678693,8.655269200708759,-19.13705809963108,-2.9829556023890964,11.133008303193998,-3.631055144458716,2.166335651897973,1.9721080263133461,2.4250428456186506,-1.845538376102894,-5.3368137665491195,8.39507558525634,-1.8153925908159565,-2.728038372248899,2.6731240905196345,0.3313206097038318,55.269364431036244,51.53628641445186,58.79082647320469,59.521571482330415,42.259341459857986,39.426665745473166,26.460700947752848,22.383311236221562,16.4059199240192,17.32574973001565,19.16758613607962,8.05998549670629,14.56354951665857,6.133524815055855,6.0817061742541805,6.0532878144223465,6.803362901180766,5.186001170037214,6.563405277578405,5.510159921672829,6265.0,553.0,729.0,853.0,1062.0,1068.0,853.0,307.0,280.0,913.0,1016.0,629.0,5641.69921875
LPL31_164,LPL_3.WAV,-350.9245315109187,17.393378731120762,-181.94479781895765,-33.01256564125653,31.173588798636676,20.992999298412293,-18.075943346475317,-2.16949100123142,5.624384568977519,-1.8031568221357903,-5.737862053577902,5.188779072310695,-0.6982629721030961,-2.395006454780839,3.724711600121586,2.558671654944982,-0.646042030472389,-0.4878467835163423,-1.913413407172173,2.2934576089343137,71.68820435080423,51.36058748696906,54.39523290556276,58.43649087687301,43.9690066065173,36.11273717420667,28.648163951168357,25.190833612004425,14.446309984546028,14.694250386819006,9.220244555681571,8.9411877445626,10.289575671122886,6.203943764915505,11.202871044174488,6.915669549158358,4.474157508648582,6.310276913902272,5.1272679612391245,4.992726291042338,6052.0,475.0,695.0,812.0,1070.0,1084.0,827.2,335.0,260.0,792.0,1040.0,606.75,5598.6328125
BKB12_2,BKB_n2_1.WAV,-363.15852027793767,-46.71517549343868,-175.40030846802065,47.69701221140442,53.71753328644768,-30.80207116980278,-0.173556621508781,-0.11099553195292124,-9.085532511877059,7.655150922482911,0.9915221417387047,-4.76152676756193,7.130301106482891,-0.6671296372608293,-4.535006097185959,4.57670415461334,-2.4709838400406925,-3.5650723604438515,0.7048635474959245,0.7979359804800271,43.959878415055975,35.276116874487286,52.86567833093736,58.54320178070886,47.23085636246107,36.03245818206697,31.221631561598997,21.610933456557234,15.778002562373178,14.70457373627308,9.26042025984816,9.241946568372443,9.222982010747288,8.577637341762939,6.485603408254833,7.252215498680651,7.401332352470325,7.494392383436652,6.139926493455338,4.646501984994392,6457.0,556.0,858.0,1045.0,1084.0,1042.0,917.0,323.0,420.0,793.0,836.0,593.0,6244.62890625
BKB12_14,BKB_n2_1.WAV,-361.91352216997393,-45.108852781618154,-188.75739195409628,49.47707555389871,42.850726723026305,-18.032169137492414,-10.462039253341235,10.941914459001339,-18.30079895996177,7.062816625246301,3.2054512893887606,-7.392419299617905,0.5016479112934411,8.14479073479687,-5.520961573976615,7.173076919743639,-1.251229354553833,-4.387324444454287,3.3468763911512602,0.9605736112669118,58.12567219740275,32.87472311851423,55.55046160901318,55.49628603672604,54.57469015922776,37.17146897888741,27.64899424757419,22.451089164223323,23.859854006186477,14.296862469463015,15.460729154399154,9.752714570416225,9.520042808014612,7.581535266677479,6.335668076811806,6.491951067585273,5.231380995227959,5.750548549343176,6.983329517296933,5.464449120099404,6125.0,612.0,804.0,1012.0,1067.0,1064.0,911.8,261.0,314.0,698.0,804.0,519.25,5986.23046875
BKB12_15,BKB_n2_1.WAV,-316.3507832563854,-2.9822706297187227,-142.9586648844516,51.141244640239286,31.66672676141621,-54.56040220360881,-1.002329601787001,10.388138995802983,-6.545373386665521,-3.4251410608817547,0.7322598286819567,-4.987961400783035,3.396310563571685,-0.8405195693131522,-4.2922038385882075,3.0664122723884355,2.381807072080492,-4.490553155852336,6.467689356921414,-1.1214965675181607,76.94492487406744,34.34404214206258,61.975008714515006,45.44766439670733,43.067269669003494,38.11729847618746,29.36232138323551,21.84593113765489,16.758677495051117,15.422377165628527,17.785192613492658,11.374584443689104,12.158788752871095,7.543609704672933,9.376055032239499,5.770278991659957,4.87211230605451,5.473412852312995,7.18230970257219,5.039587724414835,6027.0,595.0,771.0,905.0,909.0,1066.0,849.2,279.0,303.0,755.0,948.0,571.25,5986.23046875
BKB12_16,BKB_n2_1.WAV,-360.94504403140996,-66.31831063516117,-187.23051645412673,45.32761097967188,54.85054005283431,-25.085675453387005,2.8668728222780837,1.5103351828706242,2.707065711365234,1.1022705931777703,5.593888337810893,-7.4168420073523365,-2.2859947754682586,1.7334516840194696,2.1241539988068885,1.426338830928708,-0.45022027181969243,-2.544741030043375,0.4374247050372515,3.0105677648161255,50.56073668850245,32.89149090109398,46.61496582224788,51.021704699326726,41.82310039888555,36.73848006318766,29.0549238132524,27.305173280385016,15.465355183448107,19.161556900192323,13.404718232327186,6.632567037100318,10.127848021810058,5.776876338243683,5.817011874887974,5.743350323177726,7.257629689693468,4.3997484976584,6.06563735699676,4.875362970343787,5879.0,575.0,713.0,1026.0,1063.0,1001.0,875.6,290.0,283.0,671.0,764.0,502.0,5921.630859375
BKB12_19,BKB_n2_1.WAV,-389.33228441148117,-35.399336784930966,-196.28451042650826,51.92638390897511,69.31703012756992,-44.50040378328067,8.73310418201053,-0.6877708820555322,-10.981082295243379,12.623989768528418,3.8143368433260654,-12.466425876701335,5.105822224120451,2.1272583937601848,0.5275942785060873,4.169700393512748,-4.148420326906583,-4.3844650540422,-1.6355581124690375,3.1411608243305285,55.7339623654542,27.11485199631733,55.4527419886741,56.860740003928285,46.903270633927804,40.04252808025584,32.30105417375671,29.118063518337536,25.531428490646856,13.165514413810737,10.688062516931826,9.952494150567324,9.702114953646024,10.327691894484683,8.108350089307688,6.429773221259827,5.280126793862555,7.729825993155946,5.305483376722198,3.7860191342576752,5998.0,593.0,762.0,1033.0,1093.0,1062.0,908.6,258.0,270.0,663.0,779.0,492.5,5986.23046875
BKB12_21,BKB_n2_1.WAV,-350.93667890537955,-68.28085984725266,-184.3475117389978,44.3095161952188,47.61747621682351,-22.11945945755294,-0.7665734114457339,-1.1914714620260545,-4.701340280801725,2.462453745444012,6.5289009382482055,-12.919373304102859,-1.7043842293938822,3.2281691065140596,-1.6087900517205815,6.056062715612571,-1.5355048463975123,-4.226906128111462,-1.097545939649459,5.629777825040149,57.04204773547342,31.776101094170347,44.44832369586081,45.292046802381314,42.19443073091733,33.04341000010519,26.875245309822677,24.991734382732318,23.02681674457308,11.606576244920465,13.399814954099115,10.007202123377631,9.031628659344452,8.815986775131625,7.911140939212914,4.757626815491855,4.696439225264103,5.288205802472922,6.740014543080388,5.617493660792018,5910.0,522.0,731.0,1043.0,1047.0,1043.0,877.2,296.0,264.0,676.0,788.0,506.0,6201.5625
BKB12_23,BKB_n2_1.WAV,-354.3277548915634,-53.98985145450865,-175.7246492314163,55.421046759275605,40.077842377106734,-21.066412071426424,-15.290372304690868,6.7261046570289045,-3.072483091230243,10.398679839916122,11.616752329753945,-10.142824744097009,-5.417969095775247,4.574786172657698,-1.2691551761663007,0.6427417830431892,2.103198161567296,-8.601229535656072,-2.4599231778808597,2.4870222877178745,66.51242522407162,37.53862413919005,45.46093883552418,51.4401192026825,46.64745408351422,32.609234519982074,27.074321004584835,21.113842516201622,23.464531974523453,15.299355465847396,11.59057180322524,8.320737730017457,8.423802256139684,4.451787447719299,5.405513906327309,6.2430586193237705,7.899568448279762,4.994232313090336,6.7790758452170845,5.084009513154661,6189.0,649.0,828.0,1063.0,1074.0,1034.0,929.6,247.0,263.0,747.0,839.0,524.0,5986.23046875
BKB12_24,BKB_n2_1.WAV,-431.4938089633629,-47.40999761010584,-195.24524311325138,83.08922050759325,52.59881043594706,-36.57556681918207,9.612896080114574,-5.232951997939313,-18.728343339501496,12.988813984316472,3.1823488991234172,-9.447349873955366,9.424445118870384,1.4994212266838076,-2.6816667398715275,3.6788818938644483,-3.309212893853196,-5.896675200188548,4.092261558187773,4.7448460234217,37.958505047519765,31.166841728454482,48.86390993161,53.094403122253794,42.48879047250915,33.61739158431601,34.03184213841645,25.84831415817239,35.976900705516066,14.216690730815634,21.86884733555947,12.2799383192077,8.209060373026944,6.9608085169727385,5.074866042168775,8.304183385243313,6.217715409280437,4.390681274445201,5.03227490536075,5.482513820279883,5982.0,586.0,835.0,967.0,1049.0,1039.0,895.2,269.0,270.0,746.0,793.0,519.5,6244.62890625
BKB12_25,BKB_n2_1.WAV,-406.39356293624087,-90.56666801707145,-153.67096048954195,62.913258639752286,64.20809275237208,-26.127281606109726,-1.284484464847021,-14.857518756216164,-9.215009051628174,21.652022570969983,-0.2817156694899278,-0.8883810739271667,-6.0695579938026984,0.1434788695185723,-1.483175028973808,7.394596455731471,-2.7982623204784707,-1.647171101258398,-1.3070842005829093,5.630733543240844,63.663988426242696,56.53504474655576,54.03453113776384,55.00873120117354,42.14230880802041,36.790066510590826,38.219373845679705,18.1867444148704,22.66963786858916,15.634437723639861,20.17048686768456,10.889028291447117,8.413305122410776,8.447893219775667,10.203737025121987,8.349385637242667,4.865387640043318,4.804678046860398,4.2983594364603,5.530497384998039,5944.0,564.0,798.0,1035.0,1040.0,1038.0,895.0,290.0,263.0,790.0,796.0,534.75,6244.62890625
BKB12_26,BKB_n2_1.WAV,-451.0099373585727,-51.04333752675502,-153.35701266148547,111.66091144295522,49.94908219812657,-67.91787831676751,-3.759990904146407,4.773478494662522,-2.9498245380187735,17.789616669311815,-12.246639553375912,-3.1936672577574106,7.494747138275773,-1.5454221061988378,1.365159884874524,-1.9753719342306302,-1.5793020963099518,-5.3404149088094535,4.550922805274575,1.2912912809803336,57.5643332338944,21.969930309057304,51.325381403006695,48.25490126550729,42.79326221858905,33.219954842735696,33.899137731488494,25.59005655137838,17.977594220358014,17.162722055577976,11.107836619183034,8.462190648473364,7.059873168271301,7.283916125060057,7.534791659218301,6.992261398611249,6.475849527437915,7.592294066338613,7.830884489901174,4.018545945771202,5937.0,569.0,774.0,1040.0,1077.0,877.0,867.4,283.0,357.0,733.0,795.0,542.0,6266.162109375
BKB12_29,BKB_n2_1.WAV,-420.1329139693157,-84.24719186499405,-148.7978101123352,84.21449505742548,64.4271191038816,-27.304245406683712,-10.079887659609643,-0.4674483742218963,-0.9144092690414356,9.773287055815697,5.125106448355172,-13.165964789077035,4.692248848978533,-1.0461494683445822,-7.22888611976593,7.6401271925344005,-2.9300696608840884,-2.1217104464808747,2.7250945101244097,-3.6186754215635966,56.103406927356176,32.438490339357124,64.81439465984653,51.23163670292822,38.89164184610031,33.090249172376446,36.081619419479715,21.21808088815984,16.420559859250872,14.903691199056702,9.006120805514406,15.517057147688837,12.184042735479961,8.347988671867322,7.866742722731045,5.613650867873834,5.584605853660881,5.79883959539721,6.272666929043383,5.191212706338344,5998.0,497.0,796.0,1038.0,1032.0,1018.0,876.2,326.0,329.0,736.0,876.0,566.75,6223.095703125
BKB12_30,BKB_n2_1.WAV,-421.64903345231556,-54.20891946635869,-168.89467931467132,73.71626592137288,66.78107076942624,-24.090851961002457,-6.549128008340961,-6.176955812126702,-13.276994604160635,8.998132520959983,5.5948607955776435,-14.382531696042427,5.484908024614571,1.1708507031737057,-4.063750308989756,4.3239093229361485,-0.16807906750822557,-0.9017642961680892,1.5448405056284007,-1.2488409876673034,59.45416609059514,39.454757607850716,57.9819438166153,55.27525663853589,36.557975145746894,34.26231175508356,36.088913344980895,20.005327239435513,19.4010139586346,19.600652466870617,20.77432174020096,11.37687911972402,12.709703125640225,8.63666652185763,10.171493067162297,6.0324543114391185,6.91092758934416,6.098018590437034,7.2157433658095655,7.134101910705369,5872.0,601.0,756.0,1010.0,1069.0,1024.0,892.0,265.0,289.0,671.0,834.0,514.75,6287.6953125
BKB12_31,BKB_n2_1.WAV,-408.63772249486885,-71.22230541448083,-182.12778482158598,60.83473070176398,58.31898292508853,-27.870834052065604,-2.436246201054182,5.785475701466126,-13.859226435264727,6.99257015396009,10.091431397251442,-9.926452350440162,3.485915958796786,4.944901963084207,-7.0196098138280965,3.072800545320649,-2.623784368138298,-3.1890678297753285,-0.8550354186961729,6.247406880864725,63.66955034795632,56.07041623430938,49.620182556235015,48.27503785637089,44.840838730418156,33.23587549772587,35.242154103470966,25.983993190371073,29.761616548776917,17.416080870782917,15.623818131900451,8.351555651510393,9.507433535525958,5.045667882954069,6.807122372126158,5.110654241056821,7.012618505725749,6.130295163664843,3.8455150127838875,4.66137371855537,5818.0,572.0,736.0,1020.0,1036.0,1056.0,884.0,288.0,255.0,692.0,777.0,503.0,6180.029296875
BKB12_34,BKB_n2_1.WAV,-391.9036267347662,-101.54232901695808,-163.60975135670353,72.93852568434134,61.05137246656581,-21.63611500316797,-8.381033983866457,-3.326233067001288,-21.879683531849818,18.251917019246086,8.129972891454212,-6.802928855985606,-3.0623587167995794,-1.55802073032658,-6.030327859616288,10.319720133079533,-0.7285274573268289,-2.0134929692863675,1.0152392295873114,-1.2335305414145583,56.1739613413198,49.09143754757888,50.747246758420026,46.012669257865355,41.43916474348633,34.32194083557962,31.91906989575579,20.43691643180311,25.645631320280437,13.555557012754093,13.141487109463705,9.225165972845371,8.343933503664344,6.336590030887301,6.002206534831225,4.429934761946396,4.868713140744361,5.120421224969608,6.588424041931215,3.7480736339707583,6234.0,572.0,825.0,1039.0,1046.0,1086.0,913.6,286.0,359.0,708.0,931.0,571.0,6223.095703125
BKB12_36,BKB_n2_1.WAV,-375.2729035584071,-29.037953597088322,-173.7938934095331,53.60026788428553,50.38130163350735,-33.9410428729066,-3.5120592161909396,12.592743722568954,-21.672706417696432,10.922588647484103,2.7161649742076346,-8.234947532153521,2.0984900951581684,0.9837590728729082,-0.7086871496793087,5.589161860057932,0.04076065912702606,-8.411938196514436,0.8300613378101489,1.9986244959573791,64.20328105597639,27.82670150769302,60.25094529866768,52.85413293465661,46.401149345915144,37.61441341680078,32.05076851905872,29.50952351322304,26.370745131755747,22.080261478954377,16.217726389149295,6.755516227921724,8.470497083372925,8.564574862799125,7.7849545964296505,5.392239233715273,5.306517199060275,8.602928996748423,7.235698787065766,5.759166983482202,5957.0,515.0,771.0,1023.0,1052.0,1037.0,879.6,338.0,286.0,748.0,819.0,547.75,6029.296875
BKB12_37,BKB_n2_1.WAV,-374.63873833175217,-49.4167253134622,-178.9652138164758,68.12805062026875,56.128352282678854,-20.86143476435694,-1.6734303031522275,4.436671064185644,-7.40497844221202,8.251995540592215,10.589643427624553,-8.387883085970342,0.48933652195556004,1.9341090020265739,-2.198202569963812,4.097893713883987,-2.057324941817353,-6.929548569294132,4.586172894996852,2.3652346135704794,59.925576687818584,32.30459046810954,62.234468109013235,55.928954838799854,44.7297554753052,37.444884452361556,30.647938802571044,24.91478797127769,31.17787086334128,18.275319631869994,15.77558957714789,7.729250517594917,8.567711229116812,5.343551221303611,7.924023868883041,7.227224840809053,5.056922359325678,7.387183748804268,7.255743495428159,5.423025429229069,5896.0,572.0,756.0,990.0,1032.0,1031.0,876.2,249.0,309.0,736.0,798.0,523.0,6050.830078125
BKB12_39,BKB_n2_1.WAV,-373.4536508981321,-52.09917172440252,-193.99765434381987,62.13121357557735,40.82689681528982,-19.483136764963447,-8.242423521999937,13.566632071896684,-6.246059754163264,-0.7130338115826134,13.313211922237475,-16.861180158142567,0.17860856254672342,0.8738929463553505,-0.5730017482097999,4.370552683421845,1.6743301281532044,-9.316333006642981,1.0068499358696987,0.6943593240260152,49.62832671828673,38.46972105207661,49.53345262455512,55.27438053917389,50.11840041162543,30.85754826131177,32.08395273259194,25.52175699708606,17.93720437240299,28.41984768191041,15.03934905793833,11.738636958768174,9.436870705099059,13.373699565636946,7.938635047467437,4.897028016521089,6.628463014470008,4.963698723659692,4.595088484264552,6.485846469697163,6101.0,664.0,759.0,1027.0,1065.0,1043.0,911.6,332.0,306.0,700.0,793.0,532.75,5964.697265625
BKB12_41,BKB_n2_1.WAV,-339.6232940451163,-61.044108514402296,-150.9689127875516,45.42161068558084,42.535838771005395,-33.10542601692234,-3.022640296878569,5.2560442349176695,-8.51761664414213,10.04345489241414,4.049145671767379,-11.39474001539843,-6.594605926690612,0.6184112514961371,0.2511489738161989,5.122789784627023,5.299050007009437,-4.866783154251163,0.7804836641996581,2.8478776364996863,61.86373761348937,33.84273735096426,55.377109357439075,46.48102781723842,50.25214842652296,33.73424215025159,26.97407143087339,24.077513727898697,22.23552601186801,20.283054059675948,11.018020570549062,10.778162128265725,7.384433806213834,7.722570217122238,6.755169701962358,6.64683044905647,6.587327661295524,4.9236098760950755,7.940240251147977,6.297206027754225,5948.0,375.0,734.0,1043.0,1063.0,1056.0,854.2,418.0,286.0,715.0,873.0,573.0,6115.4296875
BKB12_43,BKB_n2_1.WAV,-387.5610571262703,-63.16718614277028,-198.1667963354117,46.435089305130695,57.87253450499237,-11.39063954723144,-11.579161125488316,10.408439452625633,-15.414422793960242,2.7833150844551113,9.030290273156488,-1.529604701528239,-1.013282838348458,4.71571214149584,-4.243792280239523,2.095341872136875,-2.123162092327621,-4.248438193488688,-2.082720012499645,4.426549734481446,58.78912651888091,55.3456639572938,49.932951457127984,49.55963595660762,54.442065913520175,36.315365037843485,29.227172652501373,23.543148343049502,23.200579006101524,19.099078265530895,17.386474288020743,8.632494051248196,9.142636185948342,6.122817124837006,7.105641346086381,6.938192882060846,5.847735083103709,7.191863128466537,4.822215250034511,6.32117078029209,6125.0,610.0,805.0,1057.0,1067.0,1049.0,917.6,228.0,311.0,812.0,810.0,540.25,6007.763671875
BKB12_45,BKB_n2_1.WAV,-384.742001684547,-52.836251586973795,-186.3863527142901,79.66500989455587,47.73862287215187,-31.093576239369703,-3.0344041931695207,-7.3667961428718485,-8.474914234165349,18.83975299679936,4.1232259439606755,-3.1637930415104427,-4.878652147690763,0.4896348725940927,-6.301862791766786,10.148568238237997,0.7899706692399578,-5.452815680849872,1.2076663506793786,-1.504929730400853,68.08557946255766,43.43477900089422,51.209227394818335,53.96816160140187,49.67938883926916,40.69559236337956,33.75821255570117,20.0934635357369,20.265682085575754,12.348063013792823,11.231142058571828,6.5228408916322405,10.04831328780099,8.47850473938593,5.5263917036056815,3.789513431326566,5.032235544108485,4.658929821629821,6.385158468441391,4.169199240379027,6159.0,647.0,820.0,1096.0,1033.0,1062.0,931.6,290.0,330.0,724.0,781.0,531.25,6266.162109375
BKB12_47,BKB_n2_1.WAV,-382.54846911994736,-67.71808409595656,-182.61002352366853,75.30261213173573,52.1601406197864,-17.434783643854338,-2.9729762066595313,-6.278639522291452,-14.263172558792968,10.45090538834066,7.5940530432298585,-8.074258614307507,4.207849973443912,-6.9978917089836425,-0.29443075097446564,3.794540490154685,-1.2559631969915743,-2.7448077837632807,2.6217867396429235,3.1632248634512066,54.70607777096915,38.96994131097384,59.75057469791452,52.58561782037532,41.39364716829896,34.60391037826566,32.14842410178094,22.056847574632645,23.416786709781917,15.381298275245888,12.719269521502753,8.909572574273483,10.355213643717065,6.8822783485819325,7.313843944041482,5.8648278809637855,6.944792841419242,6.314316339822592,6.8095206950574125,4.109415213308839,6182.0,594.0,811.0,1087.0,1092.0,1061.0,929.0,272.0,327.0,717.0,827.0,535.75,6244.62890625
BKB12_49,BKB_n2_1.WAV,-391.8832836321395,-75.36071330013408,-190.6557661373624,75.95410824273033,50.472443577905764,-19.09421946937104,-12.974773828498778,1.8335487168296514,-10.150040132437349,17.176308526876326,14.628351436908096,-13.558326464782986,0.8553443657584074,-4.087252460950342,-4.125227449264429,6.545946172209917,2.144087237672209,-4.650155694734998,1.4258475981307446,-0.21890896932523682,55.40643062472165,38.25173480039748,50.796310592598225,45.720426321268526,47.37063564752373,37.00275513493606,30.006812363995284,19.58713196262282,24.75058152791084,18.78155160750683,13.55448963360134,9.785889453757463,11.079362946157316,4.599191039292309,7.468393967162753,3.3187619915702853,5.295421474424492,5.066756280418184,5.518476031838604,4.16012624266505,6043.0,610.0,792.0,1064.0,1091.0,1061.0,923.6,281.0,294.0,659.0,801.0,508.75,6223.095703125
BKB12_51,BKB_n2_1.WAV,-390.2546560303199,-61.189656772962614,-185.83036760913114,70.58549652404349,45.50170098460558,-26.278319691129848,-19.11201731302398,11.44806696863358,-11.264485691929606,11.825750471406945,8.292809534015172,-9.298844094641911,1.8067864211717144,5.69178523634129,-1.8182028841866524,4.110216808292552,1.15899092296261,-6.672468724441645,-1.5885361505973992,5.4499001053542395,57.36174485682117,34.62073104134666,50.25680201918645,52.32713538514532,49.81073935239233,37.983331515905896,33.304984746635895,24.95315798247308,28.05597685659676,17.766366035385843,13.132948359270733,8.028527081027288,8.190197072827074,8.117082014101708,8.655422618820536,4.480727642936875,5.777022273900196,5.346207984841232,7.095271121781792,4.813376288605887,6161.0,653.0,843.0,1027.0,1092.0,1055.0,934.0,271.0,314.0,754.0,777.0,529.0,6007.763671875
BKB12_55,BKB_n2_1.WAV,-376.4978962502893,-55.278005157444035,-186.36837573481708,61.18860538727686,55.22892813575053,-26.802294126140403,-5.479483608793353,-0.5552306223819535,-1.8966196396652646,4.801396035376519,9.366964812179493,-10.966398889318603,-4.410445030172656,2.8369662581580224,-4.039165229730406,6.999091377455755,4.011798220842851,-4.5265782259468486,-2.070405627598365,0.28433859127570466,60.84451685054982,31.262710982440655,54.95060207001041,51.21712399447488,44.88101992097014,32.81067779714647,34.260810604922334,21.14324200637625,13.62065055182461,24.58082277987,12.993761516444748,8.38950079701116,10.535031514705148,5.863159260964734,8.342478031055839,6.556127054037642,7.544725693627421,4.569468651628846,5.794171992633716,5.463151979961436,6184.0,644.0,839.0,1061.0,1072.0,1057.0,934.6,292.0,347.0,721.0,789.0,537.25,6180.029296875
BKB12_56,BKB_n2_1.WAV,-410.8536507596328,-52.432218786173216,-190.8666667981755,75.73551086889351,66.66325302105949,-26.63523173771521,-17.986162884374796,0.5219245626839266,-19.163585681843937,8.078003302287039,17.680384015039365,-12.43328701593019,3.9321985379766895,-5.715074086640873,-2.5839466739779824,1.2811329691019437,3.225626315132476,-5.163954964210298,2.789783753868939,2.3537030943019297,58.219897121972004,29.809692473951795,48.66233708489215,49.359514893090626,46.21940934528259,35.219692988532124,27.93380736860323,28.83513968750706,22.18078834278396,14.558614260580372,15.279112076657883,9.860110372058076,9.755431976372774,10.562665765523786,7.795529177307456,7.958459485083451,6.40233904530962,4.992830899269431,5.496661271181345,4.5279570684483526,5976.0,616.0,790.0,1020.0,1109.0,1044.0,915.8,274.0,306.0,660.0,783.0,505.75,6007.763671875
BKB12_61,BKB_n2_1.WAV,-416.507282153428,-40.61856070060868,-198.25754894608576,75.41357916356434,75.31330306295571,-36.351317443185536,-10.90673613562593,-2.2897492466862475,-19.478691807597734,18.288296714290116,12.029877610590994,-9.598685973048365,2.717604651864915,-4.861263096264616,-2.1584504035285104,2.0274971784252958,4.646683206905905,-6.480072653321671,4.672609386931833,1.9865923344276637,45.38345857946483,27.859526339425035,47.84859813571314,53.52451982928235,43.66961537640051,38.53403132325931,31.629857278529446,28.156638265420778,26.234361718729488,14.777568920993478,13.627152947748005,8.524465191822966,7.785595699683451,6.712907408379766,8.392136429945298,3.622145411958729,5.875482204788825,4.522132805793091,7.036416045522596,2.7696809479838667,5980.0,578.0,809.0,1034.0,1085.0,1079.0,917.0,284.0,270.0,705.0,739.0,499.5,6136.962890625
BKB12_66,BKB_n2_1.WAV,-412.9144364975297,-29.35607449722557,-219.49994620807698,55.71476420878779,87.4130968142267,-24.32946993781491,3.1230835275290767,-16.635665891509493,-19.242583501239157,23.18414915971414,2.5980738548920956,-6.068553901795385,5.792980705715039,-4.819123879560444,-3.9812931876821662,4.639250745355989,2.1215837441060983,-3.506358354523483,-0.857922371228417,3.3459673538129997,45.46699570741273,28.541904394774527,45.183006811465816,53.22250126446926,34.28397754346672,35.7570597287415,32.44643687564297,21.58911243489264,22.318484514005434,14.83427220950371,10.693296287416986,7.269015867945792,9.719727795869924,5.18438184584138,8.520641262083569,4.127795962440681,5.349675380314198,3.4710217024414236,5.4921132457993105,4.540124176210176,5820.0,523.0,734.0,1031.0,1051.0,1058.0,879.4,288.0,244.0,715.0,797.0,511.0,5749.365234375
BKB12_68,BKB_n2_1.WAV,-426.4000116818084,-34.17645973965504,-217.3139274535252,65.62022362772528,84.19541405388648,-33.36800991483271,5.282581620100089,-11.581903200747876,-19.269019980958987,21.149951606600514,1.6965167838393593,-5.653722622713861,6.568395534957424,-4.329941995349504,-4.794001156878654,4.204137382466274,2.6584339485088764,-3.817854510607272,-0.11902065162651464,3.7789936241321205,43.40727347612749,25.49087874465833,46.96947426469227,48.341740112624706,37.51613969318657,34.48851573401826,33.56151387033868,25.76268822170905,20.9644087203295,16.190291448349083,9.727412156647787,7.176156871545205,8.13607220889972,5.749277877342074,9.352533495329086,3.993892396478312,3.3048253401860843,3.2740590439830686,5.9769548598501405,4.032249215378847,5845.0,502.0,776.0,1036.0,1069.0,1060.0,888.6,308.0,269.0,722.0,782.0,520.25,6201.5625
BKB12_70,BKB_n2_1.WAV,-418.4492399575491,-49.83453332536324,-213.23310384346166,77.00470256331617,69.326187764213,-19.17996393583249,-2.030641553711252,-15.574794959145425,-15.226656456579404,16.040936543582987,12.827127177177776,-9.802430995124608,5.146905087892422,-6.427700448612308,-8.641957856618044,13.12328864871271,-0.5750757140246804,-2.9597824624397564,0.4128912262701815,-0.648385344943238,44.267352259812405,38.32564652189468,46.34706368019493,56.54405014119149,45.97656281213411,37.61365749449295,33.21223129522073,20.842479696179748,26.02341596727513,13.544086414544767,15.258201616037773,8.809091221044701,8.775618701131027,5.896346045300042,8.589057456644301,6.8953858044896155,5.337016067232083,4.277714808809015,4.288166425553722,3.537612020777008,5988.0,530.0,795.0,1080.0,1050.0,1074.0,905.8,282.0,280.0,709.0,801.0,518.0,5749.365234375
BKB12_72,BKB_n2_1.WAV,-401.86269246520584,-39.80231987685483,-213.6124932649731,65.38400274745355,72.28909489244387,-24.30492261914184,-10.022245946825366,-11.095193624693843,-11.405137420923198,19.113029876076034,11.304201765619295,-5.4835059437118785,1.099928440102457,-7.0414355389917205,-1.7050343461438846,3.114735904480719,0.7846516928455339,-1.3393431745259878,-0.8832961830719507,3.9277475637461747,49.54875717337156,34.471522805487794,45.089590107760664,53.61052953126441,49.76932379730556,32.23239841906967,32.00922521205497,21.65479794166754,26.272916197967863,17.262742614219086,14.240517277073549,9.235185499848605,9.448698779515569,7.089671735309211,6.535923352909595,4.266678734202017,4.724174860216005,4.014064849547016,6.353985398682959,4.820664448315073,5869.0,560.0,757.0,1013.0,1059.0,1061.0,890.0,260.0,270.0,681.0,788.0,499.75,5792.431640625
BKB12_79,BKB_n2_1.WAV,-407.7038316228571,-48.34309207580319,-197.30203370183088,75.97708336998961,69.56474870130411,-27.959233142986413,-14.146799607125507,-11.227761069954093,-17.011004162334835,17.956718048227252,11.503900835578852,-9.131792755416809,1.0826678642887733,-2.242992382072174,-3.251891328553271,7.681481191689577,0.6101273854192523,-2.5557097362490215,2.088272835838471,-0.9519661362887574,53.04665470777548,38.56900420831812,53.22317716252625,53.39354593105795,51.62816555565788,39.44445295295551,28.689402668761396,27.453213696489573,28.045789396727084,11.016625833344117,17.118224080421978,9.041560618446713,7.997633666256722,6.7753430014900005,8.335262307556427,5.292193653810348,4.487240733999687,4.34948161707426,5.708916388897781,3.9190344430750153,6167.0,628.0,816.0,1053.0,1078.0,1066.0,928.2,272.0,270.0,751.0,850.0,535.75,6136.962890625
BKB12_81,BKB_n2_1.WAV,-402.47195549302,-64.87388865519365,-184.41760782500603,73.84871502136788,72.43496089629308,-28.148249818969635,-14.026030519379388,-3.56758580886262,-18.77905858923645,14.015789334494414,9.886827250351235,-11.485278741714081,3.2394825948305974,0.9549237432858854,-5.547603836569153,8.560259906168158,0.2392243089463289,-4.6142947392861835,4.472146667353076,0.7222959062770038,58.001008372579506,45.42015190858374,60.877823166627685,48.87854359246967,43.63508435431823,37.48744478598025,33.57902677171102,23.5112236054662,24.869216978604612,11.688700738572104,15.81031272963902,7.69940072285676,8.905423672203453,6.042364120541907,6.101895588180263,7.498492141587918,3.984681874371121,5.194816801539668,6.119281438334814,3.8365028321869676,5864.0,597.0,766.0,1001.0,1043.0,992.0,879.8,269.0,266.0,713.0,814.0,515.5,6201.5625
BKB12_85,BKB_n2_1.WAV,-406.7618760303,-60.757730054705284,-203.46694963652135,64.27977995025803,69.08046089479214,-18.52183464223319,-6.38728889357984,5.542496423957139,-27.058665434877387,14.962498740333995,7.583867110175694,-8.002481395760464,5.275768868725215,-1.063896376263672,-6.184531192903713,8.141475936452926,-1.6669178707532695,-5.474063784619396,2.714356223114787,1.4364932981069882,46.69281716398307,51.3567987189677,50.889385940136634,51.47632805926048,39.82559627204992,36.50209811219089,40.2464465901779,22.213703081905166,27.943375224221697,15.959685490161776,12.740287804428826,7.968834713019905,11.164563567994199,5.129192688833073,6.776106563818483,5.413633910087567,3.9673911910043635,4.130355669368923,4.624897288039909,4.597641861746249,6206.0,638.0,853.0,1073.0,1087.0,1057.0,941.6,300.0,283.0,731.0,802.0,529.0,6180.029296875
BKB12_87,BKB_n2_1.WAV,-404.1584759999574,-43.428156404121715,-211.8003318631189,67.4893063851023,58.69991375301898,-18.487937542632583,-2.860404922111021,-0.9422213782922052,-9.556356802075308,5.622617155785869,11.37749454837349,-15.828759159815174,-0.2912379456352985,0.4293999414287696,-5.276759740560561,10.159750345907772,-1.043053365409089,-5.757480167949477,0.9284682044477053,1.4203355120500478,48.907183551514606,38.92118602441014,46.335266956679035,58.46702845799485,49.43630062740329,35.80815445620179,34.47716538921927,24.691360655506656,31.30222863778899,10.977334444813547,11.977212002409876,10.142298109172135,9.796052137411957,8.51764968495123,7.653581692739799,8.288289276718661,4.1902086189926395,4.902013485861978,7.139215161076859,4.015055448307366,5872.0,566.0,778.0,1034.0,1056.0,1044.0,895.6,287.0,236.0,704.0,766.0,498.25,6180.029296875
BKB12_91,BKB_n2_1.WAV,-388.90284593043594,-46.51510133354185,-194.99020823584596,67.83450310917978,61.23782177345001,-20.52893792187205,-12.360175783961482,-2.5280475784103094,-10.15206197528268,3.040234954663928,21.18685211995057,-12.702796049448208,-1.0916431350195492,-0.4463062617581977,-2.080480878497951,5.267236295141261,2.1914965969800524,-2.9026407180769485,-4.073207164903757,7.124850524908886,63.4417484180661,35.21839853873779,54.62516719471288,52.658496989305846,52.005646544367664,36.60798061543591,28.95633940947869,28.421312115730444,33.49288166463549,14.036074811814798,12.67457661327861,7.71785057191048,8.795856633317205,6.463655697501441,10.460062105242207,7.631106907910835,4.277386971189023,5.320788483150778,7.8022311491072145,5.633768804293449,6067.0,593.0,820.0,1005.0,1061.0,1070.0,909.8,236.0,302.0,735.0,858.0,532.75,6136.962890625
BKB12_92,BKB_n2_1.WAV,-383.4057259036417,-51.75661029417996,-188.1576885126024,56.814774355350885,70.52684174136104,-41.358533747962824,3.8507701512774157,-6.423913352855232,-21.746345462297388,24.29839359981223,4.523671847684001,-4.640542089348848,1.750951628497661,-5.330787994242788,-5.445234667505884,10.048513905833087,-0.7275928357045587,-2.449758968699138,1.7169715880068952,-1.6851445079591594,69.40620931195157,26.365085596195083,58.84126071613937,43.83235413674114,41.29658228972387,37.03262786072114,32.19307263038076,20.0305265820131,24.8768344664401,12.618917132780997,12.649687893063962,10.254405376712985,9.956998946682475,7.5497196478362385,7.026068654386781,6.600454697258324,5.149101526764444,5.230016787468481,6.738570103687889,5.748464515812014,6071.0,557.0,808.0,1049.0,1081.0,1058.0,910.6,310.0,268.0,746.0,775.0,524.75,6201.5625
BKB12_94,BKB_n2_1.WAV,-383.3818986720206,-73.41855241706746,-176.72033525100125,71.59958269088436,71.48193512744746,-16.23339773006333,-10.205555985324425,-9.905414448464285,-10.214660330981987,3.2997429933200695,12.398735015167635,-10.321642520809153,0.20561400841508706,-0.46334428132368494,-6.579653052472918,5.85282805673238,-3.6435815910801064,-2.2012201658722312,0.17557214007297905,3.7024756114189694,60.129270938268824,41.24579958389385,60.96553359154274,59.87220684879917,46.96380921643053,35.71283777857837,33.05183501628488,26.230363208187207,23.397471320711684,16.147822980969785,14.061166711404958,10.666651369756316,8.796919703023153,6.709818814505036,8.376501491656281,6.21681890573815,6.164426455970012,5.567666489854888,6.694378883364996,4.190946622928375,5990.0,559.0,797.0,1025.0,1107.0,1020.0,901.6,289.0,310.0,683.0,795.0,519.25,6136.962890625
BKB12_96,BKB_n2_1.WAV,-422.4909518537336,-57.01073807346047,-208.12197261771672,73.45075571476303,79.32620762735263,-34.99539586821289,4.0225640912838045,-8.89175091980938,-18.609347375430907,16.7958891712557,8.06064889173796,-6.881906809518669,1.436068013220041,-2.096115899771697,-3.512730135345672,5.77458759907909,-0.552708474633247,-3.9169661282789656,3.0122186897191034,-1.1087754997295556,41.87136665357542,40.61222010177204,46.18905107528294,46.713583923327455,37.906875687596205,37.33523361852898,33.62382771897317,24.209533384005375,27.342290329707936,15.696165018848495,15.705523980217995,7.260661984238231,8.940720270243933,4.453468680524791,6.4301736786081864,3.99571013108046,3.9213706554806254,3.867894148043793,5.799958770094601,4.413271919358909,5981.0,634.0,808.0,1034.0,1078.0,1061.0,923.0,277.0,288.0,678.0,751.0,498.5,6158.49609375
BKB12_97,BKB_n2_1.WAV,-390.9208469797134,-40.6947652346188,-188.93757161485428,70.59851666368675,51.82919302188498,-24.897475228358605,-16.160496459472,2.233267423346082,-13.693008492285495,7.779123885758786,17.158447140635516,-15.782627701230993,1.6296133847873964,-1.7249892306825287,-3.683419452521977,5.700822443366083,0.5119169265983907,-8.20712553708318,1.6692906183035927,3.0220861407315684,58.65462892956649,35.75727632932423,55.213651580491494,56.82391268328294,59.1913856456534,38.20738076784486,29.301514274464882,27.595151704744296,28.185456959893845,13.450426025712257,15.495250105481114,8.356424099335797,8.85354429276029,8.271295126063496,8.8412045800041,7.191897061929151,4.907183808399653,4.475963096494963,7.467629978624723,5.66440235424999,5895.0,553.0,792.0,1033.0,1042.0,1070.0,898.0,263.0,241.0,714.0,786.0,501.0,6093.896484375
BKB12_98,BKB_n2_1.WAV,-393.59632613537184,-61.36272180355823,-191.7899668184611,52.642787246303115,69.85795988610079,-26.26286622365476,-10.766785195656187,9.715707152330733,-22.246321300570887,18.848382057891186,10.825900205493454,-12.142489072893463,-0.8896814030256808,3.253225098103861,-6.577125928380752,6.971685623548189,-0.8093314606676407,-6.308130512748023,2.1656147891725417,2.572325525606516,56.613846043970085,47.79099115153695,49.25825529319029,47.28454223197613,46.11231565623282,34.28537002840566,31.762840740901908,21.42292282473957,25.028530151959888,16.503343480719327,16.34159826809135,7.328324252301098,9.126123439550346,4.531320060597331,6.896756076009366,6.10593242698566,4.731783380498203,5.349682160694917,5.374326798445431,4.960336102441208,5877.0,600.0,793.0,1036.0,1052.0,1073.0,910.8,264.0,231.0,666.0,785.0,486.5,6158.49609375
BKB12_100,BKB_n2_1.WAV,-377.8665526386059,-60.64386170343256,-190.69289491187672,55.63084100098842,60.197735690809296,-7.793103510028629,-1.9910340391234425,-0.5374551867543321,-6.687238908910279,-0.8456494274941706,12.636134129247203,-10.282718441664883,-0.7232712186476375,6.007023247028776,-3.5375555302923467,4.278788091838309,-2.1857112330420496,-3.6277094359283892,-0.5601202711832043,5.459898598354573,63.3934816849084,39.309392212663056,49.51102515026025,48.6335129284368,38.857139327332945,31.713190548220737,29.527803223842294,23.213947192530682,23.677327514690163,14.379530996847853,15.187195292921839,10.809121172455042,8.305607312814793,5.99068177356846,6.493136975863867,4.02276554299992,4.880524764624208,5.67837149877519,4.985997285859059,5.8297792918520255,5912.0,572.0,727.0,1041.0,1071.0,1084.0,899.0,266.0,286.0,696.0,770.0,504.5,6136.962890625
BKB12_106,BKB_n2_1.WAV,-404.53009512964246,-70.27305085027015,-194.16789345556128,59.33512885303671,78.57846778687697,-29.01687250823349,7.1398364659395765,0.6345700605143278,-27.831064267272424,16.07198416026257,9.22717832820299,-6.231155095287097,7.122705559386598,-2.562056525088127,-7.278412774964851,9.973677269694353,-3.026430965204435,-3.2536605591098855,4.777150833502659,-1.8854739773710625,48.42789411873738,55.0203353674627,52.24380935427232,49.976294278620045,39.15713099823883,37.254917933586555,35.618436482409095,22.79657874259022,29.14055054499014,13.862852567133084,14.165377038375038,7.877284782981103,9.795493924713847,5.608232617065286,6.122655175411001,6.956659094807033,3.98859821320062,4.984672648966986,5.313958565967367,5.752117078693887,6066.0,673.0,782.0,1073.0,1088.0,1055.0,934.2,297.0,282.0,648.0,802.0,507.25,6050.830078125
BKB12_107,BKB_n2_1.WAV,-381.67192202350657,-86.74207501043041,-179.7046830741542,92.49931779542275,54.217337135921554,-6.2738257500269405,-16.2362817986251,-2.647597361031163,-9.140588618060049,1.9963407283381964,14.255315275159036,-13.72168220456824,0.07381086863030878,-3.8693415699874936,-1.1242708503049865,1.5957087525923161,0.7684681880994626,-5.318354709618041,2.4080275309145662,2.6517773684552384,49.00107294730369,32.664929861865566,48.8052620238069,50.18058323011116,44.42996020151265,30.079343463758786,29.253611614156465,26.924806168744762,19.4230946269175,17.45806824761563,10.618844705020003,8.966127186228027,10.635807040026494,7.026905150421243,7.976861736990758,6.825795718397861,4.8482021117101315,6.306597246049314,7.058494798946076,4.194915174712145,6042.0,589.0,814.0,1056.0,1061.0,1087.0,921.4,328.0,285.0,657.0,777.0,511.75,6158.49609375
BKB12_109,BKB_n2_1.WAV,-386.0515130431042,-43.64753585042159,-190.53333414549317,69.98916426902872,53.899800227318536,-30.37145800183901,-4.052125215318334,-3.1633655523048123,-8.626777321575512,8.494501129542094,14.075092018375846,-14.419773920467959,1.8278777280653893,1.7205050073815285,-0.35943445881006647,9.228387282048304,-1.0819836462445445,-6.184748969246374,-1.0425319577441372,-1.4562236977706517,59.497398683294165,47.82744929453621,43.05244385759872,44.69420636270423,46.95320319712884,37.75567281641734,30.36451188344497,25.27463699413429,20.663923000173373,13.926585101666944,13.734856902426426,8.137582793421512,8.305612654056466,5.946463679835169,8.97975932410375,5.164181214275716,4.3988147566038664,4.462863893914325,7.039375979501669,4.217000084560855,6006.0,618.0,804.0,1058.0,1066.0,1077.0,924.6,275.0,281.0,702.0,760.0,504.5,6180.029296875
BKB12_119,BKB_n2_1.WAV,-391.57113701179327,-57.0981572329956,-201.51919400948097,59.75264961434278,54.57210754665478,-15.111791033924467,-1.912110851878485,-2.64212630726894,-6.668257022363157,3.119594260235274,14.045600900159547,-14.257371316186115,0.6070278041216354,-0.8609880855861775,0.5269607406975819,2.723470018112299,2.2564804668532203,-5.999283694977742,1.7332936912203352,2.8415685149006165,55.114594039514536,39.461096340100816,44.26383164429674,46.892892156796506,45.18778683552968,32.49010943235027,33.0078593626175,21.513310043873027,24.552837930908115,15.503878524357065,14.16517560804104,11.566910979588258,8.168287089125242,6.334275851097319,8.779158956888084,4.823643371500395,3.8512048148352838,5.740686006790541,7.514812985767994,4.387827663471102,6131.0,608.0,831.0,1073.0,1061.0,1071.0,928.8,302.0,274.0,737.0,787.0,525.0,6136.962890625
BKB12_121,BKB_n2_1.WAV,-412.7043198906654,-54.30950238797259,-192.54853779887642,80.19901988218284,73.41331824703141,-20.179817580267855,-10.100607251522044,-9.171811270971109,-15.577903060054558,11.750434735227007,15.395155615181816,-12.578620105503465,1.2262084102999218,-3.9159341339216875,-4.028530174721985,6.7721777068983915,1.9724452669264454,-3.0326535424875862,1.911772468977327,0.24705956281440208,50.821302243604755,32.22361865202949,46.36762622781253,50.84602915999354,37.62088904937402,37.606740919351886,29.599820570113703,24.60780789800903,27.087352454405465,14.027027149914293,11.208062955068051,10.16010922363843,7.241083833097599,4.184428926852035,6.120387731975884,5.811317660367295,4.571758769267593,4.413694873141183,5.18556237232027,4.766654827202866,6150.0,595.0,808.0,1053.0,1078.0,1057.0,918.2,304.0,299.0,737.0,813.0,538.25,6180.029296875
BKB12_123,BKB_n2_1.WAV,-378.0726621689595,-35.56943002355868,-195.39288408658254,56.787339125507735,46.02597531394466,-26.32141361373392,-2.0367172603079875,2.87445250984783,-13.774614006674446,2.433110099736248,4.348154499818331,-15.232394929822146,4.702600250298347,-0.23183043158372293,-0.011700048877745879,8.438233555078861,-5.489049036905647,-1.8311476126216542,-1.7357453587467935,3.7166512133913265,67.75406501529152,33.88270113721548,55.508531278362454,57.01793697355614,52.15603927977212,33.97902241107651,34.66610287793895,26.423036216614502,22.86746465375071,12.204985711532062,11.495815234070205,7.096528512868233,10.203129675361446,7.089456921819744,6.504821512159245,6.118248086328305,5.012069111193106,5.838503642027859,7.322639915955382,4.096685326958476,5873.0,559.0,753.0,1036.0,1043.0,1060.0,890.2,275.0,247.0,683.0,820.0,506.25,6029.296875
BKB12_126,BKB_n2_1.WAV,-394.27083383542663,-72.6141188557338,-189.3503419350731,83.29796436014963,66.36227350927922,-18.34465622942392,-12.964700563822849,0.78836021363561,-16.782497033784054,19.48585344766963,8.96046749914536,-9.939878420166371,3.464463730868776,-5.246871913860914,-1.7335807026441632,6.481265585233963,0.855501082542357,-5.339445015519965,1.139652348130247,1.1337249058005168,49.5895432718434,45.06515961185085,46.37065641099317,52.201706079616244,42.680097046737686,36.19610101145532,32.47387716212005,20.571816697007915,27.211283679679912,12.763550153485053,14.847168512928832,8.206245943651245,7.354185125175682,4.340755119756239,7.273771191475463,4.674472628812761,5.919623893353791,5.129692937022499,5.665271975606438,3.9704514388365606,6038.0,572.0,811.0,1053.0,1078.0,1064.0,915.6,286.0,272.0,698.0,797.0,513.25,6201.5625
BKB12_128,BKB_n2_1.WAV,-339.2442487941197,-62.4555122164529,-154.15165462881993,77.33827764109354,31.80272269622198,-26.577610230000797,-10.161359188084694,-9.140763887087642,1.705905896904217,11.40485318890735,9.463894087273028,-4.413371040461536,-6.325228670764886,3.5992505996028026,-1.8256980943626846,6.068929015900152,-0.6229526617944046,-5.660324307834014,-0.8934901225905727,2.0622953080334847,59.41839615234011,37.52498832034813,59.52655381687007,56.679988016011734,51.353521990963,35.37453671172901,32.881458524057855,17.072207187516575,13.301312731681149,16.236411253927457,10.140716796253736,7.671438906844044,11.984915051905988,6.128143436089429,6.952978005779561,6.017095706785692,5.995036395501794,4.70495605903416,5.9077770258172,6.272129770900971,5931.0,359.0,789.0,1056.0,1026.0,1057.0,857.4,481.0,265.0,699.0,829.0,568.5,6158.49609375
BKB12_130,BKB_n2_1.WAV,-350.1351216279269,-70.4245457357901,-157.93778971515604,58.12317765605259,49.36071828040488,-32.78898654146681,-17.615217902064725,0.1231088181059308,-14.099045034152915,10.763662202651448,6.64589372669765,-15.157110355308973,-2.7429560655994916,-0.08718405519991596,-4.435137867297652,7.953874104726838,-2.914779819233979,-2.926811251295064,3.1302287460179765,2.2355369000209717,76.86688231997482,32.671606061531136,63.570134341100484,49.77185411956971,51.39177330715664,39.30684694196038,29.131573791094585,24.424899538285363,32.27543747192293,10.796913519259666,16.574677457026088,11.728610939213088,8.249474390214672,5.050191941307168,6.273579253761085,10.029466037593417,5.015601541799824,8.034543132357449,6.5848332157058245,5.060976100969757,6057.0,614.0,816.0,1062.0,1106.0,1056.0,930.8,263.0,303.0,674.0,788.0,507.0,6201.5625
BKB12_132,BKB_n2_1.WAV,-403.3801557117267,-58.59297813587481,-204.48221216011842,70.4187687399041,55.679297602827994,-18.240523896049634,-1.0811677063982603,-3.307911026578785,-7.046276500731224,6.787882087875981,4.92969240200682,-13.711203396229768,1.696361214626229,3.404282059522035,-0.02497893028776594,8.712699037746951,-4.213913567925752,-5.931514344130747,-0.9205299116092804,4.923659050551152,48.262109861830695,37.450512091696424,48.31226228082932,55.24058402585485,41.9266483831405,35.09619458768507,32.74418915212023,23.115362440522027,22.866750506321928,11.045517166590805,10.98399362014356,9.214466362907258,8.521643854968932,6.704801435228284,7.975563281437186,4.866667437910836,5.040163557680864,4.940705524171254,6.622293525914306,4.5645126915746514,6146.0,623.0,834.0,1023.0,1072.0,1069.0,924.2,314.0,285.0,737.0,824.0,540.0,6180.029296875
BKB12_134,BKB_n2_1.WAV,-417.90629024806947,-27.4071487507812,-208.61301044783679,65.31418877337039,76.67027303676116,-35.54061573235635,-3.0645303339014407,-2.6465207944873614,-8.006801111431814,1.4445767043092212,1.2869385932023083,-2.048329753944438,-2.146983726348606,2.045057661039407,-0.8154790206654375,3.2437644291360073,5.148930011868282,-5.104600582507182,2.2079482719295247,0.6204248284151404,47.551798833037125,23.518930563835518,48.94281519478791,47.25035360157565,49.1045687300049,33.868544636042465,30.322673101750883,29.60119252404861,22.65454087637318,17.800236202493757,19.437063719647306,8.183456747831816,9.278873845087201,8.22073331401669,9.828313696070962,6.723736997403133,6.320627707472118,5.199148423924191,5.372688908012674,4.308403877925199,6033.0,561.0,801.0,942.0,1076.0,1092.0,894.4,301.0,273.0,832.0,756.0,540.5,5813.96484375
BKB12_140,BKB_n2_1.WAV,-382.6891543176689,-39.241620407622584,-199.31404708627582,44.203656283968904,58.783806526872254,-19.983771141097005,-15.739785796459566,-1.3277263846310972,-11.560109639565475,-0.6317184406190989,9.742151636846815,0.007231978145417573,-1.794657992501245,2.414920306196664,-0.2824169236426482,1.1086504758127673,-0.0055103452481014645,-0.08647698269617125,-2.671692454346409,2.9955551327311505,62.745074940460725,37.6791388058419,49.14650157189257,50.08145113052762,50.19993473560753,36.32822144676388,24.735653727518624,19.618636866326092,24.15145149679514,10.17080730252289,10.60537066922433,7.529245443450312,7.767274509440608,7.985079162760724,8.340670329735746,4.585140135433168,4.712792334474379,4.448760067657178,4.13473229020523,3.6397108653926744,5805.0,609.0,814.0,1062.0,950.0,884.0,863.8,294.0,284.0,718.0,854.0,537.5,5792.431640625
BKB12_142,BKB_n2_1.WAV,-365.90211396675164,-38.366482197238945,-194.51129941495836,49.262859245970866,67.0915813425111,-28.859449667598625,-8.465515155507621,-15.503238401092142,-12.651951290175225,11.412240744931385,5.831982761278705,7.0558382490461105,-0.2683991231320271,-5.094402327088623,-6.415403523126666,0.13729518352160172,0.6272156679766415,-1.4148000519133188,3.4351207393251197,1.285342803698912,62.35080962453915,40.098077693781164,47.0433111204794,48.33629321867877,47.022657893772525,35.440083060478365,28.908329606596237,20.257264244940373,18.096241951560962,14.479463470198557,11.72205310924919,8.381763649188251,7.126140094893397,8.576122847610604,7.310650271624508,5.482557762817406,8.029577591235814,6.853380969538415,6.386403728523554,4.715654206783147,5867.0,524.0,769.0,1061.0,1073.0,1051.0,895.6,296.0,255.0,677.0,775.0,500.75,5835.498046875
BKB12_143,BKB_n2_1.WAV,-402.89440616034744,-33.4917278096057,-213.0880400305288,48.353293573381244,68.69867163535258,-22.929129117261546,-4.273112216132916,13.339485882679563,-16.688376477399807,12.06297564598245,14.150932147902417,-12.457000833581189,5.364294916990548,-6.345579467684574,-1.9282769791460785,4.648207839464639,1.5185541126756914,-2.6081418874995532,0.8492828716652778,-1.0757229527557604,53.86785535929146,26.6903929483597,45.06690071008162,56.08678190446591,43.393053806033734,39.75806954006591,33.358012748201226,37.657277021639594,15.977056415683922,22.436717655527172,22.448161923708195,8.438568792505968,9.800713887518588,9.950274533882734,5.997258972051382,7.661367715014233,5.650178328650182,9.548658662125739,5.624343356659943,4.712927024119741,5996.0,583.0,792.0,1038.0,1068.0,1095.0,915.2,285.0,275.0,673.0,795.0,507.0,5835.498046875
BKB12_145,BKB_n2_1.WAV,-391.89635613039025,-55.93069609582188,-201.21199795598739,46.974292981910516,65.15959289253269,-20.78928299712198,-5.40992700086935,16.709211581425794,-15.857737351194997,3.763656979094409,6.176741171306426,-12.888476366276882,6.826545342288998,-1.0849299402560664,-4.163344024151207,6.453207413533668,2.165172064905605,-4.0699346557213305,0.7324802135074692,-0.06491973409611775,42.22541132893319,34.55513286450788,52.215460348327476,49.12795672986892,49.353731333031874,36.182734595711345,26.2988084208747,30.806511929650007,26.874436146728662,14.124223642759299,11.841699374503172,10.732362518242532,8.099381960857581,7.847630580636107,9.398907255643332,5.069755824476992,4.231761741456493,5.358590378257363,5.728223958069959,4.22079888915081,6028.0,593.0,799.0,1042.0,1079.0,1063.0,915.2,313.0,249.0,750.0,788.0,525.0,5986.23046875
BKB12_148,BKB_n2_1.WAV,-401.91931987148064,-44.41221444164318,-216.61565274043375,55.09971493144011,72.73041729330951,-23.790327040958235,15.552089380111072,-2.3838030961285424,-15.378200393112317,6.230711797892132,8.492613346354252,-2.778932071122299,7.798047725171869,0.3319907034995937,-5.924114209788001,4.192773134563649,-1.9413019759482835,1.947546220853754,3.152739395257383,4.108031402789548,49.4394842396135,33.090646908460585,45.532834984942745,50.215500632633066,45.27029986583777,38.70389965060031,30.148833780013728,21.296816589519384,25.845804141204887,11.418338847781776,12.345432822923804,8.118521466944031,9.158405913505952,5.9843524596345,7.02699613333886,6.370013361961883,5.573009682705352,5.172363504152383,4.159771423071518,3.995883201081321,6036.0,592.0,807.0,1070.0,1089.0,1023.0,916.2,276.0,328.0,665.0,801.0,517.5,6007.763671875
BKB12_150,BKB_n2_1.WAV,-353.01004046935014,-54.725561321722274,-164.07033839246046,40.77466661576188,65.31127810919816,-29.060851772554635,-13.343929460350587,5.163996111690665,-14.631290461508309,3.3180911306678467,14.966509566138214,-13.18683275378614,3.3106626590006147,-2.6605211609623676,-7.054349223537357,6.085052766248514,3.2470713635245585,-6.6112420127515525,1.410480840716544,1.2051933245865853,56.81525031242693,40.251547408313314,55.53267371834332,57.55794563519163,43.74672842634212,42.543483275725904,25.643334101975704,30.2875197036817,21.676919916918646,10.68047254599808,10.378916682176536,11.341831996708917,8.033160834666388,8.705715176465395,7.166990151599815,8.266625040692368,5.08808359060429,5.008557852073994,6.576509837024176,5.028575675741367,5992.0,383.0,798.0,1037.0,1013.0,1071.0,860.4,496.0,250.0,771.0,800.0,579.25,5986.23046875
BKB12_151,BKB_n2_1.WAV,-381.81800258936937,-48.141341307095445,-195.38169793116577,57.97044499639522,50.307036121301806,-19.012385601985486,-3.180451930888486,-2.922950357049746,-6.001422339506403,10.547658220431478,-3.0027200947585957,-3.227698421739363,3.9512279022728154,-3.728584366850224,-6.706506134846527,3.923633011266317,-2.5233360973812147,-1.4637847784808453,2.439143247628908,1.5473979495624515,49.278726299206355,57.10576411421431,50.44354810110912,52.52224257220039,43.06318466515614,41.006639468146844,32.97398530638296,19.033031945564144,15.843251640601494,12.04284023325025,8.488547939211616,10.587794077845057,6.582242175087889,5.565302077459607,6.5679750166497675,5.508840358260122,6.2119113008943065,3.469546171747013,5.784088286239908,4.475748172477912,6508.0,522.0,745.0,1049.0,1071.0,1020.0,881.4,452.0,424.0,877.0,946.0,674.75,5792.431640625
BKB12_171,BKB_n2_1.WAV,-397.9475599020728,-54.026139529452735,-186.56294196593,39.145993112258,79.98597998505781,-36.66829486668192,-2.871042891551148,9.246865571421653,-26.12086341581221,18.226499631602998,6.4923999392938105,-1.82366182484735,-3.2959579546253672,7.667814367088157,-12.93366711839855,13.286991802219081,-6.713026024282024,-1.3114348480836624,-1.0948299360524016,2.63550962663571,42.75900068230081,28.789775462733292,51.130560788803685,64.27111830370902,42.79661243890881,34.44261391153866,27.649364924527273,30.120967413639,22.526406204681937,18.518080276182232,12.895709742100713,12.238958331784596,11.260292059687783,13.826525122641662,9.01390148841935,6.329876915738038,5.844191839165454,6.449310770032241,4.530491838857396,5.420038999140786,5800.0,488.0,782.0,1019.0,1080.0,1033.0,880.4,285.0,248.0,794.0,850.0,544.25,6093.896484375
BKB12_216,BKB_n2_1.WAV,-407.89937369853345,-36.51034082209085,-206.1804316369579,67.48669210634401,77.20616018138227,-35.887799998836535,10.150632455152875,-4.930894390624779,-12.62575216111517,9.818991625001853,8.501346768920307,-5.926860030540099,1.0104818952686687,0.6653737849561341,-2.8738930485828087,5.849262655730713,-1.7044516145801507,-4.546690861693057,1.0359655518412134,2.4034509118319143,41.67046948993968,27.308916494038492,47.876199884081444,63.70954649041039,41.19820769923779,33.79532920265593,36.45220847907635,29.929830736307537,30.265581803545288,12.908601314932985,12.145841564058074,8.125803642494471,8.589996064385927,5.933031073474253,7.28102738180072,5.681666848014149,4.6903609189339255,7.095141711318153,6.271896670810193,3.839529138641584,5950.0,645.0,763.0,1027.0,1071.0,1066.0,914.4,291.0,255.0,671.0,805.0,505.5,5986.23046875
BKB12_221,BKB_n2_1.WAV,-350.5547587261261,-41.601444689221644,-167.52876272972915,53.74810519912075,58.273409963624495,-45.627123147943294,-6.929569963202395,5.156211882862888,-2.7336692182606166,15.930626319717343,1.867757392975873,-8.78556508496402,-4.1980236642575015,2.0395051301597737,5.844923665975206,4.824683862523567,2.641439046564647,-8.335313116835165,-4.116182736495235,5.310248056291785,69.54587006422899,30.37538800962764,56.27934579148654,47.41652004018184,42.823824961788155,27.329362150072516,27.60149115987746,22.906120778249317,25.497638907339095,13.584910793916155,11.819146103097294,11.289052969697646,12.306422971180327,6.577552352049927,6.8477129663625185,6.766869261902859,8.116331977093614,8.888111242357084,3.526197121904157,4.915433110876962,5921.0,598.0,757.0,1033.0,1071.0,1051.0,902.0,288.0,302.0,708.0,784.0,520.5,6180.029296875
BKB12_228,BKB_n2_1.WAV,-363.56299789150614,-46.550712911208706,-163.5601408081745,64.76399848008914,57.49137083593109,-32.85666709035174,-0.13257301147936765,5.113892682399703,-11.625198458542819,10.834311584376705,-4.8252392197866465,4.393723052130326,-9.61445288583972,3.9162905961317596,10.586166982506976,-1.336301999985276,4.955525817317634,-8.809783135053861,-3.370466161407283,6.126462602932341,57.584061724349716,42.052627629195044,47.97976562633447,63.743319882115145,42.15288795070052,35.96879028988659,27.600827677322126,27.740827529421637,23.418809527965728,16.99359312477085,12.057808963897159,13.243477814246232,9.690576192362082,4.6419915902320605,7.820219603837044,9.516530945049048,7.006051478794376,6.452952969689021,6.506497642666284,5.410199117363855,5774.0,577.0,736.0,1029.0,1076.0,901.0,863.8,320.0,273.0,747.0,777.0,529.25,6072.36328125
BKB12_245,BKB_n2_1.WAV,-348.73128204120616,-22.70245027482942,-158.58344899968847,46.68260782191913,58.776108434711894,-48.35866082323332,-14.223504593063266,2.646618574250164,-11.572136456796416,5.415224465964685,10.661343867455914,-14.407977744312003,-0.25174106507066046,-0.11754186216171252,-1.2010119350629844,6.557962042022606,-1.0736676679959498,-7.120017638032636,-1.7204981577824245,1.7114448056987317,62.8097891734533,24.599696413930694,50.52424011053827,61.5888565416314,40.63316732602538,35.631973358707526,26.895590310648945,34.98340649563748,30.567205053212692,10.441044286092774,15.015829753026013,11.537789599207473,8.077061044921658,6.134048419587265,6.338842351011745,7.500325073356086,5.610695770248272,6.523570419130294,5.401115967988518,6.695395972781067,5900.0,609.0,801.0,1032.0,1041.0,1037.0,904.0,273.0,191.0,697.0,900.0,515.25,6158.49609375
BKB12_248,BKB_n2_1.WAV,-371.51873097196517,-52.20592440451342,-168.25874626324023,65.47597529318487,70.88047386513162,-41.22125116975744,-9.510897433254089,-3.8675222330258134,-17.7669261155225,23.25960169446234,14.653364524883434,-4.389231482398037,-0.17990428746417056,-2.5528555811520133,-5.235079403162386,9.233297805336441,-0.5874681000156888,-3.5117143004946514,-0.9798721265514211,2.150090695192072,68.4030585498029,32.743806125879836,63.05662947593175,51.40697449979061,49.76885702260239,33.19092224034347,34.06865922931786,23.857009043355248,26.750724244195663,20.03150332137003,12.446191305166748,7.131321292424885,9.140583840678403,5.567699033128947,8.073165496355392,4.758754688745736,7.734289916450469,6.6935177082211,7.965511238696946,6.396143744408444,5944.0,592.0,766.0,1016.0,1071.0,1066.0,902.2,310.0,290.0,723.0,801.0,531.0,6180.029296875
BKB12_266,BKB_n2_1.WAV,-389.47413074018834,-69.11954188606386,-194.107545658759,80.88987579621192,46.672798938418865,-12.91841372971959,-27.711242987913266,2.1618782055783092,-4.00042262298115,8.695166627905941,20.239083285898918,-5.885051841840816,-4.041204445959767,-1.3739391952069586,-0.4425021606375663,-0.14004994497734227,4.9597384718216215,-1.4718329703881008,-3.213678916897212,4.582163114980715,50.110316766051014,35.169423719336585,48.274014464224265,49.991194336787274,44.0596998938752,32.84272649378679,23.148759027867264,24.69765559749161,16.801779751220188,31.61354206300942,15.710431812566313,6.6003541119488345,6.464087124374001,6.083723308286512,6.394149201770719,6.170489414516794,5.716428264726508,5.3798352070264395,4.818514375425798,5.062927065238535,5921.0,590.0,872.0,999.0,1062.0,1057.0,916.0,247.0,242.0,739.0,824.0,513.0,6029.296875
BKB12_273,BKB_n2_1.WAV,-395.62110196339864,-64.3724501616081,-179.30224842599708,81.41782768288665,83.24810440064782,-26.802347582503444,-6.437530289389939,-9.040787815126018,-12.910680397394687,8.197504114451966,19.259668039807273,-16.7928664153546,1.2548803302666696,-8.022519579213899,0.06868065393675024,5.826414580520164,2.508317553704236,-4.79798496891154,-4.895374339335119,5.934691056921265,50.55442573248507,33.017685834616756,56.729400884795616,59.68240420303016,40.34375538707321,37.96232965812301,28.6968540770596,25.224910165718896,26.224118815876185,12.208332343121656,11.932341157352399,11.862279008283299,12.138995438897684,5.020173970734533,5.8077479489515955,5.729028925594186,6.345329862740232,5.052886292220666,4.800007631227746,4.798306352839047,5928.0,589.0,791.0,1059.0,1048.0,1048.0,907.0,316.0,230.0,752.0,823.0,530.25,6158.49609375
BKB12_275,BKB_n2_1.WAV,-346.22069616524163,-51.66050288172519,-153.78400366701302,63.03647531187462,53.37315035405973,-22.832262948996654,-26.310213902022117,9.035130671945389,-18.120057066651363,4.284655296157366,16.343108024101316,-8.52909784966879,-0.00987167149320581,4.488814679593858,-8.044602546627189,5.074925427895626,3.8609832209491595,-7.227625869697932,5.994435773507422,0.859768091395258,52.911856013115646,31.11240669094803,56.0574357486721,69.0681288380735,41.6097823108814,35.108155130727106,26.563230629153946,26.401422835266047,25.68975583980065,17.13118697976002,20.490712598254923,10.993368056636566,9.633341782689914,8.507446228992023,8.844004438959223,7.1085903744252485,6.089823403819031,6.348849539919685,6.12556654089247,6.609171751623624,5989.0,638.0,857.0,1040.0,1026.0,993.0,910.8,280.0,258.0,743.0,811.0,523.0,6115.4296875
BKB12_283,BKB_n2_1.WAV,-360.38213074932713,-53.82348875455331,-178.2564522718342,67.26160896152129,52.25833046365256,-13.990205510003205,-11.230967822937531,5.067759507982502,-12.911592183398021,-0.3878591699822871,11.74236547667575,-7.2312447215940585,2.7350279630384446,-1.358360902637416,2.1677788614873617,1.1140182967000019,3.033302609058569,-7.754863112629907,-3.4727735711372585,1.057469756189684,64.68067499176226,37.961588337886134,49.25772252830083,55.33782774647153,38.645319701635486,31.754008595199434,29.23852420949494,19.693951542890044,23.722043162919082,13.078871275364992,13.041266882442025,11.051806369756015,9.42848358944729,6.726762522974437,5.968307026597083,6.480583691821123,4.404813072874492,8.33820752753171,7.389277190587918,5.657590051771702,5889.0,598.0,844.0,1036.0,1025.0,1072.0,915.0,248.0,238.0,709.0,811.0,501.5,6136.962890625
BKB12_288,BKB_n2_1.WAV,-394.86835711926204,-36.25088115423404,-211.0076513799768,63.57973288431267,65.03356161407227,-22.34312317998605,11.126023725691212,1.9785511921635008,-13.699956390856796,2.67746496167612,6.794271475714745,-11.839053950212632,1.4737743450109624,2.5086831040971003,-5.02039879495449,9.246100845510833,-0.2606657508580928,-4.728714240358818,1.6500399391604577,2.130787831491155,51.10213240229035,33.243125427608916,50.00852004604574,53.02593179494398,39.339342652222435,33.23801024139148,30.24591222671764,24.951327643701273,24.552699442274026,12.574892054123396,12.759292402604656,9.252282714670331,8.192070751897383,6.882738596167395,6.511989429075942,7.311053799901537,4.651079637943546,4.805719414772063,5.202255623773976,4.456880556939272,6085.0,646.0,803.0,1048.0,1020.0,1063.0,916.0,266.0,320.0,755.0,827.0,542.0,6180.029296875
BKB12_291,BKB_n2_1.WAV,-367.6573391961595,-49.17764636795741,-190.2313875576046,62.62073054597155,45.87784527540663,-26.15452127971839,-6.74268569586606,4.0984309713455565,-8.589875587630841,0.1156202350792915,7.461481380540937,-9.000816966331875,-6.459324656820279,7.6584818357142534,-8.869254394657709,6.274672173738878,0.2534104970797304,-6.860604853741148,1.2617591273743913,3.2895103823683645,54.27875938583669,42.12844032964608,54.956006635974845,52.58923038527487,46.53942403197636,33.07832668919754,32.623036079426555,22.170502441192877,24.824700727809656,16.5195678549645,17.66885084869023,9.789657105572484,9.59968272805836,5.792682139142701,7.731575229880434,5.730932054899629,3.185072929074644,7.024954489255671,7.578230343668513,6.290876166612412,5948.0,587.0,810.0,1034.0,1061.0,1052.0,908.8,257.0,290.0,732.0,775.0,513.5,6007.763671875
BKB12_293,BKB_n2_1.WAV,-364.895856887057,-65.62115112317981,-183.7054680262154,83.39101311081306,39.22501329784358,-20.321337897009343,-6.924261933654548,1.6939678654502652,-5.508660367713402,11.940391430141506,1.1193830094324053,-0.8237245662903772,-5.018755803059023,1.5060199372133556,-1.245764932434965,5.894078142214742,2.0409360150662113,-7.024633258439451,1.6569624870608803,-0.6014587748049165,47.69875334696802,37.20394137518134,51.288381461346354,53.9548734381879,45.66817040295992,32.415690403698186,29.405815171749293,22.534070148470253,14.960971323607628,18.58883590072487,16.28041072434425,11.198195388199116,8.202414129079813,7.350770545096474,7.226022414724632,7.5512864113881975,5.0345844233944845,6.470798982028323,4.930754129094568,4.601587957766772,6078.0,605.0,836.0,1020.0,1084.0,1084.0,925.8,298.0,310.0,751.0,784.0,535.75,6029.296875
BKB12_295,BKB_n2_1.WAV,-363.1934413216364,-73.54309153447824,-184.00643226300352,50.87679044165308,59.301373432046134,-12.631066374822252,-12.685939749641788,12.427559408444772,-5.398589367683034,-5.954057736706146,10.480378431158913,-9.629168456101514,-6.739604552210927,3.629295725424546,1.3353283588127114,1.9445138554260597,2.3389140455373587,-3.5822555174857316,-3.357173269970535,5.303071932623073,49.19905499700807,34.939452301319996,50.32747474523203,63.45788632142919,39.48331204455947,34.61580122298842,24.93531718661569,32.332194478162855,15.992221217634707,28.885828088446736,14.802402303191545,8.238860659694932,9.072853225205993,10.821713101933739,5.645413905578812,7.3184940190637136,5.290239508896913,4.286496331237789,8.235405460577304,6.212764291101677,5833.0,607.0,692.0,993.0,1058.0,1064.0,882.8,279.0,302.0,750.0,774.0,526.25,5900.09765625
BKB12_297,BKB_n2_1.WAV,-350.6294024224521,-70.89678348379869,-164.30038888349554,74.77865526919904,46.716707632969914,-33.62982099023895,-15.70233346800709,-0.5236625135669646,-5.751944323976871,19.39315631517198,6.916742167349186,-6.347586815022212,-8.975193030298826,-2.6884901713687674,-2.2430932949533418,11.362434630427002,-1.186250230810319,-0.9354525680608665,-1.8406428154629586,0.9765687438999775,69.33740324694813,33.745341360434395,48.36194211876563,51.70866756514873,43.820577412234464,30.933794452078608,28.21727474216149,20.720356390923666,19.103493873060362,14.847602911316066,9.205138878102504,11.367760148660569,7.150832070174884,5.812211961811263,6.894758306415053,6.244010872858406,5.004104242143611,5.384282382740121,6.8522086308002965,5.966511153860142,5990.0,608.0,826.0,1056.0,1053.0,1036.0,915.8,256.0,337.0,671.0,804.0,517.0,6158.49609375
BKB12_298,BKB_n2_1.WAV,-344.4721187745531,-26.559755058315883,-181.0545749801457,60.27550856402337,46.54395315295628,-18.83961903212373,2.805376020827881,15.213943054035783,-7.312211731308666,-5.436412976445333,1.295196828693715,-5.261293808110898,2.5832660143795882,3.7813860366012277,-4.272604721727855,1.8593322922189373,0.5973132213755625,-3.326268402464019,1.7463371993091283,2.295725246810044,76.30789493112943,46.71957490856471,67.44269648551911,50.40397758863453,46.61521401254309,32.00385622865327,30.249050691908494,24.107122973925115,17.465636676191757,17.85537532462731,17.696803851063894,12.384712020367976,10.164651563973944,5.602835103824586,6.585205274246087,9.213954371722597,5.999303850355025,5.596004914788541,5.750312501026094,5.633460762773862,6072.0,604.0,800.0,1002.0,1086.0,1334.0,965.2,279.0,352.0,717.0,498.0,461.5,5900.09765625
BKB12_299,BKB_n2_1.WAV,-366.3204787499892,-55.518230614211554,-183.6015407519865,70.60299810707909,63.047885474681124,-25.289899749738165,1.488951013234407,-5.222532978134858,-8.477496079220796,2.8626852739147357,11.197550002396133,-7.419755869895533,2.8243386966616515,1.5753705793965465,-1.8503046649711394,4.188814048552608,-3.2987896700585595,-6.120866204406367,1.451750734716117,-1.4119665514419952,55.550455017989705,36.671150824769065,53.08663910798725,63.399800249401984,38.47895339152809,28.834212419330594,38.18903089814704,20.34372532150908,25.7387924981034,16.71396872518475,8.960575943103473,9.334059652291868,7.444572116468177,4.317309437552285,6.730018163497757,5.858289381463726,4.4990238428790255,6.4415340945173885,5.475666913097821,4.439860748850418,5856.0,586.0,804.0,1017.0,1069.0,1060.0,907.2,251.0,298.0,694.0,742.0,496.25,6115.4296875
BKB12_310,BKB_n2_1.WAV,-325.4902960859506,-62.31082501259169,-133.31364208856445,74.05075226425545,45.91833750536379,-36.41513651971546,-21.561933327531953,-1.4034042910924185,-9.475706232603258,16.163385261624747,8.626418566376021,-10.116951214406965,-4.563564303403823,-2.0107159439012623,-0.547457985242542,5.048058216480657,-1.0603647525074107,-2.2107943711817293,-3.0413037094006223,3.75313604001576,56.38758816912123,25.900158678627847,60.53721314609699,53.1033907840838,50.58422941173967,33.11212905770768,26.278906214002404,22.401389410508692,21.902997025830004,17.375703536346588,8.734898986013413,12.683030669748977,10.55259741397611,8.51387532107315,8.706327975334162,4.56553273223607,6.099091353919834,7.703075865263814,4.33573000436656,6.865439375210056,6012.0,623.0,798.0,1020.0,1057.0,1070.0,913.6,301.0,297.0,746.0,774.0,529.5,6093.896484375
BKB12_312,BKB_n2_1.WAV,-356.09320725391507,-65.22891747413247,-181.83751829127334,61.70406646657808,42.911097071623125,-21.234679438384997,-10.798969914363367,7.752019115781089,-3.1636745386529195,11.536654333044169,7.537159864350996,-8.502840352735458,2.5096473672427098,-4.132279303235606,4.863800400786345,-2.7919796168765663,0.9353593961524064,-7.656870805043305,-1.4687217983730676,1.4117484536683267,53.686609438878094,28.319372076528126,51.73204289594582,47.3302616684702,46.85067319959073,35.91914565157236,26.709504150271474,22.18597279317206,20.940871191911533,15.347398639362643,13.149162794761166,11.101348756975066,9.640736852954708,5.420450517195717,8.561831391176472,7.787693139760856,5.864095164023258,5.827421086730411,8.403448654653788,6.04522106048898,5977.0,556.0,794.0,1045.0,1067.0,1074.0,907.2,310.0,280.0,718.0,773.0,520.25,6029.296875
BKB12_314,BKB_n2_1.WAV,-316.4409200552049,-52.034943668997705,-144.23894832467937,43.429103487828264,40.97077258182829,-36.085738810128824,-18.679715469950274,4.925916675260182,1.4379001028151217,4.132375768114677,20.124371947226425,-14.403558262915723,-5.215147766783188,5.688977870760023,-9.63960938600636,8.004230493043991,0.13690417716626962,-4.8374576224654495,-2.682673719807814,4.3096730480395555,68.03432274038008,25.287949592022617,53.62194660495808,48.45476781455219,45.87484833836639,32.532652223824,30.21678097426967,26.95576344509206,21.589925426618684,12.471017563886432,17.929716584319035,9.093982562894265,13.29064798993555,8.125554709184366,6.430449106235115,8.297410226450765,7.135056998742348,7.964395399690936,6.616057259766992,6.143817277141154,5962.0,626.0,806.0,1051.0,1074.0,1028.0,917.0,306.0,279.0,717.0,773.0,518.75,6050.830078125
BKB12_316,BKB_n2_1.WAV,-372.57875790216264,-57.27147705151852,-181.60910556903153,65.86263728075303,48.910269236176134,-27.440812963585724,-16.40761916031772,-4.831967605849532,-1.9575285952009722,7.903001349322169,8.529872634011813,-5.32739157933356,-7.900982686253685,0.7225714116279193,-2.846850361190389,-0.1119497326630324,3.2005419391277075,-5.534192761388995,5.144159105582433,-2.2864235383867295,62.600318914497606,30.58606492623635,43.98184992884432,50.87584772789453,40.967358263354605,33.98910406600336,29.07553599314981,23.349289154655555,18.351547901738964,11.120079448927456,12.98285161565594,20.392788853845254,15.949334106145958,8.85887798892293,6.265311477027427,7.000095560615593,4.24525464633895,4.817104093484615,6.327154287943862,4.784478458095342,6118.0,641.0,797.0,1015.0,1087.0,1019.0,911.8,297.0,294.0,746.0,877.0,553.5,6029.296875
BKB12_324,BKB_n2_1.WAV,-379.13375562034497,-57.49178646146733,-176.90100918856862,70.56664025432734,36.66656561964364,-40.4584952095455,2.222301030827713,5.07868521859421,-6.334265894499081,5.263015875793751,5.183294917676467,0.43866273405118744,6.6516063449520955,-2.404258790992066,2.4996893974982197,-0.5635088042824214,2.7675329096564614,-1.1326819419619911,-1.0671497861449952,2.693513092893257,67.8341366515069,27.363526561217906,59.51991173860727,49.64275762758974,52.57871434366067,38.53465423218164,30.752583839202444,31.254581632178645,17.188947265694914,22.78418209997982,11.401617648814465,8.084012011909374,7.5046325302391965,11.13679810022375,7.08957507011576,7.255393898405476,5.307737138726216,4.612100413934593,3.836579595833302,6.129710042768675,5997.0,498.0,662.0,1042.0,1067.0,1052.0,864.2,309.0,467.0,766.0,807.0,587.25,6007.763671875
BKB12_337,BKB_n2_1.WAV,-332.92969392784437,-64.57061617725796,-170.81347041560187,46.92714864049944,47.49432139813188,-20.198705833138533,-5.001514343828209,5.05204616272597,-1.9614016995283283,2.059622363391709,14.51949551312343,-10.279268607745252,-0.7099043778639555,10.117214583144765,1.4733278564439234,11.444742596053068,-1.3216929333368481,-4.08165243823688,-5.077422013496032,3.1910174404556617,65.975361598395,33.70202866865001,56.56458225019721,48.91134696845208,44.86317068212359,29.72865668518447,27.559967180030494,21.101738588111374,19.427659888984383,22.030650826030445,15.9826304466902,8.892187532806721,11.583744117920864,6.680513999081009,7.731847313944774,5.540396257690043,3.951151182770152,5.26177010369245,6.042936668056126,5.22944411685408,5800.0,572.0,752.0,1017.0,1049.0,1057.0,889.4,252.0,258.0,722.0,772.0,501.0,5964.697265625
BKB12_338,BKB_n2_1.WAV,-348.3060523984747,-52.6481262431931,-172.90312443845733,65.83957832693686,59.94878165335303,-27.844313087683506,-7.192822844882542,-2.5937786676313745,-15.723759733182154,11.759355390265107,2.731591965832958,5.02409200702578,-7.945113294483152,7.720264306746421,-5.1633889146731144,5.591051296014417,-1.1221014247596632,-5.25075017422561,0.8435757599095768,3.8130920575061333,56.22396384599363,23.391556014158397,65.90147041183482,61.56302027820251,42.854382825689186,32.276006031290486,30.884117424180182,25.478484929237702,20.321584177977336,20.41920847399594,11.857096749645052,8.971482132621636,8.460968326553523,6.834877689443589,9.503878597388372,6.3190322796434355,6.56342365304923,5.985336168976481,6.59645732915765,4.81918491738541,5846.0,552.0,757.0,1021.0,1066.0,1056.0,890.4,247.0,265.0,707.0,797.0,504.0,6223.095703125
LPL21_0,LPL_2.WAV,-342.37648426646246,-7.761142551691811,-203.94723967664657,16.410956952932462,41.41600969529859,-10.822362242895208,-1.1561871466752978,-2.317126663001721,-4.182123021973606,-5.675586211625174,4.746759522354289,-2.788256191407096,-6.132525021506038,4.2205532635103244,0.7323702140743075,-4.856935379007797,0.19614576425400146,-0.7512428450681331,2.936353261234741,-0.4363377861072166,86.29314032839909,32.47110563022319,55.03276678423171,57.035477800951874,37.39677626416466,34.287025007346045,25.80095199211566,14.933543413534638,16.19306737117983,15.908689169878366,12.019073682161427,8.629316588019444,6.948675407053747,7.498639403866458,9.095662838794949,6.032640791162408,6.496144684555505,4.677308730158434,5.502332671028467,8.031803447074775,5471.0,501.0,648.0,815.0,957.0,949.0,774.0,232.0,178.0,671.0,1036.0,529.25,5900.09765625
LPL21_1,LPL_2.WAV,-329.1489029114561,-23.166887468729893,-202.95053176365386,14.971224102115576,30.721091450604607,-1.183338769126251,-10.408737972378587,-11.012038348140194,2.6911955882042005,-15.416406659614841,11.74424057747572,-1.371817397355757,-1.6286657121105186,3.8497141293418786,2.544909685923217,-1.6681406352582353,-2.7644037347166677,4.341168193820509,-1.3232508815718764,1.6185979596816733,85.731923790631,33.124558019747546,51.714504716266276,63.58489305911941,40.77329517183846,33.251671472038176,25.214011706679145,15.735043982556103,22.545606365998196,17.31791362753992,10.417523129338244,9.347654965954167,5.073780653456123,7.834863797193175,10.41603997642425,4.802763239944488,7.957752229921096,6.455445789096534,4.589029281643318,6.790154150644857,5129.0,509.0,626.0,788.0,931.0,948.0,760.4,232.0,175.0,471.0,960.0,459.5,5900.09765625
LPL21_2,LPL_2.WAV,-346.3776347478278,-14.935648893594013,-201.10828099038838,6.422503391116329,45.49146523358227,-4.225714016690528,-4.226536584730952,2.6280304804855708,-8.1096660913484,1.1306428999810816,3.2888005626573884,-4.379498921648812,-0.6246510789767723,-1.8514674779908074,0.7941490998395295,-5.38240438891903,1.050544310297096,2.3689163319911692,2.0413819728384586,-2.227067903206759,86.7987627662092,30.55130103148731,52.42232959342388,60.44906575415972,41.37551892217885,37.505907177746856,30.323358949053404,23.328520804616677,20.77788764888515,14.049874285066533,8.49064754803235,8.709267054093507,8.070032548554702,9.537935045926428,10.23760006179782,5.555597613994548,6.5660300429776495,6.068206252251646,6.649458036119773,6.216671244800757,5389.0,482.0,641.0,827.0,949.0,952.0,770.2,220.0,187.0,688.0,950.0,511.25,5878.564453125
LPL21_3,LPL_2.WAV,-346.2368752694732,-22.667193053874588,-208.71240417160297,14.957653957956696,35.492308124354196,0.8433715967837233,2.593134404484208,4.971362545785015,2.9461286431969462,-0.8858351984397719,-1.3075848303985973,1.8971697190502221,-7.262104531925744,1.3343776317829237,-2.2592442704949005,-5.303169546865783,-1.8680701775339565,1.5041804679512543,2.8891440976588245,-4.0575024629769905,91.39672445191593,29.95328850526934,54.78650562688641,58.20541893526012,49.54408919165007,39.87253517934216,25.710536655902544,19.033663825540216,28.29278413748172,10.700313390673696,9.62889467755213,10.175371746095614,13.904704795369335,6.988774859882101,5.296211390970608,4.400290249654244,5.43937651555017,3.386474692864096,7.085880450763939,8.806995698001135,5526.0,470.0,625.0,789.0,906.0,956.0,749.2,222.0,247.0,865.0,965.0,574.75,5921.630859375
LPL21_4,LPL_2.WAV,-313.93630379202705,-16.370438740339093,-179.11450132841233,1.6249556200654471,29.828296382604407,-1.8151519348407004,-21.597378761216927,1.0115502738506488,-1.2048218034700693,-2.6126559648407537,1.5437694353595237,4.122582791223159,-6.030764570816495,4.770156324040974,-3.9775866476779513,4.494611225364279,0.013457119985770372,3.7722808464824733,5.9607450115370995,0.7389744308915294,79.10335907365315,31.46199778640304,59.60094511125464,56.78970501572482,39.4090074364643,39.836164728238394,21.376076120992728,13.504440876627442,29.500888751530734,15.114360092608559,16.956670361685642,12.704329228107937,8.332571683274189,12.739952792351344,12.484437228466764,8.188632347608761,5.340965981143425,5.638926190386497,7.204183160412543,6.555534677656976,5287.0,460.0,606.0,815.0,939.0,912.0,746.4,231.0,183.0,609.0,1036.0,514.75,5813.96484375
LPL21_5,LPL_2.WAV,-360.06810822009595,-20.500597677505656,-199.4983985540469,2.054337343067867,48.199519798695924,-0.10250018049154509,-0.5580660839961221,2.195448967411487,-1.8071343941766869,-3.0296868900175347,3.175888940342045,-0.5174352911941754,-5.9708731262885015,-1.5253879092919311,-0.25099379717479886,-2.1850609067357096,-2.1718904360540914,0.8706433944319527,3.951593299197089,-2.3921722712296347,89.35801375538912,34.66847255982746,54.82031288670753,70.47220117315582,42.87215909780957,38.15159226049543,24.834830457514272,17.26547379420826,29.788190593020083,17.228201105864265,11.907394841626854,8.798635415939694,12.526672186448208,8.39969454038915,10.478175493569536,4.009463206079561,6.45840209398423,4.442397106359922,4.732599951972149,6.17875631188178,5668.0,486.0,632.0,760.0,940.0,953.0,754.2,232.0,263.0,892.0,1033.0,605.0,5857.03125
LPL21_6,LPL_2.WAV,-359.24636687983536,-16.968070761838337,-201.303217244293,16.748480193464086,25.239852115459737,-2.167455146849044,-8.50672526861152,2.902506893269356,-3.944592270058368,-7.0777262230073825,6.766729441704058,1.1705788066054883,-0.2151986574682853,1.6724543551357276,3.2282810324708957,-2.2144235643754384,-5.840146092427308,5.561901935755436,0.5277903991177954,-2.65355615579327,96.38869633978945,39.047422570159135,62.302696253174,63.76738471489941,49.65861567373187,30.509345752315937,30.894129077011424,16.791382317890832,19.6510839224714,12.269858276589842,9.126097223621706,12.441696518688468,9.621574243591994,5.907610746343022,9.40867565246565,5.807733445333885,5.593839354086156,5.125965345616327,5.976231270365247,7.69477722379098,5708.0,475.0,655.0,778.0,890.0,935.0,746.6,208.0,261.0,920.0,1105.0,623.5,5900.09765625
LPL21_7,LPL_2.WAV,-362.8911722986515,-11.582040753865684,-198.16711991590714,5.839199116064187,34.59406315517076,7.819564949714095,-14.079096220125335,12.989292133506895,-2.8824503490483795,-9.010722145748034,4.475398762342228,-1.3114129308579834,-1.7231325688007388,1.2067462863632874,2.937098992165829,-3.548806654791867,-2.2484120758093447,4.90836448565263,-0.7297931924737965,-0.928281444492837,87.52805813086493,35.56704428027506,60.19098487608919,63.606293979629974,45.90242980664637,38.452198799679124,31.695416961117573,23.316842954276368,21.07598230531108,10.472484926963846,11.904090602073278,10.632258145076365,7.900385357601097,9.897794119080762,9.838218000703412,5.1159221363673275,5.078313679974152,6.283043613413751,4.493450627426743,5.843664796023844,5560.0,477.0,609.0,834.0,905.0,899.0,744.8,251.0,190.0,836.0,1067.0,586.0,5878.564453125
LPL21_8,LPL_2.WAV,-372.96631190100754,-6.3139756479846065,-202.7462752496229,-2.867827291093135,40.063031231256886,0.31682367493256164,-5.431787457328361,5.528266815909584,2.63632436296101,-9.118082675889207,10.403621702449984,1.9874077819909517,-4.1184279802353805,4.088633291086397,-2.362800129196845,-0.33043976778488854,-4.646860271313444,4.692935888227524,0.9620869072116167,-0.838800768741973,79.39569876678354,33.84062060328743,60.043202308871166,67.38911762314594,46.22159875981343,37.06326175728105,32.05244490323805,18.596742015734478,31.345368332350226,15.892489287044118,6.189274371465839,7.910484087312179,8.118637228111023,6.438858109484156,6.808234418134727,7.614892093577401,8.168167670817004,6.141218590360826,4.867057785347144,4.195553319756029,5618.0,475.0,623.0,776.0,899.0,928.0,740.2,247.0,224.0,842.0,1104.0,604.25,5878.564453125
LPL21_9,LPL_2.WAV,-364.9314779134726,-14.30474542615048,-206.22985611060082,5.0977140894240724,48.25434168840118,-7.213239087535835,-4.767005321432273,-3.392882272626318,-6.044286145924706,-1.0375247380301749,5.453309832786531,3.9918228695756603,2.257034007915023,0.9697192404533252,4.0081546452720245,-6.254713728798097,0.5022484567732923,-0.8521445603858114,4.05137500422302,-1.680978945695017,76.96486881011077,32.79360207143108,51.57489531047574,65.79523916769648,45.27284334031392,39.95714209409502,28.22490556870435,16.65842771104412,23.66266740471778,11.675153679313574,7.9388151902507085,9.397230889311317,7.841147294110147,10.202344782854468,10.985328394270473,4.402025130240512,7.851830299199776,4.466288514929443,6.842324912414385,6.85336381600009,5427.0,484.0,624.0,851.0,974.0,951.0,776.8,229.0,179.0,678.0,957.0,510.75,5857.03125
LPL21_10,LPL_2.WAV,-369.7555986394667,-17.33091693925904,-206.01356204840621,-1.1089125771319017,49.68980131832049,-5.731823800680917,-4.628300806081381,7.002278521103603,-5.399981792657075,3.8278480742046566,3.7307646646250716,6.870358007758365,-12.313785137708726,4.909988293370712,-0.08356662535683818,-3.434843066335455,-2.187216227059464,0.5438528676820286,5.262226215366265,-5.999345311225374,88.53833385550556,29.881465945132298,61.49247123045553,60.32850375006868,48.11572692108611,34.79806044259429,24.044366466618065,18.31484698700466,29.477381037232867,10.344745874968405,8.750844796975398,9.345109401884764,12.871260249948357,5.034307030619705,5.701928532025734,5.536889292593934,8.074828913801596,5.064628132161117,6.157003274710578,9.377488759920132,5549.0,478.0,613.0,847.0,922.0,895.0,751.0,254.0,173.0,748.0,1119.0,573.5,5900.09765625
LPL21_11,LPL_2.WAV,-419.3512360029574,4.144700798608929,-201.81965716585228,-11.264514578422052,74.54485757641814,-6.495363457358147,-6.1020625531878006,7.214519354979637,-8.198744719564798,-4.915072387154528,3.3477395036633952,3.7686158098195865,-3.1404116039791314,-0.7793260160390106,-0.6675250650420502,-1.5884401986226104,0.22150271269466357,-0.6022668907069414,4.8748159782314735,-2.7961437631735824,73.58203073032146,29.028687495669626,63.86491660104948,60.59103674681822,38.87755928923713,39.23753444068909,23.76353660151977,17.651594424965147,27.634637517001124,10.675107811841034,15.105375295300641,13.836710460501097,10.386932050171225,7.823318305446964,5.785614131516161,4.93446454426279,5.280419060299084,3.906040881249146,8.454219557367576,8.247269686787677,5662.0,445.0,610.0,789.0,920.0,884.0,729.6,241.0,187.0,898.0,1200.0,631.5,5813.96484375
LPL21_13,LPL_2.WAV,-395.78330332323145,-8.021534440503736,-196.92208460138437,1.405080427707343,52.54181356912916,-3.823849917287192,-8.940748161542901,4.994486775455851,-2.8318425235855256,-13.571174556476773,9.669602242208828,5.23588417061974,3.968863218516522,-6.949282005309554,5.929859261369843,-5.636454725635838,0.8805967545022747,2.825653494331737,-1.5690931121377785,-0.36389535132602374,82.88286345777067,34.9302056533374,62.62936133421536,64.79927536000201,44.743476534325886,35.944028855883346,34.04721876859799,18.259929453924006,31.256922994511502,22.28212907612173,10.792391820079777,10.125801166415389,5.796298472778064,10.211160571244749,13.189021690432881,6.388970679991192,5.730762079030417,4.244970196754021,4.096547220874045,4.636419223693753,5799.0,468.0,635.0,796.0,929.0,914.0,748.4,226.0,231.0,918.0,1199.0,643.5,5857.03125
LPL21_14,LPL_2.WAV,-397.4445040942944,-5.522959844602476,-205.60497480503352,-10.015318562168924,53.059625384393634,-7.76026326600223,-6.061033668929592,13.80942267662701,-2.0295202776563968,-6.87980853899007,15.508406207235366,0.11140211835189215,-1.9219309639423985,-3.7095789250949385,1.1125842264010237,-4.532163610029391,-1.5303028910948586,3.194744034375525,-1.9804405175055242,1.891401315907964,77.30608585072859,31.527745263640774,60.41974969792167,73.50329603055428,45.388491092859056,39.58358028241469,34.17463152773637,25.215443595869232,32.19214627236529,18.160926619625453,12.42728505540104,6.99438590752688,7.539808454038857,6.975503638726742,5.489279393929454,6.233985333271211,4.673589229153669,5.589454679680772,3.7640728737209943,4.537107322074416,5655.0,469.0,605.0,847.0,935.0,897.0,750.6,219.0,189.0,895.0,1114.0,604.25,5921.630859375
LPL21_15,LPL_2.WAV,-384.28512038739063,13.650491111799097,-195.22859586725033,-3.399196868985687,68.85224807665404,-18.804169606439096,-6.556896962740123,5.9050878167766845,-9.114760418987352,0.43428824379382347,4.905232737069304,1.1765984525894542,4.28050007452668,-5.630416458729281,5.320689909789608,-3.1782663311669377,0.9169974302279003,3.5172731253633644,0.46963082701944986,-0.013274101153931444,78.0348228078687,45.326427705055295,56.2492728403147,67.18045648406047,41.83085377901024,36.821453846688314,28.366902757787884,18.071423032238133,28.67126059960935,15.475542690018134,11.14829420503965,11.455448435435743,5.315032041695737,8.756042522251713,13.851132678200816,4.443259833445601,6.932112125111535,3.7001324039969887,4.47774499301593,3.512388139952287,5501.0,512.0,606.0,769.0,906.0,927.0,744.0,254.0,196.0,831.0,1000.0,570.25,5878.564453125
LPL21_16,LPL_2.WAV,-388.19184857182097,0.5236824124592477,-199.97468917648402,-3.9234635588339892,60.2997581576011,-18.657925212194414,-7.515368136775553,6.667295753654883,-8.960542419780873,2.7227341501334887,9.80125354256817,-4.474921881512162,-1.1251552461893826,-1.4288671050321242,2.1411897075704824,-0.1003683501203143,-2.333548739221633,6.250775968958135,-1.1221027135664723,-0.10575581632588499,78.16289020532214,37.166700571713065,61.43866760253123,72.56872177629056,45.3354153371276,37.74132896826144,31.316058347018433,19.346470809764316,25.547956226513467,15.80911681126213,8.033178540543013,7.543120661712397,6.450851842213367,6.485558681819341,8.681101885201164,6.988977215169714,6.448346061409268,8.267100705564035,3.8557268940583165,5.167905579124499,5591.0,462.0,639.0,843.0,952.0,937.0,766.6,191.0,202.0,754.0,1118.0,566.25,5900.09765625
LPL21_17,LPL_2.WAV,-366.1278604166205,-4.212207635546377,-190.11547048774662,16.859273996718617,48.64220794827552,-4.620765808657374,-11.362090936430583,-3.9248934648092,-4.633109143037488,-9.543265615389812,9.055484445554503,3.4060672751728323,-0.34256713264834765,-4.998368592589623,4.123449885036195,-5.230490206917972,1.2419918580451252,1.1706655352201565,-1.882645499467555,-0.10243691287153986,88.28356124832816,41.903146355165894,61.59472575149894,64.776921358883,46.97286576628113,39.571002853353484,31.82474911140303,14.359436894281636,26.469796486791115,23.74029747837089,10.587894902365273,10.524483163248167,4.761472241686909,10.750436602952545,10.369590130288078,5.462988147018249,4.831725163718016,4.98185752309979,5.291048467799187,5.863162501239595,5467.0,496.0,609.0,793.0,935.0,954.0,757.4,210.0,230.0,729.0,1022.0,547.75,5878.564453125
LPL21_18,LPL_2.WAV,-363.58738236149446,-5.617259499721899,-191.79473387588754,-1.1028150039916118,49.6574833053716,-7.585810115049128,-5.726557309585578,5.041752077911513,1.841110964678811,-3.640182328012469,6.909434937437143,1.1721537339201107,0.08855677913631328,-3.2121566513906306,-1.1593367312446958,0.37117376493449766,-4.4476932196789045,4.884118795069828,1.1453712818349384,1.189611920457973,95.6689592969966,30.907471154116806,63.25873419158325,64.90692282145795,48.77536956067571,38.76000732313618,28.18497280223345,15.256988685266125,34.92720939319595,13.961813227606541,7.959975939665359,9.279679194791504,8.474913216971316,11.09259677112683,6.374080391882602,7.45279717845517,9.302584983131851,7.214439146048923,5.509805486143045,5.749252367810043,5499.0,488.0,611.0,797.0,913.0,910.0,743.8,244.0,183.0,809.0,1049.0,571.25,5857.03125
LPL21_19,LPL_2.WAV,-370.97234325709053,-5.692487157569396,-197.65346528107588,-14.617211683201793,57.988127185731045,-3.6740414874174143,-5.6217354403068205,3.5068649476084692,-2.842617082408269,3.3613875034236185,0.1274334859772452,-0.8422533004160826,5.145220287081198,-7.752770747605582,3.372875028693126,0.5051132253528852,-3.7495880764196783,1.0591273432248278,4.729623688498229,-0.9466535948608228,90.02993752117212,29.1823835994181,58.641240880601266,68.1579431667189,45.53629426817237,42.0578279878666,23.348537569944025,19.186100276774585,34.447873612967406,10.34000328837031,18.841296561634877,14.743894180983629,7.571363384582649,14.277485362518247,11.055716863105332,5.15637749442359,5.1746244901342,5.489547478189293,5.504828314792559,5.496057081109143,5434.0,479.0,628.0,774.0,926.0,906.0,742.6,212.0,199.0,739.0,1083.0,558.25,5770.8984375
LPL21_20,LPL_2.WAV,-364.3618881968918,-16.521522749023912,-205.4869041884565,0.4266565944413878,47.835889945902835,-3.416790888887007,-10.057004870961851,6.824806790203894,-8.45810571419891,2.4597319276064233,7.554990759589957,2.2861155606275974,-7.588719628491235,2.554088147155081,2.0919533852313235,0.2838743823351203,-0.6453075958173713,1.2832200805449085,1.5955230170513937,-3.371999526871473,83.65948234644807,29.391800029235927,52.671531710863,65.57469967598414,51.21694564516476,41.883613444701496,29.020902517218428,22.472764898136766,26.33139933661056,16.149314106456714,8.86602629475696,17.324472268583357,13.796653576366861,8.066762727354575,8.789744014276419,5.1008165496694415,6.543107479614303,4.226931998156329,4.529007402457013,5.871520858090728,5433.0,468.0,589.0,842.0,960.0,979.0,767.6,257.0,194.0,692.0,953.0,524.0,5964.697265625
LPL21_21,LPL_2.WAV,-380.6882688247214,-21.095834894254338,-197.21589405389733,24.344990883933143,56.161381779127055,-7.876798579858445,-4.0068873080703735,3.886369888673607,-2.8559013889811404,5.2055807362372795,7.064398533501964,-3.4222966345576142,-1.6363450065750604,-3.408961472191588,2.9908605505353703,0.4627995118889657,-2.4189979198772007,5.294914705686963,-3.2312216734365435,-1.350827870827569,87.61936869185234,29.927389216537158,58.08816922091133,65.34528203966406,46.897224105757964,40.997061041837405,25.34538151692644,22.57983602924174,23.71565327139893,15.522294477997761,13.326217357429208,8.752218272533048,8.803107392954452,8.684330372395667,8.440663677693573,5.1341067610587166,9.395602873231521,6.855754641409585,3.6904758233816857,4.424720428615992,5625.0,492.0,640.0,828.0,949.0,959.0,773.6,250.0,245.0,802.0,965.0,565.5,5964.697265625
LPL21_22,LPL_2.WAV,-381.5121217424,-18.56626375366163,-196.0718457352794,10.65075774506623,49.550742967596136,-3.7243762815928285,-3.629395295923301,6.111934496438239,6.0437869130190744,-2.3562048993987177,7.591533253775546,-2.245546152057727,0.17285739118298488,-6.58854238853475,4.6364687349275036,-3.645659702653319,0.30764446983436716,2.973354454701582,0.6381350167607135,-1.948526961511742,79.56125582362003,31.6945274663752,59.37532247095133,69.21213851678765,47.34903137331687,41.693561148498105,23.15129233541855,22.40418804078423,33.63185997070059,18.352857232163366,11.423984671484353,9.881681514079286,5.9915281063171975,10.605238886925465,9.990354851183337,5.995476409485347,5.741711985520217,4.574099726899205,5.066283662527328,4.6979888076739895,5542.0,489.0,637.0,832.0,912.0,909.0,755.8,239.0,190.0,745.0,1093.0,566.75,5857.03125
LPL21_23,LPL_2.WAV,-370.85836018325244,-9.283629779738904,-196.00888949168697,-1.6478741111860984,55.08308514403586,-9.932708661087295,-14.19732491005513,4.274799766778362,-7.3858242508536875,2.6207929781181183,3.136447153851259,2.961458041848696,0.4671970774492363,-2.7581212928763357,1.2236845779548273,0.26238414582174324,3.0287140704439888,0.9835092942824325,4.128135754645483,-4.597033627032941,77.10483431626703,32.14625121257721,53.24382597786811,72.44110865720249,46.50872181063886,40.56138717545553,31.1087151222995,14.39414934771824,26.78296704483452,15.443245146752894,15.214240116384374,17.03654223636154,7.0848401105870495,7.711797421628553,11.504557658529247,5.625913482632389,4.195744121566372,6.770052129542867,8.212057632931975,5.342247705637966,5327.0,492.0,610.0,739.0,897.0,982.0,744.0,226.0,196.0,840.0,849.0,527.75,5813.96484375
LPL21_24,LPL_2.WAV,-372.2087660007856,-21.806488490319843,-198.5236977816383,9.296676413619474,50.18131162557971,-15.675842419971843,-2.0747025054668993,3.3238139393855004,-9.407783044455224,2.1646728878701427,1.7667193119392302,3.3397457571771194,-2.594061611152539,-3.7461711699728757,4.050378378698015,-2.4028237746016083,-0.011404133655756847,5.420713164334961,0.6305695451953052,-0.060550663833604496,92.96405934394934,32.046571220171955,60.44136783144925,57.83370137863788,47.5229194241441,36.25323817052834,20.371009830254778,19.88850035024497,25.240436622632675,15.63632256550978,12.682270155875466,12.489945620820091,10.028138554515014,7.700681676982629,8.954495210159124,5.2600001686655045,6.1908760212023655,5.697985644186858,6.16747118943975,5.67955987155658,5699.0,497.0,615.0,852.0,907.0,906.0,755.4,268.0,194.0,856.0,1104.0,605.5,5900.09765625
LPL21_25,LPL_2.WAV,-376.3561145422171,-5.174761226713594,-197.7309496040779,14.839545214982989,45.66188245209709,-16.434567593020756,-12.238816742114208,2.098652060246258,-5.61215490086829,0.48538273804979476,7.905921182297122,1.3093974134385797,1.003258225055522,-6.303482768041042,6.409563128399287,-2.6817107046363766,-1.3619714674116157,3.222851311218798,-1.049371108695685,0.015387936372888964,75.67237531751738,37.56375619400663,57.20538438332847,65.20225937901267,51.20019821517957,37.936482557556886,31.08892395920215,20.18639620043858,20.148623103699993,17.30177029974278,9.481442480412603,12.603996230504862,8.664963421058339,12.967187627958014,11.991321087002879,4.464403928024771,7.570462879170573,5.155163738425841,4.8147020847169735,5.238291877945864,5476.0,498.0,615.0,828.0,958.0,964.0,772.6,219.0,194.0,718.0,982.0,528.25,5857.03125
LPL21_26,LPL_2.WAV,-382.4494797847697,-15.186414514916692,-201.37690971932807,2.3276646115969566,48.080384730020285,-3.932057108734085,-7.536529122482147,3.35571847166892,0.12854300040989955,0.7816825743590132,7.2248521589782015,1.0333137641530032,3.0089334900033307,-4.105949855000547,0.5152618013114137,-4.567080684075002,0.20334384997275312,-0.5638221101477143,3.6272165787189903,-3.509884124027228,77.66556918827953,30.532894902334963,54.9414047653791,64.38422802864518,49.49010288938002,43.778260464709845,27.5872479163894,19.11627379571256,33.28241787074356,15.883826699054103,7.290113240827355,12.7251624987889,7.307334712970182,8.747663678934167,7.619364028770057,6.0474446200116185,4.490048419793069,6.721706160954707,7.138113895274177,5.599242309527801,5386.0,491.0,612.0,823.0,924.0,934.0,756.8,215.0,195.0,702.0,994.0,526.5,5878.564453125
LPL21_27,LPL_2.WAV,-379.43540182977364,-3.8444012020983838,-195.24151759481597,10.571721736211458,49.56126795514792,-17.57104710539821,-2.684880098529713,2.319200592191319,-3.0664561973279545,0.8897518872613219,3.576348422159678,3.7937970715387355,-8.015823821757106,-1.7715911828799915,4.633354101677535,-3.3212374945887224,1.569912840783385,4.2294429547187,2.241259723038248,0.45601475651842094,85.45123579172554,36.62579758922406,61.62891440664679,67.4662753586586,48.35113094104011,38.389529655780215,27.267797683853036,19.646094386675085,24.67978754901958,15.852963279346616,10.3175077258184,10.309036915993259,11.288984747099827,6.429898746221545,10.512525916981499,5.421630873534267,5.0322674677713515,6.16919605525777,5.62862420369399,5.596955594119883,5657.0,485.0,606.0,775.0,953.0,927.0,749.2,267.0,248.0,803.0,1100.0,604.5,5857.03125
LPL21_28,LPL_2.WAV,-369.93302223008874,-1.3875218251650985,-190.98479810126904,-0.2512286513197273,45.5720529016553,-2.0767536085112464,-7.487545302444568,1.496624274543669,-0.0888970209805266,0.2927470081550339,2.4324071719400933,-0.9613031236030913,1.8750190779418727,-6.248774360204834,3.8685044386281664,-1.7890879752817914,-1.6315509445740128,4.242279468672734,0.25318807145944044,-1.4243044350132874,84.7527269679187,38.101801600715035,57.839913193408265,67.77535808655199,49.90239699971773,44.9955776780028,31.27521283223364,22.703443425109835,30.18518525357657,15.404964914210039,9.89842580111223,9.809957441320819,6.949943521513717,9.865446170095707,9.69429736333682,5.506210623193488,7.653490212959424,5.547465831677556,5.663199536348698,6.434729216498213,5636.0,480.0,636.0,790.0,947.0,892.0,749.0,225.0,251.0,790.0,1132.0,599.5,5835.498046875
LPL21_29,LPL_2.WAV,-384.9720351587306,-11.268986367244874,-194.60488220045968,-6.963702127029804,49.46363905892936,-4.633975347695274,-13.506010755651053,9.124850455321946,-0.9877844425371272,-1.6907780867959532,7.629187972717798,6.351704445951034,-5.4514357683113746,-0.9697825360778592,5.617153544557055,-6.8723556255699565,-1.7699639875963675,1.8151989405983122,2.428962547026307,-3.0092774206196755,87.91548103904616,30.432948852337223,60.49307149887482,72.90547081049193,46.48647591810539,40.31143400045479,31.851812079873284,20.92537980642081,29.06125112749347,15.88755709591472,6.566132257624412,12.226792008428255,8.112122607480236,5.605049568380197,8.78050387422601,5.413898749650322,4.655248645407493,6.836898085775227,5.5433220263279015,6.864108401703727,5704.0,470.0,649.0,832.0,909.0,892.0,750.4,195.0,196.0,897.0,1168.0,614.0,5835.498046875
LPL21_30,LPL_2.WAV,-384.81210152471186,7.630138409301376,-191.13192996722339,-6.619081300235677,55.27646247616557,-6.485105178755417,-13.472902935898164,4.032932444663724,-5.210924545989547,-9.727157391317705,10.322744076395015,4.245939701137321,-10.306743463716307,1.067436733007009,1.7093032176928415,-2.704513199267297,-0.11645999972549477,1.0004700729419107,5.4535558325467965,-1.9941068729192892,82.30388892343177,43.67769402020319,61.917146206915014,71.664168221707,42.92665983951733,43.38225744089596,34.74192220748203,19.647779974698665,25.724767943993367,21.475452292246473,9.110302755329606,17.189700559136195,12.950604499696047,8.989667252005255,8.089066937207397,4.033498522413315,7.1561058054783455,3.9956989654434354,6.918727131201171,4.2940169494949805,5768.0,443.0,634.0,830.0,921.0,927.0,751.0,252.0,206.0,854.0,1202.0,628.5,5835.498046875
LPL21_31,LPL_2.WAV,-371.31179116118295,-24.25191463567131,-190.0912409818582,16.32962781383373,36.34567670219039,-5.697209113798944,-13.964512064431496,6.434799267687575,-3.8186733289528982,-1.9919946575957066,7.375850337852297,-2.348346800702523,-2.156801600284302,-2.3949196351534243,1.9518830317577869,-3.0560448398901205,-1.3780019486985304,4.234451551524821,1.0479432426028406,-4.895646382549542,90.96024270971911,36.2421897119578,60.33643008928493,70.47109547355281,50.128102161179974,38.50736001989476,31.301930483375234,23.88795452445912,17.949840873849066,12.431625562279237,14.546840327049207,10.754552142758683,8.306256697080011,9.789301527718697,11.188676281339477,4.830671221958219,8.150839919449638,5.500666876770859,5.1177877599036075,7.022805878190405,5769.0,486.0,638.0,851.0,949.0,957.0,776.2,251.0,184.0,843.0,1114.0,598.0,5921.630859375
LPL21_33,LPL_2.WAV,-357.8920490224478,1.1422844852097263,-191.80189688076084,8.652752820125169,27.94705039033007,-3.063066712991284,-15.205217740203633,2.6584753712284295,-8.950520833122296,-5.99131837227045,12.338705803811907,5.1800786932628515,-4.664011184274075,-3.754722517750994,5.451293743732422,-3.623476855482113,2.227094518875399,-3.6147041058834235,1.9241825385957698,-1.5286541279322186,93.60384991452783,46.683187690227825,59.05144286327384,73.26690902425621,51.60576304720265,37.24360075228627,28.36771180340568,24.015042386467286,15.401797000467331,16.46359458288044,8.654378749898004,10.878493835046761,7.024509249094544,8.672015719953537,11.231649821442911,5.689175909884619,7.8847361281205925,7.236653571508357,7.042287800654611,7.139495307835685,5783.0,457.0,645.0,722.0,954.0,935.0,742.6,270.0,250.0,923.0,1127.0,642.5,5857.03125
LPL21_34,LPL_2.WAV,-380.4970130606139,-8.237629965563729,-198.93321508147645,5.446273996888139,42.8438988994132,-12.126336891556134,-9.271287785927989,-5.44104218773635,3.9008127108859396,-0.1694323895019103,5.544188053262323,3.7109797569528316,-4.193032033717007,2.5408124840984634,2.3228390428584005,-2.909357928895206,4.940379428270201,-0.7998026159124049,1.005652446250686,-1.7519094572141796,76.26733876043711,37.527300631807385,53.61461860964498,73.92384892352841,51.1749473378263,40.43710088307426,30.528824770520615,19.5107627625896,28.173912676851483,14.67391101308698,12.454886084807265,10.812559976789009,7.606691965072136,7.807792569542089,10.643941765635846,4.128359506519507,6.98189985384431,5.533982018926185,4.259312435406407,5.5632193306052296,5389.0,483.0,611.0,785.0,954.0,955.0,757.6,232.0,208.0,698.0,963.0,525.25,6115.4296875
LPL21_35,LPL_2.WAV,-372.47930274592204,-18.863953116371253,-201.0451551571393,20.774515519414226,42.31867400550073,-6.878766409740548,-6.388419222327708,-5.480344285693742,7.159859885846223,2.3824143803823485,0.8096335722410044,5.263169951643539,-5.422898786295693,-3.313441931069803,2.4814107685360423,2.129436957375992,-1.3040769730328339,2.270952197303106,0.5599446652497636,-0.45121486947660955,86.93665111428271,34.515677029067746,57.138232744627395,65.95249255594983,48.57390547553813,39.11164135473023,27.024049409682448,17.700081556189726,30.479397646711554,19.812975176438464,11.35712204407794,14.043052465040578,5.341536604150967,7.9695767922263405,9.49173064300982,9.075769742952986,8.2110907870861,4.803323063763575,6.129587623105015,4.857209370605244,5673.0,574.0,654.0,781.0,951.0,970.0,786.0,160.0,204.0,826.0,1056.0,561.5,5792.431640625
LPL21_36,LPL_2.WAV,-381.63658636468324,-13.781306953062945,-204.3613185349138,4.838363928553821,47.93003025711023,-9.57648184552241,-8.550998058820566,8.254580072512548,2.4326974409192696,2.5369843979422115,6.187240951606481,2.2972000465905893,-5.667081862404691,-3.0862048552222676,1.1870705975057807,-1.1340326349684742,-0.49084007377867855,2.225169479160949,2.062132251878124,-2.467087645152702,79.80682067986501,29.61873698478854,55.268431386573546,67.22714419864428,50.05365209276525,41.82772281068381,26.58927745618821,22.27064303975041,28.434359417202053,13.870012599675364,10.10721905507052,10.296333844565204,6.774311946527461,10.226794288828325,9.363345566313829,7.981416844872842,8.861318120205391,5.2347977243603045,6.634741867066879,6.909272619639815,5535.0,487.0,640.0,799.0,948.0,945.0,763.8,226.0,200.0,746.0,1044.0,554.0,5878.564453125
LPL21_37,LPL_2.WAV,-361.4358354016334,3.090140444623436,-185.3859695883101,-5.4436561041354095,51.62035806698471,-7.654829727186628,-11.651416942268797,10.391065641922763,-12.626319052745574,-1.7991378924040513,0.3323634815602186,-0.1306761357968618,-5.151560961602523,1.5088113805742331,-1.3142294702205282,2.9650112915267615,-3.66893357147092,2.1612190029279312,6.2129239437373,-3.140083724736188,100.16259281268742,36.451761353241615,61.579937385167426,49.88873779881276,52.85529273575339,37.552422375405975,26.025218148081105,22.74440766618108,35.83954370981345,20.07706713506404,13.35186287571294,11.35891472778443,13.501507703113923,5.473666971313569,7.7661541066426265,8.755476093215997,8.466786034466477,7.731596581377995,5.642392904406672,4.330237368510295,5751.0,502.0,590.0,797.0,910.0,886.0,737.0,304.0,217.0,879.0,1169.0,642.25,5878.564453125
LPL21_38,LPL_2.WAV,-364.88376265436756,-7.523273929285175,-197.7213515652613,0.8144613338769678,52.365876931828346,-19.615568110699407,-9.07508421675578,4.09783142583484,-13.088307917658257,8.67365544086004,-3.906563081931433,6.792836743232297,-1.8602767286001203,-8.84080196921169,7.3358831240601345,-2.05128043835493,-0.3003853123238316,5.57186136674904,0.9547700088652332,-1.2301923759513709,88.07396327779651,31.356024683219832,54.18490242555483,67.43139942470565,49.24801072423793,36.964801560255054,26.51525304377479,19.865317939265537,19.04072534818527,10.58202220856006,21.31014027992455,14.2993116372102,5.2538572713431915,10.600205780579534,13.494581784708371,7.345802792575705,6.343048335227335,6.589181384375653,6.526198373284173,5.673255963544889,5241.0,493.0,593.0,770.0,937.0,958.0,750.2,245.0,194.0,551.0,1000.0,497.5,5857.03125
LPL21_39,LPL_2.WAV,-377.5887900929494,-3.677262168498324,-200.31571368981594,1.087857173827841,40.05952213967864,-8.947895037168323,-8.370909860276965,-5.06286613231235,0.9387958697518541,1.9879353603232213,1.0219713749220745,9.328588481279375,-1.5420250534200772,-0.4146463222027937,0.4270528805831782,-2.0639553314297463,1.1120152794606488,-0.13110585544310752,3.3582764407370824,-0.733003683150659,85.95518647218063,37.7001792863968,60.111315984097345,72.31058387301256,51.93386752477032,37.02807752243674,27.901607241482882,15.155338851347407,28.27380162527382,11.077801240646448,12.898920114600633,11.733370116610198,5.817271370381541,6.543061354508807,6.693267303714258,5.762593274137186,5.109833324144178,5.760562952919064,7.246464293969224,6.719308580424341,5585.0,485.0,611.0,776.0,921.0,884.0,735.4,215.0,251.0,820.0,1122.0,602.0,5813.96484375
LPL21_40,LPL_2.WAV,-371.9517968962459,-5.403273914352979,-196.0192499399204,6.091455413587139,45.41775883023413,-12.73452668140373,-8.277884285014824,-0.9777789536177033,5.646459550275081,-0.8660769258331268,8.30073754863152,2.26496712516308,-0.5335323949228999,-2.5705630877746386,3.686464624927719,2.231449321032963,-2.9269802979592647,3.641105600339106,1.1483528110149175,-0.8643368773503428,88.19327934884633,33.49922834832854,59.256468578522615,66.15745516772962,55.824924943002735,43.96287523132026,26.685858791493242,19.312920455640697,35.13726206704284,17.469805897172822,8.164286069120378,12.311334415840548,9.372933695827438,6.775055694680114,7.958277908550635,7.782282952203547,9.308762148704083,4.266606545982731,5.951511733042512,4.264697910005362,5510.0,476.0,603.0,816.0,950.0,951.0,759.2,228.0,202.0,771.0,1013.0,553.5,5835.498046875
LPL21_42,LPL_2.WAV,-379.70431563879043,10.179181430596817,-205.6615638275656,11.188389049572338,47.86227644257351,-16.84702749719021,-0.6155390638448313,-7.410002914117463,1.2869532470017446,4.765481086019724,-0.07370715909260078,10.375504910766642,-3.1974535992389237,-4.274103873353951,7.444201733471735,-6.513793523724271,1.6026575188939693,6.026117496673075,-2.442072409547035,-0.6145015417329848,74.69672968777923,44.409500089755866,57.559479232138024,63.07321634291419,50.51301097009056,42.01812608420475,23.311719399442396,14.77818378298714,30.42169799754977,11.345969531356516,12.000327183916921,15.888823674914182,7.959355606551935,5.971439746268864,14.036434132442638,5.144584400976056,5.758920282866128,4.180001448800257,5.332563871499754,4.372705476495401,5451.0,493.0,634.0,775.0,914.0,899.0,743.0,241.0,238.0,705.0,1052.0,559.0,5900.09765625
LPL21_43,LPL_2.WAV,-366.0838758580075,-3.8199884202751977,-182.197023177607,-11.465994089113387,44.62455118916035,5.088410769948442,-13.601163439057766,7.685399127964687,-4.3640495209551355,-8.299648332033538,-4.347804417202136,-2.550385490103987,0.5582883214926214,-4.338047675746449,4.816543649288331,-4.58647402475033,-2.9426831666543505,0.7860427325813247,2.4042976336891915,-0.3879490281947734,87.63063420066379,38.20877336058162,62.00075511604095,74.35363769182372,40.67983639793242,40.28614112320173,31.50119970924205,17.582471549637695,23.268299398101842,12.437415385094793,18.617075307207863,14.176248872769337,7.173967501923405,15.497275751231905,10.660295222626358,6.508728431703836,7.9591118152492655,5.149110113149141,4.941048135779295,7.850349977189816,5627.0,486.0,640.0,787.0,879.0,909.0,740.2,235.0,191.0,918.0,1085.0,607.25,5792.431640625
LPL21_44,LPL_2.WAV,-380.4652908343542,-11.301417935831699,-204.25677502736502,-0.45463885874803606,55.42438333645456,-5.956277575256034,-9.064976533026169,-1.6598937073807314,7.457530396721016,1.0358447434977824,3.23263358481628,2.3478159026876977,-7.994120295594885,4.768539707329983,-1.0590819497653337,1.4486486704098958,-1.9594207733078024,2.4399031569581946,2.2023672821222497,-3.5155784241839236,60.099625816305924,34.042695972578734,48.1335978393412,80.35498902309747,44.21236974533499,45.37652785741249,30.172517531273524,16.697009249973995,35.40295456277894,17.966448316403884,11.348605760623238,15.203227678585812,10.577621906357603,4.674505003146784,6.703665739307306,6.171456193887265,9.89783916068925,5.722216422290622,3.766439440405635,4.938047197974799,5183.0,487.0,651.0,785.0,935.0,977.0,767.0,206.0,204.0,636.0,809.0,463.75,6136.962890625
LPL21_45,LPL_2.WAV,-357.90363342947387,-7.051855908310637,-180.0760851070358,1.360744489089072,44.40916318016104,-12.76854747670515,-24.868483196861362,2.594172855860778,-3.217224170289614,-8.057433294658415,7.366856067956778,1.3728338226790675,-5.755100836292374,1.8876793343045728,-1.3575390489787085,4.780979976269211,0.1079698811303253,1.4918371081999764,-0.33100522908052793,-0.5937976921106294,87.47317469821114,38.321331702996126,61.1607281475183,80.53557747370405,48.48080856367801,37.7237070660519,45.626988517339974,22.72497393216607,21.57434609995288,30.705516065244062,8.419181636943964,11.007469987045173,7.5503701074678995,7.8539186223457556,8.293602088794668,8.491472331050696,8.038374612871047,5.898815620610355,7.203189142669781,5.187597394861044,5527.0,464.0,633.0,826.0,971.0,958.0,770.4,239.0,185.0,774.0,985.0,545.75,5857.03125
LPL21_46,LPL_2.WAV,-374.70358667448744,-6.282921420666302,-202.35631694505554,8.233981866368588,48.65401769574968,-18.416946399386855,-1.3781334320997578,12.552687056218915,-13.913992599789449,6.154593159015499,1.8114913650593092,-2.0792836620058246,-0.34693112011822963,-5.38125226697481,4.142286716339861,-6.247120955152716,-3.6073157275280945,8.001940363980653,-1.9307205343612182,0.1446483148500957,76.52759113456223,30.756947188550622,60.80693529073648,63.67083594552622,51.70661674202018,39.220670620328264,30.75766068484378,24.88843233190438,20.34557768338949,13.157984757697774,10.827617666515167,10.301161508974268,8.62364318280495,8.365818492348904,11.037249282261772,5.861363172769908,4.838665279533345,5.995443849246588,6.061190947524983,3.684755855095907,5496.0,496.0,617.0,856.0,942.0,926.0,767.4,275.0,181.0,725.0,985.0,541.5,5943.1640625
LPL21_47,LPL_2.WAV,-370.5041754274432,-23.93028589555358,-199.14376759850123,4.01340478365782,46.3260038049638,-1.782087348783173,-7.1193958004652576,6.218359793256533,-1.14763395779437,3.5649139861311463,8.476535701300755,-1.059111701164531,-0.6624523339095473,-8.256716627145893,5.287541665827048,-4.6013104358982275,-3.5055165659360563,5.857518287363487,-1.319512721475167,-1.2855411290535725,82.45584946831111,32.6447597355307,55.426368187570695,68.20884884719081,48.77196929875336,40.954284952479966,25.91382234042729,24.03862370966246,25.73439411014689,12.902790451929786,8.462033225910773,8.462008991530247,4.924855620014236,10.366765535918,8.187961062780998,5.898930861000699,4.997876879379096,5.189628937317151,4.974093468628729,5.268876119432805,5624.0,524.0,617.0,836.0,921.0,895.0,758.6,297.0,192.0,778.0,1076.0,585.75,5857.03125
LPL21_48,LPL_2.WAV,-442.7780358259175,-6.006462883391423,-188.12362959292048,23.325861545278,69.60529529354193,-31.135432191733614,-14.879416624144094,5.449866777355208,16.059389909713612,21.290926426657926,-16.24568828911685,-12.071362053244947,4.862870404398185,-5.010576689173644,1.4432047147719438,4.090045578069634,-3.410141907467129,0.6783229853383135,3.4454325304987505,0.8922473360103511,54.60315798468024,41.206426715204024,56.484186049929924,73.99155076599244,41.00584942538791,41.29224240662742,27.067720893562093,15.535407797432214,32.52168059879596,7.312977121088535,21.825075769857456,9.915846644714241,8.375292387183185,13.0522325226832,6.194900670049864,5.790845025742311,5.077028490611536,7.547125736756122,6.068300965638325,5.723201552249414,5478.0,545.0,595.0,728.0,938.0,919.0,745.0,221.0,206.0,822.0,1011.0,565.0,5727.83203125
LPL21_49,LPL_2.WAV,-431.1946586739412,-14.81071767851639,-194.60854743897934,37.91444131236389,64.13006843197638,-34.900363948492874,-8.578446383958218,4.538986370312466,13.29502861071708,16.435891854497005,-8.516693229278593,-9.550572471513611,-6.227092224481407,-0.09354318422673506,7.058992071269552,-1.1115200373756446,-2.289631386598462,0.2798123327247853,2.395796824517895,3.3654531062209925,57.997786122411874,34.18244627182205,56.49701115953567,63.66306237499438,45.68985754845469,40.603509986993814,27.94296308000239,15.766485559348103,31.284891167370226,10.519364798790193,15.586287280042647,12.065159178735648,8.89208276120359,7.333950617309971,7.514887751934482,6.186839846364939,4.095548845032396,6.073816445454595,4.440811600568473,3.3552097231014484,5507.0,477.0,612.0,832.0,957.0,939.0,763.4,225.0,220.0,712.0,1037.0,548.5,5878.564453125
LPL21_50,LPL_2.WAV,-432.15042905759276,-16.104371506472287,-187.46538457442963,34.211422936984825,62.113950403825854,-31.57672753660579,-15.943192401941975,18.7306048355809,14.289493514393167,-0.18897183732301825,-1.4463868988674176,-10.365768242805292,-5.157284780348269,4.279361500793296,0.4535257635844301,1.320336569106311,-1.8095073921017653,1.677318265042334,3.315849999130641,-1.9207792043476457,58.37003590364025,27.62841601910733,54.13635244384863,58.28825470328274,47.91072020254483,44.96865584648442,25.55971914652255,19.959340682390675,38.30910590531577,26.49567082244054,12.542164781491431,15.601850232916282,10.482695257866741,5.582513919220598,6.452383239063793,6.6358970953946885,6.131170517804241,8.751629999187552,5.242157634838554,5.08222287873725,5561.0,494.0,610.0,810.0,942.0,970.0,765.2,236.0,204.0,816.0,983.0,559.75,5900.09765625
LPL21_51,LPL_2.WAV,-430.9812510330612,-27.32315320801392,-193.05528563066528,49.049672346182305,61.10409216631955,-31.901278781790143,-13.985624464711512,11.712126398620104,12.033673076020396,5.911268011367163,-3.9341366378304214,-9.729738201768424,-2.596474274219452,-1.0843262023334699,5.457464120259897,1.4084516691046929,-4.7673922530509225,3.5198860440619537,0.8154157138449338,0.3406036674415287,66.85462288130128,27.266025414852727,60.14079012142319,54.669740723089,46.63362949075319,42.45118709265219,27.25436194950257,16.583828923426505,30.775853858706018,21.650659173209643,11.679681679435532,11.296526416734869,9.778979239197827,6.833523943210644,6.58544534943048,5.168842709905639,5.39124407436179,8.47978131201274,5.548125458086118,5.241139416712351,5534.0,499.0,601.0,789.0,919.0,949.0,751.4,241.0,185.0,811.0,1051.0,572.0,5900.09765625
LPL21_52,LPL_2.WAV,-430.12495474178615,1.604524371733382,-197.43681371844272,13.19720633605579,79.81967837556131,-38.69462297598139,-13.50354044804083,27.72497479284301,-0.5831945516834804,4.41640821892118,4.682207861139231,-13.433506437275547,-4.9500863967562125,3.6594287440686126,1.5484621083332895,-0.7415352412405981,-1.3224597149587913,2.411099609994109,0.8404624526902257,-0.17959220740033424,55.16189847022617,38.928691308135456,58.32014800435414,67.81837275920526,39.51552819311391,36.142371683598434,25.379604169054303,30.467734584159007,24.268599607153828,20.81333910391993,9.371551049149085,9.599487549727332,10.373255073467393,4.801666755893038,6.587944580717905,7.651964835562416,4.350210138526925,7.249833451169704,4.933661698956051,3.9927016889698477,5565.0,501.0,667.0,784.0,929.0,936.0,763.4,241.0,234.0,754.0,1035.0,566.0,5878.564453125
LPL21_53,LPL_2.WAV,-421.1428847001159,-7.3217726610580005,-187.29339697966137,8.76917418122485,68.81058739463013,-22.941522444910532,-19.00388485429673,17.12011948011491,9.832126759276717,7.430769039999148,-3.146041601494282,-8.896088266489599,-0.8497907891568964,-3.149761585526923,0.8204365919338411,2.2385917975450265,-0.8602669513896489,0.992064613736253,1.431577317699523,0.01474144754334187,56.99305293020558,33.80795342134949,54.74741705102616,73.33658097068239,45.27926646389284,44.64692290698626,27.984230666036733,25.988175052426694,34.855216175020566,21.925609667298026,16.042950267820956,16.310995613425128,7.219570934477605,9.235402759531128,5.474924626784199,6.293044540468382,3.2402324510976763,8.882232928030358,6.53240345588918,4.844552993020222,5446.0,477.0,607.0,799.0,959.0,921.0,752.6,216.0,213.0,766.0,999.0,548.5,5770.8984375
LPL21_54,LPL_2.WAV,-445.9635314917444,7.307553458281787,-195.4684359821869,1.2942654744762743,81.57740766039174,-24.09786644924246,-19.05693321802845,15.181263097476464,3.3804132302867487,8.609290662473294,2.9031704653746084,-10.087183978408369,-3.32677052552139,0.6219048820061548,0.27961548755910337,0.872073260140078,-0.6503449717016571,0.6893042775993248,1.1813062162131658,-0.6757254943509958,58.294901035359494,44.14498322133834,60.33895133576605,76.59491845479248,37.401109663534996,42.579608939691425,25.33220820041061,25.050234545820295,25.66075555917014,19.219346200212275,12.049675796357338,13.52668525946228,5.011729559092824,6.131156062381812,4.4888717363613235,6.401406345636337,3.869979394645575,6.5046572777622185,5.298465701571105,4.564646997054877,5601.0,514.0,642.0,811.0,933.0,903.0,760.6,184.0,194.0,800.0,1139.0,579.25,5813.96484375
LPL21_55,LPL_2.WAV,-411.5420346862377,-15.988145446192743,-196.2051344559648,22.983319638884577,50.36405142309042,-19.743600093652756,-5.3969275722694245,5.274700963201513,5.417992752195708,15.429046344916813,-8.266197345043004,2.1720438000643316,-6.30410029889736,-5.6132998514661905,7.146713947634027,-7.471266642271427,4.234927152210174,1.9394251760860046,-0.15924985268207315,-0.9364867234248146,69.55867174059567,34.908688293547364,58.59721854738442,71.78175541911266,50.02895483122848,41.383626691239535,27.507014025180872,23.213460746341255,25.342682752219613,9.55673070987957,19.34541592593119,15.624882775786006,5.973748402123944,10.506760753659282,7.296781117978561,7.298448036234385,4.978285396854966,6.648040089483157,7.674072587154176,5.098995534576161,5467.0,483.0,602.0,806.0,935.0,946.0,754.4,231.0,184.0,745.0,1040.0,550.0,6136.962890625
LPL21_56,LPL_2.WAV,-413.0176751697894,-19.52705603774158,-190.32969366939327,13.601058186526688,53.51833906904033,-14.836008302083862,-16.11671508729608,17.49334153167735,6.89160014785878,3.098786604666948,0.4528198936041149,-3.5032396757011974,-5.932046329377527,1.4393832433899616,-0.2453863718247765,-1.1265137006272987,-1.4178282357171246,2.416294876332617,1.8606658188385525,-1.917169322740867,86.0102848440794,30.47320733997731,65.94150467006693,63.4415030287559,54.509991800652436,46.370860338604764,24.95789801910951,21.037884214491577,31.660651810226437,15.611841978522083,16.289258237044493,14.07392988194729,9.57021869305738,4.58814525924231,4.349034875274703,5.366812268057298,4.059299360886769,5.401309307436933,5.657355302686187,3.471221406620438,5793.0,504.0,608.0,827.0,920.0,882.0,748.2,259.0,221.0,867.0,1209.0,639.0,5878.564453125
LPL21_57,LPL_2.WAV,-386.9280327274485,-8.513025245942012,-201.08225430469918,-2.8392717109173535,54.95808770262644,-14.790602423194505,-1.1854101635110887,2.034611456977181,-0.9729371643014163,15.362266423137964,-5.047542549893835,2.475194109547911,-1.1278728423782178,-3.503588734099536,1.8474792476451916,0.9173169535406429,-6.483967922470035,2.8033466638467144,0.49722907499342706,1.073482855163514,76.78479204711466,33.91704550610281,60.791234596015194,77.32523834461453,43.604408627329875,41.55628441349002,25.560727658916132,16.17782631425059,25.101435041598965,8.330105134965644,13.646281689288665,12.760146525830093,8.617830298053473,7.481502230697693,5.314164868809894,7.0356567662818525,10.055510356680358,5.086949969576048,6.2862869459167285,4.481115793194526,5531.0,496.0,647.0,822.0,918.0,918.0,760.2,219.0,197.0,768.0,1058.0,560.5,5749.365234375
LPL21_58,LPL_2.WAV,-377.32686014399525,-20.578345913960042,-185.403165092594,0.9778907366744816,40.83668522257399,1.0961356230246815,-16.63383023315322,2.811733957579826,8.570544244043822,1.0072493927818773,4.303690517937355,1.9322832127455445,-4.984596580321642,0.851837663107986,0.42375386980877866,-1.9195591374708632,-2.673196767728872,5.475477972894945,-0.8852065663587211,-0.3161266284714642,81.1957241342998,37.25007757114867,60.21342503665993,80.9383929124593,51.28432312196371,43.73286866288978,34.15743972952346,21.957108670036725,31.76923376253282,13.921519542776899,13.547934300304103,14.415322810809478,5.190022945028194,9.149060004505582,6.711988881945881,6.9632106164906995,9.50619352690736,8.147786397054986,3.785050832914174,3.9195628896392902,5613.0,493.0,619.0,818.0,977.0,961.0,773.6,228.0,197.0,815.0,1008.0,562.0,6136.962890625
LPL21_59,LPL_2.WAV,-374.4331558860606,-9.340163457795324,-196.82152386459387,-10.494947328817872,46.67102942355174,-7.731361073022499,-12.373481135739182,12.60337979627891,6.480638828060734,-2.620536674026685,2.7994843036842845,0.5472259522453414,2.781174100916553,-3.941367036453126,2.223597559787153,-0.8720707633590983,-3.747700005715099,0.8620529617899011,2.3373557568182757,-0.5779011786872418,80.38634523009387,31.176348215205774,59.91813439944371,74.59388766228172,51.135476545783135,42.61519665977219,31.72594894194962,18.809907445440544,36.302874573296805,16.36045237072626,8.802876273048401,12.258688979536055,7.365197123166255,9.619822263424258,8.075910570668011,6.582269495985031,5.845539703502845,3.6720680775446386,6.084991575958297,7.422299698708984,5508.0,514.0,631.0,814.0,916.0,918.0,758.6,226.0,203.0,756.0,1041.0,556.5,5813.96484375
LPL21_60,LPL_2.WAV,-394.95574090403886,-4.654402524039552,-191.29611169685418,3.632328860770223,46.263367629381634,-5.73255327083515,-17.05719310032263,5.908527790600188,10.487233667749596,2.7261158156698277,6.7535814682539534,-1.2387988603053113,-3.28187727851099,-3.4252114309384942,-0.830267797964818,-0.9209813744643073,1.5508014127150085,-1.3916518874820532,1.2001143962504135,-0.6315990618742856,73.24549403852102,37.00941681952118,56.9961444815264,78.10780676241463,50.64296946774699,47.89228401106337,32.15985543994808,21.895965481647192,35.16337846510611,20.08394988592706,9.305284339133504,13.501788248947276,5.463941236962857,10.007064809410275,6.918144048795759,6.330945426835519,6.6607020838531374,4.719179343334891,4.1812247780542595,5.521637756216562,5638.0,496.0,659.0,787.0,955.0,953.0,770.0,193.0,189.0,855.0,1066.0,575.75,6136.962890625
LPL21_61,LPL_2.WAV,-390.5630159202796,-7.4560950938675585,-187.22957440375538,-1.0539001750945294,51.46063568681981,-14.381089828015202,-15.873826672330981,9.757166371632056,0.944528357595677,7.56942123254746,6.62236909278161,-2.394371849584956,-2.805861820780022,1.3379829260021898,-2.1798988133010564,2.673043260186879,-6.01203789637701,2.396414309431982,3.238460338162013,-3.970639355714605,77.90460974608827,41.333297246483816,64.77920908485639,87.39607609974499,43.359377059389075,37.69448942497943,33.44929411273869,27.445954786477497,21.352490859533862,12.177382217130681,7.795220578791585,8.859593442275916,5.725506152855416,8.004782894259117,5.168569998071732,7.67200386386166,11.497699448940729,6.147226407318563,5.276338611406455,7.797414056321986,5835.0,500.0,647.0,842.0,958.0,923.0,774.0,241.0,218.0,902.0,1108.0,617.25,6136.962890625
LPL21_62,LPL_2.WAV,-385.267507922764,-14.779840349235457,-195.22647595548062,1.6583865976930443,51.02927959068922,-6.234967050262499,-11.097065988197262,5.312275394617932,8.905787885096455,3.415705549084127,2.5985522089120994,0.4530809913049062,-6.49823283480885,-3.1540528014716376,4.480902031828085,-5.004085497190183,3.2173296853165025,-0.1512465593348713,0.19205191054133508,-0.17103028363001094,68.07789150090619,38.024348567050936,56.4741723657007,86.33143736043154,43.717798892675496,39.92925590953031,31.782096231511296,27.782351928486065,26.116113741064893,14.392261174065176,9.226733644422165,9.469091182871912,4.801342260612303,10.506965601809197,8.387680745555535,6.471288178166858,6.227771886265503,6.016703693009473,5.399748696022752,4.315590299254523,5622.0,505.0,657.0,778.0,920.0,967.0,765.4,213.0,238.0,808.0,1040.0,574.75,5792.431640625
LPL21_63,LPL_2.WAV,-352.296359959539,-16.575989531891263,-192.70203455637733,5.441798828946962,23.223183233167365,6.902200108523853,-18.538802904737647,6.136402009803512,-0.13906766065143658,-5.42813726091945,10.189971766372242,1.5132408536663167,-0.7589071348417378,-0.27891585760348714,-1.530274792438405,0.2734853832075635,-1.995487281053529,1.4263871304258648,1.576749267941907,-1.5113029631831318,84.08431634613271,37.6850520742347,54.938487303834826,62.313736232445535,52.66416960720411,39.826594220702724,35.28538889784916,17.918607369067438,34.36448388432466,19.976802393771703,9.04414598089365,12.136422335488364,11.938252446727027,13.218043414814904,14.508256989089377,7.4021658143622,7.69184689443769,7.679585395352401,5.43445536992946,5.38420742254448,5482.0,490.0,614.0,791.0,984.0,881.0,752.0,230.0,227.0,736.0,1029.0,555.5,6136.962890625
LPL21_64,LPL_2.WAV,-397.775234248959,-5.767952709205531,-204.3407269401126,12.375575877548554,47.2071250920246,-18.8370945203263,-2.7603183716780433,0.8141407569295475,4.990807653938271,11.036176741865152,3.134900390283303,-1.4533981711234423,-2.6666444637501203,-3.9412866385669676,2.852750492737037,-3.9167445162989187,-0.5941031141544798,3.691172534087295,-2.062126094155172,-2.300516645605716,73.4987942988105,44.37486481710557,60.901213832105896,78.31704754297513,47.6890434882184,34.25488081610919,25.386316595592376,20.685680107173607,26.49543978328565,10.325526674413558,11.033428242771446,11.951283467558817,6.880088481796314,10.267291216102139,8.33015560567543,9.575115057738616,8.302747451877321,7.126843633321245,2.7627910876581687,5.315672387448556,5766.0,499.0,657.0,803.0,932.0,935.0,765.2,217.0,193.0,870.0,1164.0,611.0,6136.962890625
LPL21_65,LPL_2.WAV,-393.5222041746657,-8.140586615621745,-200.60300062123105,-2.0209976432096224,47.110802356096194,3.226860087890082,-17.313049944756997,12.171823496940231,2.7404255910707085,-3.4916610704776505,13.994768825407315,-1.8996687185843373,-5.268550135735451,-1.8515578067524356,0.5404933333326142,-4.409552746521547,1.856610787115518,0.9448915077995443,-0.8884864466624394,1.699508115223194,73.59177449783657,39.044756495677824,58.71594427746507,78.4727659182496,48.161958232960174,41.210791213268095,33.39127576231527,29.298831745902127,28.972600549952634,18.10530102918316,9.031018967669263,10.664759121066378,6.4538272297403445,6.880996225689864,6.534653459090139,8.484253775918225,5.75897331937378,5.627909256221115,6.500650287109403,4.770134691358326,5605.0,517.0,654.0,796.0,951.0,928.0,769.2,205.0,248.0,673.0,1148.0,568.5,5857.03125
LPL21_66,LPL_2.WAV,-402.97233228703317,-5.8937922462752335,-205.19381485988316,9.56084778561215,47.08941255167913,-6.009459263166649,-9.170469104289841,4.008298674342074,5.989613476907152,-3.2998541718975556,9.849658127048574,4.967516719556318,-6.2188134599927976,-3.6891066175305767,0.39378198621672306,-1.6895999430494477,-2.144381832680625,2.552603870587922,1.5155185510403597,-1.0819268091975123,70.78244527170156,39.389776148767154,59.90599249094244,69.4531405129627,47.841300091387026,38.293056389901245,30.16222345683155,20.71496728422448,33.23948755621084,15.335573457497201,10.402371908064971,12.045731501934341,5.189000298330899,9.145514356274662,6.9189576804352635,4.29941761287889,8.169372453557298,5.03021541549212,4.4706692141004805,4.952387939341284,5726.0,497.0,650.0,822.0,947.0,940.0,771.2,210.0,198.0,864.0,1114.0,596.5,5878.564453125
LPL21_67,LPL_2.WAV,-374.64454942067863,-8.724307444354684,-180.87869861803594,-18.601175137265653,32.43532090154687,6.76317653086117,-18.573053355934427,15.834860562611368,4.578921405655491,-3.303922711018821,5.04057543175704,-0.5416823937102421,-0.8966215910640825,4.0067824749830026,-3.1205929021299172,0.9706171366757551,-2.4829321842041403,1.9069732383018878,-1.5867956788954367,-2.418662984761473,95.42636869335753,31.241466311381384,66.67377622463007,69.08432477108684,47.566244527106804,40.02391158481645,34.41655991208672,21.01773357723037,26.02457762300984,13.309900271305782,11.356990140046975,15.057242669123236,8.324656274474602,7.154962474434619,5.870208482451327,7.613860393587733,9.3309348911233,5.583878174113962,6.225980934155846,6.568123115205169,5683.0,509.0,630.0,787.0,948.0,815.0,737.8,199.0,198.0,819.0,1293.0,627.25,5663.232421875
LPL21_68,LPL_2.WAV,-393.074687802549,-4.293847667504711,-201.19960829320513,9.11285400033724,38.25288235765022,-0.9803686219307604,-21.414557218037597,-0.08516730546117753,-2.4558978717302127,-8.201055961894498,14.833405320789877,2.679327755805786,1.8337255700271256,-1.0130890723992216,-2.822712107565643,2.6834356050141372,-2.375847911015087,1.6170586536546592,4.839339626675721,-1.7939660640674466,79.22143797440022,50.428331110081636,61.897774356055514,74.49129234996144,44.17574047508733,32.226952910439564,39.13825076251788,20.093818305555335,19.920054344155115,15.143419844565647,9.226051986712589,9.915574130759413,7.718782555456176,8.94559154935841,8.146132910663965,6.036638107038414,8.028235818414199,5.563575552962184,5.4682735803199645,4.546537207810769,5752.0,489.0,663.0,806.0,928.0,921.0,761.4,217.0,181.0,911.0,1140.0,612.25,5835.498046875
LPL21_69,LPL_2.WAV,-373.34097304052204,-1.74195179153404,-184.831769390195,-0.9038214152848478,44.87086458474782,-6.182631854497067,-11.812861136877606,-2.1275163249057694,-2.054926565247204,8.8396846018446,-5.545828747351066,6.988887733654447,-5.092183576586876,0.03864041618848649,4.1133755528152,-1.1510962335686485,3.4653182015276007,1.6633902707402355,3.3243121734371854,-0.9046232463264802,88.97237694699426,39.76589138051772,62.10794655682133,75.34822509690142,46.479967535010296,38.64955089104592,31.237782396856566,17.58508182632356,25.85189303905868,9.534562384047083,19.560291935186473,15.742011404054825,6.2232428113393405,9.440473301709568,10.323822566705934,5.964964279965969,6.785229905874469,4.675234186733984,5.303739997341653,6.81069045285602,5675.0,515.0,619.0,793.0,961.0,939.0,765.4,209.0,200.0,806.0,1144.0,589.75,5835.498046875
LPL21_70,LPL_2.WAV,-387.33933852173834,-5.638330045968973,-194.69572556745712,1.0571959437991634,31.708887120900464,6.658025084764888,-17.097937330687902,5.763403367511664,6.045431120174509,-12.869595614797339,5.551864148491802,6.101002013041633,2.1446192322827504,1.8184306079689154,3.400858654559994,-5.870974301942414,-2.2513946964659897,1.327192348842712,1.1967007463672044,0.10290396881722541,73.69276994619176,47.88510175507941,63.12184163559754,78.56691435961578,46.055056841352396,36.84958675781549,39.70912439175027,17.026575198278522,26.068143395587224,14.750066024141349,10.12979888874564,16.56299079920338,10.961508037830226,10.489413755713478,10.27516762908103,6.787756061566918,6.061581477340031,4.905255605607237,5.887315106309499,4.541368007974091,5572.0,497.0,647.0,772.0,902.0,924.0,748.4,229.0,190.0,853.0,1078.0,587.5,5792.431640625
LPL21_71,LPL_2.WAV,-395.09363910338186,-3.67459296598287,-198.56471126484485,3.2745991670784873,47.67133698954601,-7.783744112121333,-10.749709039174151,5.994424721952405,-1.0625918695037078,-1.7605560395190587,7.5250842404796,0.3388700354636727,5.095735673857822,-4.754152799011521,-0.17242733645305974,2.273118913359392,-5.412613802335195,2.4310509264433873,2.7475892347865334,-1.5644950790170293,73.41290869314194,40.23714271375446,61.480028300304234,69.58647583184054,42.02581751501723,35.591821186847795,31.60682014030903,18.96553620613149,23.79432936166283,10.117411124098838,10.31754008520314,13.086588639686914,8.23504648326717,14.818500256583116,8.763216723696019,9.06348485149143,10.456642452351273,5.388995736175338,4.607231004049796,5.9340716250651235,5532.0,486.0,624.0,800.0,954.0,931.0,759.0,216.0,178.0,810.0,1052.0,564.0,5835.498046875
LPL21_72,LPL_2.WAV,-370.7039149653554,-14.561332277456309,-195.1641895045113,-0.2321803292168962,40.57102121070462,-4.99489863905922,-10.359835305311497,6.013480912112517,-2.9690706192970064,6.854175988152987,1.4874258743869246,0.8943475788335274,1.179493880684167,-5.622549133072185,2.311333690099363,-0.911828744295801,2.8286303019739854,0.6661561613724558,1.9359001904944881,-2.6437305794474577,88.64161335451018,31.286030989477865,59.137529892928306,71.15552576825905,52.8529760960299,43.83813621113969,32.62295831762544,18.316019046683028,27.609399660968027,15.150761744080224,12.887203510647282,11.793705091443387,3.66482519894405,8.336850720624376,9.46160417452933,6.0093981786788895,6.10866967285285,6.331416042692949,7.782256454128091,6.63876543264272,5587.0,494.0,647.0,781.0,949.0,968.0,767.8,195.0,179.0,770.0,1116.0,565.0,5813.96484375
LPL21_73,LPL_2.WAV,-362.1041671813659,-25.675071304134438,-193.41299848904393,20.826758364162195,28.21846160195574,4.7843292793650365,-7.536617446820454,4.248348367123378,2.48288458986452,-10.760704960975861,8.221777412301078,1.5510040890948387,-4.167569815056982,-2.2266461226422525,1.4139395652623001,-3.7504380754507514,0.703429551615425,0.4830095820068391,3.0854198090621128,-1.019898308127878,97.7422241425936,35.78307209658511,65.3533328132313,67.44374481256835,50.9556078114646,36.993811733962325,27.11830186406821,17.284271076069473,23.594052196742044,15.43998316018479,10.92218519424266,10.134804343244692,6.1070044351722625,10.72852510665666,8.918943467257108,5.36882975428613,7.726583741979165,5.575060617489219,6.021653897480596,6.489444715483953,5795.0,522.0,676.0,773.0,918.0,927.0,763.2,223.0,253.0,902.0,1109.0,621.75,5857.03125
LPL21_74,LPL_2.WAV,-376.8703835806407,-4.172849536701314,-184.78883079846568,15.078142272108861,31.56851221205971,-7.822620062426456,-14.872850810446941,-14.470242289233251,13.181741168734748,-6.230809440600439,3.646398970351743,-3.142926581227779,-6.180394612996078,1.0599318047754944,0.3970701127704299,0.9893553171120513,2.6880802343793375,2.629452341350012,3.9715177842191065,-2.5778985349246257,85.23234436375085,48.624054643989645,61.45535690004834,75.56191000700005,52.52217137939867,36.202445550763585,30.80656857719032,15.395341372810702,29.558364398936373,22.964185127929397,13.56050883538846,9.611889312207174,4.727734459283572,10.757563680745289,7.729292066605132,7.593058541575807,7.516864919354283,6.6993490717142805,7.125763911076933,3.2812713678385057,5672.0,503.0,646.0,785.0,898.0,923.0,751.0,220.0,218.0,905.0,1089.0,608.0,6115.4296875
LPL21_75,LPL_2.WAV,-376.4036922206224,-18.482863796656453,-210.04281749727795,11.629078714583851,38.211323012719454,-7.580995792650173,-2.9985242576919897,0.20049379986242963,4.20547426884218,3.965238716485527,4.652698881810588,6.597446858629946,-10.739418725338616,2.1544358886366526,0.1057996090350798,-2.325868978150898,-1.802422716846024,1.7426982037328915,2.8252174031060475,-1.1343339916714912,80.23972624936076,35.67497472432479,56.19853655057583,75.63262687622746,49.332018991283704,34.74431244809897,26.436974351139273,19.962809414476798,25.26845458416981,10.362994756511759,11.610033951645425,14.028723889103059,9.350779698666107,7.282118116318864,8.880938801651507,3.698746943975038,7.919146006475237,5.831781369991732,3.9978205815378565,5.623417326134236,5723.0,481.0,607.0,855.0,949.0,958.0,770.0,255.0,206.0,832.0,1104.0,599.25,5878.564453125
LPL21_76,LPL_2.WAV,-375.95498702482683,-16.812554988235437,-210.49490859236252,12.207710846751654,37.065276195048,-2.119914690219532,2.6216177061206314,-3.9163666253704625,9.332427196428082,-5.64220185706556,4.949968312183722,1.7993636885354325,-5.515830393044327,-0.33261356872474607,-0.24532811547697575,0.2845563849935136,-2.1798168519529466,6.000564748077417,2.2738113606776755,-4.047395998880311,76.738356240738,34.81305402540854,59.71111878346346,67.97326558227952,48.41512528013252,35.55411280461293,22.127705095938524,16.72327263534535,35.681327897559136,14.617472564137769,13.524499901430415,10.875923148342913,7.64400979683703,9.43117209196977,8.836609186035359,5.1496529521079975,6.057073701599809,8.121162998703662,5.046005646812389,7.121937142244298,5671.0,503.0,660.0,832.0,915.0,925.0,767.0,252.0,224.0,789.0,1078.0,585.75,5878.564453125
LPL21_77,LPL_2.WAV,-361.64219878662,-14.009804776183834,-194.7213183312805,4.2780592673143385,29.982167960678566,-2.373421816805309,-17.572777904852078,1.5656109100691689,5.687906287175253,-4.365481150560855,5.92661772319784,4.070183122188497,-5.208144453523558,1.5323746106223053,3.3272071977162385,1.405512951545927,-1.9083241171078855,4.389608938300838,-0.1472570692704,-1.9103667878848694,88.43255356576574,38.95778562147501,61.6626141913307,74.67897477405693,51.891840434957345,35.0115673929447,30.362006575639953,18.96205771256928,26.34218220430723,14.46357676732226,16.911413608860666,18.03494799935945,6.643173630160041,5.953721363943298,9.672621447019683,6.170826461817798,5.913760257597108,7.418163318573264,9.373061163451919,5.504729666320712,5570.0,495.0,642.0,794.0,929.0,914.0,754.8,227.0,241.0,731.0,1112.0,577.75,5857.03125
LPL21_78,LPL_2.WAV,-372.87431042196164,-20.17082585285101,-194.84395751569554,0.015212388211705914,38.641285445116324,2.868917892197907,-13.594630143448795,7.419175808178015,7.715031309384942,1.7237008702490961,7.376787491111916,-1.3822661561902272,-5.363434741351809,-2.9302783065806928,1.5049784202522838,-4.681387424963804,2.5510463114522817,1.3487207956088807,0.9818035832071401,-0.16630028489039336,76.09289439183509,33.69023985801432,59.53236281058699,79.7782494349202,47.7542643126714,46.64509337282831,30.60714627948896,26.120121245705413,31.63900613534286,14.75671488463699,10.226005536284772,11.628175866452214,4.762944353329508,10.944438041763423,8.87903861724509,7.504865658993354,5.544994674721825,6.8038481623995954,4.684844442949733,4.890204547832073,5522.0,482.0,618.0,832.0,965.0,948.0,769.0,241.0,187.0,749.0,1032.0,552.25,5835.498046875
LPL21_79,LPL_2.WAV,-364.89830235555195,-11.374255496487471,-191.89848729274414,-8.986727833292047,29.962469899947443,5.864628860368003,-11.788414073683477,3.2930649468031055,9.961026092739905,-9.000886042009384,2.1082928753994956,8.01916968086385,-2.453406100761685,5.38291697338933,4.70333469719153,-4.742692343915628,-3.813811744793417,4.266301618832854,-4.023209325749947,0.5615120976319816,98.8814886712267,36.91617963959666,64.08284929008549,66.898113991476,43.657859477827785,29.134106329723426,23.929640584972365,18.587685275491307,23.628247582502482,13.123143016407525,15.969211592765058,9.439742228414762,10.861958259496932,9.547114589392216,7.323206924475272,9.35368819118187,4.754816292075944,6.333892467692717,5.839036755313677,5.238007068982939,5882.0,542.0,650.0,875.0,912.0,796.0,755.0,228.0,210.0,960.0,1236.0,658.5,5770.8984375
LPL21_80,LPL_2.WAV,-376.4857662130749,-8.73993237541743,-183.37755457581014,-10.343087039265146,46.604245825764345,3.1194041690336105,-9.49042359318861,4.8493721326442305,9.539674920806029,-1.5857480070346883,4.417001755260636,8.089925119627209,-7.398084974280555,-4.309531802561706,0.9329038446714875,-6.406677888640396,2.971534637596363,-1.6275979042163686,0.9579600201854792,-0.5940607999822963,90.38053557884444,35.87895445077552,61.669187539606185,80.19093995726634,46.86202174466345,43.637977039496285,27.69936453860113,22.44206011464415,39.43227981032758,15.822638055968643,11.82838455011429,11.591463224281306,10.291584748998073,6.6548566796689865,6.204581900030025,7.653897170124665,6.621549073310406,6.433432436278316,4.386689916682943,5.196101114241548,5761.0,496.0,650.0,805.0,943.0,930.0,764.8,199.0,201.0,903.0,1153.0,614.0,5770.8984375
LPL21_81,LPL_2.WAV,-376.36700852347445,-22.07192574121547,-189.15024509070906,17.528263019371188,34.519246884335,-13.93190961113258,-4.793616143473274,-0.338735724973789,0.8389806263720189,6.062193055102617,7.196895707612616,-6.353301834559313,-2.6202367667607716,1.663321122232513,1.7015875203009074,-4.406429457705842,3.6469937556579612,2.9279449451536608,0.16451627164159124,-0.7106863597349086,89.69431434594128,33.7564999835715,62.882003830472186,73.57720160092155,52.064547783734305,37.697300563883815,28.459165927281703,25.82077394601105,22.84573753660686,15.537110534200085,10.18812610469846,8.201221525951318,6.835710229250028,8.290642829982769,8.919869285004026,6.128183484200853,5.3558253489398755,6.399780506191854,4.036848209197445,4.224896912071234,5882.0,516.0,597.0,889.0,985.0,926.0,782.6,274.0,220.0,873.0,1128.0,623.75,6136.962890625
LPL21_82,LPL_2.WAV,-401.5616304588688,13.782753626914591,-195.18459605791952,-5.7233845779131975,62.697162828861686,-14.33007344457371,-6.443546772635803,0.2871276449297794,-3.8052702377312424,0.8402351964656598,4.492078455017268,-2.849211196053055,-2.111828026835878,-0.188538214037605,-0.6051216447283569,-0.20453397047011296,-1.418372286644162,3.0607761926999926,-0.4827374199810973,-1.7621405588945946,65.19153112483225,49.38647408454113,60.60498683420632,76.91689198333748,40.841777961970436,45.45795574186896,31.66698158086975,19.815513547463866,26.340655310430865,24.05947306442217,11.337282729297543,9.396668814154767,4.873142913778087,6.606767087587608,4.948060626178885,4.755902527984106,6.72395984914881,5.419797339456382,6.724530308447411,4.9241915696376415,5622.0,530.0,639.0,791.0,967.0,945.0,774.4,222.0,204.0,780.0,1063.0,567.25,6136.962890625
LPL21_83,LPL_2.WAV,-354.12163882969594,-17.87907401213581,-183.23898846490206,6.185860871829452,31.2804290566237,1.7200586264916056,-14.36554659200559,0.4139336408432362,3.9470123758835296,-5.337680661205848,7.773213802434407,3.130791318823633,-1.4522053056675304,1.5134395209712155,-0.17361837549325354,-1.160897122720421,3.2046871496431955,-1.217392804598072,2.3076614181870463,-2.140170480918235,89.8443429301512,41.54308290077839,59.52505882593508,74.40908621690637,47.3707838571088,34.93167364361793,30.22350969788104,20.714393197773468,28.549749512082247,18.635515563397703,8.761040990907947,12.38802838346905,6.471197110603847,7.655504050022853,6.889822329982538,6.572176656873326,6.691185401573234,6.618127886005289,5.273101029663539,6.465423049570804,5571.0,491.0,642.0,808.0,963.0,948.0,770.4,197.0,188.0,800.0,1060.0,561.25,6136.962890625
LPL21_84,LPL_2.WAV,-331.4200586571088,-1.3468104467663236,-174.41856067132463,0.3188125186700422,32.003272244952974,-12.660239624327847,-17.84454627868646,-4.500608124543427,-12.61020081320651,6.958488784557434,4.571334725767752,0.5479585331630884,7.8051176077972935,-5.650375384952638,-2.1480848762803864,3.499031722113082,-2.697479775662946,2.9136371464117046,2.90482003893258,-6.475150474394208,110.3329293255848,33.99097087813524,59.31713349726252,71.32527832607809,51.77107845674121,40.134600832229424,35.26801470382444,17.134174020847876,23.385742215547225,16.579244241592477,8.61198125860741,11.975548978941735,6.122012345622567,6.597557161906156,6.3920618662713,8.069383848736823,9.319833307750386,4.399969749773284,8.377687252614178,8.013209716657986,5595.0,491.0,650.0,782.0,978.0,973.0,774.8,216.0,189.0,826.0,1009.0,560.0,6158.49609375
LPL21_85,LPL_2.WAV,-364.68362585627574,-11.22605756717026,-188.4118065837757,-4.830708479078893,42.102483459270594,-6.326356006407748,-11.914327622986931,-0.5815961287440671,-6.500516108817653,15.895522028360357,-6.878423769799869,-1.1564133193393635,-2.251104863193884,-5.252151637570862,-0.18600073652656704,2.110428084490771,0.7168028132032529,3.9918152971980514,1.3696231881760812,-1.6906771797755993,93.76065799092542,28.427307716230512,57.015353178026,70.63410887453026,54.442206084655574,45.454606893335814,29.513897425474504,22.30135923611354,23.96379019712926,9.436367033840586,23.103787004548686,14.159729232262432,8.933621290371457,6.7909459764768805,5.2443100371218465,5.123759774155858,5.456909515341038,5.659507359402247,7.633895629104776,5.521711786799793,5574.0,501.0,627.0,781.0,950.0,907.0,753.2,243.0,204.0,822.0,1062.0,582.75,6115.4296875
LPL21_87,LPL_2.WAV,-370.7174204790413,-3.5520850767602727,-194.7276031840873,-5.5749282970628835,47.29934926677912,-1.7465684343566066,-7.940645925123916,7.714859348751659,-6.5863233693444565,6.231139285572373,1.8920668772425517,8.161318003129805,2.26248786545586,-7.734973665947201,6.325640764967318,-4.097720600647727,2.7048789633244823,-0.8925164379356205,3.3199967182235643,-2.295304566784708,91.73795044156994,34.67114315586353,60.42685985837883,63.31169308722652,49.8924012714001,39.20404577581475,25.60037537965147,19.312827629324648,26.82505805937931,9.266197053658058,10.677066937251386,11.56246069419821,7.149056316459903,9.913138787611732,11.825033886886184,5.373057222732698,4.8880228737114,6.862080826132185,8.856571549520536,5.879422726697664,5805.0,509.0,661.0,836.0,951.0,924.0,776.2,206.0,163.0,894.0,1180.0,610.75,5813.96484375
LPL21_88,LPL_2.WAV,-380.3766882483777,-15.212657620709706,-204.91070114910576,8.198371357288204,47.275290233717435,-8.031967492849164,5.650995742684909,2.854375207847309,-4.384854473856418,6.976352681410606,5.3298730891206265,-1.5466561316493224,-4.59369216955776,-1.3354700646971511,-1.8815217602187075,-1.9699122046916437,-0.8464334369505153,6.650716374617797,-1.382184711216434,-1.588694132178332,79.00457117297982,32.02890296674568,61.75400712547103,64.52269596451241,48.83909692969952,39.50362057635513,19.90700029084681,22.020156316094663,28.228465391747488,10.451457668712235,13.618359382501847,8.910710465488872,10.88018090416863,6.191343994052264,6.610233022955643,4.225072377856359,6.02279663000076,4.715586352546996,4.281819635129948,4.028866949696481,5891.0,517.0,636.0,892.0,926.0,959.0,786.0,262.0,219.0,927.0,1065.0,618.25,6093.896484375
LPL21_89,LPL_2.WAV,-391.0451813999506,-1.5693939676957211,-204.0524180409464,-11.807920733605137,50.2258102312183,4.091823089883909,-20.480569731951327,8.948059652059737,2.470654520383624,-12.42941774467894,17.345168547688424,-2.0530221475936066,-5.358177353713234,1.9176415569249095,-2.5142622255888685,0.0029990275383963236,-0.5636536695888229,4.028370573909135,-0.4254867433202122,-1.485044359244085,82.72919449272948,37.57077311321003,54.94408406031972,69.04136806752307,55.54446578444856,40.46733547531236,21.335566562721432,23.681752049752482,24.69770812426629,15.711848757687704,12.97243938261262,10.026118588114082,6.98872068505683,9.657109774938073,7.3695951969943625,6.101764109060661,6.381324888746882,5.023415042601317,5.88162388934502,4.911388495669702,5608.0,484.0,659.0,776.0,907.0,923.0,749.8,245.0,234.0,832.0,1071.0,595.5,6050.830078125
LPL21_91,LPL_2.WAV,-375.84100348988466,44.93662370677358,-185.93337219702977,-19.136206975638263,56.66489983718835,-33.68466105834508,-21.403011193040072,9.40863264996752,-14.881635853778224,7.510640018399613,10.370016099412839,2.395259632492898,-3.4194653190300093,5.00258954211376,-4.984450033696697,2.123249586223611,2.946216040282864,1.0400713245723443,2.5018420378098574,-6.026299915841171,64.80293614625975,50.78059892770192,58.88310886400207,56.605275242560054,39.80550281437812,45.3655206833497,30.332493656487582,20.728601918861635,23.189747313875394,28.801390569888454,8.56280402643337,11.705220533358883,7.3464412856614105,7.525427050132106,8.211235018191342,5.512221998244814,5.9813994295202,4.871338757572413,3.7075130420598597,4.51421198745088,5719.0,468.0,664.0,828.0,963.0,952.0,775.0,215.0,206.0,865.0,1071.0,589.25,6093.896484375
LPL21_92,LPL_2.WAV,-365.9600387462709,-23.380248050884827,-189.0008321655531,0.594504180076441,49.5854981184243,9.63151224985243,-14.739849117461192,12.056056284558885,-1.6811954957493471,3.8178004173176245,6.166108050106109,2.4869171416368903,-11.140530342403748,1.7386458316060203,0.08506660541709209,-2.1832673626080106,-1.3834226945317347,3.2349392011717195,0.12140556396375567,-3.059623583405395,83.52922188232445,31.988027620161915,55.770578412290796,78.13800644380775,47.49445670711852,48.007355706191746,31.35967792014632,29.13689827674219,28.08599725757016,17.009922558339973,11.346828034836921,16.358737460086807,14.919840224954479,7.378809511480326,7.21363660008725,4.870357950406275,7.8090802664056245,4.325478941141118,3.5718112475546313,4.302967479982456,5694.0,501.0,625.0,842.0,973.0,987.0,785.6,255.0,202.0,828.0,996.0,570.25,6115.4296875
LPL21_93,LPL_2.WAV,-341.16305297521376,-22.520686203767728,-189.47591249450176,-1.499390733463018,42.52578895680915,7.291027416459562,-7.971018841634005,7.628122008566039,-10.469034501583435,6.76406892822628,-1.5735355457003768,6.735372090732236,-15.18780009754681,3.440096300415336,-2.771015615840622,-1.7946092519762635,-1.2558796753848493,2.873755002472049,5.758752297374375,-5.73177662055534,78.50291016810252,26.482523561626504,54.708266184896374,63.249580284845564,36.605054370356974,41.36600317026215,25.764505037929954,32.82208064524347,31.494529780983342,13.634113235517626,17.408788950926077,12.250153079715346,13.371793788771857,7.396500906428637,11.523568601218605,5.493775345400183,7.119664437971536,5.799770277766877,6.175485534956169,7.350577612960831,5618.0,509.0,640.0,853.0,985.0,898.0,777.0,260.0,176.0,837.0,972.0,561.25,5857.03125
LPL21_94,LPL_2.WAV,-358.69879976620916,-8.754989541946207,-178.27586922205154,-4.284731924070052,45.44281086399201,-4.567900476008399,-20.32004569289667,2.7349644019998722,-4.14107873429837,-5.0312776803705255,2.2409351573840928,3.107800986205621,-2.4424218496835963,1.0247547158744408,4.254729723072372,-4.932736582541178,5.2742027841338714,-0.6286598995304528,3.550540280787309,0.45235492857506543,99.70839228001037,33.366502310196715,65.39996686228004,70.99791050939571,46.83823304513713,38.311393316670824,36.19172327469436,18.68949351700191,25.101325479704446,20.06406650374915,14.300069950065065,16.080442439079153,9.061541906950222,6.939463686767424,14.013792631011269,5.591040996435515,6.533851863465043,5.803507436918832,6.008025677615769,5.086591863041087,5839.0,525.0,671.0,862.0,968.0,941.0,793.4,222.0,155.0,905.0,1110.0,598.0,5706.298828125
LPL21_95,LPL_2.WAV,-359.66574392029327,-3.7698790472414823,-173.15970994145042,-3.151119025071422,58.854274494734554,-8.991788066570946,-15.300530297612772,2.1323995871059696,-9.89690769747944,7.439316476828794,-0.8768193488720162,1.9163718551112374,4.432481014259564,-7.0366071121856635,-1.4425459183608518,3.0565262879899984,-3.1713114954836663,3.4734937938149333,-0.16187455377553067,-2.138706181512181,96.03022344496802,28.5828640439556,63.578882691041294,62.43276549337162,43.52991658852361,43.48254503816699,32.52036855520915,17.973346577962644,26.906920313892105,17.290885356482114,14.85902312726655,15.398646757079469,5.935679475143447,12.458474427626868,11.495901002069843,6.637738539480944,9.319985805700153,4.289737496790469,4.923185197010997,6.017463360844977,5542.0,478.0,643.0,780.0,993.0,970.0,772.8,216.0,158.0,804.0,1020.0,549.5,6115.4296875
LPL21_96,LPL_2.WAV,-375.60873246297075,7.260896042932411,-202.9277857574191,-11.577966788494086,47.2008851874032,-12.320721876495973,-17.21403244222266,10.237694725054412,-10.317904289475756,4.440014946990604,1.4076903235514444,3.6192180570774126,1.4771239394164162,-0.023727316032589273,0.1765770851634497,-2.127118691066995,1.2958688668395217,3.0692072414363007,1.4260903207058837,-0.8557037055095796,82.65107326680871,34.688368742897076,60.38150174783972,67.72990222237868,53.60588882953915,39.15157678870997,38.48485567899685,21.76480704598763,24.987055959902662,11.346494488358143,17.907338374683622,15.530959818006929,7.568935724367926,7.222328791826774,9.919663128952314,4.995931698406808,4.358919028878692,4.960249259686706,5.413623259122983,5.275999916198077,5510.0,508.0,671.0,850.0,958.0,919.0,781.2,197.0,177.0,659.0,1091.0,531.0,5749.365234375
LPL21_97,LPL_2.WAV,-338.98132693035944,-23.33389059797194,-191.63624697824486,8.208076064585276,30.178677132448687,10.686644805220453,-17.68572808566946,-7.4999016920525285,-2.088550825453766,0.7580746036789868,0.15771200900024682,-1.6168084387180104,-3.169866120522495,-1.680253301102747,1.442408215071623,1.806179833460057,2.7335514490678303,1.5876281272968547,1.9340944301831136,2.821704084255756,87.55398774874655,35.761956410120106,54.07393044043598,75.19788017863978,52.711792997468855,39.505800064924536,34.24929804768492,17.11237764496819,20.1368816140997,12.20886065951194,18.729158075960758,7.258708648738915,5.743166850575544,11.430541944309285,11.864122601613529,6.882164602721377,6.96184135216614,5.863052363079683,5.414746757224723,4.363470402074983,5417.0,496.0,576.0,822.0,959.0,991.0,768.8,281.0,183.0,655.0,973.0,523.0,5663.232421875
LPL21_98,LPL_2.WAV,-360.17128275279345,-12.852752409914375,-193.6571750098134,6.972999869794226,38.45283626289113,6.427085867715293,-6.861227943590858,1.6889330481143074,-4.35898732445959,-0.44011868398585363,-2.1163899783175086,3.7363637560239744,-4.734869680487969,-0.7456367033645853,-3.8030865631789084,0.9409548188852775,-1.944330766385493,4.846133139174549,1.5516576256428312,-3.859798902028097,87.84854919639336,38.37128589853506,59.23408493230157,70.77616782298554,47.498426412199684,41.01667401116394,27.93546299639423,20.54346298945724,26.43970984790334,9.446099304999517,19.15486775868478,12.181515095339925,12.063364745452619,7.6990953362545955,7.801548948418305,7.620668685366271,7.2014531786452896,6.064988073773992,5.858654467601521,5.685711550256938,5716.0,516.0,642.0,832.0,957.0,969.0,783.2,245.0,160.0,808.0,1110.0,580.75,5813.96484375
LPL21_99,LPL_2.WAV,-361.0489679829188,-5.317458130786272,-202.00569962334313,8.591765620497322,39.555223637206126,-16.29197704411086,-5.17332036119698,0.44477708771960683,-0.259495620623578,-1.098585313434441,4.210920770331942,5.121703916003492,-10.867723134628186,4.396248222099228,-0.4780194163165204,-0.7860487609875978,0.39573467249077265,2.1179558790089885,2.5841113384044747,-4.431422312652518,92.395460924613,30.97141781416517,63.0566412959673,59.915811443727804,56.11443099245915,38.60517645279538,26.507925231226675,15.812785253259527,30.720925788303703,19.701529992454127,12.67263733045148,18.35493210990014,15.446480921095384,7.510251790802481,8.821960449640477,7.067266534872139,6.19282028928082,5.132697979680731,4.27500877216119,6.480068619981444,5586.0,509.0,697.0,821.0,951.0,964.0,788.4,206.0,209.0,678.0,1062.0,538.75,5921.630859375
LPL21_100,LPL_2.WAV,-355.2392874958506,12.17413043940915,-191.01629281325623,-16.37185794326482,57.103256688612106,-13.278534485046489,-13.191020329324433,5.158174757820401,-8.965222277622647,6.677674456765159,8.957843816661272,-1.31379790584533,3.803285208423235,-1.9419475067226475,0.9161916999847247,-2.603229332310726,-2.3594486051003924,2.7595031327054897,-2.6132963370748614,-1.4708042665111956,89.15669042078558,32.20972966051497,58.50121659368548,62.88169098603663,48.79013782112301,41.84635404415039,30.609334232941833,21.6071017986687,31.628836589257975,14.512197772048681,12.644485143048183,14.703923287164503,5.203403500005372,9.910078738433148,11.615714833141675,6.5305469810005485,6.6401754297568125,4.908920136634444,7.37082067150027,3.799133926749707,5345.0,509.0,637.0,827.0,977.0,988.0,787.6,245.0,177.0,577.0,931.0,482.5,6115.4296875
LPL21_101,LPL_2.WAV,-350.2584654608853,-17.958422540166204,-194.63379742722023,5.969683769631235,46.61590971487629,2.5902745860438445,-16.6894938758754,17.50951064002617,-7.128519309559066,5.404791861246798,10.561108570724308,-4.723962842841342,-2.856058238173607,-4.421719950222388,0.7658806744683111,-3.838826093422761,-0.38514597216566265,4.87425514000896,1.6437383244833592,-4.05067491019995,87.25850484185345,25.630525028916264,55.274419275163325,57.02849632809498,50.33153165413818,43.380964692504136,29.35967729482614,30.723942002497278,28.036477016523587,18.043737906621057,10.263501224714538,13.881033664891936,6.579939912596298,7.027927881556358,8.199254081675104,4.450908429161591,6.155332555082333,5.352141397429387,6.373288224628822,6.3111572019107065,5631.0,514.0,646.0,847.0,959.0,962.0,785.6,247.0,186.0,783.0,999.0,553.75,5878.564453125
LPL21_102,LPL_2.WAV,-358.31928444266276,-24.699345974852182,-195.0791479245412,6.038030083510815,28.078376921353147,2.673963680107178,-13.965125739121742,7.055411453490503,3.9612369077761382,-0.161768899432165,4.371342071580462,3.441787993179142,-0.9035437242086735,-0.2606796479717367,3.6837806579726493,-5.984854467356323,3.9823291921218695,-0.40235974832629495,2.812067122817471,-4.777185283357472,89.35039649146687,33.2408115036616,59.808660526232515,72.11756771838309,54.982929589918456,40.63142336854212,29.981303480721852,22.885857245629566,23.801604329565087,11.204364729903206,10.967134292849645,12.510074803316096,8.935261256761464,10.855286945590231,11.587617921768787,6.036647711757899,5.550177138758222,3.902785482951582,5.260729171422676,7.943260620982943,5495.0,502.0,620.0,789.0,934.0,905.0,750.0,242.0,235.0,676.0,1110.0,565.75,6093.896484375
LPL21_104,LPL_2.WAV,-342.03162971276146,-6.983846196343044,-178.57080768851313,-4.138696640170054,41.81166667717638,3.59242867547847,-3.527085885132299,-0.4524000316237406,-5.540150935915699,-5.0408780640851285,-1.7075760617008346,8.448308879530638,-4.232862666763056,1.6933008428914162,-1.96836704678406,0.887227628020918,-6.552624861583732,1.211311463298724,5.929684341125657,-0.5881129765505311,97.13003919110429,39.03170024760199,65.03451904271813,69.74645365255648,39.80046578590761,31.781812350931276,25.784534760748624,15.478805434240353,16.58228709857462,10.207772044832613,15.842642549943447,13.71284542867961,8.4128203659822,11.888191193458852,5.800896058247802,7.382377131806633,8.350196694031483,4.592637052126223,8.451078669192647,6.929592133676937,5720.0,422.0,690.0,850.0,980.0,914.0,771.2,241.0,155.0,853.0,1181.0,607.5,5835.498046875
LPL21_105,LPL_2.WAV,-357.6676980532318,6.166345979307105,-183.29332726278346,-14.973560385832922,54.58044291545524,-1.6076933328979854,-9.247856805213582,1.4730065098575988,-5.539138835984153,-6.152540442130185,-0.8562133931119461,7.062487786536719,-2.264096880518257,3.150324080513734,-5.459959038994356,-3.417402743207612,-1.1307523928822039,1.008613923450501,3.5201437146058123,0.5067567706865027,77.13734133208719,48.91544019068118,62.16494062206328,83.97843853939375,40.10670131976296,34.730003316982504,35.223209138685796,15.481693435897405,22.82296952792477,10.569545019867782,13.195710906123605,12.029730539374604,9.020799680510311,8.852817239451229,6.858807836532437,7.829703502143429,6.686777049851063,5.29137251049882,6.344998394990457,6.912850873334391,5713.0,444.0,684.0,821.0,950.0,939.0,767.6,224.0,166.0,911.0,1110.0,602.75,5706.298828125
LPL21_106,LPL_2.WAV,-369.9634032700359,-2.9411276102401986,-204.04492475873033,-15.08236902118734,40.43401195000533,1.3965554084569716,-7.875192732441851,6.555082142073971,3.998721248608352,-8.804987278945568,8.955730067268785,1.967290457036783,1.8722828254008077,0.3393891644911306,2.5919348391854866,-7.224745396379314,0.11796937951393907,2.5497882850235163,-1.3032381474387122,1.3408110986915174,80.74997014094542,37.87684601609917,62.6536337262961,77.9865196692725,41.95411751985675,39.8154828945744,34.33136172388361,19.429257204085452,26.274609627304784,13.509686013118406,7.602282207454949,7.91911871823996,8.87370094465291,11.631777725540394,10.938080682686055,4.175692228256952,6.442995562663537,7.1732527761911475,6.322907076423804,4.380021612833641,5830.0,556.0,679.0,845.0,974.0,923.0,795.4,211.0,159.0,882.0,1135.0,596.75,5727.83203125
LPL21_107,LPL_2.WAV,-346.9222733759437,8.870081391026641,-187.92140362010943,-8.113336465961051,33.636057409010725,2.965048399552709,-7.949995328847852,0.28370840843738204,2.8914931565098723,-7.4028927367313635,-1.2958378389978518,-3.1921296375834056,5.643566471651578,-4.48978677640649,6.2690099095940885,-7.459547677320703,1.5828609759351169,-4.616303550591122,4.70029918731791,-0.6970174013702212,109.02392459748707,37.5592541564732,64.69128902205277,60.14159924448445,49.57313258467104,37.56491550924731,29.67732023015122,18.62585452941882,29.112635329530605,10.674664583522853,14.959258048739352,7.509893624887814,9.88686585821437,18.686559101298986,12.143616089645793,6.788736933037279,6.368599276335082,4.856663640142848,5.255683040103823,7.417662930370555,5853.0,550.0,637.0,807.0,916.0,892.0,760.4,295.0,164.0,882.0,1245.0,646.5,5577.099609375
LPL21_109,LPL_2.WAV,-362.91808694698307,-0.06804013984807898,-199.57724675434076,-12.49535813971165,41.93172905314982,-10.695681275042327,-9.54125679287623,8.517974997384616,-8.134570168499213,-0.9233811560504355,3.8189840708191936,4.3558189056536465,-0.785872389020107,-4.449338552771203,6.737942162673914,-5.390538635315557,0.544013202540221,4.063633562653118,-1.0517117447638973,1.8004621606039302,84.70948909627593,36.56982213951981,58.60729717697471,75.17707389215224,45.82368971497001,35.10646764052136,36.425009745345115,19.173022771410317,22.678483732276103,12.198897113025724,8.710202330367727,11.350051666166367,8.291760313098864,10.344924169689833,8.864346918852691,6.299555125578007,6.475913340836328,5.213956166302265,5.072468853485267,6.208636602503325,5726.0,526.0,678.0,848.0,948.0,918.0,783.6,193.0,140.0,887.0,1124.0,586.0,5857.03125
LPL21_110,LPL_2.WAV,-350.6276481460479,-12.420103098713573,-195.53753975511475,-11.29747549879119,41.84980763512773,-3.6434830624433605,-13.55128708141399,2.482887707061224,-5.067656247336725,0.862112668373972,5.652487230595211,7.422369686520521,-0.48883068380729766,-2.497250632861816,1.5719605823361964,-6.219409821428505,2.7100652577698656,-0.6565485810726919,4.284178932400538,-2.7162870669272974,90.3045994530403,31.58773980450796,57.02920677749248,76.7786707460012,48.58286107077904,37.26678277455472,34.72665994742885,19.223618658410164,25.65775581087682,11.454618682283282,10.571056266204831,12.923752037796037,7.9258196780347525,7.361807750155229,10.042338907232484,7.633251412355617,4.6120148849444,4.222138129421903,5.742179208415313,6.037518462737668,5702.0,541.0,707.0,829.0,956.0,962.0,799.0,175.0,143.0,863.0,1069.0,562.5,5835.498046875
LPL21_111,LPL_2.WAV,-347.0628145038323,-16.04831972081741,-198.3259086456334,-1.2748926233583249,41.966469386670845,-7.749205157020369,1.431718998674169,7.818784794266741,-6.217720119264014,-0.5676629518093039,-2.54598065939737,4.205890862626204,-1.133096061853379,5.187697875155897,-1.7360038501660915,0.321570351250146,-0.771368101698884,0.7992322419043886,5.018597918042821,-3.8602055651933656,93.6850586031131,27.16100578111675,55.36214205787339,57.64584566071635,47.419246460340815,36.74809548367519,27.894038376528187,18.346756835897196,27.472961664826258,10.327142466102416,12.137488039039015,13.440934791205319,11.209696675519158,5.827767972125321,6.050877823766808,6.211525678360938,6.808197805469011,3.5260352723825528,7.393332013907576,7.601999084662494,5656.0,537.0,668.0,837.0,941.0,953.0,787.2,237.0,140.0,751.0,1123.0,562.75,5857.03125
LPL21_112,LPL_2.WAV,-342.92592312454167,-28.558231742086267,-190.73317544512855,12.543224632010716,24.355276788620717,6.987482877729993,-13.228426034011465,-4.323300085473149,0.3892632766397094,-5.5482974378828835,7.897055934427156,3.039516144374408,0.33619144084818053,-0.9852515251839248,0.4396250534679431,0.9978764170359755,-0.8721909639790643,7.66468777315166,-0.6931687921033726,-2.7470473629418617,97.914319426834,35.526749887642275,60.55781690252653,70.91356000184983,50.133182874477335,35.721962433441455,27.631643954189183,20.31273085988194,21.58461111231347,11.940918465140356,13.442635849989951,11.953469112636165,7.706465583963952,9.210788494465978,11.990807423201082,5.383203237805997,8.98035737978592,10.08225872966716,5.946840761784167,6.394821444779049,5723.0,542.0,678.0,832.0,928.0,928.0,781.6,216.0,143.0,851.0,1140.0,587.5,6093.896484375
LPL21_113,LPL_2.WAV,-354.93524800849593,-29.5088855924123,-201.96987151079728,1.2158870729506106,44.02071062105479,1.1620218675307967,-10.271559610053574,5.720242478248201,1.803436306650582,-5.017644746013647,8.384937781086842,4.708008765691878,-3.4905990384115126,1.413260525829135,-1.610063067227959,-4.618637384662156,3.1140440713007433,-0.12961813210800965,1.1169753726876257,-2.597937755459396,82.82667076512483,29.351492753681246,54.25041596058468,72.18107748501092,46.820054175432055,41.411627545973346,28.219296808771624,22.082458748197542,29.157364044013455,15.724415292661227,8.870561533771083,12.57655091902134,7.198849690148215,7.523451652754655,10.859617120953482,6.490398456579248,7.330542692275618,5.529487971792358,5.330568234839274,5.677652212452377,5510.0,518.0,697.0,844.0,948.0,962.0,793.8,202.0,144.0,665.0,1061.0,518.0,5835.498046875
LPL21_114,LPL_2.WAV,-342.5456562926923,-5.235753530758807,-189.8911185399352,-7.810534744519288,44.72202019570383,-14.397458002627436,-18.49427747184123,10.324121249998214,-11.699161806185389,7.492880473620293,8.630248076563264,0.9997969402780066,-0.42706036828902655,1.6490285156165114,-2.7070964900623755,1.478454166254156,-0.7144963416868286,5.324545171619467,-0.02946000968126011,-4.261986694331375,82.95942919247956,29.472524272745808,55.346132865789464,70.73691641474333,46.37856457032756,42.669157259748516,30.628664570990644,25.616709532904697,23.385060049503565,16.826732396501342,10.285386168103054,11.014549200620056,8.555973794122043,7.173021836519738,4.2549935441935585,6.461733448846642,9.073340320247057,5.625385396716762,7.3262665825710735,8.797052394138092,5588.0,530.0,677.0,871.0,966.0,962.0,801.2,227.0,159.0,731.0,996.0,528.25,5792.431640625
LPL21_115,LPL_2.WAV,-352.5279052791657,-6.128329164169435,-197.95654464293463,-9.252419540649994,43.8265231483293,-4.933586860270397,-14.324575482203402,11.70335183822598,-11.98004159430109,-2.6824116797819335,4.898148401802109,-4.459172077625555,2.6753403240451714,-2.6297221594696323,1.5131158167384506,3.6388555573772545,-6.072605188035949,6.56573445048753,0.8313242275218654,-4.486016445845059,91.99345329156375,32.88582947698482,56.47103835274866,58.8645984298136,51.80759876406188,32.31722172535962,27.24544043957815,18.49821292340038,23.1938772328321,14.90611463929265,12.36400888257498,9.172420218652737,8.064359623063963,11.862789611563077,13.161944442334221,7.382925528341833,8.494941361931941,11.565036548913264,7.160019303565695,5.661685681297612,5729.0,531.0,717.0,812.0,919.0,878.0,771.4,215.0,166.0,837.0,1182.0,600.0,5900.09765625
LPL21_116,LPL_2.WAV,-364.7684817736894,-13.178748593937168,-185.9793149877829,6.6269778684908305,48.37037109924913,2.48875442033382,-16.948844745982697,-1.3868344059087718,-6.425080587962956,7.57537084412672,-1.21901584580655,4.25929049870246,-2.3561124957401014,-2.1120626247236682,-0.7065661703617665,-1.3101098383049032,5.831491345090821,-1.0679940290388412,3.4210982930443636,-2.664678349996147,92.9168689245263,28.671906034316827,57.354143823549926,63.84113312710577,46.49025816161216,44.570585609694774,27.849365964229182,19.99296182689815,20.65883627066913,10.006553127956819,18.543535083750594,15.375471886918778,5.94479943101608,9.548362866135168,9.457346522900476,5.331631326790323,7.508983280683654,6.30689371064513,10.296294648021435,5.687113378270887,5643.0,521.0,676.0,800.0,954.0,945.0,779.2,182.0,160.0,843.0,1089.0,568.5,5663.232421875
LPL21_117,LPL_2.WAV,-358.79616617991434,-28.142429021285434,-199.0652607833911,18.50550919985988,30.641723034881405,8.851330544038184,-12.466336082931727,-1.2323029141667703,-0.16984110241534706,-1.6321914487505071,-4.233597022909794,10.928234995886434,-3.664170926719768,-0.30240714863873047,1.3900628204807493,-3.3016061001732977,0.6291395422918366,-2.27139113167517,6.547750900053991,-3.747878971858345,84.12630336543575,34.89993255669283,59.74653072392841,63.78452288807326,45.769640502882204,34.68946368043725,31.866976091134674,18.14333793129884,19.194585406382078,8.650968648764492,17.50287477767114,14.846509240929425,7.33862001325472,9.231669103355971,8.558810360686651,5.964677255910989,5.705179372016877,4.772912929544956,6.364676676990259,6.939926400335803,5593.0,489.0,683.0,796.0,955.0,937.0,772.0,225.0,176.0,748.0,1123.0,568.0,5813.96484375
LPL21_118,LPL_2.WAV,-359.6400712698191,-8.171075636790238,-189.59149587453672,4.776132764920238,38.37582967006914,-1.4801374654182629,-3.455038987098011,-2.434155162280484,-2.975653862433637,1.8808149936095955,2.1943905207680836,2.2165145165013973,1.619836129117682,-0.010395668534753152,0.2708925308716212,-3.984757174632525,2.966084844286695,-1.3433105730871744,1.2031171116388757,-1.375025152085196,103.77080917979244,31.79874091753554,63.5991607363038,59.444409976906,52.26276557627985,42.354819114389564,22.85427334572937,17.613981739083695,24.605769716176354,11.237268053690185,13.142155029703874,9.620941704961137,10.761564376643548,8.10084257341363,8.409379205438217,6.264485988501439,5.951276157727551,5.296184356141664,5.209487882608928,6.172557389528558,5889.0,524.0,651.0,872.0,937.0,934.0,783.6,241.0,188.0,876.0,1188.0,623.25,5620.166015625
LPL21_119,LPL_2.WAV,-345.6619208876349,-7.146587141424193,-182.97850934400245,22.866013856910318,33.09755820763802,4.199351406546282,-10.874020226857276,2.4464656094450103,-8.696361810921456,-0.8698353874844057,-0.07336917590368536,2.1139668955271347,-5.06450482489211,2.644681857430823,-3.886865766352188,-2.1605152633910385,4.770294161274716,-2.128082412511092,4.494697301777165,-1.93614088262421,96.98482866399856,40.358016737866215,60.49357713900132,61.68960389285224,49.07673076143758,43.0608249713482,32.65467389555021,24.090115141528223,16.932387305433416,15.025072546874512,14.517665018423989,10.638121118870885,7.142926796420513,6.458332661607135,7.452604292282917,5.099062082012113,6.021510245496381,3.9210752279843963,6.287796047957885,6.795116986185615,5738.0,518.0,657.0,838.0,1003.0,978.0,798.8,217.0,182.0,842.0,1018.0,564.75,6136.962890625
LPL21_120,LPL_2.WAV,-350.51306162796385,-17.61140012305338,-197.77828092591847,9.823996383313874,36.6824380364167,-7.063649791360785,-7.019945837792359,-7.948991766163602,1.6083636861552146,-5.514532888627324,4.978455629100481,3.5076810428216874,-4.833134452438358,-0.5661246114491952,-0.3436088699002878,1.3666382547542157,0.7111474040834195,3.641790061312055,2.333523015605558,0.6037536341841284,91.7869378559873,35.96583406244444,58.593054538562555,67.9554735401686,50.44006707029187,37.78598135558402,30.06893762632062,18.93994508220803,25.200213120551155,17.67075649856725,13.188271298995888,8.800296778125258,7.845348912080736,8.378722719534352,8.75470872983038,8.85664177057522,9.511260608074585,6.878883023404955,5.189825127302034,5.052383172400876,5603.0,522.0,687.0,862.0,973.0,976.0,804.0,216.0,168.0,723.0,992.0,524.75,5857.03125
LPL21_121,LPL_2.WAV,-364.94336338573163,2.3481238311338712,-198.46649175137412,4.916918929034153,39.83615480951668,-3.687945616410167,-9.8957882233879,-8.728797365296337,0.6597845343023369,-3.5581531059220213,-0.7601235375841366,4.345488981446823,-5.646335317422923,2.437136815904528,-2.6057934234221096,-2.5562842038505256,-0.8682700102173554,3.340374111985783,-0.6385066356889376,-0.9983103306372142,79.23959699356621,39.87636428072049,54.60631344235881,68.0221119950236,49.80082199909857,43.27672744663222,34.67040559007518,17.376713521616498,29.266102073881616,19.163289437111498,13.037212216214032,10.616777011514023,9.322561652875311,7.322879259761355,4.727819615506883,7.817688224552981,7.744342596873796,6.963090394217832,6.468619314912323,4.9544787817256415,5533.0,519.0,666.0,810.0,976.0,990.0,792.2,205.0,183.0,738.0,965.0,522.75,5598.6328125
LPL21_122,LPL_2.WAV,-358.8624829637061,-13.30984245671196,-200.81132354974835,-1.23837393487613,33.47767968763879,5.792345415447196,-16.162869416869963,6.972888272678642,-1.0061426056643603,-10.9074633416893,15.82822668505046,-0.5279674488207469,-3.2303449942760643,6.035297876858673,0.20461391299136783,-1.6767336053030049,-4.477929458356756,7.335098544258893,1.3881800926502792,-5.635077596490216,84.72742144565743,39.01655199423764,59.12746872451302,72.06903547147388,47.222191146943324,37.009340278592994,34.98863942226445,22.047555222658847,23.293504139560728,16.379243651314912,8.777258792113095,9.670383449162246,9.655737603878826,5.127825276685502,10.171675669111766,4.097957912039927,6.377431069883365,7.355218638465144,4.14363121881833,9.25372442307059,5716.0,541.0,677.0,826.0,941.0,923.0,781.6,237.0,198.0,764.0,1125.0,581.0,5943.1640625
LPL21_123,LPL_2.WAV,-347.56411481240633,-24.446794537011836,-201.96297490116334,-1.2366052328320634,36.10053534707199,-0.6088308152582351,-9.736398047035278,1.6436279492037753,-3.2815874096431012,1.626654702902845,0.8082042348847659,3.4269475544088506,0.11150716005869825,0.7824764197007642,-0.3409623171788465,0.3298961577549933,3.0192643187386317,1.3137668038299573,2.9534233147740707,-3.255671975403414,95.77986016194619,30.82113303521237,54.24989874317558,70.27435344667181,56.06956464196185,41.84945557064946,32.374865058591766,17.489779099670635,25.71797696009533,12.77472143141015,13.15763028604402,11.552558477578984,7.0682610075975125,10.13242282417909,9.336274833506284,6.961151524173109,7.16322160298633,5.902112406715838,5.921969802524852,6.91877134036516,5466.0,511.0,619.0,825.0,989.0,986.0,786.0,239.0,179.0,642.0,992.0,513.0,5727.83203125
LPL21_124,LPL_2.WAV,-361.98485174800476,5.972928295990351,-206.54046401276037,9.887998068834039,37.82937368461604,-2.7916936549695603,-2.4222483613251446,-2.543559751976666,-3.3930554033425486,0.35976388952246807,1.7947829606535477,1.5976993894713982,-2.7568568995142995,-0.3400830263573337,1.9591651873881235,-4.714255371013419,-0.2818859513467204,4.597433408657158,-0.8191458657456852,-3.164306737258024,90.77508261995447,37.88258857213153,58.00870371129487,58.75888694485402,49.34795016535698,41.07265964871246,31.701941217225816,19.145551886110525,25.72339278556276,16.20726012546525,7.901480619961534,8.712973509507075,11.37061933218815,5.924836849364536,9.556883075711456,5.549101850556111,7.222729245295307,5.605197337701752,5.609135656550364,8.62326697326587,5620.0,515.0,694.0,836.0,965.0,979.0,797.8,211.0,212.0,710.0,1025.0,539.5,5878.564453125
LPL21_125,LPL_2.WAV,-344.4803370705958,-15.160014399319337,-186.25559210429458,-3.93459965071551,43.61912282155094,-0.9229183034196796,-11.927803978079087,-10.182154785304933,-4.4719796307607345,4.690316668339268,-4.989006641446745,5.62781473555239,-3.8409095709194725,2.399501950881908,0.7161889843821376,-3.7748846202984288,4.547990087121099,-1.9521295232352236,-1.7699124398690906,0.5275989570853418,85.14563648657129,33.68286030630236,57.195541075302366,72.60997105276914,47.76047418103143,39.32583603723733,32.21755395517832,26.24104019306703,30.091304747216515,17.48668446760438,17.134408013848248,10.603634999991561,9.823765186880877,9.278313545136003,6.917656655013188,5.845987297134761,7.609698348947095,7.953559936081505,4.797239772634291,5.796515865504255,5453.0,516.0,652.0,813.0,992.0,956.0,785.8,228.0,203.0,644.0,964.0,509.75,5598.6328125
LPL21_126,LPL_2.WAV,-360.55731900147197,0.42725993245311084,-196.7975723642752,9.363350448611781,46.6426132798798,-7.616522130964908,-13.791358164512799,6.199233840568381,-9.262275592455142,-0.13265334571754225,6.21262815767731,2.467598594974407,-0.6508985921449472,-5.547318649915595,4.774272403280469,-1.1584732260972723,-2.7887414184677777,4.704403366684816,-0.13321642673653072,0.15256237905491182,90.78879475778248,32.99311334498062,56.289336644635526,58.28443738001334,52.327660799371884,43.700106209607675,30.420283752419095,21.826234039945533,21.60997893193435,16.808217587475156,10.344279220742106,9.518965368998183,6.199990919861654,8.73352378242712,9.476160553030347,5.067935028306785,6.932257028890714,5.308497003111465,3.840682915177939,5.055088881142978,5657.0,543.0,676.0,851.0,920.0,998.0,797.6,200.0,208.0,831.0,946.0,546.25,5921.630859375
LPL21_127,LPL_2.WAV,-353.8866296760155,-3.426496121976288,-207.37519732152003,14.895225634494881,36.9932295464939,-12.485150094610084,-5.003467291618799,4.9556461235038345,-6.669356364101604,-2.832465745682676,8.897933888938155,-1.3559193118626514,-2.3265748765144334,0.8484035075232498,0.5671175697375473,-0.08554670802615938,-1.9001696105986685,2.836148147935158,2.4424320693832318,-2.596898290052351,89.69386865253914,37.71743422125621,57.219637158911375,60.393475555746726,51.30506758801342,37.43293585991132,28.11712345826348,17.055457543066645,21.651438010876912,14.045078805056477,8.903508593910537,12.668225666108327,5.960241101615245,9.695673713567158,7.621645645102023,6.178215963447154,7.60028344167988,5.766603593825804,4.132639198597338,7.076949114945903,5564.0,547.0,660.0,829.0,955.0,972.0,792.6,231.0,164.0,706.0,1024.0,531.25,5878.564453125
LPL21_133,LPL_2.WAV,-388.56577706534733,17.921839930839514,-197.09975697551963,-17.095655308479905,57.581114588439476,-9.425153343127239,-13.988828048354218,7.143505705452395,-8.277500232173491,-6.563318972351595,6.7904511379118855,0.11268924616267864,2.822774154813686,4.659197352402076,-4.244957235894673,1.6024215648945506,-0.4018779086882948,-0.35738337325731995,3.92632874162982,-2.4915746543083745,78.06637576463399,36.77247628958966,62.227990934956274,56.95213666927991,42.24995665460893,36.24429635788273,31.532796218104266,20.704676432973418,24.539519325907758,13.128522386320753,12.83565264988054,13.092409857098927,8.481850345211644,9.504091739431859,5.379485178880957,8.854852924666163,6.387848712519001,4.9038542764108,6.2190461403532105,8.459507696449727,5935.0,513.0,723.0,879.0,953.0,900.0,793.6,203.0,172.0,916.0,1224.0,628.75,5598.6328125
LPL21_134,LPL_2.WAV,-370.85747224968304,-7.595118824168212,-194.79697491995375,2.2991803195933866,39.41017217433323,1.577954813542557,-15.288168517167755,-0.5018733815837418,-4.729014195299854,-5.11378334897619,2.483597289883588,10.805270458961008,0.17604552247938485,-1.6763667360283745,3.5430454391329294,-4.309161907244415,2.2977191850489147,2.1243476972628583,1.4969381921506775,-2.3121129497727133,84.12457823946384,37.67853784242294,61.71739859270547,66.39791537015113,45.52935924562346,35.36401081417642,35.39041873487062,16.53600451668774,20.31909634832532,10.213647425936747,12.479009232888533,14.557935906977098,8.06090762837345,10.860301992212014,11.24446898216169,5.0055156237142775,8.694063291042793,5.618192732747909,6.525491385610499,6.867173187506088,5786.0,502.0,701.0,861.0,978.0,919.0,792.2,224.0,153.0,793.0,1198.0,592.0,5835.498046875
LPL21_135,LPL_2.WAV,-377.4981502890248,-8.923541745096335,-198.69236476701624,6.374636487642751,41.63090595662672,-3.762613405025319,-10.974335823391808,-0.5638497862338214,-4.748958133579162,-8.79690482902594,5.052636969263165,9.383975689605231,-1.3475356144652622,6.720321567001559,-1.788676400008598,-4.903625522694557,4.1196095215206805,-0.6567227030038247,4.6572159804299025,-3.6723169042998625,83.95506260994173,36.9923479681488,61.42585624391048,63.93019791516718,43.091778682708245,35.493416844933826,30.814882475264533,17.476073454381318,19.82122632100395,12.528673121888337,13.266819384541854,14.26292851711696,7.761869757040932,5.832991631482358,11.741848544747743,4.994898204240335,5.7474449825845015,4.0152845503307,4.264605525667474,6.528395495915045,5871.0,513.0,702.0,849.0,946.0,925.0,787.0,221.0,218.0,827.0,1205.0,617.75,5921.630859375
LPL21_136,LPL_2.WAV,-367.7608437546107,-0.9380592635932613,-184.56177276375595,-3.798976195721269,37.72580407623981,2.9637603553039753,-11.882395937042388,1.7348037195689134,6.259365078942961,-8.956348078491255,8.219966106977122,2.198382464650291,-3.08356093981047,7.21116402725432,-2.164211023781081,-2.463943757822699,-2.2777033343704565,2.862215187826646,0.13841594138831348,-0.9746085216061343,86.9454029911671,53.0902022995071,64.89491241384674,84.1861369768008,41.21184520490303,35.22355376567823,29.767214985511952,22.090960815323204,22.53396921171209,13.038295794309427,11.343798269092286,9.655997142941567,8.463026418398893,6.312174155447279,6.671388462111699,4.550361402921398,6.842242920035144,5.111490696726963,4.26988081329316,6.508763688110455,5879.0,536.0,653.0,860.0,919.0,923.0,778.2,227.0,182.0,917.0,1201.0,631.75,5620.166015625
LPL21_138,LPL_2.WAV,-350.7463417248403,-2.9677803857525737,-169.90959570092716,-0.5094058212898632,36.50352083573492,12.80593674628312,-24.97384032329323,0.9034908194909869,5.083614751350851,-17.83584637315909,5.3266793148731715,10.946710710234461,-1.395871750513753,1.2560983874615086,5.9932346518244035,-7.20959147693472,0.4475030160283922,3.6286268007067934,0.07495554438446259,-2.2491874122152717,113.00182647271164,43.091365071292124,70.26941900878543,63.26319601573582,45.68432946331791,32.35550319235479,31.328409959976742,15.555384809341763,19.441506085973202,11.673253958116588,14.02821524806842,11.545799443743213,8.57148694385886,11.121353710452787,12.113685509150535,9.215470209615981,7.552157977131071,5.834698722764746,7.465013333749816,10.031619600655374,5831.0,478.0,698.0,807.0,911.0,872.0,753.2,232.0,158.0,980.0,1253.0,655.75,5792.431640625
LPL21_140,LPL_2.WAV,-375.65449940969415,-0.32618004588549454,-186.443502033573,0.018590225080397878,50.4952526253481,6.710710787983119,-24.86063963024693,10.073960778280131,-2.465263101813266,-15.112517621002553,10.76964290158233,4.881865032977857,-6.734796724596311,4.347740047596495,-3.861849072493743,-2.5112280257358837,-0.1927399933660501,2.874205384363881,1.0336630700351817,-0.955791965548686,78.73706712036721,49.720838509481766,58.74217780790737,72.77525293562275,41.36501595609908,35.33729615589381,34.8813662800601,27.47493167438621,18.005397356917758,19.281287661443816,11.88300084768249,12.811856679393212,10.587265222342001,5.712484361537258,6.311691977930543,3.693090747898111,5.962950711084181,4.525678322423531,5.93202901802158,8.008625191701421,5760.0,499.0,682.0,854.0,942.0,902.0,775.8,238.0,179.0,835.0,1165.0,604.25,5835.498046875
LPL21_141,LPL_2.WAV,-361.16742085243493,-27.40665096558055,-194.74193298118684,-2.0580219328199254,39.8420327145575,2.3753964471795586,-6.319458815965868,0.7506528743674996,-0.3612704783252389,-0.5642493485564221,-1.1080685655832587,6.714213323432674,-0.19104043829033526,0.9475341051324117,3.267673803548151,-7.971287525938165,7.074407838577408,0.575363700528428,-1.680128442608211,-0.637218812406553,81.72613840348666,32.64842803693066,57.60980330835867,80.74912548367773,43.39163248455075,35.847931218299685,30.178718212735372,18.546952487601885,21.409396983264635,9.164268105750262,12.49082035221434,9.56313689597194,9.384950170605709,10.130236363895552,13.527227199755686,5.71122215314851,5.905172280953627,6.450766474272922,4.40309352025675,4.951617072038525,5749.0,527.0,693.0,856.0,958.0,931.0,793.0,189.0,190.0,814.0,1134.0,581.75,5684.765625
LPL21_142,LPL_2.WAV,-372.01297854886184,-4.684453035255202,-191.54069944837983,-8.372177556713767,50.61616124046317,2.894344544494689,-10.116968319530164,-1.8094235342171234,0.6993585148308455,-7.35243765788248,3.0000443448161396,2.6448688930954436,-2.4502119062792507,2.3971576906342014,-0.7663109218500694,-1.0665378376102415,1.2541083798374761,3.3280823848354193,-1.684836079273423,0.7350998831884182,71.81324241272726,44.051091731135095,56.562037266303626,83.38005060981982,40.64271517324348,37.129896853801846,32.073431964484485,23.031025511953544,22.624645338498453,19.21697319947921,13.864218450120797,13.538710457035211,9.406136853791796,7.271007306380586,11.072390775862038,9.477000999619728,5.145637024937145,6.589814917096189,6.66206589252647,4.790751129413701,5656.0,547.0,682.0,853.0,953.0,925.0,792.0,211.0,177.0,761.0,1090.0,559.75,5813.96484375
LPL21_143,LPL_2.WAV,-353.5781976062643,-31.917721291040728,-193.78498857510147,3.941508023061176,33.93529980032453,1.9405009145031846,-8.876911622428752,5.644889998859967,-2.458892013290625,3.6346276560735595,1.8388511263305176,7.027938881854471,-9.05217721092228,2.2517230000672233,0.6192685969305567,0.07247137117272796,-0.11474513129227862,2.380942785551085,2.109256203381158,-2.5391175657591116,89.67127829328541,37.75556549072072,58.150693093813885,79.36742222210788,50.1615238974229,35.35850159782705,26.036131059559647,22.71777431717229,19.26248597120803,7.264984597363978,15.068943754466689,13.038232262032981,10.170004194920939,5.6852614972020294,9.156512433639755,6.445880041208655,8.523999441606033,4.9809214212609865,6.296106946565426,6.338324430293048,5728.0,514.0,690.0,783.0,955.0,962.0,780.8,208.0,224.0,829.0,1091.0,588.0,5835.498046875
LPL21_144,LPL_2.WAV,-347.258233614222,-2.7331791211268697,-190.32401131636908,18.826831999386517,36.040701346766596,0.1894473956959171,-8.186191660706017,-4.620303798718278,-4.569335852986918,-6.407403786343449,-1.68572049684161,0.6664993637594626,-3.4446755981334833,1.6534711666278794,2.8671782817940934,-1.53302275882767,-1.1691787421427446,3.534952282168339,0.6241705152197157,0.21543266822357723,94.37096361815054,49.34385006986825,61.53093023500884,64.53502568475864,45.280293400366055,32.3618914424141,29.631510966168456,19.258766899256447,20.689134903020193,17.28584358186097,16.35727275416769,9.851567503728027,6.3952651512005305,6.161559992419992,8.947957706259386,7.188521806854554,9.213126775512624,6.268875539219317,4.398625144307987,6.30811438583997,5772.0,527.0,690.0,845.0,942.0,965.0,793.8,226.0,201.0,816.0,1080.0,580.75,5921.630859375
LPL21_145,LPL_2.WAV,-362.9969684259059,-37.7895048662299,-193.93356542803912,6.108970469706753,34.21856424150199,5.738500693178979,-3.539776990133104,1.7127397024096704,3.837069848393675,3.0187295887552454,3.9486712009969867,0.4532597737165481,-4.0448784169282765,0.35032213248262156,-4.484401466692985,1.2114555481978209,-2.2783797189819386,4.82186939233922,-2.152020386171334,-3.0402803064379196,87.11495127943715,32.928414301548585,61.39478808257898,78.20038858077073,48.4410114824199,40.528752294578794,26.21046676685202,23.75549387169362,27.277998935306883,11.771975327295944,12.728945030433053,7.03376611807473,8.954118905827466,9.225596106549567,5.178181609395134,7.4139977380127435,11.092093237142153,6.826950912160185,5.543578454165078,8.582999182013475,5794.0,513.0,661.0,879.0,923.0,967.0,788.6,227.0,200.0,861.0,1089.0,594.25,6136.962890625
LPL21_146,LPL_2.WAV,-360.3601919400597,-16.725144490778575,-198.02283572156605,16.903519383080724,28.35413244209176,-8.9607512547727,-3.3641393496052308,-9.357790306190715,2.8529146386072903,7.552725091141849,-2.092090566893384,6.9141505318930205,-2.7030062281640026,-5.307248020263295,2.0652182925813842,0.5899690471993878,4.778530809603248,0.20179489168773165,2.088019438255192,-2.317902006999939,86.60607235108233,35.055021218183214,57.233749780722526,69.85123921744511,57.75317545458123,39.58886243593838,28.163137718802933,17.773129926870674,26.86875877042917,11.080241843185462,16.782083680786645,15.685139645217115,9.216947279805506,11.031247529383448,10.36029444642578,6.362390811089916,5.760179762006613,6.405995272566194,7.011418131352302,4.7027629351719895,5525.0,506.0,621.0,776.0,958.0,954.0,763.0,246.0,208.0,798.0,1002.0,563.5,6136.962890625
LPL21_147,LPL_2.WAV,-377.15473751582863,-3.0322288869976037,-207.7434581987915,6.528287853758673,37.53633790859504,-8.486357506182356,-3.9408051216441726,0.4579935299109218,1.3041031119938888,0.6299986998544245,3.8071767384499506,1.7681885664374801,-0.34477424019643865,-4.845471045932594,1.0412458127053605,-0.4767131184488509,-0.7729307181959402,6.828772662173389,-4.526170943232844,0.6395993551736671,79.6736922964525,34.12553344307955,56.327446611137894,63.89267304212996,54.29652678435542,41.813398670442446,32.66895975221781,18.62213265805034,30.87347215798903,20.054656562033458,11.040648704608202,9.951940065411831,7.619400959299695,7.042478901703408,9.053976379603773,5.023049591870113,8.717448389889247,7.619574296338367,4.735012298398293,4.454844961124979,5720.0,523.0,681.0,868.0,945.0,944.0,792.2,204.0,183.0,824.0,1087.0,574.5,5835.498046875
LPL21_148,LPL_2.WAV,-371.74358016318763,-2.5265577797603784,-195.16052618273775,2.85090198518775,47.85202770283283,-14.571497466647834,-11.541513832012665,-7.5861744696347335,-3.5490701792940036,2.7329878871381252,5.961324586649779,-1.7482773844199657,0.9138199650572051,1.1812638813326126,-3.116855642834195,1.2364734968093967,1.6249907371211405,0.17944920684932614,3.6189928911264535,-4.104344744343617,86.98418596042627,34.29726985492393,58.80850524876051,65.67464350536866,49.93292878314891,38.77794931176485,31.089950008597082,25.48134028856726,27.68993097102616,18.562105852402322,15.417315706357511,10.42169798065804,6.9216421528324,6.47717654059078,5.60237294184238,4.398833245149842,7.218400866647844,5.363253952241557,6.746857591065325,7.47848706339154,5658.0,515.0,659.0,859.0,981.0,962.0,795.2,204.0,174.0,795.0,1053.0,556.5,5727.83203125
LPL21_149,LPL_2.WAV,-377.75062447899626,-8.158831857874945,-188.08551508684792,-2.3264308163775174,60.36566287654471,-10.755275312905747,-13.570765970982979,-0.7716995319127239,-6.980916267224565,9.246482653871968,2.2659231937349524,-0.8572057284421752,-0.670049643885871,-1.6401810956981857,0.11272420314962009,-2.2895140833644483,4.277442225530454,-2.3079978017448735,1.5114543730163255,-4.62224620692739,74.08598232377997,39.97206021711719,54.206624138241885,82.74345713147422,40.89092114605019,38.45493751770579,31.308308660866754,21.853916455291895,22.55019610189783,13.079434595946056,13.233538414530832,8.875452443339864,5.517112001833038,6.447911671804797,8.999458549415754,5.766657060122357,5.922941235882387,4.93553944122192,7.155046963819599,10.126463475069881,5396.0,499.0,653.0,818.0,980.0,997.0,789.4,183.0,200.0,613.0,973.0,492.25,6136.962890625
LPL21_150,LPL_2.WAV,-368.07573130834004,-22.245574912169737,-198.86403498146603,-0.3712522536123609,47.96337236950831,-7.8345454514459885,-6.9121088442090866,5.747921333745728,2.513464922251018,3.0497065773790246,5.546815334614381,3.2254138667707966,-9.062833669024274,1.6870629570058688,-1.9281970224444531,-2.1676774403927457,-0.3790231007146358,3.9576645734427487,0.6719921974982925,-2.2192749400657013,92.08619780492185,27.133532207965107,59.58336769410255,68.25862830731663,50.37249454613521,39.57987454578505,24.9700197520514,21.10753238402172,29.840651687598,11.886197213282198,12.83912978772931,11.595254734418882,9.174831108253702,8.976196826673778,7.495489213154951,5.934320126654411,8.551438541994543,4.729657123586844,4.214437357859181,5.55899439735024,5732.0,528.0,677.0,875.0,957.0,945.0,796.4,231.0,177.0,750.0,1119.0,569.25,5943.1640625
LPL21_151,LPL_2.WAV,-366.6932865876285,-18.394088598864684,-200.00872618548556,16.567598392043394,34.20099057099749,-8.840234261255814,-0.013880496704871485,-9.3896250986666,7.834249481690934,0.07255230159442104,6.128092860136761,2.9929581340949722,-8.968863396516328,-1.263323278418653,0.5033923434350636,-0.7146363378176973,5.91320330466364,0.25628455598876376,0.3948433978147697,-1.0893984025764596,82.20032945659771,35.31914260312511,57.24307990275192,67.83768509007938,48.714396272334874,35.386545085604446,26.195026437546037,19.939926518019025,28.419001143469348,14.63381523045805,12.561079366890379,11.58328915555046,7.27626975042474,7.038236844301086,10.034844900783606,5.787086441241366,7.494577096267617,6.095912550260987,5.315165302128186,4.947241400961736,5791.0,502.0,663.0,876.0,1002.0,958.0,800.2,250.0,174.0,822.0,1052.0,574.5,5857.03125
LPL21_152,LPL_2.WAV,-375.7865563925636,-13.467937808851993,-210.07360974398185,-1.0527721160580616,42.74067518255496,-6.072927340109738,-8.255003349484014,7.094057029535785,-1.821934433965038,1.3929294621672015,10.047423116060193,-2.1115900043736078,-4.860674944143326,0.4744036394626085,-1.330207013368295,0.9633946564126652,-0.5473307568061208,3.4658718735266834,2.616375133690027,-4.060596948917834,92.1626602134731,28.312036065796182,58.42298864199468,64.70342373279767,57.26054559944894,41.343365913304005,26.587200777988183,19.770141763179144,31.425667846634457,18.398329176490403,12.24982582294909,12.903324591035013,9.358658413921992,7.483885641595828,9.975047268391137,5.55345659314831,6.044876821074629,6.2347378464468814,6.905304053615541,6.578573976488234,5726.0,506.0,679.0,865.0,955.0,937.0,788.4,235.0,171.0,803.0,1091.0,575.0,5943.1640625
LPL21_153,LPL_2.WAV,-343.6772110240878,-13.42553168677538,-188.3542129397685,12.603958755259125,34.96910799240721,-1.442875775495743,-12.122990169015404,1.6981780247141471,1.6117757464912774,-2.977100670080232,10.897243088030748,-1.058850401355524,-3.6893231726518922,-3.3296850317068083,-0.7746140295850436,-0.44623514092050337,1.7980736530398698,5.000915858921071,-0.7672645166784098,-0.9264118585488191,103.31865061252677,34.76240611321534,60.039071623646635,64.96675980340997,55.216190282887936,40.36005851389063,28.412747822611813,20.630710182476204,29.9962446036266,17.107158824229085,10.834315256945109,9.530248072970922,8.197740746492178,7.0573911429825,8.346609210871051,7.682133598026999,7.0336077586796035,6.429929996619412,3.7596184787599607,4.220474214432552,5573.0,515.0,651.0,773.0,978.0,979.0,779.2,257.0,186.0,712.0,1041.0,549.0,5749.365234375
LPL21_154,LPL_2.WAV,-388.38963065662693,-1.170775859442127,-196.20181520757438,-8.107352797319429,51.398014023037796,-7.1042976522544325,-13.874128148988579,7.028132377517954,-0.47081891320092745,-3.639602654089539,12.591109861627002,-3.719839791746679,-2.4966443499751962,0.9455441135288682,0.4014892397462554,-2.753703770748503,3.5591928800223247,3.158896872652134,-1.0748921326221654,-1.2792900997197256,69.0662321574923,40.57421750271695,59.85129531777533,78.66618910501276,45.022686120224165,43.04148545875628,35.686735066987744,30.15976094289835,26.373744720636704,23.604478347325117,9.25044820410688,8.316182093586434,6.7945221985719755,7.2603474778141335,10.168107896224274,4.085966048214165,9.188777978655144,8.099323038877639,3.8575832491042887,5.081866904746218,5632.0,516.0,669.0,854.0,966.0,939.0,788.8,248.0,180.0,735.0,1044.0,551.75,5857.03125
LPL21_155,LPL_2.WAV,-353.2180056289984,-25.286468597097493,-194.96340992393172,2.6540130021720825,36.94235391842639,-12.026988790173881,-4.668056365145155,-2.4330553412933904,2.691469808196639,4.551523168549064,2.3021597883619496,10.371731366018459,-3.801585068159918,-0.45466637385082903,-1.7334541039735705,2.1745367321095803,-4.548372342941207,5.148365988746495,0.2829155591384367,-1.399467682645029,89.41772916975253,31.990199348316015,58.56180276442998,76.9373410916991,48.82738008838954,36.23686737851016,28.230973673211775,18.962169260607897,25.210840789550982,9.706122400790974,12.653553896443427,13.73385852107547,5.005190587872774,7.347810105233164,7.963198985491156,9.070514229181452,13.291869379392804,6.817342588438612,3.978039069882638,5.705487338253123,5508.0,500.0,660.0,830.0,948.0,967.0,781.0,210.0,157.0,734.0,1022.0,530.75,5835.498046875
LPL21_157,LPL_2.WAV,-372.8039763355782,-0.646156835395806,-199.1876939229534,-14.622384135002427,60.061847086134314,-2.1342181416198014,-10.790461284996953,5.865727911536445,-7.640230814711348,-3.5470472245959144,1.9471468444389792,0.3417619283305537,-1.6833557750019539,-2.604748455105155,4.6419413464174575,-4.504348861068744,2.154836849683321,7.8405805387053515,-4.176065235095451,0.4277277672266044,85.89755451764374,38.53500310527915,58.76980842260999,77.03558492788274,44.18590272994752,40.639118530075145,33.51964028993099,19.10352720150512,26.81160677303935,16.50301424086288,12.235989803325939,10.470748899317012,8.604025596782948,7.808132851897414,13.14466352377093,5.127548562120042,5.896014696005716,6.96722202210406,6.816248303686387,3.8405581222413985,5800.0,511.0,674.0,875.0,1004.0,985.0,809.8,213.0,168.0,853.0,1037.0,567.75,5620.166015625
LPL21_158,LPL_2.WAV,-359.1095815854535,2.663736781144141,-199.88369927879415,-6.821557205629811,52.253687817939216,-8.624176321972795,-11.828356727881978,5.836309929671234,-4.599061359146628,-7.919972214773979,9.35294000298367,2.5578166299360543,-4.4570148267182725,9.247103793477551,-4.81029796757778,0.8564130287402469,-2.9810917308890983,5.278035996076958,-2.40527087802269,-0.05697068484814035,87.21368639513332,37.25758806660769,62.33227343509889,70.1719436493919,43.19173889596968,36.2265180425198,38.605658405944006,16.925370287173806,28.515773531075435,20.212627402574746,9.001332972378545,12.72244049934932,16.25989630501612,9.445374677727397,7.3211909986659425,8.484556056910073,5.756868746523268,6.657061825538276,4.452220465120298,6.251007052336166,5760.0,521.0,703.0,876.0,986.0,932.0,803.6,227.0,183.0,767.0,1089.0,566.5,5878.564453125
LPL21_159,LPL_2.WAV,-342.7123837705219,6.2471948300475,-189.1827778775868,-7.065410004107524,48.0720373274833,-0.7627551762194258,-20.167589627569587,2.815374098341367,-11.235222447157978,-0.0073895620762970534,-3.2418680545128438,3.1718613242674474,-7.6402700268771255,0.8106482747012622,0.8672073173917718,-4.062123230349883,-0.3220894135493657,1.2443759163174866,1.7568593435972206,-2.101228063495827,89.78843078995536,51.68749864286313,60.21158080388897,76.6264694742355,43.76319531303491,38.30572030334142,35.49057175536192,21.873253202631773,19.04933258466231,11.366867197584758,17.857599093788615,12.591306393540949,12.703675475372096,8.829655296304916,11.594096769401121,4.943526592920438,7.281404942968626,7.461030136825088,5.846237168252074,6.355975628633717,5466.0,499.0,648.0,840.0,977.0,961.0,785.0,234.0,167.0,662.0,1002.0,516.25,5577.099609375
LPL21_160,LPL_2.WAV,-372.4029555490088,-19.474646969523636,-198.02355481737698,1.4591193743396365,41.906113668244124,2.4240858451638196,-14.35899750474748,5.490874107352661,0.9684391625438253,-9.137182604570992,8.986067820281178,-3.451790551368543,-2.949161272910124,3.9692076061223105,0.8374586047185132,-1.0872368476288348,-3.890255089804583,7.94011534098476,-2.3758283496991255,0.43926728843367746,95.87784348519186,34.03253179134321,66.0203768469604,69.87012559005855,46.69241865197878,36.68240547501183,33.07432627182822,23.463613922347495,28.433472555677035,19.24814347285711,12.019398811146328,8.390850458626966,13.145836757183545,7.316681358804879,8.634620829471162,5.397633219609469,6.902648806165178,6.318275230818344,4.28777322019198,5.034787292941551,5950.0,515.0,667.0,902.0,943.0,937.0,792.8,258.0,178.0,909.0,1168.0,628.25,5921.630859375
LPL21_161,LPL_2.WAV,-375.2598893695297,8.249492739613494,-199.3387004550506,-20.132926444823624,60.08343900707304,-12.113503938474071,-12.296386558902725,8.284921809585107,-7.63729054297707,-0.2363001024296172,4.512700493234928,0.20055178764936946,-2.3190286542108627,-2.1196877492840818,1.768267988833018,-4.126391304978008,-2.4017091210176775,7.469015103144936,-0.9471215550450963,-0.26387367392522,79.77856896241008,39.58933711224326,58.492631246719306,80.40045830784607,43.86329045689154,36.67643578613267,37.39446965659752,19.735545393246237,24.577865390753242,16.79147599704138,8.8241364787784,8.806811031171161,11.142594717976133,7.763214248036182,8.618953702061145,2.879780444039778,5.93094294191811,6.866350312524897,4.240429524464489,6.451187360995945,5839.0,513.0,690.0,873.0,959.0,959.0,798.8,202.0,163.0,895.0,1104.0,591.0,5620.166015625
LPL21_162,LPL_2.WAV,-383.34913487416173,19.294146052653566,-215.14743355108942,-22.39130795096639,67.26168578813359,-12.710182186215038,-13.756993625424284,17.33100140803036,-6.242635527956492,0.6206664261159218,9.588968349413449,-3.012221345822563,-0.6219747962265059,-0.8244479366731813,-0.13359360818485455,-3.6246265385709178,2.405475261773777,-0.40102888237685663,0.5973509161005894,0.8865267538194211,56.82640225632087,40.77658617408786,56.943683914307776,72.35741570596376,42.019641902304706,43.84723861589443,35.402097618309575,25.249424483785514,29.675901981217145,18.972180262029145,8.33898427507449,13.832345035348771,12.524608576548191,5.530478651358595,11.213225010192433,8.074884479016154,6.673238665393644,4.74111992667944,6.276821481108629,6.212184303201575,5454.0,545.0,702.0,852.0,985.0,941.0,805.0,226.0,171.0,610.0,958.0,491.25,5857.03125
LPL21_163,LPL_2.WAV,-338.52197915522413,11.567400385981742,-198.70667156713543,0.5831693534585656,25.15379520450194,5.757112066538745,-19.963966928254806,-0.7895563860833988,10.06219521444118,-4.012974344843366,5.332641442973763,6.274189735782212,-10.887651879218403,0.780016261593209,-0.6987995770451357,-3.310132368344323,3.8661458847081267,2.0058796099532183,-1.0950848351627749,-1.6141851395677878,71.79076720515343,39.15974769662625,55.28796897674112,73.68400722087551,42.275032527976904,43.86063683165254,33.66401943997444,24.161368448362886,24.55298405017753,15.230792553425161,19.994683679094496,16.2037977472126,8.780830119586847,7.334785422690745,9.124167604124418,8.216101129249415,5.951759428265124,5.139750650868221,5.227012291280498,9.327031378183564,5356.0,510.0,644.0,873.0,964.0,942.0,786.6,243.0,179.0,599.0,920.0,485.25,5706.298828125
LPL21_164,LPL_2.WAV,-375.1371694523717,-17.30855008447463,-214.76982564254797,12.977066121354996,39.20487987412679,-3.372770230399605,-3.184192703589366,6.524061707928559,-4.015211720907724,5.304107796136734,5.117177941297684,0.1602281501928801,-1.9780546807327268,-2.477647457145634,4.559311364115784,-8.017893854711126,0.5110784410406558,7.0846350109285,-4.966563277656402,-0.18122601319508586,76.16704750453505,29.224983787799843,55.064353550232426,63.430652943563445,51.16664973982643,41.090953758349286,27.55623976595043,26.713250373084726,21.303882926970545,16.725457756852673,10.664565063868155,9.905092249812993,9.562672264705471,5.526416995714587,12.844533935490052,6.855355049000999,4.6198672800715475,6.282514870981832,5.155135934252415,7.600443950904854,5667.0,526.0,710.0,832.0,944.0,929.0,788.2,231.0,176.0,755.0,1099.0,565.25,5921.630859375
LPL21_165,LPL_2.WAV,-357.82633615696386,0.020144202374282685,-197.01327819944925,1.0082873784072768,48.48521072332189,4.901378050691009,-20.899065328194357,8.349095388944855,-7.228032504063809,-4.304169768739496,3.4362926860914795,7.661731310279987,-7.0457934115981,2.663664834118438,-1.6733011834687412,-2.9920381348701586,8.305535921257444,-1.296786579595659,-0.23895767439291762,-1.4046368152557376,80.70321589295452,41.074259979417754,57.59937994432999,65.59814509960248,44.57201026099905,42.43516203842574,35.67148541301286,27.20566777108524,22.48263324787435,16.796490928419843,14.743405871167445,11.846838130932332,11.7571981757068,6.503420429895159,7.9683646212803865,8.127360581480934,6.10991045233949,3.4984335387215486,6.549200486132093,7.260758397898648,5465.0,520.0,674.0,863.0,951.0,938.0,789.2,259.0,161.0,545.0,1089.0,513.5,5727.83203125
LPL21_166,LPL_2.WAV,-369.6601007286009,-10.81679859614791,-198.8440620309942,-13.002646909899873,31.52856319728735,9.739811254346431,-0.9601250249805389,14.424044282276371,11.275945545181777,-14.08098916199749,2.3445658889079515,4.528767336789948,-10.443231038382553,2.6613762948826833,1.5877247636804734,-1.8091651465473466,-2.2855845503708108,2.172354383571202,-1.722476208180588,-3.414913038718017,91.19770629874236,34.51661192951191,64.74212590253305,55.33843815039132,39.557580275057184,29.35211787086492,17.786860000685955,18.157072780393335,21.91697247882788,10.559890996585377,14.692411465805616,10.505858162441749,8.874201937552263,7.350998245922482,8.894427009630958,5.695015304160579,5.359759396279294,4.108481878873894,6.76669333200008,6.445514685217739,5759.0,532.0,686.0,854.0,902.0,726.0,740.0,235.0,159.0,900.0,1317.0,652.75,5878.564453125
LPL21_167,LPL_2.WAV,-337.6666809074904,-7.09649378479413,-178.61413014806809,0.6926528616374126,32.53507716407187,13.91935575814505,-13.938812749668148,-5.337441750203488,5.449979359691825,-9.906095708223168,3.9985409652744885,6.437460821754455,-2.5910807340341417,-0.7511250331558776,1.032749389776744,1.3534218113753707,-2.9743789681070956,2.1109390872868663,1.8350689069432393,-2.4449282755456,106.21694411462923,46.985625460701804,66.27212906617551,69.31861885393025,44.10351160420701,33.09864151754975,32.315475773483584,18.368519630431223,33.39974509928209,13.200207529646356,16.51146612354742,14.622906961481865,7.182015661622093,10.967179442906673,10.72589388920932,10.559121965597829,11.549431926974176,6.801394840937949,5.3051470047383695,7.192957770463878,5716.0,502.0,647.0,802.0,930.0,912.0,758.6,212.0,168.0,881.0,1186.0,611.75,5792.431640625
LPL21_168,LPL_2.WAV,-390.4210856011443,14.474693198050765,-209.70198376931702,-19.00068725075902,63.85501258899817,-15.201297445643474,-4.542155050110855,4.0448260279169945,-4.535950032736099,7.603810674082921,1.057546675578902,8.46627698410489,-3.6173166418485896,-0.03151554148665614,-1.5305311336430345,-2.775714066976567,1.0232537620963895,3.4598005703364128,-1.3074296562975851,-3.1336501841774327,59.239129094933084,50.9152235759773,57.16832562073815,89.64750740256987,39.79253749493955,40.32567993892272,29.575931219543566,21.48132489600489,23.008707310305038,8.434133196481762,13.121183917334319,11.06800632044358,7.5192088369755,5.483476247953198,7.491085839357057,4.98565889475503,6.446918941875888,5.781656027781112,3.4806646292776184,6.365433404967366,5560.0,525.0,664.0,862.0,986.0,970.0,801.4,203.0,186.0,673.0,1029.0,522.75,5727.83203125
LPL21_169,LPL_2.WAV,-382.52879869922197,-5.628921319233303,-206.81266827481244,-10.564109035580893,49.44110478469229,1.2113539004965106,-3.270102202970359,7.342392581194645,-1.5861392325021493,4.012229867362209,1.791850640132888,5.208187667473712,-7.792270120916426,0.6819382365933593,-5.164910225773254,-0.8135919442821022,3.3157696668438033,2.5016721159258823,-0.40894119590254857,-2.594118071190512,70.85033647159939,35.69174795913968,57.49523393976499,74.62752315732976,48.114507191979385,47.01763076036926,32.523218530387645,24.514187892827835,32.16969205628267,11.641280673916036,12.590443785218602,12.483019193663791,13.356837907765772,6.131525327303428,5.39677856203797,5.616978710425515,5.469368915344531,5.152174411917861,7.437056958439973,8.330906342046648,5727.0,515.0,660.0,848.0,970.0,952.0,789.0,217.0,186.0,823.0,1080.0,576.5,5749.365234375
LPL21_170,LPL_2.WAV,-364.6692756479622,-7.585764975511032,-200.334090036402,5.250620670365689,43.75540507796306,-4.535238035457592,-1.8822611713795387,-15.405541009438304,5.608174940490669,3.432596257592889,-2.9108322182912287,2.2799669855375146,-2.371062410501129,-4.851293598125968,-1.3379812464676986,1.9815121043642736,1.1471653776180204,1.3209681933037902,3.3552682638888838,-5.205783488394607,82.29357539599316,36.75624659620969,53.492429444923566,74.74552335913567,49.85215420924685,40.50279106537173,24.24282604048772,15.408360098696143,30.981621441177907,15.59160919313592,18.193429882601873,9.720867760419322,9.554746119069,7.6820804433433505,6.751018389176473,5.221351333279717,5.925777284678331,4.311292483110405,5.216019735998161,7.857055501618661,5491.0,520.0,646.0,804.0,948.0,948.0,773.2,213.0,189.0,779.0,979.0,540.0,5663.232421875
LPL21_171,LPL_2.WAV,-341.9823831242301,-12.831560655746268,-196.6208903325373,9.580723648115727,38.259255762228946,-3.258349594698177,-8.989191770694148,2.1418539696957,3.491833114088,1.4139691898681044,8.890423227397092,4.008491874170042,2.4604944052355906,-5.426404662373286,3.6713554610827,-3.5088512617337018,-0.3561257067479323,-1.687247120031608,-1.4818010535701172,-0.4715254706869502,92.48727549609369,31.766834768481015,54.708571745721365,63.12950670539348,51.51480338620225,40.58474782135853,29.263712774646603,20.115618405742634,30.71351637517694,13.114834749209841,7.625233990417617,12.43324731494646,7.429074911026809,9.686055988363485,10.71008103727973,3.0676686048350947,7.967934621662471,4.8570994530314895,7.075208961943481,7.933212689795757,5510.0,517.0,685.0,826.0,991.0,955.0,794.8,214.0,174.0,606.0,1064.0,514.5,5792.431640625
LPL21_172,LPL_2.WAV,-341.74022231158995,-3.7703805473875853,-194.46166792203505,4.304340950350382,38.91888417701662,-4.505429337944449,-11.984027343486696,-1.5543917647997778,-6.0274523137306035,3.8953508573454307,-1.641410274539406,1.481743598063978,5.097498370596887,-2.972015249859761,2.038658079643431,2.151485267822902,-0.010480183038927518,-0.9497327566344356,0.23986808588990804,0.5053686702391494,94.1531325523986,27.133863767248553,54.069916906938616,53.848507605890504,54.07693202129711,44.16875796334279,28.401191591284867,16.595937844145727,33.20728461609144,15.391864116748616,15.406701490918735,10.58823100523907,6.189058815659909,9.140687649351404,10.89617034567499,8.944037464018024,6.332443265057941,4.0585506654703245,5.9891614652571,6.131646217514642,5577.0,525.0,638.0,836.0,968.0,973.0,788.0,225.0,181.0,657.0,1091.0,538.5,5727.83203125
LPL21_173,LPL_2.WAV,-347.6347469523798,2.923280614223766,-183.1940815495116,6.2365505748581365,49.5071148626192,-0.5374002749179305,-8.09783980411366,0.48278578934663446,-7.16922056398475,6.5637379993026315,1.3393057492041405,0.05666875126321614,-0.4450879721870787,1.1286227021033057,-0.41371567306184104,3.132238148799675,0.44551941913073184,-0.33924040821024437,2.7458096061980894,-3.5306890692134476,103.5511416379337,33.175304951486495,61.45745127957838,58.95508917660848,51.27371079113443,48.04542420148994,28.562396295746037,19.652160273315168,27.827672848680294,10.925102787201942,14.26891147577263,10.586039543595174,10.003827914612437,7.230327308948767,7.133489636996982,9.963936443648594,6.318227348589279,4.692086369781438,6.351365144017748,7.082857982220087,5602.0,515.0,633.0,820.0,977.0,959.0,780.8,255.0,209.0,716.0,1033.0,553.25,5706.298828125
LPL21_174,LPL_2.WAV,-397.1008357371892,22.154671798553746,-188.4072125693291,-48.15234374855111,52.946980875487625,17.42550473680003,-3.671636892110189,15.258082630869996,12.349646447008412,-18.252391339190698,-11.723912578646006,4.641064924775104,-9.297754464496204,2.9327294622905535,15.58159723537565,-13.539048483587862,4.368022192981874,5.384089256314754,-6.19480030214586,-0.3023856021910719,72.93591666847188,33.90349434475418,70.6620005578843,64.1170608586397,35.023265972943975,32.875428269216386,24.972930024712102,14.46046957286342,13.623103991306188,12.453545499161647,10.78702101996668,10.807348030188836,9.455162112409353,8.152842385038618,10.246636172104449,11.727156084610014,9.322052767703276,6.829642663187313,5.266000029114265,6.6440607850867766,5770.0,495.0,647.0,778.0,830.0,781.0,706.2,199.0,255.0,1015.0,1346.0,703.75,5598.6328125
LPL21_175,LPL_2.WAV,-389.59651266751337,-1.1598183875682466,-207.367084166171,-14.702240463510812,51.01228552205036,4.403009867925304,-3.697552877811054,16.420281912141146,0.18404600389096737,-4.250265676526931,-0.5094255872694705,2.4993620740810027,-5.44753270915555,-1.1720599928565825,1.7405492052226317,-5.919970249525787,4.424055623607009,2.3468322072190007,0.44326242437361124,-0.9525118651425996,63.475292422061656,38.71342411724459,58.89509199700975,74.12053513960988,39.260689286618806,40.40604514823105,32.19359901914775,22.825778614148835,25.55360864283656,11.9128726208271,15.521739034745632,15.16328280933496,8.303312287528138,11.387294310316555,10.935591879369557,7.958639432447786,6.396433846413461,4.585234029395618,5.307944930580656,4.825751434333992,5592.0,511.0,655.0,807.0,965.0,939.0,775.4,218.0,193.0,657.0,1179.0,561.75,6093.896484375
LPL21_176,LPL_2.WAV,-360.5368685891841,-14.798125331759556,-190.6604614314855,15.466364211412095,35.26859164079829,4.874110421170526,-12.57905381104905,7.100028060972042,-7.659819318616784,0.4019078619373352,4.429246857874357,4.656559910678521,-1.2499992280969994,-3.104036554426804,0.716792401650572,-2.76889240331763,2.250446704844471,0.5501981048157798,4.052147612103936,-3.4046194496607525,97.65780308712414,33.96492775731799,59.995499734170465,58.09355813428711,49.56272848029491,38.18071089272454,26.265466202374682,22.035467512753392,20.55399772982838,8.355473541557991,16.70429649215746,14.342946275789012,7.210647369095681,10.747153876822642,9.425618005085102,4.127694442383506,5.661268581751159,3.395982789332073,7.620374280801153,7.17436289101872,5805.0,511.0,641.0,812.0,994.0,938.0,779.2,252.0,197.0,816.0,1182.0,611.75,5878.564453125
LPL21_177,LPL_2.WAV,-333.4268529873115,-10.214897771631515,-184.76031617721887,-4.029025793110932,49.8603524114645,2.6715460180596065,-20.902926421143135,-6.682928814551815,-6.804877163444676,-3.5345306270250014,-1.2342338266214365,3.3509065845394965,0.38352795949344376,-5.854012339327521,0.7280198212831106,-1.0810644823926665,1.1676026680496754,-0.8384280362583768,0.6685323688984791,-1.197647068993216,96.25345042792078,32.56061240090769,60.88323106539187,67.94387065522942,45.203004169417994,37.11299110740238,34.05550975933193,18.791423105860137,26.956150229298995,15.870812616892874,21.146613217934828,11.042400743642451,8.914198692145737,9.962253974850592,11.815708871673413,8.551069905532595,6.280093191551864,6.959794738819151,6.055698111693496,5.498512641688196,5240.0,505.0,655.0,802.0,957.0,991.0,782.0,211.0,179.0,452.0,1011.0,463.25,5663.232421875
LPL21_178,LPL_2.WAV,-393.4518516573931,0.050131702579910446,-199.39522589953987,7.511114299045141,52.49109103439611,-9.140286267376512,-11.72013717338308,0.43204652984645947,-2.558710365354148,-3.07232324146319,8.3052311174147,4.968093566482486,-2.2957367317597486,0.992779361692637,-0.10415917240519554,-2.9811855536847665,2.504766053609193,2.556816329847342,-0.15108767701012302,-1.2624640183451534,69.37890718647705,34.868319913647596,55.18876752812795,61.9071039939293,46.3528846880857,40.87708384120208,33.59741496334629,19.291487445501556,30.921499269920957,23.141765866257657,9.199380915215487,18.492795259491743,8.657748619730215,7.121475885905566,12.837247143373691,7.500088285812323,5.5178022133584275,6.467932175077884,4.2116312437513255,5.717502266168834,5747.0,481.0,679.0,817.0,982.0,966.0,785.0,227.0,166.0,834.0,1114.0,585.25,6115.4296875
LPL21_179,LPL_2.WAV,-329.1737934842229,-19.306628945265405,-174.98149714211934,23.216452926521242,38.90763233250065,-0.12268791510212437,-19.76648495615734,5.080931330092019,-11.272979934746688,3.5008293775555,2.2389977870620483,-1.9489376309578348,-5.405904811935966,1.3527238049176304,-2.4712180900934877,1.9724995877464908,-2.938581711478083,1.4076694067210838,2.7323423613325604,-1.6555775416599616,100.06346617058084,37.33992950904686,61.315943178981435,61.2395702153307,48.09939859003188,39.57879223214998,28.329977377588843,20.26843666679367,20.2119972543814,17.24980339926884,12.811819436215478,8.659225475659847,8.411165387599702,8.15179488336739,6.235128600941323,5.517174403567431,8.937385344519381,6.956610075873208,8.265651428032152,6.91838809866718,5583.0,517.0,685.0,837.0,969.0,979.0,797.4,215.0,216.0,656.0,1035.0,530.5,5857.03125
LPL21_180,LPL_2.WAV,-380.82368232236615,-22.476305438972737,-203.54476276842965,13.752222149928311,41.63426422822299,-9.472975102531395,4.129080746657068,-2.03611943130054,3.0508501140927526,6.002135672342488,0.9864069948175211,-0.005109696589406563,0.8105165700889786,-5.441483869703195,0.9360205918011754,-0.9276178276377167,-0.14333487583875776,3.7608457679031373,-2.6088788213226506,-0.4293076217604413,85.71383600784115,27.88249107424694,58.77149185688354,63.69305151778603,50.92746959143722,42.91940133481806,24.381239268944235,18.683391024870662,35.12107579921019,17.956202686848492,9.929436049414065,10.850525755604671,6.471230926420277,6.908432690845237,7.768463990543596,6.485550552482511,6.938742980798126,4.086565271278243,6.0002561138476755,5.2740102847666375,5797.0,529.0,677.0,835.0,957.0,970.0,793.6,224.0,168.0,844.0,1108.0,586.0,6136.962890625
LPL21_181,LPL_2.WAV,-347.8264125292839,-4.2882554003348705,-178.24784592607918,3.778318050133255,44.10011143372591,-6.273395027952387,-5.960549261918058,-9.863261547779416,7.581816851377599,-2.448075422222211,-1.76764388117521,5.586234282425594,-8.80481267241338,1.977298997695527,-1.145864673430584,-0.30162423608652034,2.4268013007790823,5.515928339621971,-1.1923405588246982,-1.5284698076639096,86.47202841643914,35.55242210092968,64.38013249953883,69.76160404935088,45.88431161728837,41.84197160882784,28.351132696406868,19.48274848347299,37.63666856905366,22.513314196673697,13.567731246498937,12.982068237516394,10.122959712681705,7.54462115279173,6.864460321007425,7.409727345157395,7.565003551929443,8.736359241773638,6.053264299139371,6.200111761703713,5534.0,518.0,655.0,808.0,959.0,982.0,784.4,208.0,184.0,737.0,1003.0,533.0,5663.232421875
LPL21_182,LPL_2.WAV,-355.2243247207283,-10.653251336501926,-181.53797601858523,1.9927857588845255,46.59273028859428,2.522399042501153,-18.031728195010015,4.337015804780813,-1.4292613829448648,0.4765405080485121,5.171583630038676,-1.5595545948154976,1.987805827670459,-4.966109156279129,1.156729010469673,1.6378095379724462,1.2810275429986404,2.126345999464876,-0.8275073521935684,-2.8796933273701644,89.60417452444491,31.843737184670378,64.08540895685,65.83974615156176,48.12311434165648,46.601226944407,34.54039937970751,22.865419888536486,26.01034991527287,20.15653655375904,12.438401499380571,10.380109714112336,5.611116032395687,6.8095604529442095,7.375300291106779,6.137193410162149,6.340586798245389,5.762592202803821,6.343735226525256,7.683764489163876,5458.0,533.0,669.0,818.0,955.0,929.0,780.8,197.0,183.0,681.0,1017.0,519.5,6115.4296875
LPL21_183,LPL_2.WAV,-368.0106171573289,2.5568815329116363,-189.8144275335551,5.492172529687593,52.00870771033924,-5.832603449407893,-23.802197192421737,7.257409938593839,-11.500585288492733,5.8676928422634065,8.824131474165116,-4.247907716421117,1.2444774295347492,-3.999158139122235,2.7777102471377897,-2.0476395111517878,1.7185872911237965,2.163783879151596,-2.3824211052573685,-1.7146400487641977,80.74330714652852,44.93257435631379,55.377375235611694,71.84672043939871,45.427074826046876,39.481951784227256,39.846411897860584,28.70365742328804,17.494777678600297,20.03511367730114,7.557616205190224,10.36429806540168,4.8345806227032115,7.620869237440804,9.688549523524587,6.5077897510564675,6.184406696139497,4.611926450004489,6.119108470380836,6.371080472699316,5405.0,513.0,651.0,818.0,988.0,989.0,791.8,193.0,170.0,674.0,929.0,491.5,6136.962890625
LPL21_184,LPL_2.WAV,-367.1205242368068,-15.186977984511703,-187.46535634793676,-8.40340309603025,44.35880314235159,-7.210652447679444,-7.975174079571882,-1.6275773999994558,0.46490777645192527,10.12853484383879,-2.9524251567293307,3.0988015089563112,1.5381024291405596,-3.3154582147388156,2.128192294880527,-2.367605054628924,1.4554377511218914,3.3808835380577773,-2.7971922365193147,-0.44920295373308505,89.69000440432902,29.632742858993044,61.4105697560066,72.43723734609479,49.554623984339386,46.67801447316796,31.00657993209927,18.952086084669553,29.501146425414067,13.941230033384358,14.096486961155838,16.287485329277693,7.750789019452857,6.946720263561301,10.66838215305401,4.636981454541134,4.017771780191561,4.851412118667026,4.994135748979189,4.733143185316297,5632.0,520.0,651.0,843.0,957.0,965.0,787.2,225.0,180.0,733.0,1069.0,551.75,6136.962890625
LPL21_185,LPL_2.WAV,-363.17079395166684,-3.3241183185156973,-187.4179435585884,-1.2760001640270087,50.492655937992815,-12.750578069761849,-5.5750695383137545,-6.143516115556472,-3.065171997563051,2.386038989509859,2.661476455694331,1.828198149221019,-6.2482436078388925,2.043504384391417,-1.8277502028330432,0.9060300408507951,-1.4350794687041986,4.487316003485163,0.11266237906263094,1.1191340636944358,96.86107107651073,31.62474418791398,64.8590208507747,68.30234162911772,48.88502798360287,43.697951581211456,27.713870971169317,16.303060544943282,27.53990054656867,15.332671516395795,14.062844678732386,9.868885290688013,7.717179796716147,6.597607723358139,6.973709519526208,7.329643824412648,7.804052633710136,7.060167665346118,5.524204274287406,4.148341785651217,5567.0,516.0,646.0,815.0,981.0,936.0,778.8,233.0,194.0,635.0,1123.0,546.25,5663.232421875
LPL21_186,LPL_2.WAV,-370.8296892671054,-21.293843713693228,-190.82590663934096,3.465851430615442,44.53011931635356,0.506759074898825,-16.650545470731625,-0.0947419807784576,3.253646261388006,3.760865793156663,1.99370477739467,11.096820415265187,-4.24395520408008,-4.04284165812614,1.8444496090455564,-2.4587241836793887,-2.3524120895061382,4.292389436039153,-1.2660711967369487,-1.2749103412172251,82.30706574736215,31.859516256039516,57.03615072593033,69.3507285845341,47.70772972515975,40.49001077200492,32.14975087829728,22.96237392042609,29.287984636042772,12.970523117467133,13.382072279022724,17.6295484159358,8.42090027607789,9.40022721744471,5.781186629288811,4.137622841860019,8.207118800068166,5.081358585370263,4.2831118817492015,4.5730988834476065,5688.0,498.0,673.0,847.0,948.0,966.0,786.4,209.0,185.0,825.0,1067.0,571.5,5835.498046875
LPL21_187,LPL_2.WAV,-363.75467442708094,-14.856667637672093,-175.0058100041638,-1.143333886332494,46.10880765176454,-5.034284074082572,-11.351874970993427,-4.708457476302277,-5.299810022055263,9.66145252676231,-4.946954795366125,4.7858038619675085,-3.1746503822077874,4.293655921890801,-5.034776055868553,0.7399398226392899,3.9118941657425483,-2.17770759889049,0.3108157702862267,-3.7148429843737962,95.71730817051008,33.59609383701572,59.374743601966294,78.04759780083461,48.67284997749628,45.418120428312655,28.63663904876771,16.684224525830075,25.85923868661406,9.957819636727827,20.345791880565713,14.737938635174107,7.629707873105306,8.358524493231203,6.823157514600279,6.085473546220028,7.596086710698933,6.5224061365301065,8.290981738777834,6.654706238098419,5781.0,524.0,659.0,826.0,933.0,964.0,781.2,202.0,208.0,871.0,1121.0,600.5,6115.4296875
LPL21_188,LPL_2.WAV,-385.015738545729,-7.647775354687832,-186.63750757783424,-9.041858559925796,50.58968305168665,-3.4291820637502606,-10.577774702260411,-11.43052050610558,12.94128183558834,2.9439178329892624,1.3526408776903986,4.423266847413078,-3.9167205342038782,-0.3563546955446701,0.7880077262696654,-1.9230212725364497,3.1787825507435294,2.50490088657642,-3.2544744461671637,-0.7313359957444399,72.93936416663588,36.58715106598214,55.82435413057021,83.86386027787029,47.12952622701801,44.9838612506353,31.62006859071679,19.823867867896872,37.60650602572447,19.90357598509509,11.300048719183344,18.3542973223135,5.840266295429298,8.429417321740974,5.358719392069363,5.199907764431474,6.3789059464121145,6.10663022839134,5.509997756064775,5.667299759830426,5632.0,509.0,646.0,830.0,960.0,986.0,786.2,242.0,190.0,768.0,1020.0,555.0,5684.765625
LPL21_189,LPL_2.WAV,-366.465771304661,-15.903569162533085,-201.7103564084182,11.006731634485854,38.489186855659334,-0.22067756505072111,-5.665392040018589,11.332492811216401,-6.6203731953230776,4.04972598750242,5.985214236673609,-6.925421228127368,4.769736049157071,-10.28300708690755,3.6911153984488676,-1.739015897487847,1.4538063621492912,4.172988747765759,0.7957827427927814,-2.275558115822071,81.93753450875519,30.74909110357692,54.02119849163426,65.25165837898015,53.20560760623642,43.37680640979224,27.8344960348777,25.171715109967558,23.000730079955687,14.683376752340054,7.84111121958246,9.442583048747046,6.837500211916851,11.524359055021,11.431408236765282,4.938131002768938,6.661738982727159,6.028803380657149,8.388710521612513,4.2083409987291125,5552.0,520.0,629.0,819.0,949.0,965.0,776.4,295.0,163.0,781.0,974.0,553.25,6136.962890625
LPL21_190,LPL_2.WAV,-367.6577325069346,-17.239111456489656,-190.52500435749948,4.088636756065122,41.08821069277005,-11.826643149302866,-6.312682022207209,1.942983819740611,1.602215691814627,-0.06743242602175727,0.16591853383907634,1.0556833409208026,-4.096513394051624,0.2248938949160827,2.8970232443817077,-1.7299040633495895,2.198347520670544,4.838083426630246,-1.554355392568408,-0.7207934393341222,82.88929620281071,35.219498041784135,60.962247085508864,74.69399971706181,48.59244007479064,39.419739192493175,32.72459817758017,18.48958491680719,25.258065299425127,18.1316792782544,13.668975042453653,12.04561923485335,7.721881141523099,10.11553108732149,9.236660908101804,5.237616021535173,7.030225556604974,9.141772003507208,3.134570020514267,5.589633396058024,5589.0,511.0,665.0,852.0,953.0,930.0,782.2,203.0,186.0,708.0,1100.0,549.25,6136.962890625
LPL21_191,LPL_2.WAV,-366.4147652152659,-4.342420235812368,-176.96677905743172,5.333405047718522,41.1973480101892,1.4964439618584593,-18.063084042673907,-2.6349937691379726,4.282228386037067,-12.091179997237244,2.150302260713884,1.750599632631535,-11.722803010460023,1.8218285013611122,-3.6704611492423402,-0.635363071132574,5.450402190369269,4.284024939356853,-1.618719231860649,-1.8440288611945586,79.80368379221848,54.34147424187729,58.92497893136115,82.20133513328928,44.175835519232656,34.315835479368396,29.863816816382773,19.958858495351734,23.385336332466178,19.410444581138346,20.194026240642753,11.598485353490874,10.679647297648788,7.684345856054662,7.092213386677787,4.461976355395701,4.399784088055268,8.197138150159233,5.870289350508144,5.600893279804765,5645.0,517.0,677.0,814.0,955.0,942.0,781.0,217.0,161.0,794.0,1107.0,569.75,6115.4296875
LPL21_192,LPL_2.WAV,-397.4022490772346,3.323160707226992,-210.63955431879785,-7.923484006929997,60.19316395151487,-10.599717397204943,-11.728073347031087,10.210423319096792,-4.515512588486856,0.9522113132129454,8.08952082009662,3.2727397946944348,-8.854885925733164,4.016468720896882,-1.5883671827216161,-2.3858930444778723,3.3752696323238176,1.580860006316584,-0.6199447618878924,-1.7715101604361525,63.386473793966914,44.889007520308674,54.35674922835191,81.01692743887108,44.1240067915316,40.45480347130733,28.076583156333655,27.45684570658986,24.084105097050024,18.015206725026573,9.25576828176753,10.1893463051583,8.558224735321462,6.7518183573984505,7.635661976651534,4.161871188673533,5.415471347900368,6.817713682914438,7.48428470383896,5.413417598560079,5502.0,516.0,680.0,865.0,966.0,955.0,796.4,200.0,176.0,620.0,1067.0,515.75,5943.1640625
LPL21_193,LPL_2.WAV,-368.7368441151765,-3.0500869996443196,-184.05345483128048,5.662468092034851,50.48204965072212,-9.937279565111304,-9.489285892905606,-3.5446618135283807,0.22496967480654517,3.812801663524347,0.40290179120211705,0.08884302086649866,-6.8487347178033495,-0.47556633760945033,-3.3522955187316446,4.3529962469252,-1.3255966029874293,5.1405485822273,-2.362859847464871,-2.315965031316238,84.67271879964093,39.119776688894575,53.92889008015009,72.59004714585636,49.465785958202645,43.364527100240764,28.20203904166727,19.214666623008455,29.256118177079852,17.97922595965155,16.5288446995571,12.85911833953447,6.800181189409993,9.232356706059786,7.234821699809857,6.36230424316974,9.113077840914745,7.249736128223872,4.1192724884759455,4.8499173114997225,5649.0,523.0,658.0,840.0,992.0,969.0,796.4,236.0,182.0,734.0,1042.0,548.5,6115.4296875
LPL21_194,LPL_2.WAV,-385.2590025501781,-4.1154847485111095,-201.00540406388433,-9.079130025857824,46.96175180452903,2.430013323058682,-15.204148919394564,4.998822081562503,5.315222902575632,-7.554812646240251,7.0699132999815975,1.8218173273478628,-3.1613999066986556,2.9069028786072715,1.4323024155626776,-1.808946647850649,-0.18572266715797026,4.949335035102977,-2.1636054714883795,0.4939479267291062,66.42173547612353,51.61877155525907,60.70055735550231,86.24928220121468,40.8735748188933,33.672651337342515,30.084675358115803,18.40707935397851,26.93674958798517,12.495450963386638,14.337044766330752,13.869756189570719,9.45130662081672,6.81507748796703,11.221043540384043,4.938663280551877,3.9026324245385977,6.705553076477971,5.791887501029319,5.805421201895236,5727.0,524.0,703.0,821.0,901.0,918.0,773.4,214.0,177.0,796.0,1201.0,597.0,5598.6328125
LPL21_195,LPL_2.WAV,-376.84697176320236,-8.589331501794076,-182.88104806815792,-3.3439703024409706,51.51029241345819,-12.586902130199004,-8.810262306765964,-6.188583176452481,-0.2590453390479681,-0.9523119370827016,2.9938971524515736,7.872153087580347,-8.076391915959055,1.2545278984680825,0.35492521749957234,-4.094596136016014,6.610154905105802,1.3391393329279977,-0.9126620776252997,-0.6132476387615124,79.81850811620178,39.0118490303249,56.340542230406434,84.90531699337399,43.4478498132564,38.86059270056112,29.18994538055102,18.856063071678424,24.710814120129136,19.110114122406028,12.950079016115495,13.99718535476227,9.19807453472212,8.140437881659663,9.019791943494406,8.277091364108573,5.32113266010699,6.691263021440257,7.516503363223191,5.056227865383624,5756.0,525.0,663.0,863.0,995.0,965.0,802.2,205.0,173.0,778.0,1120.0,569.0,6136.962890625
LPL21_196,LPL_2.WAV,-362.79835674787796,-7.605063715699269,-184.1794586811675,24.43373439170974,44.263264146069666,-11.076260874513022,-9.295633701352207,0.6145949928743385,3.2307795395592227,-0.35484626480189974,8.997708231150689,-9.45462848771185,0.4359760514817476,-4.957884451407409,-0.23420297552598893,-0.5748997081026697,-1.2346919888696446,5.309328387163073,-0.519041542895862,-3.809468584935436,94.60303247634481,32.96327578084331,56.19506884484492,59.71948485328698,50.50812758479346,41.74162833725339,29.443060273863182,24.854712631713973,27.44663435194185,25.608012268922533,12.69787032626353,7.4287162865566545,5.576503356024393,11.16329790488664,9.47919165330027,4.938443503447641,9.250898354239062,7.190484996931018,4.722086387759744,6.809368377132945,5764.0,524.0,686.0,833.0,998.0,961.0,800.4,227.0,209.0,832.0,1021.0,572.25,6136.962890625
LPL21_197,LPL_2.WAV,-364.13835925732275,-15.187496177851342,-199.755155250451,14.699991876186695,41.13603917564752,-14.252950999346336,-4.822484866766592,3.140990485655144,-3.9212689351771224,6.310884562925135,2.646797745301365,-5.379737644807588,3.2174997657229394,-9.54185962324901,7.078413474687419,-3.0632181203058515,1.6313782931439125,7.345870090396827,-5.040636457341645,0.658179361904341,81.55994128606937,30.635530921993613,54.864407741082026,61.805108360364464,56.06620490356578,40.90748248494356,28.906866134323963,23.218660682633764,28.50090681808832,20.972564267174146,10.007518281039028,10.273652195219437,7.993691064501608,9.906724896845299,14.17381177862611,7.635118058681081,4.847301390927601,6.203638857052775,5.341430592295538,4.7333138742936764,5514.0,515.0,640.0,846.0,992.0,994.0,797.4,285.0,187.0,678.0,901.0,512.75,6136.962890625
LPL21_198,LPL_2.WAV,-371.00667741455334,-22.006862579105437,-203.81160908897127,8.844423875250895,47.651830358062504,-5.9621972089411415,-4.688772415244699,6.9139656177027184,5.69465014207271,3.8351184134901564,-0.23449076393138696,7.25630432585096,-10.64208901695923,-1.2465552524465267,-2.801198420427936,-0.8322706757507635,1.53437970226241,1.4270593119994823,3.6626823927192866,-2.8820444563460224,76.99505189188152,28.012543671784677,53.62812571446774,66.4722877736572,49.5786079720975,41.5318941145647,24.83809645945413,24.74371051222847,30.09970712596084,16.05713043246546,14.30510355326589,16.562176991869386,11.786924746923395,10.932047642129508,9.349510658229594,5.2011607750798206,8.808697835410237,4.4433966657327595,5.439929412295104,6.471816947593276,5531.0,557.0,694.0,820.0,986.0,922.0,795.8,194.0,200.0,597.0,1085.0,519.0,5857.03125
LPL21_199,LPL_2.WAV,-347.5203186866716,-10.971569676969915,-195.94442188384528,8.737100114542443,40.39379859055467,-5.401281708008711,-9.125969130475228,2.9466698074656437,6.330013046599178,-3.206991798683487,10.337974251289632,1.302750187906219,0.517493192327181,-1.8318812178748005,-2.942601300692162,2.226062822108056,-3.796000345129551,3.6707712180193095,-2.742987228095,1.0097702660860377,92.88679041970954,32.14572173332367,58.75686870178687,66.18891002470318,51.686375393332945,43.56338348081711,28.296993233234485,22.065993043468627,33.40355162216685,22.399716930323105,9.235136120923135,12.253157096637151,5.753221203881985,8.347779343142456,8.329242075658573,6.067991269748061,13.129947310771165,6.5509344629751345,5.454566465379623,6.502538988570297,5456.0,536.0,671.0,807.0,988.0,929.0,786.2,224.0,201.0,610.0,1009.0,511.0,5857.03125
LPL21_200,LPL_2.WAV,-365.36976959011395,-14.852431663392823,-203.22086926331488,8.042242003469244,40.56129933697388,-3.3966048753111946,-12.159521899274454,6.804281889330086,-3.2516311755522342,3.3976778103628282,7.004715071784899,-0.36977627466812935,0.5728825423825229,-4.713043824699051,4.081992396224143,-1.960882961060708,3.0239427527672693,-0.6468594448537336,0.022681937410888302,-1.0115395667025253,83.21058135390118,33.1562028159446,53.28583321385815,65.76105706617088,53.50631035735405,42.779905929776625,31.41935011121558,25.73158964566402,20.356998747636144,14.641076962981918,11.433650291915958,13.715949064045509,8.305381815266017,12.213649978836775,14.800624514114414,6.186036248509676,7.295223355736884,6.361243019975063,2.6437985517631213,6.074997792949417,5628.0,552.0,683.0,861.0,1010.0,972.0,815.6,200.0,172.0,713.0,999.0,521.0,5857.03125
LPL21_201,LPL_2.WAV,-393.1243528070771,-7.547987514942876,-212.15781480722896,8.40360299007007,53.42289292831281,-9.014967034587276,-9.15823039817236,13.871461134351792,1.9197127106828302,-1.3831792169051413,9.500896982897759,2.6239874580909537,-10.366017899121788,-0.07851811437921004,-2.6239749575725404,-6.7116947114026635,7.009281508135564,0.041256559064706814,0.8908161735804742,-1.3930493694597983,58.41351169154704,41.47234618652973,56.16433125054232,75.73593436455351,44.2084958011009,39.148551043329164,29.85526777505272,40.99386404918687,20.002406742631937,20.487586547819866,7.725980087217216,9.777320039520871,9.063084120757116,8.544197324022667,7.354976760141547,9.183168007629027,6.346788621682572,4.566906110383863,3.936216538699047,4.3072469466526675,5663.0,568.0,672.0,886.0,984.0,986.0,819.2,234.0,198.0,725.0,940.0,524.25,5921.630859375
LPL21_202,LPL_2.WAV,-352.507940586064,-18.253381874909227,-190.84934473035437,27.215099512633838,40.665659260657726,-3.2166937909178976,-11.617159665123376,8.988156452979863,-6.644772710688373,-0.2934678646709956,-0.8236644255647818,-0.43652910267472333,-4.885114073060286,-1.5693582207147534,0.07395173291541796,-4.43430265065403,6.279240420744425,-2.024540899063804,3.4844553002531637,-2.8359162058999705,87.8597247697299,34.36794792987647,56.74477715176394,64.69989608835083,50.795734774108524,42.75525652889911,31.981139329117177,25.31946049187263,18.89925335616085,17.872612562744617,11.326883902173961,9.973436807273842,10.812676462291655,9.275430952310039,10.194313824499446,5.956424306430187,8.347344494179172,4.439538669844618,6.430445988899777,7.489336745363878,5590.0,535.0,664.0,891.0,959.0,983.0,806.4,256.0,160.0,656.0,1021.0,523.25,5900.09765625
LPL21_203,LPL_2.WAV,-316.59083767144176,-37.76216943736255,-170.7690499224354,-7.317247895746763,39.866825509856376,19.232324766492617,-17.65291534901175,7.03776160604279,-7.906643262859042,-0.9447816411904196,-4.645511026542246,4.5627735041710595,-4.475650638405695,2.6514516418156955,6.839735078359269,-1.2558743982137337,1.0299597349147303,-7.4197703919140645,2.9334969107065128,-0.3179817004178538,75.92014139218125,40.17227848757251,51.2066175825543,74.12236457939724,38.29115812732456,36.178587253321396,32.88634423410005,23.403387206061392,29.853160504370432,18.365216907181505,9.024950595761037,14.370453632356737,9.819856318288855,8.73680047935235,9.622769449661895,5.838629175412991,6.796066882010877,7.700255079412343,6.320912507146814,7.116546450407965,5440.0,514.0,666.0,871.0,904.0,968.0,784.6,220.0,161.0,622.0,1038.0,510.25,5749.365234375
LPL21_204,LPL_2.WAV,-351.7497749977061,-17.138417014387645,-192.97127100038867,17.103342977106504,42.8840345334403,-0.985883685572523,-9.14807528678707,1.478080663669242,1.3128447991189485,0.9269687654365033,8.6024443075891,-0.8191272215569609,-1.920706859306364,-3.6995318621137345,1.3541126804562076,0.09676596302479028,1.6618019742900962,4.836075702306999,-2.8363098903958672,0.2712652185095003,91.81055457030791,31.223007374246905,56.198166011789574,64.02095661734398,51.16759160289144,39.40638744942468,29.88782491311497,23.31041924385895,27.42465127912567,17.541360227465734,7.479643605741451,9.781437594638348,6.640361711190428,5.755752012641296,10.300442829296735,6.470256185572805,7.387542652770938,5.91004778810085,4.674223678553765,7.191645080326894,5630.0,532.0,693.0,860.0,988.0,967.0,808.0,215.0,190.0,735.0,991.0,532.75,5835.498046875
LPL21_206,LPL_2.WAV,-380.1666278917677,-13.067099105373773,-201.27149755003504,-3.404151117814607,52.238351381428785,-0.449059853656304,-9.597399626082789,5.160940831193292,1.0378863848382263,-1.3210317273362717,9.507977323804521,1.4077767701619521,-3.9465671567746954,-6.16434641660922,1.279677103182628,0.05718721487173317,0.1497965065489408,6.283627268297783,-4.203600135498984,-0.6934249019742762,73.92469454928764,29.730804248832335,58.071046631128446,72.33260514816884,48.30766458487914,45.85918332089968,34.6695507704117,24.631868055136408,32.24599456640679,24.64220866990732,6.142336050021208,10.355546747501299,11.187095277936285,6.303821777648223,9.928059237097045,7.078463208963153,7.4658529085399845,6.831807452750492,6.760670937032273,4.755891748495384,5759.0,535.0,672.0,881.0,1022.0,998.0,821.6,237.0,161.0,759.0,1037.0,548.5,5813.96484375
LPL21_207,LPL_2.WAV,-374.8880576624028,-22.1937391604872,-208.1267532210331,-1.760317252232527,59.015708168911225,-3.8234095861519948,-2.3398870369771982,5.870713216828513,-1.9755223376112756,2.761326089755542,0.6159247989023074,10.538169470008441,-9.094639576609266,-9.07713871080855,4.349805818360739,-1.547060617257399,1.6249512493365301,1.0449713499248254,1.4034090058393667,-0.7020656728920923,71.88804642479954,28.84783131184012,53.875480686837946,73.84475574317555,45.37772366515925,44.70494034262647,29.200008171300567,26.378567709660544,29.779112658512187,20.221011241630485,12.526096081497238,13.613785275615232,9.240496335710132,7.4111567538935486,7.929036440507644,5.218208158305559,5.989438854735841,3.887909345529942,6.722761227164785,5.111455744103893,5553.0,575.0,682.0,878.0,993.0,968.0,819.2,179.0,154.0,730.0,928.0,497.75,5792.431640625
LPL21_208,LPL_2.WAV,-362.5129170482836,-5.3781939728555805,-180.58519906311923,-6.938556425722144,49.34102888449311,3.1958289580409867,-23.06974927243908,5.269046369873694,3.2015448498172026,0.9429135594900332,4.5349235667227195,10.95792759825455,-12.078858383786327,-2.8120963085166273,-0.8272377371085367,0.1922709652145454,0.5299632607142061,0.06566933064218874,1.3188501097649281,-3.617393649971627,101.22705722662486,32.75073557462868,63.48121175368453,79.52790209636696,50.846249428281375,49.36653926669882,34.08593940649104,20.225212992043836,27.294200987907168,20.121759291542453,12.552491044869619,18.35018707866012,12.086311936087876,6.964627973061063,6.512573668205279,5.830967893114951,8.294714889765384,7.16708205385079,8.30421796868568,4.58951833849235,5785.0,499.0,673.0,806.0,933.0,939.0,770.0,261.0,171.0,902.0,1132.0,616.5,5792.431640625
LPL21_209,LPL_2.WAV,-304.34626537687143,-13.254775063038768,-158.55605015686822,22.3978691489439,19.320690034175097,8.724505527016134,-28.91700232942539,-9.506208719607226,5.721735543169746,-3.398982793551189,1.7897401948067793,4.637066035464974,-10.710438621698152,-1.4184961119858102,-0.7128296496207435,-2.6058190984693415,2.923334600416642,3.0931254632703213,-3.991627003253075,-1.3066552963940334,96.10713132017844,34.73644809498084,63.09988700410617,75.05675873058208,39.289499845044396,30.368981243598732,28.620422316052704,23.468233383904035,23.02573294078521,13.771983376765911,21.70256268663464,10.441588923100886,10.408240539893043,7.758382580783455,8.412318350528949,5.283546735208027,8.370235088538575,8.916082758339462,8.962942612174224,6.290438990256964,5758.0,535.0,645.0,822.0,940.0,873.0,763.0,243.0,215.0,848.0,1168.0,618.5,5684.765625
LPL21_210,LPL_2.WAV,-376.2388655803769,-3.710915216677321,-194.52352474094516,-29.926367067541374,48.91774080540457,1.0611048696027667,-13.084456379790169,3.0924885686454555,0.33789667305631915,-6.876831095754056,0.3393967724217815,6.450304599199309,-2.5849192058250527,2.2701024820767706,4.9826067752826635,-2.9882678064587784,-0.33711634324738043,4.777118476373582,-1.2284917853934234,-3.6829945969739075,99.82843709200527,31.505153738887405,60.334128754758154,70.9039556758137,50.15790210226484,38.08684705291873,24.654511570085507,19.447672020794172,27.208140798822036,12.464731813864496,18.952996235843866,11.409442466930292,9.407887808392413,7.93371502243628,8.84116158740472,8.760643688507916,6.037388645003483,5.399343891024161,5.964243521641667,7.284587743463264,5693.0,548.0,678.0,810.0,838.0,868.0,748.4,223.0,162.0,940.0,1174.0,624.75,5684.765625
LPL21_211,LPL_2.WAV,-382.7408698722556,-6.29014659250564,-199.77405726271493,-0.08914617026541276,48.192546685062695,-11.111272230791988,5.050946519838913,3.4519484375729315,-3.8246288973078673,2.3940220009137536,0.01826463771773743,6.2213787215041805,-3.1811784835944277,-0.44018884056280716,-0.3710660139698926,-4.25280216380573,5.099710331998391,3.9220723015186127,-3.0312638429097194,-1.5087978776949882,70.83538653232537,34.566647167647524,62.31433721284332,73.54093355444344,47.18582586787249,39.24083761100929,26.549521036131623,20.6417796969841,24.985052217845862,11.147187588435019,12.726713482431839,12.99543280898717,8.769759593023073,7.763904530498028,7.942944410108166,5.9337190380232245,6.1838487531526525,4.886526014039555,5.084001954760922,6.6576589789280005,5792.0,535.0,705.0,898.0,969.0,976.0,816.6,201.0,172.0,840.0,1051.0,566.0,6115.4296875
LPL21_212,LPL_2.WAV,-383.9149036884082,9.010465902670887,-201.45631658429554,6.739857578747831,45.20770269577584,-15.875979233425145,-6.078135973782576,9.279984693355264,-6.534698206554916,4.201884246779702,10.693478509965415,-5.048802934641255,6.037214598013302,-4.182150071058639,-1.6053578258611527,-0.938424598283299,-3.324775260327704,3.8493905614251323,0.7765717694312605,-5.478474786317227,84.89547638724392,40.27799626824113,60.28412582864956,62.52036300952092,57.69220754995468,38.86039343878665,26.170145638822625,25.158142497472763,26.789752964654273,17.050456990014624,11.595847943898637,10.015964152586436,8.350233180499357,10.914042748114614,6.6521182178602025,7.557506798241441,6.371899078077148,5.222191834267829,5.10309520399627,5.05204612825271,5728.0,536.0,698.0,821.0,925.0,938.0,783.6,210.0,225.0,833.0,1079.0,586.75,5943.1640625
LPL21_213,LPL_2.WAV,-417.99979345085717,6.280896105828836,-186.13365321803624,-12.497207497190782,70.23753835376894,-1.1767410508529716,1.0137808951713707,5.424586656308932,-20.555636478596043,9.132668098518074,13.918600450612105,-16.942462016867033,-2.4408052802553812,6.369619997603769,-3.490336777279432,1.306668124045544,2.996902491534656,1.9986385232239883,1.479782364450354,-3.9802341934630117,58.16413079933292,36.34867482855044,53.161552773640096,72.83021919934065,36.30794417176802,50.44573534643539,29.21084833609136,24.67593089413645,28.3751769184591,17.88509535236744,15.820737260141074,11.463505505030342,6.834203168585845,7.861181709789607,9.893338688236534,4.132814319294089,7.309169819540262,5.624477894369129,3.546994483757955,3.5759087864375876,5630.0,519.0,669.0,859.0,972.0,985.0,800.8,236.0,166.0,729.0,1038.0,542.25,6136.962890625
LPL21_214,LPL_2.WAV,-436.20088618608463,18.73037454579217,-183.96348073067418,-24.544334629375804,60.78504678199188,-2.4705732469340194,6.531413255485175,5.8988104123948855,-13.414601486390115,15.524393587910149,7.5332302434972425,-18.196858800096333,-1.0768143828414412,1.8248316824822584,-6.554061630501533,4.277336272746478,4.92161745834806,0.7381605523437481,2.118945275307272,-3.287930456464307,50.69279175658212,46.04032101332092,55.611289768395764,84.01681807901419,40.845056233652755,49.5630223378838,24.616280454683825,23.321180072234416,34.68023909442249,12.335508993346398,20.67356468071898,10.886658636060622,5.11481522666545,9.212881287624597,6.222118580688454,4.201242129194819,4.687425140203305,3.4752368608994733,3.5878346737175586,4.042326920626566,5707.0,566.0,680.0,781.0,938.0,931.0,779.2,221.0,204.0,850.0,1079.0,588.5,6115.4296875
LPL21_215,LPL_2.WAV,-430.45149238589806,17.041313241873926,-198.91961645415824,-21.13608922336869,69.21952557263155,-7.114873927771175,7.908080023802086,13.291376441817572,-20.75128590798174,8.018827976530723,15.082281329797215,-16.180474644059043,-7.434401097546469,5.893876602236071,-1.5940320023916998,-1.3066464272433325,3.317204030365758,4.51250131160025,0.509663206923096,-4.136943795831324,56.11996922268649,40.97231147234912,59.14345978164184,74.23273386233538,38.97578034030044,44.25107700066488,23.36695759879956,27.054063453530205,25.886020262928795,17.209089145102535,13.716447281644939,10.006820054743601,10.32138344156526,5.642809030957675,9.945321842269635,3.6275123374608076,5.915602337004338,5.434724059883431,4.667482805002874,3.3856097250732633,5775.0,554.0,694.0,837.0,949.0,905.0,787.8,228.0,187.0,806.0,1154.0,593.75,6115.4296875
LPL21_216,LPL_2.WAV,-429.3936860828139,22.373982306439895,-199.06299510821913,-29.949651695791086,71.0172731206926,-4.875415981058163,3.780819464529032,18.094046274143516,-18.08601616658685,1.093770929033697,14.718396652740605,-12.01084898674521,-6.0047662069346295,6.69277669525375,-4.042201759587308,-3.4448884374430713,4.58246271512167,3.90863546350753,0.345888645289664,-2.71085291602399,57.371240730312664,40.24242467861689,61.09629130694364,71.47672219617473,40.15470562740318,42.84723781862234,22.731258473631843,26.207651322106038,29.500676999169592,14.151038476826136,15.019269935120219,10.63916075582694,9.502588538379728,7.896077580536232,9.45590528636503,4.73858046881957,5.082923795556399,5.746863208154188,4.4815798974395245,3.5291882298410924,5784.0,549.0,716.0,879.0,948.0,927.0,803.8,184.0,162.0,832.0,1151.0,582.25,6093.896484375
LPL21_217,LPL_2.WAV,-412.0839841675518,14.100890975609486,-201.19156596354318,-26.226641397158783,71.8535318618699,-4.3313182639570105,0.06830589003631783,14.276500715308035,-16.05877320429996,10.254902123416617,8.333073381963732,-11.046512470710399,-2.460816424250314,-0.30111597726596867,-4.665781187424716,0.8615065544976843,2.0200744152844328,6.933673103939042,-0.00873860326341826,-3.2152448297725646,53.48750948515374,40.07237460908161,54.542254337586975,81.35619054903121,37.76473344864215,44.073219313656374,26.878809658010013,30.879876433796444,29.43178415828593,14.899372407186089,14.037260946478973,11.525239851391698,11.840071002331484,9.314219914460555,10.197653097590571,3.720856319150473,5.4968955542662625,8.05118406994481,5.6152001981884165,2.3832576055250994,5712.0,554.0,704.0,885.0,983.0,962.0,817.6,192.0,159.0,783.0,1030.0,541.0,6136.962890625
LPL21_218,LPL_2.WAV,-416.2762454948083,15.614381728768498,-207.39871579846516,-20.54273690861853,73.91312440581576,-3.7018604136416773,4.223006920983315,10.64064851200163,-16.76002600903058,5.404345560515131,11.497578493601253,-11.403421305383715,-4.6540514963994415,2.8649145685145916,-3.1808029158851476,0.6772256145645049,3.499330904610269,3.2926551575713505,1.0770661615532946,-5.104293064670663,56.59824651719096,39.56271779101421,59.33531658791877,73.44622781707663,39.329712502570516,44.81322627220574,23.280711358204247,24.9889916331726,26.15863178749075,19.729901310594727,12.733819744281638,11.936883114052733,9.658901310942902,5.271418609061504,8.95567509741846,4.586435592005879,4.768216631053378,4.790735814464082,6.135013499725864,3.44354217793997,5800.0,549.0,717.0,886.0,976.0,980.0,821.6,204.0,135.0,794.0,1098.0,557.75,6136.962890625
LPL21_219,LPL_2.WAV,-413.8473754027515,10.249791502986264,-202.6460154978409,-20.02479943222064,63.643031691870355,4.024143242967691,-4.6817221638349515,12.53423128378869,-6.011612674437633,0.5960371778508988,10.920768709115155,-15.116757139337828,0.8849385749900803,3.398406900414469,-9.465373421644598,3.9117958384645677,1.315750569575093,5.293042595615019,1.3142744070982368,-5.00344864799229,66.67871397284269,39.53313111918606,63.27996358893638,76.25403180055892,41.68364982055252,44.35693844624414,26.1977780898276,25.067716699688827,33.05294537108788,19.33222284815487,13.997127508072268,9.0547601136777,8.198997844447744,6.752949122758251,5.704294764624811,6.993523796913345,6.560816975202283,5.311595766106549,5.018645385365385,5.0220260696398205,5827.0,573.0,673.0,861.0,945.0,924.0,795.2,230.0,167.0,880.0,1156.0,608.25,5598.6328125
LPL21_220,LPL_2.WAV,-390.5676145953693,-4.74028456884964,-205.16792452547938,-3.854248205193949,46.51065800610657,3.2713500504171904,3.097748387875296,3.7879182656603807,-2.7140462826895937,3.316020096811147,7.93517720898369,-8.17714086314456,1.2991482476182874,-4.20637709963246,-3.5836936692098313,0.5150021564699798,0.05631629291393944,5.889006643792045,-0.29984811840507875,-0.19436150852835093,70.3788989717691,28.83865148225869,58.85954362039824,63.10028694656483,56.41395726380164,49.48759252843636,26.65409131463717,22.277657754688942,40.53062297391219,17.91601165532572,11.385905760459513,10.282593339026942,10.335043178161579,10.614596170179416,9.500966753763125,5.67562505904284,6.268917303140993,6.562891644332016,6.205423626544363,3.420095802016914,5805.0,545.0,639.0,889.0,1006.0,960.0,807.8,256.0,169.0,802.0,1091.0,579.5,6136.962890625
LPL21_221,LPL_2.WAV,-406.73200250978283,19.488268815945872,-212.41185040960053,-24.321408162863186,70.64495357484003,-10.790377410152551,-3.4327692550145987,14.138884790092309,-1.8891064980709489,4.047691140706134,6.97150077092841,-7.079884948903957,-3.2141208149202303,-1.7167677966140429,-5.252553178003053,1.1873141836494765,3.856034997283375,1.6490712726672916,0.45058608127416605,-1.3479574764204834,51.856524766050946,42.13015222938955,56.27084320827532,75.29293646024134,44.927027326847046,43.18001480243991,26.448813406333713,26.64743916198367,40.34468368075769,16.55266809729802,13.343303422816584,16.160580529852584,9.280808991384882,8.109387101747696,8.57122208597723,4.7032785419217955,4.374025468136825,4.965492814276802,3.824694812081383,2.450240092014185,5572.0,555.0,693.0,826.0,982.0,1011.0,813.4,209.0,167.0,674.0,995.0,511.25,5577.099609375
LPL21_222,LPL_2.WAV,-382.28802253593705,-9.79061633886204,-202.22224219057176,-9.495302571073735,58.53640957660533,-3.829510912472245,-3.7208641864033605,15.92266057525054,-5.565790093878854,-1.3553082814722825,12.372931759597085,-6.4376077763371455,-9.553168083354437,4.351790243719519,-3.9431170381365988,-1.509550144192428,1.7212425278943901,5.9199428343369025,-2.0045313413610715,0.3207330129615577,74.94067422279763,33.639031855920926,63.94617489262868,76.85846438346576,44.93813999078238,43.639167931032475,29.28222254188139,30.083387841743694,31.148134757062166,25.56774543699985,9.982544922304584,9.42916784294331,16.873299205338636,7.075267263564962,7.031767880714379,6.564877415618366,3.0660775821622406,6.510103269172235,7.180304896273899,5.711719280580897,5855.0,537.0,733.0,876.0,935.0,965.0,809.2,229.0,151.0,888.0,1080.0,587.0,6136.962890625
LPL21_223,LPL_2.WAV,-397.96188107853874,8.526637800100477,-216.05959841778082,-10.6597511329613,64.16282127760512,-2.768076477687449,2.2706279222809718,7.0055525814471995,-2.488157747854613,-1.2654318620629157,6.237628636084339,-0.5094650223920442,-8.546363115024858,0.3201575910818061,-2.0354844693626735,-3.543772972509348,5.930360662037682,4.923737910838475,-2.2048610725552953,-1.2508626818669208,62.496453397917314,35.826487120875775,60.690026008462354,68.18684175539649,44.84936541540775,43.14106465395007,22.22336894251175,20.77306347162196,36.36140699221285,22.94063084585949,11.964885981853415,13.49731696988525,17.0726128982239,4.263153444287706,9.222063349722585,5.602516016039479,5.04622588499681,4.7038653260807095,4.246089489806223,4.234803430337271,5779.0,535.0,724.0,868.0,893.0,943.0,792.6,227.0,144.0,855.0,1129.0,588.75,5727.83203125
LPL21_225,LPL_2.WAV,-407.61816938922465,7.6816570807036975,-202.61260105878625,-8.287665789032783,64.65014918813438,-8.44937047178946,-4.001719613358641,12.468180260723118,-7.455007522285484,2.8302305384453414,10.844705540602318,-8.436747864619715,0.7178507268054639,-1.6310007044231514,-7.252096758702911,3.0442217743041144,-0.1128217872098267,4.647005052703043,-0.42431225368619757,-3.5965567897263044,56.48102344541579,43.82212903891997,54.52191795120744,80.1231339604578,41.016714444454294,43.17452682927496,27.233070483061717,25.319035985540413,29.340044858711444,20.433179319793435,10.604208860023197,9.928746251939804,5.336102999628958,6.539006125148391,5.739327209984298,5.287703436445809,8.717357415665308,5.467298807502785,4.712652093570348,4.779067762018875,5820.0,541.0,718.0,883.0,991.0,998.0,826.2,183.0,143.0,885.0,1021.0,558.0,6136.962890625
LPL21_226,LPL_2.WAV,-405.1398172310152,2.310837845347022,-195.31459222048218,-4.660715030164422,55.39497147592446,-10.404288952362759,-11.983907798988279,16.764335591348086,-2.320306239890923,5.8997851322700505,8.786672473292967,-8.041404173348564,1.0572981962023358,-4.688026529696431,-3.263644368885956,0.5559952629561987,-0.026068516805583333,1.9399753440394618,0.7501693041385266,-0.4398238874492809,67.33098151017862,44.61856481411297,60.391251557632486,82.51453734625834,45.70246887874894,41.93100869916698,33.68335082283664,31.171288516274686,28.94684767375987,20.093450330311057,7.811177071844066,13.119927572242677,6.011454448341363,7.548173221501385,7.412222537408966,4.535014386278107,5.635294229684828,6.65758901421074,5.468879106391293,5.386334528604524,5826.0,616.0,706.0,815.0,964.0,970.0,814.2,170.0,191.0,870.0,1066.0,574.25,6136.962890625
LPL21_227,LPL_2.WAV,-391.6102660689611,-10.472925547881411,-212.71699345911216,16.2880829253982,43.876904936377336,-5.935054970113262,8.830929589719444,4.327320028738867,-5.810861639034907,0.48733414973140626,9.174655130465895,-11.579199632906393,-5.5125091708436695,2.736662267569297,-1.9942732397186576,2.705449588068027,0.08734338220985322,7.276627509752872,1.0107535142846724,-5.475630673839124,74.47160352612794,27.805267411163427,58.60717839084273,58.272107864476375,56.60119644164544,45.375442368082545,25.587835581885393,24.18989630427738,29.40910819640085,23.400084729545313,10.505586264489514,8.97236482213429,10.567904294243725,5.5788010368130285,6.160678534509192,4.919221280466109,6.168853587183137,8.458271429002812,4.528372878967576,5.094506569694457,5687.0,532.0,725.0,805.0,961.0,953.0,795.2,215.0,226.0,745.0,1090.0,569.0,6136.962890625
LPL21_228,LPL_2.WAV,-362.2529484445065,-19.00282770454114,-195.7050374211372,3.681079809128572,32.646564422626234,-3.819081711894083,-7.265263324250859,9.169526712647615,1.1052745248923679,5.818358052978575,7.0131211514741665,-1.69486970075091,0.11578692177932648,-4.837143793873258,-0.5169409104454397,-2.432408070740357,-0.4543579224714724,0.5108842253201089,2.5471408019697632,-3.175987237883609,82.82244107239256,30.937338833810074,57.470750722811395,69.62095896509042,58.57785449109491,40.82287992057567,27.903452027388116,23.70569124026773,30.350223072385727,12.00031627425426,9.4347736115805,13.762200963064661,3.6730751534126562,9.477348531058725,7.613895756860639,6.1725746648365725,5.8834111786317145,4.028617674261448,6.951959226512238,6.968841897406327,5509.0,509.0,668.0,831.0,966.0,935.0,781.8,252.0,192.0,691.0,1017.0,538.0,6115.4296875
LPL21_229,LPL_2.WAV,-406.9296830802631,1.1615771040392147,-202.1729170646157,1.1332066732813018,56.24328050822809,-14.048892188128168,-0.10131790174648522,13.074550162543023,-6.294227525069109,7.0352365790593,4.752934642043886,-5.20373829811144,-1.8225630215052226,-5.260673505972865,3.9248628924014386,-3.7955895758893012,-1.597991010239339,7.822026630725355,-2.641892640844965,-1.0972595540551118,69.66863941629637,39.127007957699874,64.18324642049704,72.16276298584258,46.2778921080181,41.32794413346617,23.265695411251542,25.39668856991869,22.101453250738547,11.368725138336522,13.84415091868708,7.012395884970977,5.991279812154781,11.095755044421717,10.081287160179874,3.7547711506579384,7.973653695102962,6.79101106741507,4.863719970816634,4.1118988337646,5848.0,524.0,657.0,875.0,943.0,913.0,782.4,252.0,188.0,853.0,1162.0,613.75,5943.1640625
LPL21_230,LPL_2.WAV,-412.269000259531,15.205379054407171,-212.4603055949144,-10.863212265463384,70.77858725425054,-14.92203003032854,-2.8489928785146077,5.334098474370917,-7.522028939619696,10.07812247600545,5.15437594737803,-1.6363638393374411,0.10577757539003886,-4.444607583313625,0.6919179576430073,-0.6095761058037562,-3.1624948428583273,3.88766639494833,0.061432329679279245,-2.3393002412089077,55.952430890691545,43.380203496508855,54.86523798843253,71.91103307363392,39.14789288883609,42.55502569092821,23.492197302967856,19.345980443425095,29.17877038738784,10.178512360155612,15.143796776683903,14.191970974305793,7.729352155525042,7.709056063177274,8.26312222306786,4.178426156820603,7.668046015303375,4.234250833525803,4.038298584607192,4.846441698988103,5695.0,522.0,673.0,837.0,951.0,961.0,788.8,210.0,190.0,795.0,1075.0,567.5,6115.4296875
LPL21_231,LPL_2.WAV,-399.18930649078294,5.395562682219071,-206.22681206091843,-5.8816773228736245,54.73678701327314,-4.93652689153054,-7.006217611624536,8.101270434488125,0.48403631434667954,-1.1415259759647367,10.21993563913507,-2.176426213984502,-2.7280388179276107,0.47859652128682223,-3.3548738935557147,-1.283823953426092,0.34130823420440176,2.610450212310479,-2.2121709382547943,-0.38163065581018046,64.74849894937945,39.622566625584035,62.04774005250833,74.54247470483737,46.01275769194259,43.783201865623816,33.04769487211362,24.69110996884789,33.24076952451651,23.766987169546393,10.36971393245936,6.9363233633347505,9.024621794003735,5.858463051204362,5.585516509373991,3.648872093615478,6.103177581400483,4.414559947507584,5.04226860162303,3.782707048109582,5814.0,526.0,638.0,897.0,955.0,928.0,788.8,239.0,206.0,842.0,1098.0,596.25,5770.8984375
LPL21_232,LPL_2.WAV,-376.5814146746831,-3.951803117799474,-198.06545833691575,-10.704008435721702,61.384667870321216,-9.870337262509697,-10.782338087395136,9.463996352582438,-1.9586417352805108,4.866009680085385,9.310587063931468,-2.105081125081961,-11.706905554205202,-2.641306483127762,0.6861042279697755,-2.2626923698639643,-0.09676594886435183,4.360308007205883,-2.309882209238389,0.1051734136660744,73.66180945339039,31.177807035766886,56.07446199423361,74.84533125688047,44.731765399687596,42.43617427603009,31.9337997036112,23.254766841521395,30.72122348401702,16.70013955008206,10.06074452077569,13.820253283708212,13.848364490022654,6.633677719800904,9.959122936506596,8.450920111114456,8.327115291376222,7.851683916807864,3.839268231309563,6.331311533495542,5562.0,529.0,647.0,841.0,1003.0,986.0,801.2,252.0,166.0,679.0,971.0,517.0,5857.03125
LPL21_233,LPL_2.WAV,-363.38953548552655,-25.525452086985315,-208.98235179019437,17.081242078599523,31.710196401526478,-0.6813014694737055,-6.7285062304238945,9.875630482263025,-2.595028776078187,5.734007613534785,3.4108537977951556,0.960890521045244,-1.101905790864374,-3.4250723826066416,0.779830701314534,0.04069021207818533,-0.9809692527764811,-1.3838445779830528,3.816732885307418,-5.619021631495707,82.41552895128285,31.197938485397113,56.10487327831929,59.32777860310916,60.72227378297947,40.721626142917856,28.42383663393308,21.84701780692475,30.19909341643623,12.122552510762917,12.358444017963688,12.858357454624041,7.148273867049294,7.56501612562364,7.669036534665887,4.4536401280019975,6.109411697052356,4.85167997274464,6.577246763886923,7.603912992392236,5575.0,558.0,680.0,781.0,961.0,986.0,793.2,199.0,264.0,688.0,990.0,535.25,5878.564453125
LPL21_234,LPL_2.WAV,-397.80583159286044,1.4530253928940131,-204.15917188530236,-10.97639441313337,63.655899243498034,-14.523896062744349,-2.1434749031101124,10.36681072440576,-3.4350963947103,10.257103770198999,-0.4076228349008134,2.392136316907986,-7.187241965432355,-4.368314842697818,4.462751113677513,-5.678108597727472,1.290556541700303,4.426858538427755,-0.5003648966458559,-2.2257879958821043,58.45562865133575,39.205375744301186,56.044968624613766,83.01442223713276,42.49050704073579,40.74386016787825,29.317308061693144,27.273405472149754,27.960851828556656,12.0178377809226,12.674334961177683,15.174317985375776,11.252579302126469,7.010171085311249,9.097615933101874,7.49413727310587,3.926192196492458,5.364082440059769,4.8514264922783665,5.501539188752217,5636.0,525.0,670.0,847.0,954.0,989.0,797.0,222.0,188.0,789.0,968.0,541.75,6136.962890625
LPL21_237,LPL_2.WAV,-382.22017675112755,8.304386055013625,-191.4520452249076,-0.7663849983021807,56.10991805652399,-8.278807450003967,-11.548853450117676,2.081989076023169,-10.723131535417746,-4.881025491996026,9.008114832994552,3.8684208992879996,-9.697258750357658,-2.188847002638637,0.36746547833910376,-2.988833203284016,2.179757935307075,2.867651448089976,-1.901188094059167,-1.9409029861517906,76.96474097696394,48.77188282054785,62.73696822245109,79.0214511252946,42.799586881369194,40.846567176140645,34.019502940785394,22.05956516237991,17.803891559689824,25.217768009824372,7.847285197585031,10.33032310492582,10.792074886200862,6.864134159048383,7.983591933316691,4.186667490485801,8.103370342156758,5.668675369432749,4.51814555338986,4.748533658850645,5891.0,513.0,708.0,892.0,984.0,987.0,816.8,238.0,180.0,897.0,1036.0,587.75,6136.962890625
LPL21_238,LPL_2.WAV,-347.3524399027265,-5.879639796234463,-205.39463899871404,15.804848938828595,19.476827738642825,-1.3881856437328464,-8.714283961986133,-0.04592432628501839,4.94546702879142,0.8166451231450702,9.673624305044818,-2.770949923645117,-6.460717635141402,1.4936876649923636,1.2130023056418506,-0.7066745484265327,-1.6970264588576887,0.9649846267289687,-1.7366027544481064,-0.9979847130600022,75.46667929081124,27.031627179139885,51.51582945038014,59.788396883140656,44.033078606738286,40.305822724763104,30.47692067884022,21.27385147197565,37.475009825864895,20.016596533208673,8.510882846390144,11.061908156013152,9.182890909388984,9.467941884986278,8.126646164635265,4.454728970952875,9.9964664244902,9.508038174932047,7.1193699104681425,5.877014940267757,5575.0,525.0,693.0,883.0,1007.0,930.0,807.6,225.0,166.0,733.0,927.0,512.75,5900.09765625
LPL21_239,LPL_2.WAV,-366.4617790852468,-24.228014458429584,-191.68869129209503,-1.2651874670615124,35.34106140952308,2.6200928306201092,-12.45613694464481,4.005337515682472,9.805577469580435,1.2508536840784397,12.998882684514548,-2.327401037856766,-1.9955711404101182,1.3786289363792767,1.1134824250520825,1.1017943368118386,-3.591587557947648,4.810647702905304,-1.2647846372987497,-3.924975313326106,103.95313875962964,26.624508232578382,57.23534793961493,68.1873446210839,54.57117772442522,39.59984257329971,21.848528237195328,19.223537389169504,29.368849471991357,11.934691245978755,10.468869929607775,11.346071355316317,9.244911934631997,6.740465479760189,7.315060641649163,6.425079839117377,8.219412798055023,5.039507796503431,7.061767671335811,8.323296917822912,5761.0,533.0,639.0,826.0,948.0,861.0,761.4,255.0,168.0,833.0,1224.0,620.0,5577.099609375
LPL21_240,LPL_2.WAV,-358.0977664459797,0.06498780650965667,-185.02458321839737,-0.6565151744958858,52.022176487312784,0.1273882620287955,-14.837824916862504,-1.9995514544670172,-9.496015796465908,-0.21288264778296878,-4.542717092814601,2.64802635703202,-0.6319178380926131,-5.26971553471626,5.441465917102482,-1.7742016959543734,-1.3593378268508656,5.609598653728579,-1.5460587263884795,-0.18803628669413908,95.17564727093459,36.637062830105315,61.27552753740371,67.74593905874974,43.04642582278716,41.97627856606239,33.439871427744265,21.38262235064194,16.42523323123105,13.920191458815827,18.121566500512323,9.624318780356356,7.988333946154511,11.34494191302377,10.445982499347611,6.510431605943692,9.319239058553848,6.895540039118517,5.490612238600199,3.6162101755126965,5602.0,518.0,672.0,818.0,955.0,945.0,781.6,231.0,213.0,739.0,1038.0,555.25,5813.96484375
LPL21_241,LPL_2.WAV,-374.0530966217197,-9.690317858673925,-187.46639625439963,2.942860515677159,44.24373526362895,-12.10727197990332,-1.5204719458313525,0.634035441299577,0.9087625908576527,9.811459272652545,1.0127221752026503,3.7924916748154,-0.2910516393207993,-1.808559791389355,-2.0420932709021953,-2.275290041263114,1.2324679336580144,0.8530015009128434,-1.4632827133636868,-2.116708089486053,88.06593932260199,33.37647689140925,58.61290774437066,69.98730336627798,52.85201820575358,42.84666991519339,27.0785960623758,18.757558930654586,33.82633956001533,14.167350655124748,11.882400375409828,15.296152607197733,8.108280551681176,7.222004291883119,5.92747865040551,5.127689622887054,6.33298931306071,4.680742416871292,7.895057577268027,5.132663209433556,5849.0,509.0,688.0,853.0,984.0,976.0,802.0,220.0,184.0,875.0,1091.0,592.5,6136.962890625
LPL21_242,LPL_2.WAV,-386.7913506849267,-16.159195629824033,-201.86613886031276,7.805760699646453,55.821902299599834,-20.442509524076886,9.108722398968057,13.05431344940073,-10.745470539562461,10.962615800461279,-3.3257543690181928,1.7265437853387202,-7.033560811998281,-3.6637092677954604,6.122867550667966,-7.408679668988776,6.088634261738326,0.646646910983258,1.1152568164914678,-2.4212656755856243,69.35303219946424,29.111116714059502,57.30565563728376,68.54904098680355,43.410120714406936,38.09042871525546,22.19673529415052,28.248056994637743,19.24664412706684,13.115428582096195,16.22698872730017,10.431492690403248,8.390763397723846,7.1868413793971175,10.784311228615486,6.562136132089529,6.457713186514815,6.239791672204521,5.679225176010625,6.374887092552565,5946.0,536.0,701.0,856.0,983.0,953.0,805.8,254.0,208.0,862.0,1119.0,610.75,5943.1640625
LPL21_243,LPL_2.WAV,-373.4913983192838,-24.961565299567237,-189.2615942156206,12.38714505631244,37.738400574558035,-10.093195938805088,-8.999065748526778,8.29152192194808,-1.5068210445806138,10.676284170979924,1.1189003690398986,2.9769117817643105,-4.66720553981609,-2.7431074944588443,4.384586334891403,-4.55658611766883,0.2400142784151344,0.7679232144437951,1.3444532092651698,-3.219662520056779,87.89504605453405,28.974042161077477,60.87306151417671,71.55790620546885,52.66059313364252,40.52208925667092,29.626629478486823,26.193329906978708,23.958098312219814,13.407230702213726,11.020906508051645,13.927111139498004,7.191597713878996,6.936442551791738,9.363808559487419,6.050435506493574,7.5654428333596035,5.481696139163616,4.92391800832893,6.662136248268513,5811.0,525.0,669.0,831.0,960.0,965.0,790.0,251.0,172.0,831.0,1131.0,596.25,5943.1640625
LPL21_244,LPL_2.WAV,-371.7471762048289,8.163725960734626,-189.99955745408067,1.4371662244214118,59.7608636557495,-13.460956097427921,-16.492812543318102,4.2243133147985565,-8.646250097452283,-1.2902097828532182,9.78981690673678,-7.762870606963864,-4.314645321328762,-3.5433546671271525,0.6326451271722564,2.164850591707297,-4.1034006025501615,0.37597229428502754,3.997375138728218,-8.215066817677474,83.5342463712524,40.42489579576491,58.386937813805154,68.35064028224757,46.35241460947752,40.14977466032925,29.308707927687426,22.423899171444347,22.346582660684895,23.06117823211886,10.205108130465037,9.328444394681028,9.438663786667634,8.639778732080181,8.40492494690579,5.560738012414096,9.227999028353356,6.686190623389044,8.142853513297494,10.924699360512037,5612.0,524.0,695.0,799.0,1005.0,994.0,803.4,239.0,197.0,682.0,1000.0,529.5,5857.03125
LPL21_245,LPL_2.WAV,-401.06676769806097,0.6229613846174508,-198.7814052558128,-9.222212324038603,71.2196673894534,-10.558460102399973,-10.13359402636266,14.34161450177638,-6.8196318528203586,4.141989016955443,8.318647065719029,-3.349552663330022,-3.037265845743816,-5.055766170835641,-2.641807304066561,3.4862571024577615,0.4994710482445837,1.5191235308271425,2.476469291602971,-4.296121486985128,61.68930068670636,37.667879593619816,59.356141131688865,79.14067282029198,38.71435745344978,41.63046141788794,29.88190367749793,35.65326936327899,24.015989333252165,21.849460703568298,8.670891769735569,7.956648243726034,7.440378443414039,5.881423141503683,6.589238088148735,5.074466629292163,5.157301734941404,3.4946112937954177,7.366378037042232,7.538573768087378,5881.0,549.0,692.0,879.0,973.0,972.0,813.0,202.0,215.0,867.0,1044.0,582.0,5857.03125
LPL21_246,LPL_2.WAV,-387.43347266064166,-2.5982287279981917,-207.37857332618742,-10.16944116204254,60.61131249852408,-8.5514281121236,-9.88759067490104,1.6771839316336659,4.83694127024595,6.177021306889166,6.558705541284998,0.2544483011833811,-8.946042020426754,1.6963594517160774,2.1116100391837853,-4.847610953171276,3.5107169546023074,-0.20818838336175283,0.0393433550316864,-1.0152813526612914,54.63695873415519,44.58476671641356,51.46618834727083,87.95865684652861,44.55701298542577,38.66902320033549,23.999413929393416,17.523336160417532,36.68866174732365,17.692941339261484,12.306957382644159,13.049686412637516,10.997757250806178,9.172326720231045,6.324589737529889,5.475574285509418,6.37965771704743,5.813404805792842,4.148207073639599,3.8664499118151654,5265.0,500.0,677.0,814.0,985.0,980.0,791.2,209.0,175.0,493.0,964.0,460.25,6115.4296875
LPL21_247,LPL_2.WAV,-361.38750436470633,-27.054346352831576,-196.30868297571504,5.107876439028482,35.485611084980306,-4.607304041691506,-3.7078510987440176,1.5166751627939143,7.48821674008281,7.148438640296347,2.36881424941993,-2.4323609608598793,1.0298425824750561,-7.192574500681364,3.7728831205979807,-0.24013768759491233,-2.4853779776237253,4.617560915090106,-0.6683259103366788,-1.9204877614862748,90.54827248294123,28.392733126392585,57.043256511091485,70.73699706695415,53.084144981584664,42.108023417945994,28.261502853386663,23.10706473943477,36.89921678196112,19.610816988740083,8.484438114937266,11.21421999853181,5.202902771080459,10.070566155644531,8.472296340611079,8.317299705525851,9.682499552061447,5.892415145761594,5.389834815778812,6.169164607741853,5692.0,535.0,718.0,842.0,986.0,957.0,807.6,241.0,164.0,720.0,1053.0,544.5,5835.498046875
LPL21_248,LPL_2.WAV,-378.05650966316887,8.896508697374134,-197.59363239454748,-3.5297419971073483,50.563744974762955,-21.64316116653351,-8.903154110891798,7.110785639387661,-7.3561417333359875,5.594367414382986,0.11849097371641623,1.6840351923149846,-4.532911364422708,-5.240711918656209,4.587793037645011,-3.905801597130233,-0.7265432213732066,9.831238539822838,-3.4486547436634813,-1.721827057105404,71.36362682179664,46.65690807229354,61.27975092297383,76.8127270715279,47.06083731561265,39.27321874472254,32.23104234457893,27.145104561544322,17.080892184988347,19.67546431622056,11.484803368980065,11.138416319063696,8.36808477203889,7.172993162261108,9.022963451853446,3.7069798283988287,8.014439247305333,9.069751775776128,4.377606312121167,4.603913131554404,5693.0,526.0,678.0,875.0,957.0,955.0,798.2,229.0,186.0,797.0,1013.0,556.25,5878.564453125
LPL21_249,LPL_2.WAV,-367.66875793307224,-5.05449018537949,-197.104783573269,12.092000280074535,45.78588840963406,-13.000674940190411,-23.795017163829208,11.324231408013516,-12.180628615364009,-1.254864012976858,15.311104964294135,-7.0265941848718505,3.8244922386570637,-1.3405810404936216,-1.6646554924043167,4.052291809996563,-2.647502993471936,1.1948153548733689,2.8726153678514845,-5.590033511016217,79.71130637379554,37.42410611193352,52.306436995236446,54.89776286629215,57.347736074772364,42.88946194145795,29.291278655587455,22.90820029752716,26.01664943270643,24.865664897223756,7.843114207548145,14.824278042725764,7.137607667876484,9.087703811879944,9.338875954034831,8.388484692503127,8.75975950263429,4.695524074288865,4.345958074652495,4.965311941264184,5498.0,566.0,712.0,830.0,991.0,998.0,819.4,196.0,157.0,619.0,949.0,480.25,5900.09765625
LPL21_250,LPL_2.WAV,-385.63991906008624,7.204237728640205,-205.09294766533347,8.666284004983659,51.36170550408998,-23.05247040074025,-5.86668742100725,15.437047225369117,-14.521873036491625,-1.5555169958332589,11.713916594031703,-8.72232278123103,2.795660540451005,-3.7641844538862204,0.13299594670500017,1.775103767592241,-3.284761154823092,8.007116732854128,-0.7714151718613328,-4.490663889032549,74.42857143973404,42.903828815247415,55.727759671053505,61.782070278994375,47.4990843229254,36.34993570172697,26.289337390402462,26.10019031948322,20.60744675300933,24.565264548592506,11.616385913829443,10.776224395535843,7.230565179462074,5.511940833762977,7.356018265858263,4.330757399271543,6.206994205326258,6.314286613211462,5.159328558148953,6.686755424748134,5754.0,580.0,699.0,853.0,949.0,947.0,805.6,195.0,201.0,750.0,1106.0,563.0,5943.1640625
LPL21_251,LPL_2.WAV,-365.349918344128,-6.402581146085423,-204.65131610927875,17.001418258041955,37.83598581723909,-16.21596697517053,-5.150690700132718,1.2124161629441703,-0.5134611481668239,8.839295323668948,5.811903175406446,8.648331655794225,-9.23284017409853,-3.183401449188098,-0.7833326394958671,-1.625524393044261,2.6571373600162085,1.3442869624635765,3.2772254644061514,-5.434091469432757,58.806675748893134,34.85467625021768,59.256251236896865,61.467178802215884,43.484206995229286,39.00282930562024,23.602379030091196,33.12409359481661,25.0198352111999,24.368511354264168,12.809719156854094,12.649522479617822,6.601572366773785,9.860530715707121,8.296696509335282,4.135182634957883,13.81933548364112,6.872234722862402,4.7519071112179825,6.902349321373598,5647.0,526.0,694.0,893.0,999.0,970.0,816.4,197.0,166.0,720.0,1007.0,522.5,5900.09765625
LPL21_252,LPL_2.WAV,-380.82361697390695,-6.968396259275419,-192.49327454154715,-2.726954942889358,42.528244772097224,2.6911091940769043,-23.82468672383938,21.026831277746876,-16.512099772926014,-0.7094958779354358,12.878655060125139,-6.197761502494103,2.2443521853528363,-1.885978465136859,0.7490728146850463,1.312919052058361,-0.23233972512674203,1.264585942309768,2.0215554644713842,-4.638515664687555,81.80516718591404,32.22708545136843,55.15322384593743,67.4798118690721,54.75210388624312,41.959017964251444,38.20135397534807,37.29390368717105,21.880790925767926,23.395786885450626,7.248082976249361,10.618538296604115,9.105900883581295,8.216125105645007,7.498133781762554,5.216680944412792,4.141854966429585,4.190495566265503,5.782039476292155,7.876768295426919,5617.0,566.0,663.0,833.0,985.0,985.0,806.4,251.0,196.0,694.0,975.0,529.0,5900.09765625
LPL21_253,LPL_2.WAV,-400.4248271748978,-9.108437571741861,-205.4373845340863,10.481900068250981,47.98399044025184,-10.475947941410471,-6.315312198244127,8.662587783812201,1.0733994623125125,-0.32425433436516254,9.456001767256398,4.02803834189849,-10.48475286534168,1.1589241108925985,1.4140037922724025,-7.380121014169886,3.7579143947637146,0.3893037577105467,0.7790711101295165,-2.590573908592077,66.52404670789073,34.35076221151765,57.83404485298488,69.44469205202189,48.48842893284665,41.73991938013841,30.17671814279908,29.05915086265892,26.41744453836694,24.735380124665287,5.875674180080822,14.36672450902495,10.108151907925388,10.071893917280924,9.308980299573609,9.013904628210467,4.720853499206241,5.67532060002613,4.976736139239973,5.020663159989363,5699.0,566.0,680.0,875.0,979.0,983.0,816.6,190.0,168.0,781.0,995.0,533.5,5943.1640625
LPL21_254,LPL_2.WAV,-369.4720133184148,13.319202903120697,-191.13579827904596,1.0766913140212477,64.08734459957256,-15.88794121125554,-15.66867314388569,13.46246784199707,-8.39501592081961,0.2235042524389297,12.425930056743512,-3.029988968279795,-1.0378742474619296,3.3211478910725147,-3.724021778797944,4.515218507277882,2.3938863489946307,1.528838355808224,1.3290983799623635,-2.92383332392559,74.92540808202881,43.45590687553225,59.732447841364824,68.47283151270537,45.62909020081524,44.99285385405114,33.89870611095044,29.670994845683346,26.617537245272274,24.64499292471395,6.703810701754865,11.375891965478687,10.141537610589774,9.919242944566054,5.002208569750243,5.375360509335677,5.029027620978049,5.206778973666038,6.120871018040886,5.429349578424827,5493.0,520.0,676.0,840.0,988.0,958.0,796.4,225.0,225.0,606.0,970.0,506.5,6136.962890625
LPL21_255,LPL_2.WAV,-407.37627128338397,4.1064185659294905,-202.39872772390754,3.3031046261713555,63.1830802869294,-17.38181607373922,-6.833663478911766,9.828553785708097,-3.9295601365496498,-0.065789030080416,7.771705887980864,3.0127240145908183,-3.860446813609855,0.09882257780408069,0.6802365769437773,-5.283998714537417,2.4251887992399634,1.1526561995726368,-1.936828438260274,0.22330769651020313,59.83363573729424,46.602838038144135,58.60204577603635,76.76728808618701,39.662277616084246,40.02562274344507,28.20027148414854,30.02379369449481,19.92153647494221,22.24366163230662,8.704418574898922,11.76795113348896,9.621997748454097,7.334893004050589,6.147070010266868,5.947286515713723,5.568375576052451,5.381400461386884,3.6017010136561236,5.4457250857380135,5916.0,569.0,711.0,911.0,936.0,946.0,814.6,201.0,206.0,883.0,1068.0,589.5,5921.630859375
LPL21_256,LPL_2.WAV,-363.4525191154537,-31.751636057884134,-200.46569618516332,23.452846231690355,40.00907743634213,1.3892404472694413,-8.013786992164587,6.17873542239688,-2.8736100496967882,7.358552610252799,-3.5948720306537703,-1.675548056813303,-8.141224323113283,-6.1885682028374305,4.286096452874768,0.8323469872741812,0.85246724565277,3.528279898893445,1.1103037708413288,-2.2464691524621925,82.98332967828769,31.818393360535637,55.17211331874017,62.86968486271431,53.2421148088974,42.579226178530064,24.615161058620213,26.5655895103043,21.287119173219775,14.963922994468414,16.68687153841598,12.117658235359963,9.521251880745139,11.213422130197948,7.946920595394382,3.403194534618395,6.604735758473549,4.932039857288625,9.041992599672392,7.455712149370038,5682.0,568.0,667.0,826.0,976.0,948.0,797.0,205.0,227.0,725.0,1051.0,552.0,6136.962890625
LPL21_257,LPL_2.WAV,-374.27817066632934,-15.912110141136809,-191.86375993652075,0.2587764335814521,54.513442229547586,-5.886940621444088,-15.602395409227285,11.00366680827601,-7.4956426328643735,6.467578016034353,6.258987351268546,-3.2290694484428366,0.9765934150466019,-6.6543990213438295,-1.6795919752881803,3.5953986097917325,-6.871577427725738,7.840697986391531,-2.1365517992732483,-2.426932966851813,78.81514401557892,34.24016861804676,56.20435044401184,70.83751256933176,45.65987742297152,40.40942088944365,33.620687450139634,29.6101748821239,23.592524240576893,17.716323116372234,8.188815595698214,10.175409698521415,6.346096286644793,6.997366289617491,8.640526045941389,4.784678726895108,11.665205592275344,6.043435982041603,4.421897869959854,5.073739142962789,5617.0,556.0,708.0,850.0,957.0,966.0,807.4,195.0,171.0,731.0,994.0,522.75,5857.03125
LPL21_258,LPL_2.WAV,-327.9784819055479,-0.15202122848365926,-183.51577796777715,25.31274405997535,24.333942006658788,-5.268251163386166,-15.795289641606358,-17.603825426710138,4.66432346049019,-4.737590109378188,-1.979143095807713,5.787659413393277,-5.136628588052057,-2.6255658058066893,6.415589071542675,-3.1583671063050387,2.3567990903061182,-4.751802580046239,1.7736720155994443,-3.0627333350833976,100.8908210258069,44.58485965818333,53.26484263788418,65.16652693439978,48.36181803107147,38.116025350892656,33.578039701888535,23.491391840114723,20.779871270710768,22.242567197453532,12.404518781673348,10.909564072915753,7.115490494978597,14.045270519742653,8.370390162524936,5.046954983605581,7.241449193055235,7.995769174630349,8.982886195145484,7.6364941422780515,5686.0,549.0,712.0,800.0,982.0,979.0,804.4,182.0,187.0,765.0,1045.0,544.75,5813.96484375
LPL21_259,LPL_2.WAV,-371.07005912312957,-7.731255814031294,-212.64795425637678,6.897932542941648,46.23824818334383,-11.481270025565266,-6.251165496619336,9.614572594735215,-2.1181011760203217,-2.2902515910371806,12.092563675269428,1.103384052805479,-3.950536848584378,-2.5861148667834986,-0.7176352025322218,2.2421873032258994,-1.9893504771772696,5.045485476328859,-3.431924854017279,-1.2405472531100907,77.29128159786566,32.72286021831906,54.730059037489056,62.83975386107597,55.74993199007069,43.487278369293236,25.92754754455597,25.154452957551577,25.157266749983076,25.80461534737588,7.969774442439422,8.65792535199357,7.38002090088626,7.4430610876464405,4.430279787190869,4.3882933733276435,7.454744406564345,5.14500712725057,7.114720104088829,3.6738059502765674,5756.0,550.0,679.0,832.0,955.0,953.0,793.8,242.0,163.0,813.0,1077.0,573.75,5900.09765625
LPL21_260,LPL_2.WAV,-389.637012250651,-9.537321738708016,-200.68563581357665,30.024654404055433,40.0373426800373,-20.25668359862946,-1.8770415009218766,-5.567564208124206,0.41973556974030657,1.4035963967958227,1.8672066006312193,4.459323613824533,-3.7991235147643705,0.8802600407743894,3.970506025390336,-3.7340097680051576,0.17859531858936947,3.2329023058412556,0.018279670251123443,-1.4598590345520743,71.40663608034363,46.98675144648299,62.24076133254109,65.03642300454224,50.0290388152264,36.058065557059585,23.301883109641043,20.148356296023138,15.461993853691991,16.232265919203158,9.22249331965202,11.630236267258013,4.500285850934146,10.279153942674759,8.826146279696097,5.046137436251121,7.653705806277264,5.782718799861709,4.787511576495126,5.952102815585527,5809.0,567.0,701.0,858.0,950.0,956.0,806.4,195.0,195.0,775.0,1123.0,572.0,6136.962890625
LPL21_263,LPL_2.WAV,-393.1730970396917,-16.889847776555204,-209.000694727619,12.020049048682669,51.032934145100505,-5.674561087448078,-10.82158263365061,18.01503183539891,-1.8276754696300255,1.3827744290075896,8.096305734803254,-4.1606364236284,-6.240126160890075,-6.391926978656765,3.97078014433275,-2.020220162616954,0.39593144508213646,4.945772947293147,0.3363519687000836,-2.22757944965329,64.53340084849027,31.823249510128132,52.34857284217118,67.13072951501353,51.06925420853763,38.58568134459186,26.29913754190596,36.27530918959476,21.208826966747242,19.464114004972235,12.121534757885332,10.846067684400367,5.941178992132078,11.113041183700632,8.880626025151798,5.055689206120255,4.55178418293104,6.288037209761522,4.29758936117218,5.74194964173155,5668.0,591.0,687.0,843.0,965.0,935.0,804.2,223.0,230.0,662.0,1051.0,541.5,5921.630859375
LPL21_264,LPL_2.WAV,-399.3404762392386,-15.830717374598217,-208.79067346669189,11.994966763659038,54.143786313207976,-3.7984980976572666,-7.745483948196325,7.987051065288138,-4.461926180526877,8.452121276496484,3.0721403989857277,-0.6952813688646422,-1.8370588305630309,-10.84980035749379,7.905931896535045,-6.252111055084861,1.9896282277177713,4.884992343212213,-2.2109280730593843,1.2803736842657452,66.89566928470126,29.83337981451659,56.17449259110363,61.23082146260288,51.53671888969162,41.0891465463669,24.15928395608934,26.12086829341018,23.827459306338284,14.8821487856505,12.163590956391428,10.700440837107212,7.094103163409855,11.285321341911338,11.471458293335816,9.33098574725305,4.379460277598382,4.174183272248839,4.806855484415061,5.082797132031772,5656.0,574.0,670.0,865.0,942.0,928.0,795.8,210.0,198.0,726.0,1051.0,546.25,5770.8984375
LPL21_265,LPL_2.WAV,-301.7226470777167,-20.711575244039615,-172.58398693142186,-0.898144615537167,18.34251382786009,-5.8476329207728845,-19.583483391571143,-1.2041190846718703,2.8051926770502904,0.42888511214133934,1.3645703939195235,-3.110825540620228,-9.506054237154599,-8.639696130734768,6.446230579013516,-0.6191301869099731,4.124396805988934,2.9492621518360163,-0.9202455620870148,-1.3982954247222055,92.73929043053877,33.94489495404234,59.51624730018992,54.49752175756036,47.859570023551726,38.25834029320189,24.54093097766316,20.732663873019728,19.59138399799775,19.743735953587823,15.185071239334663,12.674096345322209,9.657102183431219,8.93667550979972,8.91784123266918,5.076386434815118,9.273324139021868,8.027122953669862,4.573148231064189,5.203132240071672,5699.0,522.0,693.0,825.0,936.0,959.0,787.0,209.0,188.0,820.0,1058.0,568.75,5857.03125
LPL21_266,LPL_2.WAV,-389.6720083996207,0.20428302391894462,-203.74401470535364,1.7535039394179415,56.76074091429093,-4.9389145161870625,-13.28143800390598,15.978069252759159,-11.26758977388595,-4.288145729313049,10.77519494407061,-6.3236192476293365,-8.494128028047275,1.4156498100483443,-2.9669373002932318,-2.5692126732127227,6.046032032135701,1.2630093118699675,-0.9382328662048436,-3.100069027536794,73.65634649054154,34.29647811973125,62.55841031299545,66.06417960106936,47.767025965718375,44.90607610074818,34.422975856434405,32.470816198075816,18.327125512299958,26.337030692202944,8.81991826956686,7.646376039013631,12.761267095239102,7.7827465791921115,7.77404873851197,10.201679913457458,8.29119613234281,5.287173410024526,6.453121319951205,4.263778226605353,5797.0,526.0,691.0,868.0,939.0,943.0,793.4,246.0,214.0,775.0,1103.0,584.5,5943.1640625
LPL21_267,LPL_2.WAV,-356.76620730339397,-17.671275888137572,-197.1591661687439,13.835281938054315,36.014003280885106,-3.8418189022492246,-2.1074608910072548,-6.503249843771097,2.6453237000670886,-2.9922151723286583,7.4465059637560564,1.4360689441296384,-4.981173927335651,-2.635284036524238,2.371456188102402,2.065147287241927,-4.008394456688915,9.548963065016732,-6.009661924935423,-0.3342049922729171,92.20807269464585,31.906048653112183,60.93056755437641,62.45192718688165,54.96023692320594,37.41044678655902,24.34677678635622,20.21487346202021,28.463602587236807,21.04738603167768,12.336611397219233,6.999414117675738,7.760748468029246,6.235817940530455,7.662715911252756,9.030529655951547,9.876745202860112,7.980746938925353,5.509416147231767,5.0420138198223805,5871.0,529.0,656.0,865.0,944.0,952.0,789.2,262.0,227.0,879.0,1072.0,610.0,5921.630859375
LPL21_268,LPL_2.WAV,-398.3481608366255,-12.817951437207117,-203.24976898634688,18.77453583224894,43.73805226766206,-12.884669643709607,-6.997214296994532,10.081650018959364,0.31666607608672237,3.146011945756047,11.847310567760964,-6.9528791876963005,-5.0304074156236505,-1.9210678611816594,1.273372881254531,0.7996336311169691,-0.598254278541712,3.3345347221252877,-0.7875696374988567,-3.447369097629443,72.18145368669688,39.5122052949809,58.872736417570465,69.3726550915253,52.31393392799914,39.23461611214005,24.332038564484726,29.200163083493027,19.350718847425334,17.68535181214738,8.066426914269353,7.395912156879169,6.204042492864655,10.81002686121477,5.685604203020639,4.7987805444297305,7.5495490207275076,6.291320551119844,3.8334268337982538,4.121339013040149,5727.0,550.0,663.0,835.0,944.0,941.0,786.6,259.0,175.0,825.0,1056.0,578.75,6093.896484375
LPL21_269,LPL_2.WAV,-362.9010052977802,-14.690450126525443,-190.26343910526654,16.947555783111977,34.98991376449667,-7.655672250807682,-9.047305509615995,5.037135827019345,-5.172323006202751,10.906657383273574,1.2396558859751456,-2.358174929582589,0.7985551145410021,-6.988703509251101,7.026498159461761,-1.2912408100630512,1.0540963390178648,1.781856374212288,-1.3294175414997818,-2.6233163115919287,84.80800885326347,34.08414337545357,51.90616844152363,66.83428447191879,58.89342530686664,41.48240047701803,28.85589224709123,25.879067291470665,23.846606766688364,12.014532392884027,14.782991125103983,12.336802743742892,7.7166123239510425,9.355246153561172,9.703672895489321,8.186526613033683,6.845087716631781,4.6264605649875605,5.768015150584424,6.083422445688522,5508.0,508.0,642.0,849.0,973.0,994.0,793.2,253.0,198.0,725.0,888.0,516.0,6136.962890625
LPL21_270,LPL_2.WAV,-392.98403575828974,-10.43640021863241,-212.98053283436352,23.412234164020916,50.5423356863311,-17.087098966725385,6.255040162092489,2.0939913403939827,2.915659025120042,2.5107919705185013,6.052036317460872,0.6120971729240458,-11.392957039724152,0.2526526866962237,-0.3355041048015836,-1.0509299182265992,2.914362215256901,1.0562922667754575,0.5868333820312559,-3.226240253522837,60.59251165404109,32.47301493401943,51.985626714442795,60.94435343418541,50.82105336778584,39.51585508541764,24.289447556807577,17.99000050768626,30.010954579804412,22.2485172917305,10.125018432552785,17.36153201520811,11.242165407318742,7.518007047129648,6.278634935567575,4.827984914301091,5.166416047337069,4.266473986190117,4.749601187943038,5.455877268941182,5566.0,545.0,623.0,845.0,991.0,979.0,796.6,271.0,216.0,688.0,920.0,523.75,6136.962890625
LPL21_271,LPL_2.WAV,-382.40010598025094,-20.333092072476163,-212.17172907827623,23.024565957183558,41.54117386456751,-4.462182466640481,1.766651324433597,1.9455104683354465,6.220990699239532,-6.453387873078625,10.866682613237236,1.398139999675901,-11.59799952517938,-0.5156751301840875,0.46272116593611545,-3.029388901681041,3.1540412290868596,3.9965233829510036,-0.6427223678322102,-2.9806202845235417,61.88628769440169,36.54235711115119,54.77716602975181,66.39143710348529,49.464754825791296,38.10364149174722,23.61994035382618,24.710542945327948,25.079781429369373,21.143989719900564,8.958328788566483,8.280495148026993,8.759027269764113,10.727188868201658,7.5808503550758735,4.144829657503539,6.707450737198003,7.1027566867813645,3.3952121630383973,6.0466511346500225,5481.0,553.0,682.0,865.0,957.0,942.0,799.8,241.0,176.0,560.0,1020.0,499.25,6115.4296875
LPL21_272,LPL_2.WAV,-367.2333430869972,-9.43108754271062,-215.09723114243937,5.278284758675606,37.066772398559095,-4.1188009560751,-8.544073373513315,6.464162878765848,-7.592296595995887,-1.1750095766681066,10.902611674948893,1.5344245311891964,-0.39539081232958606,0.5704739369541254,4.001783236043396,-5.200529145352868,-4.2040326783653175,3.541370245790072,2.3014951229879577,0.41383565202613426,77.56913651869385,39.154274150638585,56.82230940362517,63.09026150122572,47.280454164042226,38.01945690522147,29.774868921237356,22.073029111976158,16.174091585240337,10.663594277107133,8.845197461573953,8.685860266329477,7.00218768827349,6.800948355672734,10.727412119653751,5.259617830723268,6.932506184155381,6.1612678994235655,6.060742718318208,6.060811022692645,5758.0,527.0,675.0,881.0,947.0,944.0,794.8,283.0,184.0,744.0,1091.0,575.5,5921.630859375
LPL21_273,LPL_2.WAV,-355.8552249926519,-15.343885394255166,-194.5558967364235,2.773811385357741,31.666811166901457,17.209068425617854,-16.74811940433698,-3.0876268913643363,-2.4904466623396626,-3.985090513101561,6.195891888650538,-0.13786315979964361,-0.8999671138250487,8.16854599911644,-4.445254630888597,-2.1946493097927857,-1.2989545867483503,-0.2820237928563366,1.2141070277487525,-2.8925377918969213,84.49991409307681,38.7144072324093,56.46097920773591,71.90729600197024,46.86599964268765,39.29976993932307,30.272754189252773,17.477627854424743,17.078848837012934,11.20125636207029,18.62103057116791,11.63486205105692,8.214604994206105,5.766037327494114,8.023586427881073,7.32129929989452,8.993250584162789,6.214611712611945,5.807362823740947,5.922472830681584,5721.0,538.0,677.0,822.0,941.0,943.0,784.2,248.0,204.0,840.0,1035.0,581.75,5598.6328125
LPL21_274,LPL_2.WAV,-373.79542548892147,-3.7961326838081613,-212.2193322633488,-0.9610774475162652,48.09768804660625,-5.052627786333877,-1.5481518998121555,6.577513916639517,-0.7788159534108986,3.8745034240146428,9.398548212910544,-5.588828773378662,3.9589637230374985,-6.091882759920778,-2.8799144569570823,0.27358064649402586,-3.33195894808254,3.221549921876399,1.5978839028248248,-2.0597046842000752,69.36623217744885,27.062631157007665,55.47313911458532,56.21570333729896,50.20828075704603,43.93213138084896,23.734396756311607,23.144634933051492,34.992882242089834,17.640665534369138,12.671940204387292,12.012290373228417,8.877688433438975,9.374052906911725,8.109358945817718,3.988982971946688,7.783856471937705,5.289055952529545,4.148403647080205,5.6441085409186975,5616.0,520.0,691.0,882.0,980.0,980.0,810.6,207.0,181.0,683.0,1022.0,523.25,5878.564453125
LPL21_275,LPL_2.WAV,-380.5938178224478,-11.224803733902327,-209.47604416852707,5.753711279956175,51.788709774979644,-8.795933056299575,-5.077576898472777,7.918458248907755,-10.770938106007197,8.914406252225264,0.8332184060684079,4.414943209865649,-2.5947563731182544,-4.272729471300883,7.078048411047882,-8.870585552778845,4.813413750725637,1.140039153204271,-0.6147195294908493,-0.055784280605686215,72.47204047663271,37.4135222383658,58.02650927426931,70.37889128717532,44.08131000020757,37.32895511562221,26.103819626461505,26.99605583706616,17.407108453567332,12.159329231168565,17.55483752515588,13.109870509200682,9.237636106978417,8.005086087830167,15.242423423749916,11.918460728327545,6.011949831447709,3.7457614069542693,5.8303870856375895,4.105693841609237,5808.0,524.0,691.0,886.0,972.0,982.0,811.0,267.0,170.0,784.0,1058.0,569.75,5878.564453125
LPL21_276,LPL_2.WAV,-346.6553577575298,-19.66653943616221,-177.60599726302806,4.061642482333411,29.304056225753907,12.732873279955566,-22.528755119195754,5.97886762076423,-4.927754504899648,-3.0553496868253447,3.2074347919622737,-2.2461410838036984,2.229922689457193,2.7596764157899534,0.5535994605803756,0.9893884043581672,-4.222555044247498,3.602053803990814,2.9341018497855393,-2.4293219873755496,96.23341156904766,40.76218024297501,63.385594034904486,73.10073554770942,43.34168644710176,33.3185417984441,28.434168971289278,20.417872820239786,15.274811767326725,9.980414631721365,19.084634965663426,10.441719146401722,7.597002604906476,10.541486638650166,8.082564792168215,8.44026731468214,4.36084135143885,6.825553679551367,4.846770950547407,7.464581177641294,5776.0,584.0,637.0,794.0,909.0,889.0,762.6,241.0,218.0,900.0,1126.0,621.25,5555.56640625
LPL21_277,LPL_2.WAV,-367.58409317535,-1.7904034471634467,-201.3597424778295,10.96401814686491,38.365444517226464,2.0235657188330776,-5.011909898747866,-0.6744074968260855,3.2223351444704895,-6.860085211390137,11.59293959853221,-3.23778870202514,0.73386313451613,1.442655568571976,-6.355492623272948,-0.6058188781632124,0.025544993963626562,1.9631863676838397,1.7585044278822173,-1.5719762159559747,78.40430873060347,46.56125699487537,57.452990318866846,66.5539502040756,47.3522528668369,39.22607478390121,27.026283129798163,19.480049975486192,27.04268375428049,15.317086367127496,7.707048905843009,8.059976311739748,8.315456659657041,8.932909377063156,6.748120838198725,11.255788503907716,8.234335244606731,4.327213283957495,6.002158704796533,5.677098775826909,5690.0,503.0,632.0,819.0,933.0,950.0,767.4,271.0,187.0,810.0,1116.0,596.0,5835.498046875
LPL21_279,LPL_2.WAV,-360.15142011488064,-18.17900356156063,-191.37032560656036,-1.9438313076243423,47.27801490690665,-3.9582262863421254,-11.212398122627004,1.879388649266532,-6.7553323896988,5.282597236600886,3.7358324872374453,-0.9465495737391006,-0.6441741654226067,-4.3249798943841045,2.114488892552692,-1.3029460809778983,2.7843574632768187,4.520471360327134,-1.7443477044855504,2.820206163114163,79.70689361528913,33.771116175890526,54.941019646757134,59.63728795720292,48.70595978483911,35.84247133542894,22.507899897279337,23.412334214338475,37.35117838208721,18.948046717152028,18.538966992099372,17.17459831813231,8.857712492453008,4.651518189346146,8.03334821767636,6.6708869790406125,8.15869922915184,6.229926099118366,6.402747917328044,5.597975911535038,5645.0,525.0,660.0,842.0,992.0,966.0,797.0,231.0,192.0,735.0,1021.0,544.75,6136.962890625
LPL21_280,LPL_2.WAV,-322.0442230752393,-22.926355219500074,-185.82389443226415,19.051991349996992,31.320158713238794,-0.026528303155049733,-18.631286021530734,6.973885311636381,-9.02285946051702,6.8794635831234086,-3.5148803729342504,3.3247177873034905,-3.278090958763332,-0.21259277272619423,-2.4481824437176574,-1.873152827361409,1.1005390894089233,-2.816351782742213,3.8059504579965298,-1.4084519565137479,111.37248909131871,33.15789843823544,56.502177920542465,60.084336445811864,53.66463938978684,37.12236544217639,31.64989396179211,20.06736687781596,22.53940957617169,13.114722116438005,13.157878856323547,8.237286522671068,7.511529028845366,11.23578295960601,6.432845285680461,4.838661318802422,6.468575670906094,5.179065291260555,4.394760744542216,5.118712684461078,5771.0,618.0,685.0,855.0,941.0,944.0,808.6,185.0,249.0,773.0,1041.0,562.0,5792.431640625
LPL21_281,LPL_2.WAV,-366.52396494409226,-13.45187555588811,-191.42270022284097,19.11176773341938,34.246248571459354,1.3002019376940195,-16.651827961857016,-2.151554526565423,-2.311025470328184,-4.508670921689868,3.404145153727142,3.16429550086,-6.001963333118817,-3.478337984873793,4.151817404686839,-3.985085089494683,5.042784691212883,4.490306284494482,-0.23725144418990424,-0.613215809721964,76.15961017997317,43.278361649468145,58.27782551840777,69.56900934812134,47.435986789151485,37.231688052153224,34.13538641928796,26.121194225077282,16.71359121700169,14.42509170223835,17.31033231827431,9.11082616374826,8.706354315313641,12.008909214622042,14.27561374465,4.726332690672407,5.515540600651389,7.027282466425999,5.180437750819664,4.277569237261229,5902.0,520.0,690.0,882.0,973.0,946.0,802.2,237.0,169.0,888.0,1116.0,602.5,5878.564453125
LPL21_282,LPL_2.WAV,-356.7420453447,-15.240537446288057,-183.4624839799929,-7.602794529069115,42.54054683567613,3.6445314647657723,-13.444991777791085,3.113158468902665,-0.7035491326307687,8.976986387796968,2.503471175137344,-6.336216035248946,-0.07252454150618176,-2.2399168595362875,0.11477704714953893,0.6195955581258523,-0.7198600676511544,4.939676369140977,-1.3815425169874862,-1.4269925876980272,88.8318534867989,33.37400284462832,56.10418840973384,75.07247527850983,45.000413882068244,42.35091654829099,25.62358086989948,24.371811118658247,26.64792629577054,11.158291107596837,16.231382521376627,9.165786179555866,8.710677456635004,9.735795992090088,8.957192543095022,7.765019381100799,8.470486785362729,7.252457183947172,6.142272994628847,4.238536889940915,5718.0,550.0,676.0,757.0,949.0,951.0,776.6,251.0,235.0,740.0,1135.0,590.25,5577.099609375
LPL21_284,LPL_2.WAV,-378.4431054150269,-8.420572019583497,-212.65367775776411,12.988832241447652,44.55738157604135,-13.87662946078093,2.4669289134266794,4.291201382964369,2.2968886864471134,1.2232004643962966,7.78738541988507,1.0852604885009567,-4.832486255056937,-5.416155324989481,1.4975077462722555,0.7185845566742736,-3.2849686303600163,3.858846274061852,0.6758379280986516,-2.7851160775182278,81.85800371125985,30.64288651649364,61.83518587415042,59.78946959268097,51.72628378455781,37.740489037058566,23.06475219403375,19.586007466501556,27.945173144344327,16.832053582577867,8.34453574585497,12.572823773733171,5.902772719984913,8.79800147654733,6.316685524875275,4.43044730764698,7.814287912985525,5.167070088680442,4.956490662213595,6.810054982480586,5814.0,552.0,702.0,840.0,961.0,940.0,799.0,203.0,160.0,833.0,1143.0,584.75,5878.564453125
LPL21_285,LPL_2.WAV,-353.9866729439564,-12.548523039881557,-194.7506376663381,6.230732476514014,38.0261137126093,-5.808028335815464,-13.753077769406307,-2.337022387741394,-0.018129238665932662,-2.8309634264064685,3.426166960104223,-1.125190180336489,-1.5930174825776828,-2.8038711943635906,1.5864984785048253,1.262831646580732,4.3237486275814625,1.1908545122112273,2.4991043251489136,-1.509630137554596,88.74428141430474,26.658909482465297,54.870804125290654,64.60594074876995,59.75071701502274,43.819659984898365,31.663887317379203,18.054074266204946,31.642340786963537,19.911055483656604,13.740493967165683,12.477476692562595,12.520135586355995,10.067120008103151,8.917541165661719,5.761928293673629,5.903095990489921,5.774364285083629,7.245489833623061,7.123959793182986,5520.0,523.0,625.0,810.0,948.0,1009.0,783.0,286.0,182.0,723.0,929.0,530.0,6115.4296875
LPL21_286,LPL_2.WAV,-378.3054503591397,9.625542116516293,-194.86018798848377,24.04610262909838,56.88167382543603,-9.91060166386798,-3.321197238945595,5.226104118066583,-5.8514578019358545,-2.716559694050714,5.652117880963872,-0.6024342053031132,-5.512311820795439,0.9236473131504503,3.9352562444443744,-2.7087596666873064,2.2042369297934528,3.0191938250077546,-0.2581079975365303,-3.3609308271767104,81.4602362451593,49.227882003406656,58.883927257701664,60.40751788404492,43.41418146978431,37.236666876662376,23.913029813637056,26.337400599893652,21.51536423329378,22.639732745490516,8.620001442905254,8.454849374672897,9.875079975219192,5.395135078213027,8.071511733169107,6.460600431931717,4.624715533308082,4.187239460147054,5.5725484765098745,6.702152992727015,5937.0,571.0,702.0,896.0,957.0,951.0,815.4,224.0,189.0,870.0,1100.0,595.75,5943.1640625
LPL21_288,LPL_2.WAV,-372.7134249482883,0.24383972815074526,-198.16546995223746,-8.981153125059869,47.82970878233258,-7.029375120024884,-11.023570563569079,4.895248990072555,-6.961723875365139,8.814842765902354,-1.557954439949371,-0.7290354364285936,7.759640361473711,-5.320147685768089,0.7870323352436188,1.8667796493048194,-2.7929125658610006,5.075332720794763,2.4130867314842632,-5.494373366082369,77.49119204760247,33.07096355772461,55.3169231147871,72.04439955362558,48.1552288085195,43.887272758186356,34.816047294438306,22.91088329817995,26.74626223992777,13.05773156871486,12.821476414955455,11.885936655819465,7.132176700420684,9.558892620684983,9.548246324917288,7.493097844300108,10.408314642969822,4.873789102390845,7.4814497699568605,8.880684607956386,5582.0,505.0,716.0,822.0,1002.0,957.0,800.4,189.0,198.0,627.0,1090.0,526.0,5684.765625
LPL21_289,LPL_2.WAV,-371.2301153102635,-14.40967973367469,-192.9653157021328,-4.460447579924397,48.120282847240716,-10.917953588947833,-1.7080448367129888,4.0116777397701835,0.0016917631727862042,5.262357554319355,3.7875812872475216,3.721001521704806,-4.2858493960537665,3.1509746104016374,-1.2897336921945202,-6.948411559306617,0.19702563049353977,3.4533432895287386,0.7814072603334481,-1.9237917332644834,83.51931964413527,29.93971075509335,59.673278508411514,76.10447102276501,45.60197051491771,39.012479534218926,25.980564921033157,19.376883374448113,29.682026167938723,11.048620896357102,9.655754962732054,13.54784222862837,9.998245002286465,8.66737873847076,7.870370081238442,7.058528822346272,8.04656652071539,5.9250741031632685,4.079386339171859,5.161597638682901,5838.0,532.0,723.0,895.0,975.0,946.0,814.2,208.0,175.0,862.0,1049.0,573.5,6115.4296875
LPL21_291,LPL_2.WAV,-394.52908545853563,-3.2291670307297973,-204.50367313935445,2.570451694201784,61.91857695650594,-11.375466509923205,-8.80155411153005,16.06389875283643,-4.752254989516365,-1.1905189410039176,11.142380959020407,-1.6536144036304674,-6.151116508849742,-1.2857824790423111,-2.3376196795199924,-1.1945119840847727,1.7460952826345535,3.9673807936015772,-0.5907514074811416,-4.147078861770333,66.04961934851748,38.4445726402946,61.07276426603404,61.67690013485227,45.61698888629497,39.57938032248926,22.52451939112961,24.896467723283962,31.731762287913348,23.916596885005546,7.751558900133397,11.12785361491815,5.9280276292023135,6.123649991770088,4.799604915586677,6.3369811433043335,10.183213089168598,6.515605110206631,3.946603596503771,5.696688699026615,5977.0,583.0,692.0,886.0,990.0,973.0,824.8,226.0,160.0,861.0,1121.0,592.0,5900.09765625
LPL21_292,LPL_2.WAV,-373.9635133936089,-12.908531612977695,-207.82912472447651,10.468340919382122,42.18817652933614,-11.686809273003792,-4.980261985065921,-1.8290341821282523,2.3310392961977735,3.2104990764949477,2.1657807769099646,2.9612410940034284,-7.0417934549612635,2.1365207774289825,2.1812716431860593,-3.0260746717480185,0.449061346145169,2.9744146939012635,-0.9324720153797633,-2.561100395535185,83.68146336398944,29.907126499664177,60.44685005376462,62.710700403363,54.342691526364135,36.85416342789533,25.57970592010433,20.192716088670494,30.48818987119217,19.260641971119558,13.902362438698768,14.263384117079788,11.84635740791166,7.198800540857287,8.590663843924522,4.569968085261913,7.356668975392894,5.553384247474402,7.24580011748522,6.238483084023742,5708.0,521.0,688.0,853.0,956.0,952.0,794.0,228.0,212.0,777.0,1044.0,565.25,5900.09765625
LPL21_293,LPL_2.WAV,-347.9772624311585,0.16044414636782633,-178.33000776124192,8.074859914767337,28.31348446523907,-9.780512449528882,-20.528126645803177,-6.056169581388146,7.875383679743179,0.9369154352843798,3.589935159382818,6.189017538087516,-6.522376819694762,-3.5523589251774856,3.514684736544595,-4.498412465569768,8.06674305435383,-4.004168848713039,0.7671483612250014,-3.3445759777860897,101.06328959297518,42.97324768936798,57.14010432298635,72.74952259555577,50.77871099762898,37.714369887671396,25.55847838976355,19.08105307076327,29.90778744549897,21.232359415975,10.99250299315819,14.024718907619443,6.450654106935309,11.942886909715508,10.092588821301641,5.535900926021317,5.98104972487389,5.422175496681264,8.180542814804179,7.616491254701837,5862.0,570.0,722.0,786.0,965.0,971.0,802.8,187.0,166.0,984.0,1031.0,592.0,5813.96484375
LPL21_294,LPL_2.WAV,-378.4310278190242,-1.3981333856905556,-192.52434489521193,6.2019631104908495,53.634525149856344,-20.09211884103871,-4.250466129846605,2.3793348935766923,-3.0484116163216575,10.382254926291978,2.205191206591615,-6.448268959519118,4.796129422935573,-2.973255074122096,-1.0923152137847418,5.18473188628938,1.9493754836115,-2.3220664728588343,0.5764454240541164,-4.104984230010631,94.02361685423622,34.57738475869238,60.78771116118506,64.23882450596984,51.600447595259126,39.58146032575336,23.32935412005212,19.966049660186137,26.93630229189867,13.852192230102549,16.33389271161355,12.029986629672297,10.482538130226095,7.71581431474347,8.83165591912525,7.134340796498076,6.571342480659633,7.691085368577501,6.098267380701965,4.909912699686195,5783.0,530.0,702.0,861.0,959.0,964.0,803.2,201.0,167.0,808.0,1110.0,571.5,6115.4296875
LPL21_296,LPL_2.WAV,-366.86572423622425,-29.16525025478684,-187.0703651751285,21.057634604961063,38.81235724651851,-1.9639940730933427,-3.913564116235265,10.240790051229963,2.556363699519863,2.3264835223923828,2.089436071015834,-7.29448099427314,-6.081118252117596,-1.8589332872331388,-2.0156662978566517,-3.9277084160137687,2.4663806372412087,5.641212356929611,0.37551712153103806,-2.6134960174117032,90.83178860719367,29.681713248010006,66.6646424957657,60.89407390518949,52.47791035919654,43.76317261709411,28.139803647201745,24.612266437507483,28.92710425294758,18.060794568276034,11.668687177797178,9.405105380601302,9.028507388397347,8.072937136064626,6.013940438449046,5.677122183906903,5.209825061092234,6.121797077769376,7.448670028983175,4.508830282952367,5836.0,538.0,661.0,840.0,952.0,952.0,788.6,284.0,238.0,825.0,1065.0,603.0,6115.4296875
LPL21_297,LPL_2.WAV,-371.45272765049475,-12.27520922979833,-202.5569966153569,7.326384890517509,40.89313745024429,-6.7080514327298495,-10.246448326274079,12.62922837243286,4.477379435201678,4.381432151924439,7.479276203443887,-3.211103577593811,2.642875378852663,-4.7575155452789515,-1.7942144980038748,1.0106454647969256,-1.364837875666934,1.8090865599416863,1.1196776407678324,-0.8071199565966012,82.1129415895503,33.68301175581854,55.68031467816906,67.19810365427377,57.36094238374917,39.70413444019359,25.774437960170992,24.26727381454065,33.382173355885755,16.95629836769726,9.141345347618074,13.438057488835007,5.716780103129418,6.983170630062823,7.061518424647119,8.096804933795404,6.033399170607647,5.524017824613125,6.8955390995062,5.372682745081374,5807.0,617.0,667.0,821.0,975.0,986.0,813.2,182.0,265.0,780.0,1036.0,565.75,5706.298828125
LPL21_298,LPL_2.WAV,-355.0818749660441,-33.648276735271175,-183.77937165112823,21.163037685176683,30.962922561301788,24.595223425013824,-17.92228580487878,7.534090161987331,7.355500190242564,-2.530951152741335,3.8361701892665687,2.235318565868329,-12.53523556140833,0.7274385110571504,-1.1884570293668795,-4.046572859909005,6.9051331780058325,0.5476785676011977,1.690225830381814,-4.140120764895323,62.76193378812151,48.224639324883405,53.23590662773227,72.03582754515793,46.76963420988697,31.881682572427337,23.664999053927644,28.628812641052058,32.32187699452887,21.952186685196047,11.098626498815708,13.136423233303946,8.614904958403322,7.675634067667417,13.26775344889415,7.258262353418696,5.812582838363497,5.693382973779559,7.1904846519825,4.4121610729557785,5672.0,523.0,644.0,818.0,976.0,980.0,788.2,285.0,188.0,791.0,986.0,562.5,6158.49609375
LPL21_299,LPL_2.WAV,-369.8288181837707,-9.816058664480481,-199.20450235430891,12.904259169533942,37.043682066871135,-21.74477862526228,-8.739445396663678,12.343395207632081,-10.657258235386074,14.482550722132812,10.382379413173853,0.163128626240915,1.4024579720762274,-4.488774689010659,-0.9145532776292882,-0.9571346099200915,0.3332001983215947,1.0532669341339682,-0.8816579540130128,-4.2059018073011805,74.94437974290346,27.682658157946847,59.11878393821916,49.7870994002469,55.10592455129053,43.55142721210641,28.492929341955183,30.241413090625436,27.490766738057772,24.152335405455734,9.70839222362202,9.508937726408059,7.625577237686165,8.580675785942109,10.196112248976062,5.145079263961131,6.305119491545937,6.139918420121158,4.200600492190386,4.80361712539744,5885.0,581.0,702.0,898.0,1014.0,978.0,834.6,234.0,182.0,804.0,1011.0,557.75,5921.630859375
LPL21_300,LPL_2.WAV,-367.29335696920134,-9.588028785815663,-206.60592732176391,13.56887988098537,43.258970289759326,-9.35407669268629,-15.504338546325009,6.802562001277305,-1.3095480520503464,-1.3476971101492141,3.843892087128103,5.726536965374947,-4.7732359337019865,-2.5917422846326486,5.931633788501461,-3.30529372971649,3.9439968623754598,-1.300273663082811,-1.2389403950223346,-0.5718114826438848,71.81893946839133,39.87582407293916,50.141995161955826,66.95462978317491,49.45971512673947,33.91269266455463,28.54650077459765,25.22617090890483,22.97563546746205,21.793783434892372,14.142818661930418,15.827036396335044,6.384215891662197,8.47767327849062,10.70641845812349,4.798053050807237,6.61497362778161,4.7188432225999,6.5502478818234176,3.9833339367508525,5279.0,574.0,675.0,845.0,970.0,984.0,809.6,202.0,151.0,425.0,976.0,438.5,5857.03125
LPL21_301,LPL_2.WAV,-388.30657253138037,3.517169894022805,-206.93309857738282,17.91315797825954,55.58950114138434,-19.852270598032952,4.0042271195855825,2.1950058272150543,-6.840193216770075,0.22142595452241431,6.9591029266878675,-2.6371943032436085,-5.2420177155004115,-0.9208290652533742,-1.115157274395364,0.4409513468228447,0.12452759685503034,3.3048241320312695,2.040745612404403,-7.785589486613408,73.15629825817585,37.795421093084094,53.57671081884553,55.71045986935833,49.10274257550872,37.508645726623996,23.212000430908276,18.163191584110663,25.05824664812698,22.600151402578465,13.195028957950118,13.456059733834886,8.714677325243814,6.10036590229237,7.714753524284784,5.183781130157588,5.936920277990418,5.4978847401358975,5.17275558394759,6.444214695539041,5634.0,576.0,708.0,845.0,949.0,1006.0,816.8,212.0,137.0,758.0,966.0,518.25,5943.1640625
LPL21_302,LPL_2.WAV,-376.37525797369204,-13.825036113644964,-198.32936461010118,-1.5315884897416405,56.193720055052346,-8.061825473759738,-9.154721469692538,14.089493739876357,-5.362167844237134,8.045389691229191,3.3612668679315,-1.589520468959188,-5.676328049639442,0.8898718796109709,1.7163549386669834,-3.2853175333045237,4.137587377064312,0.5811115241635849,-0.7480979876554259,-2.906532479950464,69.61348888588437,30.894261609214393,54.93251615487826,66.32096417968073,47.11405481882992,47.938471873751666,26.850492370984373,28.965383685941354,29.791383460336924,22.760664024547747,9.707634084135174,11.5173022894388,9.993891509973125,5.702914881885584,7.538664120531524,5.793270314408791,5.802014366180654,4.71221152513523,7.360140829808308,4.65963187221948,5616.0,511.0,675.0,875.0,1002.0,995.0,811.6,255.0,170.0,677.0,980.0,520.5,5921.630859375
LPL21_303,LPL_2.WAV,-363.83561007781157,-15.726229289927833,-196.0527861456682,10.32990323730713,43.453458633747005,0.6004182105433766,-11.0585422574131,11.878087289776364,-0.48328266171348677,4.258512165910971,4.329162736996932,1.589145234192819,-9.39757796855638,-1.0358861428193402,-1.3511398412733213,-0.7918378157037392,0.47929083551396967,4.983095210671687,0.6870667550804247,-1.1300249454134288,91.19182923723656,25.49135527336669,55.54017081338564,59.47712616310616,54.94050437133165,48.79711492707676,29.158080444760433,28.173381808099347,26.263365688034146,17.115852261109747,14.313807085376137,15.493264490556788,11.622851435682177,9.913329732670222,8.6928197083393,5.379866098414546,8.078764501399203,6.572387991531981,5.839757180171152,5.155825329640641,5693.0,522.0,665.0,880.0,967.0,961.0,799.0,251.0,175.0,736.0,1055.0,554.25,5921.630859375
LPL21_304,LPL_2.WAV,-361.3737908619574,9.17623067444838,-186.63546348283657,7.30933703598818,54.46457250137023,-9.769377870317483,-1.6455345049554917,-1.552178109657884,-3.765722920074935,5.35441304653171,-0.8540594253834434,3.3191013631657174,-5.833248636758125,-0.5620171597197157,0.2964772273710298,-1.7579692314780573,-1.2185952319275553,3.965594353038955,-1.867403227169844,-2.2029428918090606,92.96563696789902,37.96382959882181,61.590429901151126,63.715968973097894,46.43226775926105,44.44651982759384,26.141825004111393,21.03619474073807,24.72006374215116,15.929596171255676,12.623486135379416,9.19966588042025,9.632283739399316,8.905107339754332,7.288062813701398,4.9806784656550676,6.573446997482571,7.0412216727761985,6.126853726649755,5.515627882068829,5705.0,521.0,646.0,861.0,964.0,960.0,790.4,263.0,190.0,780.0,1040.0,568.25,5620.166015625
LPL21_305,LPL_2.WAV,-376.9158841532757,-13.800019588232782,-200.38237627413696,17.04754378552331,34.52080896693066,-3.6750259994456824,-4.272107082724411,-3.0207864349812827,2.6435804708780863,0.4387017079196904,6.489862698488572,1.551350598542175,-2.353734296403793,-3.0830048662572533,5.668961713622438,-4.265271773680228,2.2678340710042315,2.8641678911054638,-1.4394539842049268,-1.2337728743869836,89.00291211829379,35.94854496285721,60.91862607179641,66.90295851623875,55.99239779043413,38.904145327847466,23.89438359074991,19.88547683952745,24.11460173111536,15.318310286341218,10.475685494184589,7.155222286777973,7.917198989598091,6.80663735075451,9.935707549820394,3.6983051492289643,7.185519792811224,4.747390635909418,4.289717492204435,6.395826870105369,5884.0,524.0,671.0,827.0,947.0,947.0,783.2,248.0,233.0,878.0,1131.0,622.5,5921.630859375
LPL21_306,LPL_2.WAV,-363.396359857911,-12.655660209510692,-198.7164597077214,3.134932414155926,41.410324070708846,-6.937382176350166,-14.934211050731292,0.2904615637950508,-4.38303661310732,5.157210688337114,8.899733447032238,-3.035979291635964,-2.1828568109029067,-4.168602007762758,-0.7400469434128135,4.136382881099616,0.2754283509339294,6.137549397900504,1.523417489310617,-2.7123188419333566,83.53582890618802,29.70424422465696,54.47348190705696,70.14923262401147,56.53887999470286,40.84941349420324,32.430850885102146,21.55540695409839,27.878111261806364,18.55412166835868,14.927260758780639,12.016022615458672,6.213539192580097,6.226969069860462,9.03599867432449,4.624656744410154,7.396633857319959,5.65800938169129,5.935174617787557,4.722626332486145,5467.0,504.0,603.0,829.0,985.0,985.0,781.2,263.0,185.0,629.0,995.0,518.0,6136.962890625
LPL21_307,LPL_2.WAV,-381.4762707788563,-13.585560441123066,-205.40152094106247,21.668601985407737,46.868132019793684,-9.282623859284296,-7.930106607517325,5.051298688188151,-4.521060631939758,-0.4528210503483152,14.172489653503089,-6.343953324486115,-3.6093519884207748,-3.1336614790010175,-0.22411621949186333,4.523924278123972,-1.1874673642819191,6.432046088602338,-0.3760983359017717,-4.837025415344852,77.9327195215251,32.324254189999195,58.33235171482746,58.91908773832367,53.26643959375045,39.94803198310327,26.24012622834368,24.721819744466014,26.459281507584823,25.412803972747472,7.716483194852477,11.038705629461466,8.053515827996291,5.898256896135793,7.868426783532026,2.9822689430142204,5.931587704935238,6.83072639654052,3.490329343243376,3.0452128967599617,5917.0,579.0,713.0,842.0,973.0,952.0,811.8,198.0,231.0,887.0,1049.0,591.25,5943.1640625
LPL21_308,LPL_2.WAV,-343.25785885912245,-20.45957388110726,-192.74399628436873,-3.798699935485623,31.4575683310576,-13.058665341323525,-13.39236912350892,2.97123223518491,-0.4801715744766329,9.848166440068612,7.924009745392223,-1.9215978609624833,-1.9729111910286468,-1.336587346999309,-1.9970417893076489,3.856222993569336,0.5369782032621475,-0.1248909762086313,5.895397236487436,-6.220425089656852,82.48022644117565,27.409298221424763,56.42820069478736,69.85653553203296,50.1134091401701,47.23465061065432,25.378928719469663,28.955842235749785,27.637318201695805,18.800699923040828,17.037188448519952,9.553513712985547,7.899535414634007,8.149673321100908,8.135339541391183,7.364064079845264,8.30036254272796,6.316171340589634,8.598993671285236,6.249059829714086,5460.0,520.0,626.0,827.0,960.0,978.0,782.2,269.0,180.0,621.0,991.0,515.25,5835.498046875
LPL21_309,LPL_2.WAV,-318.6673543541663,-15.083345493472898,-180.271331627912,10.564581849991223,11.711538288486542,17.159344671694715,-22.594545380301224,7.660959696026282,1.2170901703661654,-1.9951904500745388,3.8716997219828944,-1.4720004317891895,-1.8725587161134758,-0.9725015254149934,0.4963394995939839,3.5103809651055475,-1.448822492298564,1.6226113264582023,-1.562749173969765,-0.6309228175702694,73.28027350264331,39.75412434982355,51.509904014657465,69.86383584935324,46.246271264594235,38.29648487547359,30.284776201865323,24.54211446396314,23.656637889448724,16.59754403674726,13.319789911965726,12.864297044728396,9.225571180536425,12.253198020938214,9.560002188746378,7.344400578476742,9.664870396616465,6.269770262559925,8.859790026887014,6.944599800512617,5423.0,527.0,625.0,842.0,982.0,945.0,784.2,259.0,193.0,627.0,930.0,502.25,6136.962890625
LPL21_310,LPL_2.WAV,-394.8526531139454,-9.029133781422521,-215.0717454558819,24.98386007187289,44.35767813423177,-21.872573583605504,8.13978341471824,-3.2675334238374494,-4.274442993969242,10.658992024314557,4.206117260336097,5.2527542849086295,-6.101077834621702,-3.177756635189431,4.373424798722706,-8.677907391962526,3.1150819209668055,4.6441988646273185,-2.4132419307803112,-0.19985627234827638,65.2914365789727,33.14103137736566,61.0411660237823,56.889813886610064,44.729031361056784,39.21645707640413,22.272840811107564,20.71755770378138,20.767205830611157,19.655806290439013,9.67266698415744,10.00629839420742,9.939147519157615,5.846347660503534,7.387061213476367,6.878209571425575,5.051358023828262,4.881527677751186,6.35750940870416,4.919874540619093,5988.0,576.0,703.0,869.0,957.0,950.0,811.0,214.0,279.0,893.0,1058.0,611.0,5964.697265625
LPL21_311,LPL_2.WAV,-362.56155133182153,-19.47930877553859,-194.65798589478683,34.428423196984575,37.474358937546036,-6.486811064480356,-9.882898725950724,2.1742500393273185,-4.389604319044053,-1.4228316738119429,4.614756565291552,2.431050769622853,-7.447483183248874,-1.2054140553706738,4.185412019317175,-4.3186524665995645,3.018290577977856,0.7772089804087045,1.4024779331163986,-2.3886936246466477,92.0721268843647,32.4002031718632,53.753085071230466,55.01295069466301,54.022932421152824,40.07148799398645,27.82217090691857,21.95291210754792,18.555111041106166,22.666397106427294,10.477327159365291,16.431140153636466,7.604237050316546,7.212727710630502,9.316850302046902,6.856385489521908,5.476136479334911,4.924604668988059,5.475882560872701,7.734136782368473,5672.0,597.0,693.0,859.0,966.0,933.0,809.6,205.0,208.0,652.0,1070.0,533.75,5900.09765625
LPL21_312,LPL_2.WAV,-401.74711282791884,11.959294741599575,-200.35238793532605,0.1503941408018757,67.775878967671,-21.534871872472795,-9.796497759457386,10.894130095557424,-15.54417703824803,3.7337480844464417,8.494407022927586,-2.5804791142547114,-3.718879044858674,0.785701067878184,2.6109733489079923,-6.033680320822942,6.144793821128672,2.4157497560654315,-3.071948948888517,0.3976145656120847,59.41631244703301,44.168090008832884,53.09795763925732,68.47074535325935,41.81771264488052,44.64608842713139,29.60013824940972,28.239659911127756,16.2356617459718,17.85679366482326,10.190284715535435,9.322951491804377,9.459115368710352,6.52530338703886,8.63425908849643,10.750348872551466,7.887912454825039,4.374756051446182,5.691950362736049,5.025611228449202,5644.0,546.0,673.0,847.0,985.0,979.0,806.0,274.0,218.0,655.0,979.0,531.5,5943.1640625
LPL21_313,LPL_2.WAV,-381.00213927051846,-23.624142370789343,-201.39139205072445,19.468230957859753,46.83382024098081,-1.4361434433007498,-8.140480671025076,10.017013354876202,-0.5884122843689366,5.646578588259559,1.7010258865437993,1.2569132550081443,-6.311971256897277,-3.6649059031029827,0.6959501539280967,1.8638452254572826,-1.2065325727081384,1.0803406170262222,2.4772284289820186,-3.822719140037241,80.05153864594989,32.9930513312375,55.22992635695642,65.73775350266787,51.98648908252321,42.55948018730585,23.83751501079696,25.120776765082894,24.90369946666226,15.587945159885246,13.007219505200489,12.091346161834274,6.889493994229793,9.121173747246246,6.520011176108725,4.036731281526689,6.980679400204059,3.721321672191143,6.84857843790569,5.473064378728282,5767.0,563.0,676.0,807.0,974.0,984.0,800.8,196.0,238.0,815.0,1022.0,567.75,6115.4296875
LPL21_314,LPL_2.WAV,-359.36928481148465,-39.02509882782043,-194.93113760465118,15.529056998871727,42.43732134047185,8.232083765676114,-8.226991125657836,11.732505714428672,2.3125486284068675,-0.14924071357525046,8.084900367876042,-2.8869521582437914,-10.439577848831247,-1.7719895760970843,3.6091083739011713,-2.5218585993462717,1.7020669474393881,4.323819693293299,-0.9687317830983909,-0.51539912408305,84.53985480307198,31.387899095095026,55.46034485933175,66.8756681035621,51.956850827201336,46.97668663532481,23.618051476854784,27.80719410659888,27.799959262200773,16.720833119507912,9.943416487953302,8.99625872979204,15.1436722557894,6.308388478166564,8.440508984612757,5.414561750134504,6.1213548330422825,5.510656310163319,5.46576000897466,6.8603136224990235,5757.0,530.0,663.0,878.0,953.0,963.0,797.4,286.0,224.0,776.0,995.0,570.25,6093.896484375
LPL21_315,LPL_2.WAV,-372.29240560695587,1.0214690325425606,-196.67545589835714,-0.34451707689120753,55.201965332843685,-16.473566651283274,-2.0142846440375,2.8367296098140122,1.8163462601476932,-1.1505617190689799,4.624273179022671,-0.42331948005021974,-7.307301823158413,-5.76534763457122,1.184187163537735,1.2710987813827082,-1.7157317516653205,4.927411725758723,-2.6104036485773254,2.2986077740031003,74.0508683904507,35.38572531055961,55.107136202889286,70.34994689344555,43.66744528958556,42.14830523903038,25.543230349951674,22.718597414186444,26.855903646615573,23.843220555499848,10.848068214226226,12.860701448286761,9.436519569602252,11.376505934547763,9.174601875830986,4.102714482609631,7.523059676064073,4.235947321237688,4.73374033248505,4.9680347065648665,5758.0,552.0,682.0,880.0,977.0,987.0,815.6,199.0,179.0,782.0,1020.0,545.0,5813.96484375
LPL21_316,LPL_2.WAV,-345.77814382958564,-11.86061894695814,-192.9092623379672,11.274087056078299,44.60956132337237,-17.275676935064418,-11.514905183375046,-1.4641825425483361,-9.127426654566369,5.461083334576535,7.68296427662534,-4.044419894151601,0.6963608168845472,-6.544922669963394,0.8189244738922772,0.6276237973051371,-0.9948324419826639,6.49643035277925,-4.898449372179401,-0.14194676465859063,86.01708835702021,31.745845309414282,51.24614015747501,60.45122445722626,47.98556066553431,42.26114199533274,26.4509255057666,20.92471112553238,19.009762087083004,15.924682387998708,10.92224068619034,10.083392549381694,6.306911846327035,8.673033561452897,7.2561696423865465,5.625182408773777,8.998969576294769,5.896135110554708,6.0199672839678815,7.685548205452499,5687.0,533.0,719.0,860.0,944.0,985.0,808.2,199.0,216.0,755.0,980.0,537.5,5878.564453125
LPL21_317,LPL_2.WAV,-371.9028568746372,-28.086942825929164,-206.23552581072624,33.49352708892431,32.38148661872378,0.5784838444580119,-3.7275054290866296,3.196965616956089,1.3368160763103725,-0.35078806109703614,9.767841317358936,-1.8234148297332393,-2.102213636785051,-3.819641351059713,-0.9764906573722751,-3.4014988258428955,0.08922529376099499,3.684960970202115,-2.7393305400653065,-0.9029150096888562,80.24823533133706,32.77710720910971,55.32574044494346,58.88803198071524,58.68122431311543,44.39286029995815,26.360037123033525,24.036204272282262,24.047890816118976,17.62324370692833,7.997613493230155,8.380375579571325,6.192751327055849,10.624929109431864,6.668758811543574,4.608046002794278,7.578394076718115,5.296422673216239,3.8816065715291246,4.401767091604199,5709.0,572.0,674.0,850.0,1000.0,985.0,816.2,221.0,227.0,734.0,961.0,535.75,6115.4296875
LPL21_318,LPL_2.WAV,-383.9802778684508,-7.2642618348631265,-203.79175048041725,21.343213062542755,46.01708226018212,-16.19011936077775,-3.612481728584169,-2.7226098361464692,0.018413044165714924,3.1507469785575095,7.513422638310794,5.034456981419952,-3.9956012736094286,-2.1959961472197587,0.6953734755110358,-2.671806177991974,1.741532399243546,2.8364984283465016,-2.360251836988646,-1.8436715733640365,69.34479447141551,41.92433240642411,58.90711617535416,66.45706097500025,48.0256878902889,37.030053903826314,24.476786740174106,23.74824989492805,20.609583591252957,21.200776294119617,7.551341781426202,10.00411821143196,8.342611474501304,8.323590548598629,7.460088339997597,4.963903564178749,9.844934630670103,6.13325837858386,4.228769125850993,6.831085367557962,5867.0,558.0,695.0,909.0,1001.0,983.0,829.2,190.0,186.0,857.0,997.0,557.5,5900.09765625
LPL21_319,LPL_2.WAV,-368.2557810545652,-31.134753536217758,-201.57799692988903,12.470348247656688,40.3150239533398,-5.533330892059174,-9.418028024862974,9.29669530439536,-6.724285269072884,-1.871875981045432,7.169207923434323,3.8297452672813916,-6.827356133214104,2.2844308556405744,1.7056498327455445,-0.43312988406922864,0.018269702392983422,1.830357555338814,-1.7391009393363839,-1.4400659833246827,94.36362631447957,29.214030269076897,58.765275635061165,60.386904834902786,56.85391661485626,39.19795318245561,27.972435121623345,24.335952837362033,20.735294042621515,19.05014778697516,8.326937066131952,11.49741935484806,9.3453868520641,10.203595433591488,7.012466688942168,5.000517230012715,6.327440958570565,4.7644310870351285,4.390549032667977,4.343571075540778,5814.0,570.0,685.0,888.0,965.0,949.0,811.4,227.0,182.0,751.0,1113.0,568.25,5964.697265625
LPL21_321,LPL_2.WAV,-371.02485525496337,-18.871649423364115,-185.71348165705936,4.182646955167676,44.49116378146623,5.2931768011556,-15.90608089593936,-2.1634767035272966,8.275361679904087,-4.170311715801963,7.525283302533479,4.416500899364553,-3.4484224002980066,-3.735154116126688,1.5272813724425072,-3.840535106534602,4.426388975912513,-0.6588920643513988,0.0698224482406188,-1.00609971083199,80.9322868049082,34.919675056125094,58.13285770418925,75.38349295122563,48.09446266962442,43.15832163243436,33.570328570778464,22.152777024859635,31.98891465874765,24.37270952264571,7.192438774406066,10.839044917798805,7.191665945978895,7.315243374593656,6.456496197066698,5.196191744659054,5.487324594925369,5.044483755225142,5.43934257851943,5.137571372806077,5910.0,547.0,694.0,867.0,991.0,946.0,809.0,207.0,180.0,872.0,1125.0,596.0,5706.298828125
LPL21_322,LPL_2.WAV,-369.38511944085303,-13.1325454046094,-189.84548552662494,1.4648546111057652,40.870434860443375,2.3393998630125434,-17.231292793496507,7.3960398579464925,9.319313283995625,-0.5994882782440977,5.935280490667839,6.874722665673439,-7.2996052274420755,-5.457927670657073,3.0392065423742647,-7.724398901097612,4.154357381723383,-1.2102501571220818,1.8575829315729957,0.03457209853187244,89.80718337926211,35.417580458389914,58.10968430337347,77.06789607062338,51.473184701186916,42.41497515514052,33.18463488930296,27.308702023786342,32.2806614065189,19.489493263614307,8.236649292044646,13.721626029313889,7.38296913600288,9.78762858807353,8.342575683439778,6.047896869706897,5.672857754200644,5.576238772244421,5.003494198094179,4.904947010208857,5862.0,585.0,690.0,835.0,983.0,949.0,808.4,170.0,228.0,864.0,1074.0,584.0,5749.365234375
LPL21_323,LPL_2.WAV,-354.4842432614485,-19.08131439310007,-191.57524193932838,4.968877009890071,33.89947604324815,1.3116916207936973,-14.185127883412374,2.433932919154431,-1.2366346454984145,11.170136216532713,-1.0843118810748438,6.046011985740268,0.22819259585946008,-5.055605195802089,-2.1641102662947165,2.3358644336458614,-3.2512658432001187,3.7129756805443597,-1.6307077723989307,-2.034219118377306,101.57243034014634,28.356962688686636,57.69102255673949,66.11328268085194,59.36518080371606,41.249028763761565,32.03163424950538,24.622025230675014,26.317243936202573,9.848446707341646,16.190642272431994,14.673960787497728,6.637757087493635,6.059677440008809,7.245744120492623,6.18314745700183,10.662622389760141,5.253146591753855,5.887171703792724,5.628949395102171,5868.0,554.0,670.0,873.0,980.0,946.0,804.6,268.0,158.0,876.0,1069.0,592.75,5727.83203125
LPL21_324,LPL_2.WAV,-394.99687497427516,-0.21040281747395764,-205.03205556837622,-0.44500197366971095,53.547938560232474,-16.799208842155345,-2.441847043793457,12.736399867797642,-6.544245748625272,6.277369734024896,5.866225552902483,-4.99272714812018,-2.7413391698464213,-1.4188911516988152,0.3267864736183138,-2.7599629161430355,1.3081105701748836,7.159113308721479,-4.619575108999097,-0.2891986709480374,68.57654198869378,34.53550496701349,56.82892667205884,68.28174598045783,48.717693331444565,42.5596758224374,27.673340278953557,27.067362732612782,24.99936058125022,19.497344881422865,9.415338263349277,11.599432956678854,10.4044574615961,6.1511210281091335,8.070997553918744,10.007465617384518,9.65302175259468,9.028225735122424,4.901228667272681,5.690665489432653,5757.0,540.0,708.0,857.0,961.0,958.0,804.8,254.0,170.0,759.0,1087.0,567.5,6115.4296875
LPL21_325,LPL_2.WAV,-371.75352517276536,-7.1393196472285085,-190.45067268423858,-21.40161489059485,62.16223184773991,-8.432641109522182,-12.296618998390395,12.7999634964848,-4.155817952612443,-0.5231872139490995,7.504409170116924,-2.800313926848077,0.02191546228410451,-0.9062684564342861,-5.370778967345644,6.223428009478668,-5.498771325720281,3.9562470477331817,3.148625185332619,-6.4918315025226185,86.8722431391713,27.49283622120469,59.44919516633608,73.37220647567152,47.18518164284284,40.77846375276187,31.958318005543035,24.106136495173008,31.01141792211417,19.380126949637948,10.688308396919773,11.954705822833896,8.097818742101735,5.908715896883631,6.86304838738939,6.584574206801116,7.7850947725369775,5.386255527571524,5.4690062551783365,7.515989520381852,5699.0,552.0,706.0,884.0,969.0,942.0,810.6,205.0,166.0,758.0,1067.0,549.0,5857.03125
LPL21_326,LPL_2.WAV,-363.7817976652419,-4.761767050438633,-193.34982217764176,-9.135427341901892,51.393065647111094,-2.8834789746089493,-10.970726323065746,11.637743016537039,0.2505085032962022,1.01102076558109,6.733792015003167,0.9864434886056068,-3.59161104196353,-5.459198946512824,3.546367119221547,-5.321925864698809,-0.0781084109122442,6.3160859262764335,-2.5230291617825333,1.7081313222762817,86.32539925324922,28.767335158375236,60.31375487560109,73.21324419616084,47.193831773570466,44.68567506090857,31.564380425518404,26.04520906666755,31.59932422761841,18.90537402057095,8.077323275776237,16.645990372953015,11.719823267843354,8.13872264803921,13.768895842856244,7.891226452553406,6.587378464947406,7.267373967480522,4.308623388942553,4.012568985881508,5715.0,535.0,699.0,881.0,955.0,970.0,808.0,259.0,146.0,700.0,1110.0,553.75,5878.564453125
LPL21_327,LPL_2.WAV,-373.6388499795273,-23.82600308626093,-196.68425613208672,-2.684768447153722,47.33191305801457,1.7609575904292851,-17.54620815481043,19.63198992974044,-4.7918416244752295,7.910559946389242,3.016492100440502,3.196450679542171,-13.167962928500163,2.4457089172289996,-2.4087867767005386,-2.310934758775873,4.1156010981156195,2.6543207331078422,-0.30401419598262913,-4.0975131185445255,68.77210889266414,34.48420079627028,56.494494744789975,71.19889402358415,48.41920323203273,45.78104041030627,27.021255177676217,37.48587992726207,25.399617678972586,17.279680163780494,15.199379800956764,11.612483884831152,10.628151826467937,6.452008860057608,7.271644132869095,5.949661026885561,6.008976580338569,4.71664947201947,4.853203645043067,5.5630801921515625,5679.0,547.0,697.0,874.0,979.0,950.0,809.4,240.0,158.0,682.0,1079.0,539.75,5813.96484375
LPL21_328,LPL_2.WAV,-376.1738454918091,-12.4202243040682,-192.69990625598362,26.681486141733302,42.64234892036373,6.50416465050641,-3.301912410810502,1.965978321775839,-0.5908188166702396,-3.632696751849416,4.147522251853072,-2.8433077118776158,-1.6801600571334037,-4.6361937804459,-1.6434196184667156,-2.18383398767208,3.0894229778721716,2.146300627380726,-3.08298332753458,0.30055894608029154,84.35469755256734,36.38400150101283,58.350895550441734,62.98796729616894,50.059519818463784,44.83390071326474,25.98639798896071,23.83882908696802,23.71328095827379,22.64307662835352,8.778276837454328,10.140269297465851,5.915227504474898,9.592110128418692,9.930077574613057,5.085564912580451,7.070857905884414,7.972832671532009,5.299768316013204,4.2863970480994436,5879.0,554.0,717.0,848.0,988.0,977.0,816.8,221.0,204.0,854.0,1048.0,581.75,6136.962890625
LPL21_329,LPL_2.WAV,-350.94541016182086,-7.311504446327425,-186.96641400714987,4.353957606702855,47.52309384871399,-13.413466335107163,-8.240597842489583,1.164888893437313,-11.52326053720947,1.9226338756146373,-0.36029199229120934,-3.3823353209579903,2.9694024176303198,-0.6436234472652109,-4.150615980344914,6.947892736678715,-6.665489714812865,6.774642225855582,0.916615624312763,-1.8093059894451775,112.25148170380243,34.103686139441095,61.860373798095054,61.38766927339117,48.43321770388356,36.43903086192492,29.395358375356,16.806821563336918,20.085905114557942,12.39241689000142,13.008773067697488,9.857573685606056,9.871463971665536,6.304416323783914,4.3690818080100025,10.98198820837735,8.712299016587444,7.4463609031331375,6.48514764958181,6.068061128324267,5851.0,548.0,686.0,828.0,971.0,955.0,797.6,257.0,184.0,862.0,1108.0,602.75,5857.03125
LPL21_330,LPL_2.WAV,-379.6033591659984,-11.226905718656132,-221.60498253434486,8.151051156179054,52.481619835409866,0.8940542670093641,-4.738721429786508,10.424192830186035,-2.1389300698081373,2.0340351431068386,11.982092353350609,-13.012143487147192,-0.38992574654935297,-4.747938987691686,-4.724038626978058,4.443176978908286,-1.2171549337299132,4.451685465552832,-0.23471632804597703,-2.1735880313946567,73.24164270400314,26.642710154952724,54.43088103496286,57.74049562717633,53.18228560799479,44.26679581625395,24.851383749540762,23.69110540526091,32.0680044645936,17.85040902638168,7.909179637929693,9.343931062663593,7.765622770436155,7.960697340777898,7.033823384922022,6.352713495266299,7.964807105433384,5.842635652054812,5.6911317165128175,5.234333855737752,5506.0,542.0,704.0,856.0,1001.0,1004.0,821.4,242.0,144.0,533.0,1026.0,486.25,5857.03125
LPL21_331,LPL_2.WAV,-396.2763576062476,-6.4661989817531,-210.77185740399423,-14.216261909432104,66.67172359261748,-6.626890824980074,-8.016459872243484,22.878493426700782,-18.65365839046762,5.042576109816484,5.4766319626381454,-11.132906333803135,8.226680164234306,-6.031729802251157,-0.26224975859068295,0.008547846385823458,-2.313437221111112,5.194989855768668,-0.6742416813587335,-0.2547028854883156,68.74565428799995,30.537726106353283,60.05062313132581,72.30373003422807,41.27468676528119,37.846986491698935,31.125975429430138,33.90050052252228,20.78831716869831,12.210156879749855,11.427899909998178,8.947048731856121,8.847893393847754,6.371499670217539,7.2410847798073945,4.272363192005198,7.562064594025929,6.164437125788169,5.936464603464856,6.523419124300111,5650.0,562.0,704.0,918.0,985.0,980.0,829.8,219.0,150.0,670.0,1026.0,516.25,5792.431640625
LPL21_332,LPL_2.WAV,-327.7812863414602,-2.856246108779754,-174.6033607204574,-0.45838636935974963,38.48205756098217,-5.4010480366624884,-28.154715230797613,8.054301528505302,-19.340399695274588,4.864852588890894,1.7228204377723695,1.543987108313544,8.744960709275121,-14.81765037562131,5.565030450274857,2.4331851763034895,-1.621628966747631,1.1443574769400309,-0.6852754711348497,-1.6818976205625376,95.86817205183067,39.03685418526362,54.17948346216759,59.852301526915284,44.82873992519529,28.46731648207679,21.880871608856527,22.713227270764463,27.58473103879281,12.825323544441531,15.784762090064756,15.115889817555923,5.389852212350457,10.68689113548373,9.92853078828671,6.198315652374595,8.594972699373347,3.8870328182987617,7.399104610389584,9.604299468010884,5780.0,616.0,725.0,817.0,989.0,1012.0,831.8,166.0,159.0,850.0,1009.0,546.0,5813.96484375
LPL21_333,LPL_2.WAV,-386.1894274118232,6.364805784676804,-205.89646726111337,-21.87200157033777,65.07380767037051,-14.405093615240215,-6.900546976612157,8.476420575617178,-8.058240624802263,0.2344696474537262,4.343940884266781,1.5316386477825965,1.2013926332871434,1.2225199438282401,-3.609270080683214,2.474902565885818,-0.5087532714216997,3.8438294149714283,0.7874407067833293,-0.04668503571603534,76.96298383956268,34.373107299128485,59.13813415914256,74.6535385828969,43.96335709554914,37.42418879318918,33.08718008086605,24.051338942536894,29.28434567193714,14.581245961913412,11.484252750730091,13.828719427453139,10.202035545085113,7.744947085648229,9.5558425300637,7.2142177799388625,6.748877046538474,6.719733498088091,7.013892037342597,4.782269603139045,5793.0,563.0,701.0,872.0,986.0,996.0,823.6,216.0,177.0,804.0,1020.0,554.25,5770.8984375
LPL21_334,LPL_2.WAV,-390.51441014623515,-15.02348628070822,-223.42878164086414,9.43032346418767,52.91730504470183,-0.57239606034028,6.8301081241897235,12.002176364427294,-10.656772846637423,-0.5174410240613955,-1.2144659929001516,0.465058134017966,3.856518275455141,-8.344743685703563,3.137814812225502,-4.276594765972934,1.623362929882897,5.893387679591721,-1.6888145799772223,1.0044494302656466,73.90217981175314,30.168958656040765,59.38576462475091,59.25260105705963,43.63800927048955,39.85728568933356,27.804430057770947,26.20581295707153,21.095335645191895,12.766270874908075,9.634222570582088,7.712207437460887,8.20420332139506,11.484162668273195,9.932460363189245,6.085133636013315,5.254113000718659,5.01094010101622,5.528473013119472,5.701482787534028,5965.0,588.0,689.0,902.0,961.0,1008.0,829.6,224.0,168.0,876.0,1101.0,592.25,5641.69921875
LPL21_335,LPL_2.WAV,-370.54023095261556,-25.00679672259102,-207.46654042173236,6.896251784499449,43.323766677764475,11.724630147486668,0.651993780112699,11.026583818023074,-5.583835642857578,-0.4273391307693273,-1.8207162891328001,1.0151308615367902,-8.117789228829887,7.485008299374355,-4.971976660841177,-4.650716209595432,4.722759025435442,-1.3274271265831383,2.4956306530184085,-4.212005707504252,71.64132650246654,37.73861734035506,63.29063759949735,65.8891263020434,43.83131686370609,38.52221146031619,22.078189209149276,27.68519753435216,24.160335717574938,13.8679951840627,8.454499181573752,6.339923897462072,11.687273561724341,6.8459490823168165,4.776083402502234,5.721832116499851,5.885389454735169,5.522280161476804,4.745502766904094,6.686291663480387,5895.0,548.0,695.0,923.0,984.0,987.0,827.4,231.0,172.0,799.0,1104.0,576.5,5598.6328125
LPL21_336,LPL_2.WAV,-383.0788616733983,-1.215826367224103,-215.42487842080578,-6.069790191309883,58.62512570885937,-3.8132602278964454,-4.564756396091517,8.545905069021618,0.25471791857808157,-0.9461712224750728,5.2470211536092455,-2.6813193039556684,-2.905691605142457,2.494756964455915,-2.656344334422759,-2.9413309623364805,2.1046920181800957,2.0427788022347686,2.8501141894555464,-4.162666280761763,66.434156285913,31.4438556382466,57.12671135640186,64.85019561427352,42.54800850197608,44.67828881202169,28.122298564092393,20.726627364129605,33.8659227584655,19.761473727090024,11.057122423766717,10.288744757170273,12.295457074575637,6.400747425211531,7.46946371899929,3.593940715385636,4.544027565838,5.3424761414438855,5.6291816740395895,7.183500199964593,5804.0,544.0,732.0,896.0,962.0,994.0,825.6,204.0,173.0,839.0,995.0,552.75,5620.166015625
LPL21_337,LPL_2.WAV,-356.0143467297655,-25.982096640548107,-208.56851465583912,14.745349465045622,44.702123483069876,14.842017764077172,-9.811667014833132,14.572126833897013,-10.294991792930931,-3.427825355179408,2.5026863737955534,-9.320649193767414,3.8500190509646526,-1.996320892138712,0.9009636191463274,-2.580040882019342,0.5517851573411255,5.748879300314258,-3.5497871370099,0.8119925087166918,82.35322487980771,30.920773416198365,55.115439369215316,59.923932119873506,45.92772073910186,42.998407650635954,26.91833117027353,26.67998318921949,20.88550394627945,10.595952824793544,11.25437186890082,7.664144977279989,7.976958390729841,5.550960563977082,7.301139097132152,3.5499197777804414,6.247430619397729,5.4819730781869085,6.003174358595343,6.475055641729278,5791.0,545.0,718.0,870.0,936.0,915.0,796.8,235.0,218.0,837.0,1062.0,588.0,5921.630859375
LPL21_338,LPL_2.WAV,-348.61871923681434,-8.85738131109598,-202.74593936274238,14.220088535080485,45.53117279426269,9.445278728065253,-6.312036133153161,3.566926592945464,-8.322230288727908,-2.9345233590903295,-0.941047231750454,0.3742032421856218,3.0597329869355963,3.1760887201475843,-2.6802522384659437,0.11148816266935128,-3.887931138379593,1.3590679772551797,2.4064548509543133,-2.410076412225227,74.90566445916595,41.626498066467754,55.03401874147674,55.36951670773901,43.55699134626311,40.999177563210786,25.152230080053414,22.87916815316566,26.944919878827495,9.747513647718343,10.91076064943613,9.63793882796606,15.82949574358615,7.202815431768923,8.679807632882232,6.569882588723498,3.308017478865874,5.392375579319676,5.949450313659433,6.869401480586864,5669.0,547.0,685.0,840.0,962.0,936.0,794.0,247.0,161.0,800.0,1032.0,560.0,5835.498046875
LPL21_339,LPL_2.WAV,-357.1674916449847,-5.630248020903484,-208.35853912575882,13.336567097263869,34.97631184976268,-4.686160806209161,-9.850097291504987,-0.8127311405671154,0.42377779563832507,-13.65373244709575,6.948788205340734,1.094336438229898,0.12453529747730616,5.282389986496237,0.08951806533848801,2.1318747332349663,-1.9627225446845171,1.952395616114207,1.4559609554767254,-3.520908019524052,67.7612049319565,42.321890310586404,57.647605409826205,66.03807705610996,44.322427581022076,33.169017611653004,28.13432866127329,20.85267827477075,25.697785513598248,14.627487130256117,11.321192116858235,9.09334595694608,7.049034818270792,9.63738295739799,7.2696006023841235,6.238762005213288,6.007420090000521,5.19213709184668,4.266724312941249,6.835422146953467,5801.0,555.0,726.0,868.0,961.0,956.0,813.2,206.0,154.0,842.0,1052.0,563.5,5857.03125
LPL21_341,LPL_2.WAV,-303.6938462408798,6.020842883285781,-190.37205107077284,4.7900072887175975,27.360169375759753,-11.294381267362901,-23.68936522008997,9.434715285156269,-18.810094898490178,3.4680860947182506,-3.230541111678798,2.5299287982360887,2.4856722401566342,-1.6127871028116945,6.870359481341288,-7.086110116350835,2.59850823455494,-0.44520949111530583,3.583232446552648,-2.814938063802318,73.89194803321168,34.4060242055823,52.461946840487016,51.87359629852409,40.502022069190524,36.41980497991657,22.80274656698969,20.280162084689145,26.076198913338953,11.240582149080703,14.881053487216917,10.473965369587061,7.338334592791315,13.438282545698277,11.79734197081761,4.609616752348563,5.148351931016029,5.540034245140949,6.586514584147283,6.074013526771551,5440.0,563.0,714.0,852.0,953.0,986.0,813.6,208.0,146.0,582.0,952.0,472.0,5900.09765625
RBB13_0,RBB_n3_1.WAV,-309.7846104087641,21.088013960961426,-166.0816481934559,-38.843399065300595,29.62006821237495,-6.264958489472549,-20.006937997691598,6.76290855080173,-14.098535150344764,-7.524049241022189,2.489325020072275,1.7744955367247266,-2.0614042167306312,-0.7739541632542158,2.3038054434643045,-5.022261454184061,1.6606944230927279,2.539012642720833,-0.4130450794229393,-4.448480418391694,50.980175842355,55.623024186478894,65.51677330975049,60.0064819410792,40.826468791606494,40.161501722530446,28.967360828034668,17.33293152734576,23.062153391637946,12.32338687795603,12.7361996666439,9.666791839924837,10.174869879545241,8.796082964645251,6.824629278629898,6.904440024804702,5.072928488066933,6.6619957791547515,4.326674010322731,5.2878975892772315,6645.0,591.0,779.0,1016.0,1059.0,1075.0,904.0,313.0,310.0,999.0,1015.0,659.25,5641.69921875
RBB13_1,RBB_n3_1.WAV,-325.83644930620716,29.492588193145963,-179.54174731335124,-27.55532056771862,41.00436374149106,-14.385963266663223,-5.749110096404956,6.565386601104354,-4.53414226199923,-9.195401539921388,8.605617906229517,-5.925053423622804,-0.39384733929521465,4.854109664487971,-0.7390580628600724,-2.5093966542669213,1.1701761002792892,1.5158494766704407,-1.9758486127809158,-0.7103845319516151,47.52094265654553,50.02618401075246,62.27575296190464,62.574153921765614,46.20244025670131,43.34489064598293,24.71956566385174,18.36987877617804,14.916318687272135,10.722032766755847,12.048343846875426,13.24610384316177,14.949123683849754,9.374938873350988,6.299219522125109,7.430259220578863,5.362888712119373,5.739580526078071,4.252269492262076,7.7243229514587775,6601.0,524.0,798.0,1002.0,1091.0,1064.0,895.8,357.0,264.0,918.0,1092.0,657.75,5663.232421875
RBB13_2,RBB_n3_1.WAV,-334.85431655977794,16.948004004589915,-191.15654466231624,-30.028541499650867,31.19310106334188,0.46450797923861353,-12.098685250104197,10.376592612018914,-4.806651405073915,-10.43353260981563,2.089709983316988,-2.165734029898267,-5.101683908908222,-0.0947481162510053,5.704214393926069,-0.02855481852111929,2.292926847061263,6.369818213004634,-2.810930075262711,0.07064357298659459,48.994469954148165,52.674918258107674,60.42122188724154,58.6671517872556,43.08760058935235,40.91311076175301,29.715382796303324,18.068520074710115,15.992301093879625,13.518270316330378,11.525533141863395,16.078992821931546,7.79740213931086,7.0610117247044775,10.03073682131314,11.789907452884878,5.9703193474422145,5.998113185651254,5.300702083280141,8.923631449119233,6520.0,546.0,804.0,981.0,1048.0,1083.0,892.4,310.0,300.0,906.0,1054.0,642.5,5620.166015625
RBB13_3,RBB_n3_1.WAV,-344.7829090072829,23.765061642082028,-196.92074903243696,-33.5085507113444,32.4937810770424,-8.494134207526303,-13.399283175716247,14.044136910640173,-6.565870195849553,-7.882192005123249,11.81412900783452,4.4611523627584235,-3.3527160857840994,10.566446897290637,0.7855724799762686,-2.023167492739518,5.556750532619832,-1.3166575143053378,-0.3308526074240095,-0.3363504856366621,53.593352421618164,60.63957503740878,62.02400755684277,70.3908783066486,49.76687542014516,42.88335757740663,24.64555022700856,22.935837506450266,15.108915500276666,10.428310522187658,13.890172359124026,13.247394617080282,10.141554564327045,9.57018391431092,6.873726201514779,6.520241919933077,4.998476138658616,4.363195313067943,4.184198274835668,4.03811530807724,6570.0,570.0,802.0,997.0,1061.0,1101.0,906.2,296.0,291.0,917.0,1059.0,640.75,5706.298828125
RBB13_4,RBB_n3_1.WAV,-352.899384450831,28.21292910883211,-189.79681822573752,-39.477212405705416,51.87512421962122,-17.412178851280242,-3.5824203968223824,8.46517007509542,-8.672708072941973,-11.520348503830958,7.109005823384947,-1.8744467976368986,-3.2089435037466227,1.9969754418030574,6.391023076717962,-4.133956925913209,3.927859162578274,5.385277708346433,-2.6369337731744094,1.903477476416998,43.570767671599015,53.530164844487395,63.5277187960657,64.2806006810171,44.564817690143,43.07092190520665,32.74811036891848,22.49751870230142,18.594273372475044,17.489648485054477,13.835271177294022,7.992331934111837,10.745965341710281,7.815928935019232,7.23721063548652,7.4772987157207185,7.1273350022832815,5.372289390524194,8.470725077322568,4.869540506704586,6499.0,542.0,789.0,985.0,1068.0,1075.0,891.8,336.0,286.0,943.0,1001.0,641.5,5706.298828125
RBB13_5,RBB_n3_1.WAV,-365.8303936687608,38.51070872692323,-195.67298357983518,-44.17884649582995,60.54574303374474,-18.34603996811322,5.306378053667239,9.284671068289175,-2.2423065418485715,-8.920249252293312,4.979563126034729,-0.2811937141376934,-4.092747775322461,1.338782541277069,3.2287114121549787,-7.532316416907397,0.6144444621738399,3.1935644647355343,-5.328290785985526,3.117661999824933,40.650702415366645,58.51161554067697,64.95551314097463,57.77947023583367,43.491409373736,47.6584843761287,30.68650271838602,24.40439142382018,22.48249909571683,16.204374274723975,15.792216369109656,10.557216413138173,13.108137923112459,8.926511763813002,8.107529498631193,7.989011910061612,3.992962607497715,4.5669642552897205,6.613129824851021,8.302844672051876,6576.0,583.0,805.0,1009.0,1086.0,1099.0,916.4,342.0,271.0,935.0,963.0,627.75,5663.232421875
RBB13_7,RBB_n3_1.WAV,-337.40129760651746,36.930338136066936,-190.41344703658666,-13.833228507262119,22.838747973618723,1.4039058069439079,-22.459943554584193,5.776355263528168,-3.2204410326723756,-14.684704381878039,13.967274468431183,-0.8688779106103197,-4.838406703765633,3.795701474178589,3.6060959268708825,-3.489562458808781,0.04990914064048419,3.424797463037057,-4.478173853491325,1.0638940594411772,47.76492811401619,46.24959734387994,62.568490350780245,70.00887048224106,47.64714560901557,41.297880270599705,23.755960046905848,22.378940774391012,17.495675327849693,10.357111771904883,11.056072131779352,9.64158659484925,11.570714620998618,8.267962295606184,7.511933926532598,8.092324837359717,6.579433122076585,7.956383581682351,5.123274526192469,6.6477250120116,6487.0,428.0,796.0,1012.0,1063.0,1062.0,872.2,305.0,296.0,944.0,1086.0,657.75,5684.765625
RBB13_8,RBB_n3_1.WAV,-347.85774186091834,17.703741288304048,-210.4016052957188,-31.989023662316864,34.43572882018818,-6.7597937331455356,-0.30714465293339666,15.795452678951564,-6.605153279930653,-7.124316609056747,6.994361277826729,-5.477696765601088,0.9694397162747848,-0.5106902292591566,5.49551513413927,-5.73879935401641,4.891752855050369,1.1511638833438669,-3.0249720638553743,3.8484897593892002,42.348437383827566,52.266153063552856,61.92764914098922,58.3543042611218,46.20847530343934,42.78687021369895,27.960007599776393,21.10262524073874,16.37342310645839,11.079383600881496,16.841652702806684,11.604228459252065,10.171563692839275,8.55346560506936,7.380044556411407,7.067822994368833,5.047604070556905,5.050980520752405,7.001174490981193,5.160249543886276,6604.0,580.0,780.0,1011.0,1077.0,1083.0,906.2,308.0,302.0,929.0,1034.0,643.25,5663.232421875
RBB13_9,RBB_n3_1.WAV,-380.92519221467484,39.44260349300435,-201.36981294790112,-49.91450129478189,58.036238303606666,-6.116702644910862,-5.147376494163998,33.56509792334545,-6.801667311099281,-4.8924718749143095,19.77879189361315,-10.41814450182083,-1.332652616029613,2.7430472632167833,-1.087805815016023,-4.454054753493895,-0.27497354574474103,2.2217520729445335,-3.8434259381339477,1.3151017569191903,42.38481001284905,54.87717387314245,63.08810519924416,52.938131292260756,42.31632850012711,41.665856088026125,28.66348451076086,22.797053824107298,17.814728878147807,13.503729801968081,15.89557188599605,13.06850747115194,13.868787304602721,9.356847413502152,5.327036226187751,9.38347088956953,6.4433322052678355,6.182974478897544,4.943155067066002,4.035639141517516,6674.0,568.0,775.0,1018.0,1062.0,1075.0,899.6,342.0,299.0,948.0,1094.0,670.75,5641.69921875
RBB13_10,RBB_n3_1.WAV,-353.2929758572572,15.594430957496185,-200.12553305170724,-39.03248548854345,41.02694706051193,-7.019280882086317,-3.9879631210195625,12.821047939565428,-2.038589195221117,-11.210554246263174,3.7056699544160794,0.32473931158583125,-3.1541085528320805,1.1743281669782875,5.776415079287088,-6.879120410254965,2.2906271527122053,3.576746503500306,0.03806933993339838,0.46650444649455836,44.61467325906003,50.683536235162,59.40592487713995,55.15174214123974,44.54352638863263,47.60637766686877,29.809293074732377,24.912381433412204,18.932888306758848,16.023545096648057,14.806084505763524,9.306152690257532,9.101343526537418,7.419716647722737,6.887356507356319,6.6025215470298715,8.026660922864885,5.901085378378952,5.79596130625639,4.362933600212102,6524.0,544.0,775.0,988.0,1065.0,1091.0,892.6,314.0,292.0,926.0,1036.0,642.0,5684.765625
RBB13_11,RBB_n3_1.WAV,-349.247741982642,31.49036476979995,-187.76460219374752,-33.27026657250165,49.17626757412845,-2.114863938778386,-9.125157484828007,8.63054195418979,-10.125485426361138,-8.57268056491996,0.31961496403253936,6.7434798056678975,-4.4555339739537,2.762870113960052,1.8199787503283977,-5.282323356489656,-4.793970666345095,3.897152904075286,-5.799853402150699,-1.2916931421614475,43.202199305024344,48.41162541295253,66.23471327204506,71.87750152620039,40.07720653921887,42.78005176265105,25.5357717956905,24.501920005722447,24.126051959017065,20.315834540044808,13.491690928729236,7.8943905667884176,10.789440295844535,10.495167936477827,11.190473004146165,7.999798124154779,6.12732374924039,6.875344986073167,5.559896969944588,6.904066307347485,6585.0,544.0,802.0,975.0,1072.0,1061.0,890.8,316.0,256.0,974.0,1089.0,658.75,5706.298828125
RBB13_13,RBB_n3_1.WAV,-358.0998296435039,29.27642165972784,-197.326350476996,-32.62922453430872,32.520656966448335,-13.433082008009903,-10.565167522041442,15.871724811964167,-8.460021881252088,0.2996707577810805,4.021163608369955,1.0093091486078605,-9.860393432949342,5.652563125983959,0.86577187891228,-7.847450063904953,8.4006513008951,-0.28728547497595636,-1.6848030453341638,-0.8235221337938018,57.833903358844566,55.661072486090255,64.79751365366224,63.558163775094805,52.963227912399226,44.27360344993532,23.584776844214918,24.032353705441476,16.4732285875953,16.043707866378476,15.453912809932167,8.287917565264445,10.423387802205703,8.981109961495418,4.6988637692987005,7.5472209640205135,6.177636996734701,7.012075833796479,5.18034678095182,4.891345085017886,6756.0,598.0,804.0,1016.0,1093.0,1065.0,915.2,356.0,312.0,959.0,1053.0,670.0,5986.23046875
RBB13_14,RBB_n3_1.WAV,-377.23351566876386,26.71553803706118,-205.80575083444722,-30.846398819469094,60.70663421345649,-6.539598118169652,6.7722818566317065,20.33637878991901,-9.685292541470787,-6.292915907471022,-0.9422610205865619,2.0060467155242376,-8.150309630381548,3.559234502688532,0.2685409837015365,-5.021356668074363,4.759847065683857,1.8880569271802243,0.9465559382911495,-2.156373133357854,49.312411927956504,51.67095464630752,61.31845004253516,60.696341024306854,44.649417025815524,44.42166566965482,32.649497121776776,19.987038256317348,17.688588397110557,16.667090299589518,15.356589943167245,8.6091633325433,7.847351478453638,6.900972497076308,6.497156023618633,5.931009143076873,4.360417577710098,6.794879351336706,6.163563670020754,4.905619889433757,6595.0,551.0,784.0,993.0,1068.0,1079.0,895.0,294.0,300.0,944.0,1082.0,655.0,5684.765625
RBB13_15,RBB_n3_1.WAV,-380.56093608516545,40.75393118233555,-209.7415823108064,-34.90089715164161,52.95395859300716,-5.305283824563099,-7.334665426053709,17.282047377497726,-8.73419681916959,-8.778207174381816,3.3068836922468985,1.075626830570284,-9.706032127934364,4.344999440388471,-0.5612252844565994,-4.750112197582848,3.4213306202307803,-1.014269643682607,1.203815126697444,-2.184636485997789,48.11928000374551,51.612157244928,61.14359632656881,67.04945591735175,48.35168472100784,38.52624496806722,28.185766285484224,25.673107822548086,19.692409688727405,11.987782552658675,14.445960828452762,10.056335866168553,9.971181845423981,8.44822024599015,6.04772218195045,8.330549661975493,5.343770250739168,7.880011100424268,5.20046100558137,4.891579724332687,6590.0,580.0,793.0,1013.0,1071.0,1089.0,909.2,324.0,315.0,935.0,974.0,637.0,5663.232421875
RBB13_16,RBB_n3_1.WAV,-358.6751966757194,28.45023685832963,-207.09186949227617,-28.410574142038232,37.69907632308413,-9.369572261410681,-4.90050503414334,7.9436734548557,-1.3289811374449263,-0.273481332478849,0.5298711364788354,10.133485489479536,-7.893830278087668,2.4065238387747856,4.092398274481858,-5.555291594067222,1.8478153639032142,1.5681082789361944,-2.651523819163575,0.05464996670512741,46.32259486643955,56.747093658508916,60.39167628259619,62.88014410772505,45.05046955016335,40.53646592537482,30.552403525888316,20.11816607537937,22.612096255954548,14.026930917452171,13.539122283650844,8.361687656529547,9.868706875604175,8.955255801464338,9.282860801139545,6.011269071316139,6.059322480765326,8.043369189730573,4.555867101988891,5.21254843095214,6582.0,562.0,790.0,999.0,1052.0,1090.0,898.6,346.0,316.0,950.0,982.0,648.5,5620.166015625
RBB13_17,RBB_n3_1.WAV,-366.06191045474134,41.09684697093767,-196.3961001030206,-38.35777150273235,51.89445266566642,-1.3313337634536462,-7.596295559705874,18.772129811494164,-4.716012950684683,-8.346109090331733,8.82894634287689,6.139086947606771,-6.002685102652523,5.945276822268026,2.7744532059135634,-3.0062616227562104,4.12495604806703,1.1504093504710071,-2.409120840237592,-2.9672223463681378,58.47846712719306,58.097337436378155,65.84990271236757,65.67056713527872,42.649912097838516,41.56901577194204,31.49836861920667,18.22418000729115,17.086399244138956,12.01617804899095,13.646249831332723,9.28757699604842,10.197713986444887,8.309863203831956,6.606855434867335,8.559498190798308,5.333519148149992,7.047854498891257,5.122091439687712,4.536890023901217,6703.0,586.0,791.0,986.0,1079.0,1084.0,905.2,311.0,315.0,938.0,1117.0,670.25,5684.765625
RBB13_18,RBB_n3_1.WAV,-353.50168601507727,38.847014000842876,-173.1961876836634,-47.65495358812487,46.441136005977235,-7.5370290668503195,-18.527796353547114,-3.3449732942113664,-3.0646444232496415,-6.152374298553697,-0.7521830232837717,6.051725900640661,-3.0915607882636915,0.5287721215902621,5.292632283213614,2.1279191883184114,-0.1948690076807062,-0.3637960238671363,-0.1923830937259021,0.6052023140922087,57.340058883871684,55.36332853100919,68.27289466371656,68.82914570079362,42.14131799876073,45.18779617579512,31.06819053775008,16.93489290320628,25.15070090222851,13.997566956608823,9.449339885925848,11.418417554443797,9.154384349233004,13.060838133267021,6.322548094631955,6.987732955865961,7.473285521907173,8.341669315593734,7.8598682593639,4.784729595392761,6445.0,455.0,754.0,946.0,1034.0,1062.0,850.2,369.0,292.0,1019.0,1014.0,673.5,5706.298828125
RBB13_19,RBB_n3_1.WAV,-365.41078425889947,32.11630374597648,-189.67411373505274,-33.72284814165726,50.0136394897694,-3.9559587034004893,-16.375301894166814,17.353603037898377,-8.82427138796546,-8.556615420238543,11.59256220944586,1.1966033439852142,-2.64439141503628,3.9656305712862343,-0.3450134901804645,-4.394048025469394,-0.31172444369978924,4.403199716183879,-3.1929862345898727,-2.267661041168183,50.181679605399104,48.267904615574636,65.81405806969262,64.76344653817745,47.447860563493,44.334503965330896,23.459938054154616,21.677910409537436,19.242598745828364,12.686104589196974,11.29313114177708,14.668107203350019,10.067526579278256,7.894609143192212,5.835917270005854,7.362320397914919,5.607176300037494,5.2202328286427795,5.635539226832348,4.517214948562368,6554.0,516.0,776.0,1017.0,1039.0,1082.0,886.0,345.0,299.0,952.0,1028.0,656.0,5663.232421875
RBB13_20,RBB_n3_1.WAV,-369.0426047730638,19.53744608352173,-200.75244072709475,-34.80719867231149,38.97779678491106,1.5083348568792971,-16.884373671183248,15.740438823947464,-4.2651407701698485,-8.534800918111216,7.987064633159988,3.563759949138172,-1.2829480922659322,3.9729460735490756,5.18336630106916,-5.250953275143484,0.8290458231194787,0.549278215255648,-5.062846287056629,-2.2564701812688224,49.73423329597236,60.40673074943067,60.54353951191956,66.53374392636964,45.02412748907567,43.41361509965123,21.398741247768594,20.050600032081483,20.081312592206185,16.25809346807114,11.292997628502594,9.747713102958034,9.368384970725923,6.057986568928376,5.637761184757781,6.073140977816449,3.7773699694180163,6.378777041963462,4.826105754644894,4.192079658606357,6672.0,536.0,782.0,988.0,1052.0,1058.0,883.2,310.0,281.0,1032.0,1133.0,689.0,5684.765625
RBB13_21,RBB_n3_1.WAV,-365.4950605783961,14.899584694227405,-194.32694710406082,-25.476045781630045,47.19273746935773,1.9988412388740358,-13.151744235253057,17.433003381547056,-5.708375982976399,-9.32756466848148,8.684444009417584,-4.421632258568264,-6.227186039499894,-0.06985576263310551,2.658522266649674,-6.302143465930037,2.063847788166908,3.225577512200403,-2.8410544963915605,1.6725661368734075,54.73924830069828,60.781387293810624,65.13845081965394,68.49078723343946,51.07418031441924,42.626502197115336,25.851655577732732,20.953490090774,17.926592641985334,10.758719949487299,10.459382283725606,8.970605546689374,13.964016564437129,7.474749033771168,6.802440285233076,7.12937095284973,6.033656358514915,5.774217061143722,4.894639344139805,5.914653766942417,6583.0,544.0,808.0,995.0,1061.0,1066.0,894.8,333.0,285.0,936.0,1055.0,652.25,5684.765625
RBB13_22,RBB_n3_1.WAV,-385.41606988148465,26.710334506141567,-210.39296533971813,-23.156033762444704,45.24542323416339,-0.8302916394818268,0.8272464461535818,5.110301727984922,-1.7575746940427095,-11.144032031001238,4.354334369210941,2.3313151403884054,-2.9273358707107913,4.835304746525528,3.510519147614689,-2.336473182870023,-1.1202126805585912,1.8156663043877896,-4.678194912763209,-0.09086175084128427,48.69803528945887,53.62766595050494,60.741893447518144,72.40659412264941,48.337506782547834,41.34203874553221,34.600273165181434,21.95018543250127,17.615881029775057,13.2441873016886,14.579365764979451,9.779855271050295,7.833979224049791,7.157891144388217,6.596094377839242,6.173278935394501,7.210004277417468,3.9440621052483458,6.531229380663702,6.2636395879318,6640.0,557.0,784.0,1014.0,1058.0,1070.0,896.6,269.0,322.0,971.0,1095.0,664.25,5663.232421875
RBB13_23,RBB_n3_1.WAV,-374.92728620518733,33.70206816210844,-206.44794611658853,-35.9354995378121,46.60550583110362,-14.111818043369833,-8.35515233553158,8.201107429436611,-6.8235120870855415,-10.237478806321008,8.628438707600388,0.6108138248489291,1.359555709606316,3.8523682082408595,4.790220485693519,-3.0196139149995145,2.4102458524781034,1.2284311453261059,-2.107233716959512,-0.7273980340273004,52.339021761473944,45.711033020017915,59.553759212438486,64.4909565969744,49.169676364672945,43.47003858864418,24.55974403922799,24.94404934393555,17.53998000487906,11.743966556410143,11.71544068795479,8.217000361153124,11.035887285111613,6.792543944839751,7.10585134867586,7.596672934904464,5.677104758690168,5.762529085393323,5.130890524643598,6.138720857072453,6577.0,584.0,801.0,977.0,1078.0,1070.0,902.0,332.0,271.0,892.0,1072.0,641.75,5663.232421875
RBB13_25,RBB_n3_1.WAV,-373.07113581010384,18.90271896224616,-207.83429195847538,-27.256314157125964,42.157845646607605,0.049519376414726916,-4.10909637206017,11.342554644245007,-6.735350020071837,-10.193350591686045,2.6983729649601513,2.6002090807611156,-3.1699164381317604,7.623809233145461,5.403986111481166,-5.157551089537348,0.8556051250200648,-0.3782224938134033,-7.514966051324399,0.018385846678431742,51.95002270916877,59.18185790687494,60.3557649856066,68.40522546958243,48.7201855973098,44.520468627757076,26.739214686810627,24.0105426396035,18.72441141456179,10.188747875201791,17.472517206958123,7.772709774565192,12.213273805573989,10.01634593813799,5.289384324613366,7.175447261154852,4.935119687888803,4.550382265668759,3.9076879269641482,5.467570530117437,6792.0,597.0,789.0,1027.0,1063.0,1067.0,908.6,347.0,317.0,1024.0,1065.0,688.25,5727.83203125
RBB13_26,RBB_n3_1.WAV,-363.6348253321504,28.812013838237093,-207.17124993457298,-32.99914337270032,45.592919605821564,-7.678886917629812,-4.793938012262022,10.115285059113592,-0.4315085784545547,-9.808732676307496,2.349053671112502,5.390495357193105,-3.3386554381589395,4.823923903868354,5.5802503345335905,-3.6162383538643392,2.2530762530206623,-2.930000175069756,-0.9441243538540484,-3.1447638143398486,44.51237316062581,54.12922030536996,60.42685934997468,66.18547364614082,46.588241694844015,44.868588052728,26.104898872662446,22.30090614776135,24.397720833571622,16.887342390874394,11.968254896620492,12.008950600208664,13.913647551761304,5.413884909929617,8.067909434035593,5.2964098227829455,7.061112874883867,5.981799493597834,5.249134282686172,5.282788602612102,6546.0,609.0,775.0,988.0,1045.0,1082.0,899.8,334.0,275.0,965.0,973.0,636.75,5727.83203125
RBB13_28,RBB_n3_1.WAV,-391.8891717458199,53.8093423173373,-198.85173536152595,-43.64719392366341,61.35792616963287,-16.84566181758048,-2.114416642313009,25.269478141046488,-5.404800487960437,-5.314782157121144,10.916504286938883,-0.016525200800328398,-3.320523025695086,2.5627581058933098,5.128730076644606,-6.657410762864276,2.5274813070376627,2.126561672572251,-6.9925773616842894,0.44327047525896845,50.63060902767634,52.608050479354375,62.95320693476543,56.114488033115386,44.64550171785684,46.67016162864316,30.05907478275805,22.661733441238777,16.510405550980675,16.83775211392356,13.311790214464837,13.248081902440736,14.099151393966666,8.557573816558826,5.609186644327041,6.730691862070792,4.850311695454548,4.828154481941135,5.048589968422255,3.4793357157174096,6748.0,590.0,803.0,1020.0,1068.0,1091.0,914.4,342.0,309.0,946.0,1079.0,669.0,5727.83203125
RBB13_29,RBB_n3_1.WAV,-396.50520540621653,37.10023698547813,-216.8976260236458,-41.23657531169058,61.90878658811047,-11.319806805548994,-3.235747845827289,26.468385404311974,-10.807249010795708,-8.795551836996998,8.57249118164045,-6.857487488413236,0.5117009884516769,4.101964965406771,1.1026319450031135,-2.4946856322003392,-0.529338881425411,-1.9980539577143654,-1.461763401003608,-3.6349478648204565,48.96988414316431,48.63977033485833,57.30458260225488,61.38130036146632,42.2094433459614,43.78715641749627,30.423538772331213,22.570280037854836,25.958271177309065,13.167913277500718,12.661620936129411,14.759698325654115,15.117027419160419,7.640074865702781,7.967596637389474,8.78076632994318,4.673765741870635,5.724303991327103,5.127820200395353,5.163142535301584,6556.0,587.0,773.0,1009.0,1069.0,1087.0,905.0,358.0,293.0,890.0,990.0,632.75,5727.83203125
RBB13_30,RBB_n3_1.WAV,-364.04966838958427,20.39602172011629,-203.26662329469434,-23.846421945228663,43.57918101433699,4.0159683740463015,0.3732073698630936,5.7604962982228445,8.950014003398014,-12.50032740208236,4.554887417567346,8.350638796579418,-6.246530939935801,0.6644585879803908,3.882584900777796,-7.117327040078108,1.4120233582733663,-1.5108833603078842,-1.3340242433022318,-2.4255458552346143,46.85643834453184,51.793243403020796,64.21088347858269,63.6666647532029,47.57021015091686,41.50790980302306,35.13816319831714,17.71896485751906,15.79893974736009,11.995585927987728,7.021055122517887,12.385405155533103,11.666288697479887,9.084271133346032,10.66594689325796,6.8249567566366585,6.513571983007108,7.515768883282845,5.253806156974652,4.938744518839871,6509.0,570.0,796.0,976.0,1061.0,1070.0,894.6,287.0,285.0,937.0,1027.0,634.0,5641.69921875
RBB13_31,RBB_n3_1.WAV,-390.5772500015796,27.81334848620136,-204.34053060238531,-41.69291341543651,59.88351784330855,-6.433740031542855,-7.6911137044731515,27.73699847239789,-4.53567436526951,-9.714523203150934,12.589093009748328,-5.024478591984361,0.27379462038996905,2.7813619112342702,1.4493101937115427,-4.536918155626049,0.3409408262673434,1.8080038037813797,-5.418512304350177,-2.8030004352542415,45.440384138715245,47.52140221735713,62.18442701165694,63.821916003659524,46.89511914852988,44.140243246745776,34.700261357850316,19.860269191039656,15.479076153616527,10.165219895884022,13.335231456341425,14.970409279119417,13.453534424041994,5.269368367930225,8.57516712175298,10.939406165188535,7.090292378897084,4.900516348205921,5.9099392413224185,4.879438766784294,6578.0,545.0,794.0,997.0,1074.0,1091.0,900.2,356.0,278.0,946.0,997.0,644.25,5663.232421875
RBB13_32,RBB_n3_1.WAV,-390.42346544141293,37.564887571657984,-207.75791929012766,-24.455883486024014,61.662473635605245,-12.358337552273424,8.971149491143457,7.966584631151212,-11.19048827365902,-11.458860542242595,2.7366828404728265,-1.5671073087622236,-6.2602996244098374,6.684896685228599,2.342591171175348,-1.3260993494247477,1.914583373769776,2.100446625209577,-3.630539340913408,-0.3726841779610236,48.571914430982254,48.0270614023506,62.46427484464446,66.35844326898344,42.1350798226401,52.343510490856666,36.5882738892209,17.99435076753756,16.814736143619072,9.022361419000642,14.617991213917241,7.5736477305143,9.636976295379647,6.945731399496869,7.913040202778093,7.673298294321555,4.293360990579956,4.394715430323391,4.758842407719783,5.533399308254311,6651.0,554.0,790.0,1017.0,1067.0,1083.0,902.2,372.0,291.0,952.0,1025.0,660.0,5727.83203125
RBB13_33,RBB_n3_1.WAV,-358.4038384603838,18.902966161895616,-204.48562047912117,-34.70435708836705,39.33687960837047,-8.459895777088793,-11.024680769320636,12.954834996513355,-12.623421400589626,-8.162805437874006,6.413604798525609,6.552750106320553,-1.2052704168060542,3.8367238098346856,3.7947190133952136,-7.532122122257169,4.869925395868522,2.058668685120646,-4.226378002382331,2.0632520639110234,59.42887601620657,51.98154015891776,61.60419043086245,61.42542572037921,51.99834996905813,43.52674558937369,25.093940583272573,22.936547040700145,21.64455764071184,14.263210027976138,14.36472688774133,8.26749017395519,10.897921486348528,6.362568832914021,8.347618041866621,7.222420010625394,5.696133520295338,6.220835004952558,4.3435283850619975,5.063284858110201,6379.0,623.0,796.0,986.0,1046.0,1063.0,902.8,295.0,288.0,830.0,959.0,593.0,5641.69921875
RBB13_35,RBB_n3_1.WAV,-380.0047065153429,26.640149363935105,-208.84874591183174,-33.21347644885691,50.770879553776815,-2.2109136080638914,-4.760760483122699,17.953893486641746,-10.894656703750403,-3.5674262805285255,6.39659455228845,6.626061785031286,-5.995014926969571,8.936025187785225,1.7664531721139183,-3.9493435394436776,4.987354355906887,-0.51561091151877,-0.37508341466699835,-4.158605186173832,52.01838364572189,51.45206811729671,61.72297997491445,63.06982773462686,47.428289173291034,44.89268821348076,34.11954265107752,20.041822874790444,20.299013656632578,14.86625900426239,12.458565072282621,9.850616629978605,11.328625482094628,8.780756018018376,7.475222101742017,8.63976458312339,5.2752934806461145,6.632528194415524,6.559579731013103,4.629009620080706,6491.0,571.0,777.0,976.0,1033.0,1096.0,890.6,313.0,282.0,953.0,991.0,634.75,5641.69921875
RBB13_36,RBB_n3_1.WAV,-396.6440614584936,24.48792173316741,-210.22995670103455,-41.480685114399186,64.71052425406424,-18.053649704226977,16.018627063185416,14.81521611790111,-8.121658218783853,-8.46219946559912,3.401861346942415,-0.9377777563698391,-5.451678565408966,5.903516230368199,3.344232230347012,-3.4336156364081645,-2.906631448060545,4.771898878888169,-9.50533425447106,2.065287718724817,49.09181541232746,51.164586927915934,62.37038926835008,58.97230299526301,43.44179393535381,51.26342702954187,38.55303820870539,24.465988723659304,16.82589953099005,12.257921830878521,16.64269702093563,9.342148225391018,8.96066885855547,8.191565111331588,4.85966114203698,8.150770763217361,4.957511400304533,4.692774373150872,4.286338233647449,6.161120587033066,6671.0,577.0,799.0,1031.0,1068.0,1086.0,912.2,347.0,311.0,924.0,1028.0,652.5,5706.298828125
RBB13_38,RBB_n3_1.WAV,-363.6987694584206,36.92568495737706,-203.77116563182128,-36.04484716249315,41.25510712437243,-7.251709876240963,-8.71109814232355,15.844798676067969,-10.255399593752085,-0.9524241565905937,0.3067551568256236,5.693290288159864,-2.299072870717218,0.7821669001457984,4.120659173244272,-4.443580280440766,-2.742030232124907,0.509349251739064,-1.7121506500610617,-2.671145357886703,46.198317172661454,54.54622410408767,63.08153413601172,63.67357312039668,47.43658320591522,42.87505164024704,34.747271379214574,18.59720318982161,36.27446812311885,13.452571975144389,13.889060987820992,12.280754142701099,13.61304158634315,9.185303432060715,9.216923036891215,5.387500136483199,6.856454384034665,4.71892421190351,6.303591489769715,6.159258135629542,6664.0,648.0,792.0,995.0,1078.0,1056.0,913.8,301.0,305.0,950.0,1039.0,648.75,5620.166015625
RBB13_40,RBB_n3_1.WAV,-364.31855620069985,5.391294194647096,-207.04831084855653,-33.39507854155623,39.14391134006738,-4.536735690090362,-3.7544768708334377,16.801453151422265,-5.635010292772655,0.5679215225562186,11.721738072408428,-1.1069688016562784,5.0855255621186215,-0.9816087634935564,4.977162594929064,-3.967968487299465,-0.976530226237806,-2.2083184210728115,-2.5290957812310397,-2.188659095089018,50.56429896525929,52.84683248633231,60.02328505837457,62.51767028765502,45.25413200935625,43.50436617492261,24.625599401753064,19.594217599189363,27.755131927637137,13.09825032087619,14.41104569351788,12.480498458714584,12.25605393050323,7.700608562219854,6.255134101209974,6.769940474755833,5.670678673616919,5.785098824082979,4.704095821463156,4.321504041525875,6583.0,548.0,770.0,1006.0,1062.0,1085.0,894.2,357.0,299.0,955.0,1005.0,654.0,5727.83203125
RBB13_41,RBB_n3_1.WAV,-362.7198526746718,19.053479438193165,-200.40190676809843,-22.467553611664037,41.33964778277161,-2.322536775954066,2.267188783914157,15.160848417842752,-9.568229581918093,-6.557001818424006,0.49335569543760904,5.6958900700778825,-7.633582183331876,6.343654067346095,-0.47149937953926213,-3.0220901310338872,0.9992276767437662,4.615613885097853,-1.6373912702652769,-0.13403471565016897,57.448457398974774,50.48051078389181,70.59454928850631,60.34437389550191,46.43433870157171,42.04641618413535,27.731146944290938,23.42863704685842,20.166567879797856,11.841544951314354,14.528644401592464,9.400533152714958,8.48841121522437,6.625013425119455,6.619844692849597,8.284856209852212,5.2403369804508895,4.775217520546242,5.604722550591071,5.458771207490452,6674.0,589.0,792.0,1018.0,1054.0,1086.0,907.8,341.0,281.0,974.0,1039.0,658.75,5749.365234375
RBB13_42,RBB_n3_1.WAV,-395.7257999734201,23.74254964442469,-217.0920885553519,-36.74612061855045,64.44796333185127,-14.236392732472089,11.512455522863446,18.089380234552074,-8.859311529927398,-4.307276969386608,3.915844911247024,-1.0056223137610074,-6.8349370335292985,2.0086429794985525,3.4670764268827963,-8.422941265348232,2.924670529442923,0.27114931514866986,-5.27686902447066,-0.4811865572902399,49.357244769183275,51.48693797662699,59.78237151483952,62.27505361261074,44.03004471260465,42.82387431923437,40.48904987658094,24.926353207027567,18.175316296147866,15.553644915900456,17.980010566939544,8.8336454563922,8.882108183926968,7.729956768013938,6.804397699651667,6.98419768449467,6.291650168583679,5.850591263822128,3.7303065352551648,4.160895656687724,6632.0,614.0,795.0,992.0,1073.0,1079.0,910.6,310.0,323.0,931.0,1015.0,644.75,5706.298828125
RBB13_43,RBB_n3_1.WAV,-387.1424867389985,24.518120798038126,-213.22358813839622,-30.918111055069897,50.24674031037841,-9.288240621811935,5.424269168211388,11.874059175135368,-4.926294352104575,-9.626622485627705,5.7867354422694435,-4.813430820190661,-5.097154174004458,5.685073237711383,0.6571186376316546,-2.2319669688091395,-1.243227262763503,2.4773101787655074,-4.415986030920096,-0.23677682944677728,52.26301012070311,54.29161224483657,62.73403181610045,65.03726171560359,50.9162619886008,45.2543704450031,32.85076174935039,22.671307040543844,13.464377234620882,12.197131920678814,17.424120904193448,10.865615048952169,9.124669486412333,9.388378127237129,7.976608558220324,9.426053570010286,6.091876105739495,4.014826663110353,4.1471746352646015,5.124743360710247,6686.0,580.0,812.0,1000.0,1069.0,1086.0,909.4,342.0,304.0,953.0,1040.0,659.75,5663.232421875
RBB13_44,RBB_n3_1.WAV,-382.0213847370095,25.191071365664342,-210.74926380421402,-32.56105887823181,42.756464776013495,-1.7721548448572522,-0.881762833191407,18.152520065394107,-8.875413834972194,-10.533716818121823,6.47153816121456,-0.9570681356700966,-0.31062232185429123,3.253746099194527,-1.1811796238270493,-3.2223970395098473,0.3369133646643598,2.3802223832660725,-5.0559517847876005,-0.03225221354963808,46.78099875534684,50.645566629246915,60.881179869604715,69.01356312886372,45.880346192022834,41.75958349372075,30.326278408213266,20.757024623890022,19.385165671925716,10.348350909531618,16.033630845442296,12.88262698514157,13.538186783904203,8.9791107174309,6.2169531475076765,8.765222761958617,5.759371069270549,4.099907597236348,5.706935348171424,7.834756575243371,6644.0,546.0,793.0,989.0,1068.0,1078.0,894.8,362.0,281.0,961.0,1066.0,667.5,5749.365234375
RBB13_45,RBB_n3_1.WAV,-368.1112710027945,33.634256281047726,-205.65733766741474,-38.51212467561054,43.60132897158599,-13.722317511702746,-6.483133681838508,12.678439328447984,-5.2443433692847705,-2.5286495220494185,6.831286108240246,3.238006003471133,-1.4217022333954885,1.8115299800924392,6.526516751083393,-3.6704587799723125,-0.06827948618455361,3.23371832643235,-6.14351971910605,1.007849722192849,49.714329605639705,51.69208173232842,61.157539482703086,62.22184054562487,48.20874613915593,46.78279423994029,33.5584095406153,20.912985474749025,21.495073048110807,13.129923827929138,15.249796457331888,10.219075722830329,14.068644017495812,6.622429174630292,6.934680568828228,4.688678168253437,5.505511247921982,3.6919838315700475,6.623930165910857,5.794972979642401,6534.0,583.0,791.0,994.0,1060.0,1084.0,902.4,334.0,280.0,936.0,973.0,630.75,5727.83203125
RBB13_46,RBB_n3_1.WAV,-359.7877679884783,26.89984043380645,-201.87397156477635,-32.59364090378624,34.44988716506126,-4.141560516592794,-9.92890643345446,12.357654529340795,-2.4271992882410793,-6.596075354351379,7.132144336456069,3.085584059274574,-5.476377657976666,2.4326582832284656,1.678649016672491,-6.855138630940391,2.0462579119930613,-0.2798951207492303,-1.5235681755334542,-2.3292177101163647,54.78706019649719,51.167541406954875,66.23751873735004,66.03667525234772,50.171926037633284,38.94642228203678,22.910063014205324,21.597433114562946,21.826043447864965,10.427857456606672,11.289991213482265,9.489760597219846,12.700062565262538,6.723771852789058,7.315929406326441,7.681410210081445,7.006604232280605,6.695099149570194,5.490905311978695,4.170962940926257,6635.0,620.0,802.0,999.0,1055.0,1078.0,910.8,323.0,288.0,938.0,1037.0,646.5,5620.166015625
RBB13_48,RBB_n3_1.WAV,-364.273492127709,24.88088315784573,-198.61903755651514,-36.81654800546693,42.25671392576679,8.754960630425886,-5.348582815098659,12.385490725452836,-1.7603345856606203,-4.641522757311417,-2.687484917435044,5.220403039852629,-4.471278447387257,-4.957291736102138,4.09385306702465,-3.6983800906818676,0.13425078355282985,2.704474822542338,-3.84416021593735,-4.3937476928574,53.37863538574926,54.184824969741356,63.60600979605847,65.45077057517503,45.19725494022297,41.52611552745947,39.34993583898116,18.372594714698778,19.282192227295095,15.933407236673276,10.661562623416481,13.016135549362707,7.754675254405358,7.652548546413104,8.914065198372674,4.718407904991276,5.599665199658189,6.029539866441949,5.925628582552737,6.708039339854492,6469.0,555.0,772.0,965.0,1049.0,1087.0,885.6,295.0,294.0,908.0,1044.0,635.25,5620.166015625
RBB13_50,RBB_n3_1.WAV,-379.39480617840854,17.567190080615838,-219.82116472622099,-39.154953506106835,50.68051460489061,-9.252649856133882,6.692372817421654,11.04496977349235,-3.549705030147004,-2.6799624387185,8.167139092978825,-0.1272529916671725,-0.8035940148845649,2.253357771028425,2.6688097215500903,-7.429370949878293,1.9449938849940358,-2.7116626707999147,-2.0940958172268185,0.46168166904596863,49.84693485522222,47.423280903476005,57.18159640199794,68.81043149633997,47.41337979212038,42.39936933779045,26.37777799239609,25.215071622457728,20.948577444472328,11.590384811127295,11.75433122084297,9.49159365565894,13.248095681150422,6.783290092721179,6.335240659841113,6.014684624739695,6.5632332417313455,6.22976350265596,4.505545715341468,5.966611446958667,6803.0,692.0,821.0,1023.0,1072.0,1062.0,934.0,316.0,337.0,958.0,1022.0,658.25,5598.6328125
RBB13_52,RBB_n3_1.WAV,-379.0402117302255,2.1018772054338166,-204.0585291911187,-37.756784527307985,60.43011962294056,-10.078111086291646,8.588476345502162,0.44770993107886065,-1.8814389104149394,2.8798608646924144,-2.2219706417105884,13.189737721303349,-6.68473537866409,4.297227791189635,-0.3128919575462774,-5.797095951163792,2.6988820699234606,-1.6750969048920523,-1.1228332384579853,-2.1087790493784904,51.68622657869361,43.07958768403773,58.2356899579722,63.40320156114766,44.03218114486707,46.4413387487737,25.515381059893418,16.61392193181559,27.53181703895072,12.945365195130986,13.790514239286864,12.050967546751442,9.693031854106236,8.41850475171512,5.6085824001805396,8.18239511039027,6.6525266441613455,4.5821181576834595,5.31351790973964,4.347781537520795,6549.0,547.0,747.0,998.0,1061.0,1093.0,889.2,319.0,312.0,903.0,1073.0,651.75,5641.69921875
RBB13_53,RBB_n3_1.WAV,-380.7162711224696,9.286048585494203,-208.17148074940388,-36.33583714390807,61.983344979882126,5.985368237086201,3.3113534149043735,15.156315308454365,-6.230399702457763,-9.160425338249627,2.2720055306960316,4.021619867041552,-6.495635265771591,6.118148760911184,3.264831547859724,-4.917443490529985,4.406265620977829,0.6155089268787273,-2.634426670652752,-1.2266971631424572,46.04347229614744,53.33422714434736,62.352814863936075,61.67386911317703,42.190009990802636,40.70650346321662,31.1367697291268,23.607608626738102,17.45264637112245,11.778402100930332,14.919030044382863,8.55268405632487,10.914050149999186,8.265873361856201,5.548549760829117,8.473392654068022,3.9812410228722657,7.794869654152185,4.508064030614277,3.1503167617700445,6611.0,549.0,775.0,995.0,1065.0,1071.0,891.0,314.0,284.0,967.0,1091.0,664.0,5663.232421875
RBB13_54,RBB_n3_1.WAV,-384.1124023962596,25.610050872113597,-208.46833191194528,-26.718519462327073,56.116037509280396,-3.839341503372703,5.197698661335792,10.274246324699737,-4.959438026337892,-9.52376913298348,8.155495700206338,0.16334162999133023,1.0788394462443087,3.712275510266679,4.643027236811572,-6.80602866920832,0.6240317575140703,-0.4601678759243245,-4.412260325649978,2.0028954380366994,54.424540977459685,49.30812242605462,63.723004132031036,68.60051320241621,42.70159784671324,46.869650371172995,26.78483614044748,25.124607926453912,14.129843770588867,11.2791716480065,13.410602478336411,10.261685587112119,10.92834725373995,6.7478209748012485,9.03626075624471,5.139289472517675,6.933028287940355,5.590598389843651,4.575279770763357,4.468263325371125,6744.0,591.0,807.0,1006.0,1053.0,1068.0,905.0,337.0,290.0,1014.0,1078.0,679.75,5727.83203125
RBB13_55,RBB_n3_1.WAV,-372.58400644235076,8.362962050354563,-219.79124224968047,-24.16912408522829,43.86646302487417,7.025332366963593,0.0375764923523516,11.6118669531456,-0.06667377956543162,-9.759707606156654,7.35749399638997,0.3025553362702897,-2.8292529953111707,2.5191170970586265,2.5052126181043413,-1.1680483690707448,2.2603259943103153,1.3864498437097539,-1.5295823134984423,-5.128447857091783,45.13520561778734,57.45750393706377,58.99309987429443,71.5714332138809,45.00545408721329,41.10454917428828,26.39108570764246,18.77950636481445,19.56434694257755,10.944217174166996,12.354916401816045,14.418306602729231,11.25548802273355,7.3091178041290314,6.6091860328779415,8.675855622629019,5.991041229256995,5.255581637790649,5.2331298495679,4.294112996252164,6447.0,593.0,785.0,980.0,1068.0,1085.0,902.2,298.0,281.0,926.0,931.0,609.0,5641.69921875
RBB13_56,RBB_n3_1.WAV,-381.65788049017027,16.201187444096746,-211.2115349624732,-36.15245752313863,60.064313823157484,-10.541915273962633,-3.700986053854402,11.734757024152398,-7.612612330136857,-11.957648517495011,7.716266468621808,-0.4775590151542225,0.15685396575918636,5.098128906771378,3.1445032925864527,-1.2633559390153637,-2.5424276795039313,3.9571162958473485,-2.9995629155037715,-3.129943117136512,53.042927630206826,55.51626322789298,61.24660230081731,63.558410072779786,47.40739564782773,41.30702054383957,33.65113111792762,22.96408729684784,16.120566280193856,10.146891734866596,12.480285846135192,14.638357633278934,13.74286976356501,6.181576498344124,6.123441648058829,8.167882750161432,6.059269045330236,5.5725625405780335,4.749141957453199,3.9784388059217903,6619.0,630.0,803.0,972.0,1052.0,1078.0,907.0,303.0,296.0,966.0,1022.0,646.75,5684.765625
RBB13_57,RBB_n3_1.WAV,-384.89112621336045,11.09517210209013,-210.58132883381697,-29.89756708557329,56.21351660873167,0.7196913291379685,2.4184696411627167,18.13642952652184,1.9666973371469751,-7.804934371478034,1.9830860776897345,7.0953718413504125,-10.570428418501034,3.7172014354858502,5.005811217465157,-9.078467160282113,2.255303393812062,2.018154083022702,-6.427363628741413,0.6869942915289764,44.94337884223369,56.18522745509245,58.42933790066796,62.89341968286031,42.057279294978315,41.79929091512517,33.659360914190444,23.447960681419335,17.24682995110992,12.121717273972832,17.937696778694367,8.372655578930203,8.892676134378691,9.475950183278592,6.346277299743761,8.918957680557138,6.368127256340728,9.350019215225615,5.875839413490901,4.582990342308525,6537.0,458.0,793.0,973.0,1060.0,1047.0,866.2,340.0,300.0,922.0,1144.0,676.5,5663.232421875
RBB13_59,RBB_n3_1.WAV,-392.7014528779797,37.556562478732125,-209.52765133235346,-43.79883155544808,63.972211247568644,-10.466063228586032,9.586810654137093,23.291509233758834,-9.086366954331066,-8.417576652001275,2.9122836626164936,-0.18282557251194315,-2.6593650870154453,2.6033458259386766,2.659545247069765,-3.6886017934136586,0.6799401819691059,1.8791932115340173,-3.2052516106900364,0.1706910388771029,53.11645960255632,42.11000746666517,58.6314565521873,57.907214694977014,46.33870655503042,43.007059847114256,40.633829441799286,23.580743710891248,24.387734356839353,13.878247393616155,15.60334013332311,10.339595933098689,10.492953531125275,5.7906783032305205,6.044398113021467,8.05427430629714,6.192029122199484,6.86559549655456,6.390985197502368,4.4842181291766465,6661.0,578.0,787.0,1006.0,1080.0,1070.0,904.2,329.0,283.0,942.0,1094.0,662.0,5641.69921875
RBB13_60,RBB_n3_1.WAV,-386.9625206274737,12.996981757767417,-210.96545141553136,-24.394264573591993,44.75049458371966,3.552010814946688,4.013497599631032,12.688721871657473,-2.1527176692019308,-12.357248685525299,4.73833642365528,2.836894750203558,-6.663781228180601,4.356190615655647,4.383627888117635,-6.415602035738176,0.6813602851969593,4.1855662291253575,-6.701051146126302,2.4070746291324214,46.540811991435135,53.12635337560359,61.34827469750541,67.41692969068365,49.8686245428385,39.92506635674769,29.971207415520173,25.359421293299395,17.44809015877177,11.075337606174724,13.547049638044934,8.49366082925669,12.317930959020309,5.949648267247774,6.643960329539606,9.30080143292744,5.321453563865059,5.357098234931672,3.895124444639252,5.172108420490488,6651.0,525.0,800.0,1004.0,1046.0,1084.0,891.8,351.0,282.0,992.0,1071.0,674.0,5706.298828125
RBB13_61,RBB_n3_1.WAV,-380.8208912541445,10.78486253573437,-214.33367419141524,-28.95836791715046,53.65437256922152,-5.363357329159111,-3.111316755188244,23.708419285658774,-15.916674913999358,-2.698743316120614,3.6152341585025285,1.741860414052844,-6.117536047372972,11.327958730399413,-1.7761103013968644,-4.915721540915086,6.174394831895876,1.355580366857183,-1.633267476864824,-1.1546555673168437,49.275883578609886,61.33669209531262,58.481952510057724,62.846627265497304,45.97979189374466,46.41029374293459,24.472495020366132,19.870427345950954,16.99297334403519,9.90112241304854,16.95718552469239,7.808711991277123,8.623932190502119,7.674628168431264,5.430615492995819,6.37617691444444,4.9185876455117175,4.8298134845813925,5.063465910788915,4.303175577835863,6610.0,558.0,813.0,994.0,1080.0,1075.0,904.0,345.0,335.0,857.0,1053.0,647.5,6007.763671875
RBB13_62,RBB_n3_1.WAV,-384.2435615959238,31.9287148588527,-209.48843295419712,-39.87232959455536,63.513667228526714,-7.442376878481584,0.0256651583182646,21.424584770736878,-18.841471774627355,-1.2288730288928271,1.2565913711507122,-3.4523688716344827,1.823736037321592,-2.4191748932154944,3.150819959678575,-2.5040553267740635,0.3917946361672553,0.4755643937029714,-1.5957895362717147,-5.662074513196187,55.1682268976241,51.80705648602162,57.602855638266185,60.340736091527994,42.8126936045419,42.730388562117305,40.38845294424901,24.240023768775362,23.558644709356305,12.086891501993994,11.216914692388997,11.272055233422558,15.327873071945161,4.37367932236842,5.36660748917658,5.18566238439442,4.169745545721314,4.638210506501049,3.4446722260839446,5.065469977614394,6405.0,572.0,785.0,991.0,1069.0,1100.0,903.4,295.0,295.0,823.0,975.0,597.0,5663.232421875
RBB13_63,RBB_n3_1.WAV,-342.5876317430504,8.355686196777471,-207.67149041345368,-17.387135741967604,24.459430210606634,11.618550614615843,-2.4807097294177303,-0.3141692210177122,6.259129091983684,-8.649352746861858,3.995913258533471,-5.041230503346909,2.136751352062889,-5.881520158572927,4.394159495213561,4.256248882171355,-4.16990756377914,3.1089938248851623,-2.084366526457901,-2.0555033425888127,57.32832444786633,49.05932113334143,56.632317145788626,64.38194533217279,45.533689096052036,38.312399280115244,26.79811006019355,17.702451378414107,18.879599905306545,8.593209559054554,10.179914272717102,11.82581952159848,5.201556416373327,10.430261669199366,7.805390284130338,4.286624962162594,6.110535092051059,4.489386000724155,9.03643990059786,6.140283190311804,6439.0,558.0,776.0,918.0,1060.0,1092.0,880.8,386.0,284.0,934.0,935.0,634.75,5641.69921875
RBB13_64,RBB_n3_1.WAV,-373.461851513506,14.299276493580873,-217.13722985666786,-29.751166465938795,41.71094434116161,-5.72951479527972,1.6994903298112576,16.588815192235707,-6.219835091289021,-0.9662739375281528,2.883202034977531,7.693185512591631,-6.1655951550272174,3.1210790362263943,3.0753846898532498,-3.015214606533893,-1.5280524645168123,3.9249875496473456,-4.469138287896181,-3.1532772120092516,43.29779553299995,55.943329262174245,56.8001620880667,67.3302683861867,46.43163834382385,42.176095102784736,32.989364167516975,19.795604686534958,19.855940905268437,16.29315098170958,13.824038121456576,11.272011593399123,9.195330968093295,5.538894211923737,8.62738770806143,8.817496358915214,6.106054968861748,4.613687842111801,4.703710255029169,4.701998171261916,6538.0,545.0,795.0,1006.0,1067.0,1082.0,899.0,331.0,278.0,932.0,1006.0,636.75,5749.365234375
RBB13_65,RBB_n3_1.WAV,-385.53993654903246,36.96083206924227,-212.29638361998508,-41.552453629385596,60.96214706920277,-11.228370994502386,-1.2180955401744675,12.340303864758814,-6.8614211258384845,-12.327729045263405,6.418533110124702,3.85229534450994,-10.761104191091322,9.331436769179703,1.5177008770767064,-4.366793969184509,4.741004625204249,3.2368412686860855,-6.936647488913206,2.508079400739555,45.89756557724472,60.716522332198,56.02974391848563,61.723982782009635,42.39635400518119,40.99393276139431,37.75476694105957,25.107047304423563,15.210595961015128,12.121096095209463,14.569664683571585,12.6397880319386,9.182814816042837,7.4082712665733395,4.640482867370546,6.7204197578483775,5.558671437088431,6.331735342893648,3.9024953844396877,4.2412567861014505,6691.0,620.0,813.0,996.0,1066.0,1100.0,919.0,310.0,350.0,871.0,1070.0,650.25,5641.69921875
RBB13_66,RBB_n3_1.WAV,-399.52483372995675,43.03658090599507,-216.25429167034162,-55.57621952227452,65.2575285791152,-9.495515921548098,-3.7511405133166167,22.407042884936338,-0.9404467199840221,-9.633719220209024,5.970272294814792,1.3147584812263198,-11.671939229335354,3.6971086217344964,4.6866702278070544,-4.893691059910799,0.784324023754938,6.592685236821079,-6.777340493043406,-0.005521843317378407,45.143372813832656,46.32120441279457,58.29045252777605,61.4154153005564,44.75144895928022,42.380866952182394,37.21961926320427,22.436658631702954,20.304553008805602,13.552358986839305,16.025858744395496,12.818104412360357,9.335119055396527,5.719045188520716,5.774148438063115,6.5684410551619274,5.371327503841171,5.694324834403463,3.624716317131942,4.171185417438801,6486.0,576.0,795.0,971.0,1069.0,1094.0,901.0,343.0,289.0,873.0,980.0,621.25,5663.232421875
RBB13_67,RBB_n3_1.WAV,-377.28808330722586,23.94429374584509,-206.2467876261673,-39.70809215798646,50.162660843477276,2.790014102713603,-7.721629421242759,16.414854761289153,1.7794019618056327,-13.450055948948599,10.980930722324537,-2.584757488156109,-2.4088353543857517,-1.027106704622576,3.3764659674505717,-0.9711375756031216,-1.8070455242354344,4.413537012086564,-4.89171083196877,-1.9271984769925432,45.297239708924835,58.47377993779111,59.778127355602386,65.38737299145878,43.952357929529335,42.09227454380878,33.57566222402671,18.160879578576967,22.75006169705789,12.288272096611403,11.875210118588832,18.48347389700039,13.87644581904416,6.884379435268706,7.165565767787981,6.079863245422499,4.887616352792003,6.652300686162115,7.316451770385642,5.713236830019446,6716.0,617.0,806.0,1005.0,1070.0,1091.0,917.8,283.0,305.0,955.0,1088.0,657.75,5641.69921875
RBB13_68,RBB_n3_1.WAV,-377.27974302602246,26.193218763549247,-211.0317268985427,-39.73770855059965,49.133571714514034,-5.915859830817956,0.5414683443709999,21.152805567795486,-4.352777434726872,-5.703462381090937,2.22853708284202,6.233537488314986,-6.2835360258380435,3.2346910778680007,-0.4425060351963723,-3.139874126588204,-0.07088138262254107,2.701311341050295,-3.2652287615250266,-3.527153039857395,41.64371406305076,53.81635943526183,59.94984889962359,63.08283678211522,46.90480515902219,41.987892581461416,28.479672387197123,18.437037481317745,25.58842041072601,16.36569963304536,15.13063773000191,10.791799214556676,11.732004850814493,8.76754550951152,8.731056554991,7.282175829456548,5.673343516388387,3.316643160096201,4.977920366034687,4.50741542203049,6603.0,597.0,813.0,1011.0,1078.0,1095.0,918.8,289.0,282.0,918.0,1024.0,628.25,5684.765625
RBB13_69,RBB_n3_1.WAV,-383.7049118965081,28.169009792779683,-206.2786262470409,-38.623506733635374,54.610157697607924,-1.2454134718681444,7.230052184061692,22.59068528992805,-10.616929047166026,-0.8610725208059483,-1.5664781285876748,5.881801315492354,-7.037812157188261,3.597604404079829,4.137516007767483,-5.539856422974564,2.9607071815864425,1.1675867524727355,-4.578518359110711,0.26449663169256377,43.86978302697493,50.06659045047674,62.139984994197086,61.46086332588187,45.10903036303908,46.154692760211255,35.7431820086255,21.59424014325607,22.838779426015268,16.753172698072063,17.10710608358508,7.08906089044056,8.35851101947931,5.697513501233639,10.242709615932531,8.172994737344132,8.975997475642718,6.92865907291674,5.004897686212212,4.91733462841045,6679.0,535.0,824.0,1010.0,1073.0,1076.0,903.6,313.0,300.0,948.0,1100.0,665.25,5684.765625
RBB13_71,RBB_n3_1.WAV,-353.6037667288811,1.6527832026085547,-194.02360748083893,-40.313952325029774,39.1450639678887,8.171581156575535,-4.137648276779676,5.323659143662351,8.078550616861104,-17.274471288465026,5.419527120130306,5.97888875474545,-6.24495510887425,5.634082447514989,2.7554051804932023,-2.6309847933146133,0.07956539494577647,2.125582608089167,-0.5183327898302013,-4.5827475402657205,58.261459711126875,50.54773777834983,58.19783480915283,67.89938073258324,43.081542641293275,40.72734249887593,35.086785722532454,13.088592522969023,23.449363110375437,9.399020090747248,13.767957236688577,14.613857116791175,8.236455281715942,8.315240919129266,5.476562695058427,5.0458761582271485,9.101902700314252,7.507067240258905,4.077847950226067,6.5578961522962045,6588.0,559.0,785.0,996.0,1034.0,1091.0,893.0,354.0,305.0,964.0,1001.0,656.0,5663.232421875
RBB13_72,RBB_n3_1.WAV,-362.2457871297203,35.18561763594664,-195.2573411668213,-32.21217416426728,35.78464013804301,-18.54730178946384,-7.2376738738651225,8.853090811370349,-8.352464729489204,-5.463311213387119,8.432160151931253,5.146923982020525,-7.424834717462085,6.40085309939772,-1.434623755302752,-8.131463266083129,7.254219751009066,-1.9483243213265806,-3.151987051015485,1.3400433227915367,50.70633597950266,49.92279183038857,69.12429905761678,64.0624406898998,48.45059255451443,44.53579767260067,24.35973780515276,29.248674713150685,18.76473033731257,13.420736641889441,15.02023952954426,9.155728740522191,8.180632852898876,9.68682976798103,6.708550535132162,5.985727030275811,5.4885921114473515,4.693117314392928,4.7421840740759595,5.053403322347461,6773.0,573.0,826.0,1002.0,1068.0,1064.0,906.6,365.0,307.0,1017.0,1051.0,685.0,5727.83203125
RBB13_73,RBB_n3_1.WAV,-397.16200320082146,39.313454143784924,-213.41397487326887,-40.892956951800414,62.10477190666838,-4.332890875826189,-3.6406380491467636,19.344992556535928,-0.7876329635361743,-8.469036495056642,8.243691095913588,4.306699428667018,-8.126357296350223,5.8996087147642955,5.402848424346888,-8.241772139673971,4.957599839695988,-0.32621910238680474,-5.125894272949534,-1.5475117468079576,45.95350873288173,49.81196162763363,62.32985798973107,66.1959608675818,43.53916949631,43.28168559226084,36.89057790343573,25.9862884474373,13.869634927798439,11.659903485139477,15.121987180616719,9.0163672032896,10.512881110903438,6.950505850751073,5.717900321419635,7.827694231105708,5.101090338721294,5.334243168104556,5.218898728223567,5.477390623784347,6423.0,532.0,784.0,944.0,1060.0,1070.0,878.0,337.0,287.0,844.0,1066.0,633.5,5663.232421875
RBB13_75,RBB_n3_1.WAV,-372.88005161800913,17.291643089167646,-202.8707204334932,-27.981195811573585,50.64715420741516,4.955958987937293,-4.8870399759555445,12.299472550012128,-7.017693450205544,-10.106810674692367,3.038342783331912,1.7339961312268455,-5.744762067665594,3.8117964547913306,6.701254331441718,-3.048469970787396,6.006258031257222,-0.9929159360435884,-3.9489166927076633,-1.9440218611025686,48.88724923528201,62.443767676417096,62.256335105121174,65.79719592434347,45.9817842431665,41.55937743164011,36.40787067128063,19.12255192303002,17.523362281363227,17.2440709370539,12.986080663126764,11.197694885074764,10.38961990306699,5.870192290068467,7.16083828894894,7.704779769370825,3.812212348735311,5.117181087760664,4.603349327896014,4.973755158002178,6532.0,532.0,784.0,1012.0,1052.0,1085.0,893.0,320.0,316.0,905.0,1029.0,642.5,5663.232421875
RBB13_78,RBB_n3_1.WAV,-395.89401674778844,49.08374988466156,-208.23442323004295,-50.212969157919446,61.51019589443167,-25.368114279034565,-9.408571071089144,24.714748763231146,-16.158832350725426,-3.8721850040649457,18.603172304732283,-3.9901629071379583,1.0059712613346266,8.323929476956009,-3.0532541295850355,-1.7894791951686329,1.4933535609926083,0.582651494736524,-5.045147346882429,0.837089768046809,46.820243095517704,44.55734583225513,63.19978292791299,53.64642622207694,46.52133176605523,47.609251758664435,27.52356444857954,20.868095096193358,21.252594580697345,14.407135964658071,11.760264368130835,9.259887734940598,8.995909835577358,7.790850962554097,8.222017170864763,7.481904083156235,5.281794633298098,5.692806859420435,4.040367148545284,5.560821113960883,6586.0,521.0,790.0,1002.0,1062.0,1073.0,889.6,341.0,333.0,917.0,1058.0,662.25,5663.232421875
RBB13_79,RBB_n3_1.WAV,-369.34860826784706,30.914809752360068,-199.76441121348395,-48.745134946354455,52.95848857040331,-12.121638532112497,-2.2717082294873965,15.569851762249568,-3.5130879395396053,-4.723376093861676,1.3557885942099301,2.565870294396117,-2.6769902200310183,1.034574150729749,3.02771374760553,-4.853394503193256,0.8927016360122896,1.820895128429118,-2.670434108038903,-4.525840043902992,49.482539679625475,54.35533343296955,61.80353036518286,63.84811958356495,45.1975596705334,45.82149109406062,29.00538899653864,18.209335686127602,18.830695545774574,12.160507453221392,13.826940655098477,9.343894975128618,8.928556905867174,7.605820814108236,9.95627758672517,10.19411920353805,5.217882500874024,5.02253794216158,6.771847781093134,7.067894428982572,6449.0,555.0,749.0,983.0,1050.0,1086.0,884.6,329.0,301.0,879.0,1017.0,631.5,5641.69921875
RBB13_80,RBB_n3_1.WAV,-369.9368179024842,32.29781648845201,-200.2100747867007,-27.90208460760832,47.87037268543745,2.3427805728439726,-15.705760098372691,12.269049609186784,-11.587889866331757,-20.056822292152887,6.144673281838299,-9.25918588450904,-0.3641899640950207,-0.041758127472928015,6.6833409293626875,-0.9376158666995863,0.12572574138883733,5.817023246945447,-6.641312577945642,1.1146676576249779,57.96810713919231,47.13687993993923,60.06940634850039,64.65287196353668,46.62108950246144,37.448751957783344,45.05682585719519,18.752671726086934,19.0790072646289,13.676229673493339,11.48168901780064,9.999242296509124,10.252821497648196,8.108380980383432,6.237121927180314,5.928548775708672,4.611260024549312,9.480832937005035,3.50565767342224,4.400776094189315,6521.0,528.0,776.0,963.0,1049.0,1088.0,880.8,299.0,293.0,992.0,1033.0,654.25,5620.166015625
RBB13_83,RBB_n3_1.WAV,-333.1586034001782,23.16527209501033,-180.42691618016588,-26.70530679314387,38.246999144174396,-4.222906380516178,-16.178611597069082,3.675698954493418,-5.09629666093367,-16.36350763856009,3.249622278737294,2.4420044562928966,-4.503503344209294,1.531453277381097,2.2986688116077856,-4.283910844461212,-1.6786655544903168,5.335772801184855,-6.760224143762137,1.064562700888479,65.96119400145588,57.63409686749045,60.161773092514096,60.21900309213456,41.71844415509097,40.33891660069787,37.548071037700794,17.617672388238468,16.19645462003767,17.169839372567495,13.33782677655154,14.123139502996523,12.4734143300545,7.485933684342255,6.972271837165684,6.757229659520878,5.196861163815906,5.7117284884670685,5.1134933962793045,4.852727919267757,6623.0,550.0,801.0,1000.0,1040.0,1082.0,894.6,321.0,323.0,956.0,1055.0,663.75,5663.232421875
RBB13_84,RBB_n3_1.WAV,-367.1715881519447,28.430482043779794,-206.80482262629016,-33.34542512986327,54.68209859110842,-16.249421385691793,-0.07391975625386861,8.855304970846168,-11.512709918764928,-0.1482935485720796,-3.9044219610043926,4.805101128355388,-6.105298621107562,1.2716913474171392,6.898187126506532,-3.023611973007454,2.5861886184203846,4.597974048531035,-7.02964276417583,-2.344281328110418,47.049031371989514,62.90092950297627,59.58596515772728,59.90672499190892,44.49970954623583,42.17661914998988,40.57450333217598,20.294617630691423,22.108562379009268,19.89541811110596,13.519820147885213,10.301956697296838,12.855657790548467,6.757153617218536,7.333497621866927,7.333801404753827,5.8327652092418045,6.65538210622865,4.577240716278334,5.775581726621797,6455.0,581.0,772.0,982.0,1072.0,1089.0,899.2,267.0,297.0,886.0,1021.0,617.75,5641.69921875
RBB13_86,RBB_n3_1.WAV,-376.00109661325837,21.29328443458512,-198.259829661365,-35.75773706763531,50.182996974256056,1.6470795991996592,-5.292803479043069,20.89221573628689,-9.683424757311707,-4.676751909083383,3.133569224036519,7.068917319242806,-4.239371104987295,4.49985893258498,0.8998009807125157,-2.5109165822006885,-1.0788921940030913,1.8846660336410135,-3.006359500586954,-3.498387781022879,54.6138481548879,63.57816788966822,64.48168954676669,65.73327582630463,47.041857858862706,44.08832887525128,27.470588678761892,20.42211060647531,26.632034275737166,15.192507995160591,15.734893812043612,7.819103904420442,11.533215097875116,5.299055799756624,7.97992184880715,7.590307685409442,5.30894613868724,7.0056673867946975,4.451695427407416,4.298380206728233,6717.0,590.0,788.0,1016.0,1085.0,1084.0,912.6,308.0,283.0,992.0,1072.0,663.75,5663.232421875
RBB13_87,RBB_n3_1.WAV,-369.5629906373784,16.555359925231745,-195.4721509097732,-31.46340517615259,61.644258012146516,-14.202772244593053,11.638620044473244,14.03746955689047,-17.225464634757326,8.090248425487841,-6.3592861007274255,5.297845733142011,-7.067604161383397,5.083231324928707,0.5294179563689264,-0.01954725515747926,4.30602805365309,0.2768970244223624,-2.4859933009157706,-1.748908199242542,63.6145708684229,52.415003757003774,63.322204517233715,61.50986417728083,41.13603861492971,46.60165947444501,22.49982403498748,19.16586355666596,17.480826518913485,11.397710817098018,13.324912552772865,12.889689546491136,10.919511519654673,11.96094647298553,7.216977258041334,7.913080383064227,6.192874706078094,4.0672900787916495,6.446424593218427,4.3711089304050565,6693.0,596.0,736.0,1021.0,1078.0,1082.0,902.6,429.0,297.0,912.0,1046.0,671.0,5684.765625
RBB13_88,RBB_n3_1.WAV,-394.0650729940558,32.56541625559956,-210.0700778545924,-43.06182647442712,60.080347566836146,-10.307813537177749,-6.353056550433353,21.114143163591418,-2.6919713188911403,-12.29564570769542,3.982654732845605,4.365912495440792,-9.236769965367873,6.520193217525625,1.5777796631483574,-2.4968451090209904,2.728927764653947,4.150406635048398,-5.838502942643123,-1.3103969608050063,52.017429573414084,50.069607111321496,58.548656596995535,62.546541318887996,44.58507819044912,41.14038559720931,35.58171905804482,24.08819168596717,17.00064564398946,12.331840203547612,17.773861329545948,9.708395589467871,9.553606256699451,8.634181503396615,7.802569792163439,7.359631737491894,6.458755375828867,7.006015685538423,6.8627656807361745,5.381090023961962,6608.0,575.0,805.0,979.0,1076.0,1091.0,905.2,298.0,273.0,928.0,1087.0,646.5,5684.765625
RBB13_90,RBB_n3_1.WAV,-368.02756648611023,12.13682316652646,-201.78477749626643,-23.966885973528317,45.101843609344314,-2.2149223748328675,-0.3584161350885457,18.47581921001765,-13.920240605512138,-1.1458452478011139,0.9909497358662823,2.2028845923357383,-2.0546610345696474,4.052522077691004,3.8929254547391343,-9.031746104905697,1.6623607377167604,-0.28852394122873115,-4.929817936590157,0.15063227901510876,51.82185154710585,56.499486583767705,67.70198342417571,66.51676371259984,42.86244261708517,48.259959549045355,22.79450397742747,22.765435693667442,21.631673138641386,17.164350313587068,16.915097454526908,9.130603986397485,10.659549646576242,8.160513168034495,9.304184403583307,8.175968507215792,5.439673787035819,6.597369400201721,4.21798869467469,5.063054341778695,6699.0,574.0,810.0,1013.0,1064.0,1093.0,910.8,356.0,281.0,1004.0,1013.0,663.5,5964.697265625
RBB13_91,RBB_n3_1.WAV,-373.88583499681,24.36935744026388,-223.42849791417217,-26.007231631539472,39.67163983723809,-4.552775142985797,0.8244145827166627,5.227223895749036,2.1765129967785217,-7.625928787170759,4.621767184498141,8.526047293836644,-5.325441834931895,3.1182904651947325,5.775870100475809,-5.595595130576756,1.0627457531909175,1.064865764343011,-5.710875390698048,-1.5321070886659047,47.72256366419473,50.610426349491775,57.307910497154104,70.46255328495911,43.64403734029742,42.59470079260898,36.22685464442131,18.298332174385724,17.719591730658422,13.926564104705314,11.340235853215995,11.648961876569965,13.97535124357102,8.358567147112106,10.191006009932368,7.898014380043043,4.872513613297188,6.996657664927286,4.358160522978872,5.9001723581966745,6518.0,588.0,813.0,964.0,1067.0,1079.0,902.2,301.0,293.0,862.0,1051.0,626.75,5663.232421875
RBB13_92,RBB_n3_1.WAV,-352.08564690297516,20.53789652008326,-190.08470540070437,-28.02425835142754,43.81169067686233,-7.524318386020655,-24.29922610416959,8.59425251731425,-17.87820734152099,-13.545798514821685,6.101926125551438,3.92020940115434,-2.3865510475319014,5.69495270811902,1.9030043226585491,-6.802194215733541,2.2471449354848954,-0.0966155063321906,-2.7681020073174096,-0.1167277649813162,60.37075312143707,60.10829378836806,67.88787529856758,70.16170473260976,47.43254042112013,42.754830090922276,21.057712829474674,24.790972616082993,26.777220972161047,11.585585637256532,15.2886109594263,9.15804512327314,12.918833003842495,6.331711440535263,6.500709668011258,6.477163270723101,6.337779786556398,7.662287149793553,7.2777366498330975,5.434468736754704,6609.0,622.0,822.0,1009.0,1054.0,1060.0,913.4,288.0,271.0,935.0,1053.0,636.75,5684.765625
RBB13_94,RBB_n3_1.WAV,-344.1100101784853,20.481483555428788,-202.22567560920723,-24.796993300470984,27.47208349637481,10.129140639424227,-4.88249396158819,-0.1580895347454818,0.7170221030117627,-8.113453751646231,4.956304311876045,0.8875657662944405,4.453250764827574,0.358114585477279,1.69840189193564,3.02969344366489,-9.59142214116099,3.565033043893931,-1.507476439744979,-2.7081961494529003,61.62896407819868,49.55789081297704,57.82179081867197,69.66884947450842,44.39033515867177,34.60883709475465,30.375566718859073,21.93564183127504,30.468733933623483,10.522457555422042,12.65610967381348,15.207415467285935,12.542911365483565,9.435602918679058,7.125074610567045,6.432549949757507,8.41732764071118,5.8727546146988265,6.080404843218244,7.393670440440622,6645.0,649.0,725.0,972.0,1068.0,1094.0,901.6,315.0,327.0,953.0,1053.0,662.0,5598.6328125
RBB13_95,RBB_n3_1.WAV,-378.1062224370589,20.22950816525898,-208.33842113505304,-31.9437675841969,50.85931401999287,-9.04890479808225,1.1721203652260135,12.208717175630571,-8.137614968563451,-6.210823493489287,4.619462060455127,5.314755280141317,-5.374433985114005,7.502066776747459,1.9528016534377253,-7.954903474216164,2.8884282465153963,-1.5120373320712968,-5.531207453602978,0.3755989659385423,51.33391244462397,63.14028845346916,62.39150019473592,62.50528316863045,45.064846801783915,45.54690309299118,34.464116483149105,22.3281806026892,16.231584267463226,14.907304112628657,22.08905008935481,14.448511236334479,11.17694627060182,8.378869700585934,5.580395686926682,6.832073387000979,5.559108593017619,4.651731214445496,3.7307449084867277,4.447528355578679,6689.0,605.0,791.0,1013.0,1075.0,1079.0,912.6,304.0,289.0,967.0,1070.0,657.5,5641.69921875
RBB13_96,RBB_n3_1.WAV,-366.9573819441029,3.812657629076362,-214.69372844075184,-38.70851635340265,48.2606611489474,7.664279005431232,0.5466007498024914,25.741741455934992,-6.706926663392782,-3.790967550369005,-1.9956972407287101,-1.832012432450971,-3.2486512576886155,-1.6518875361836067,4.765602701417259,-7.465571438367169,1.5823617766855427,1.4549663838474507,-4.1613573538783895,1.1701865417493214,52.54779345879691,48.32597241071556,57.032674728909804,65.3423734426281,43.94568419809569,38.367492442594084,35.00387585587988,23.283845717548633,22.158833701603783,13.72824023942189,16.472408991781148,11.250907203065132,11.35950175012496,8.403473974414885,6.452797272384018,5.730473757262869,7.62221614809929,6.332757427110961,4.95447084301805,5.856812790266762,6622.0,645.0,750.0,1002.0,1073.0,1088.0,911.6,305.0,318.0,919.0,1026.0,642.0,5598.6328125
RBB13_97,RBB_n3_1.WAV,-399.8483944113674,27.271490199682564,-217.294884502348,-44.24028193701772,71.62509999499102,-16.665218290807044,3.947659631635868,28.08768761829696,-14.426380546626417,-7.847264297711085,10.181707265929024,-2.2719052459475755,-6.976170404451591,11.451530405554196,-2.664755738501459,-3.102689654746635,-0.30993277323452656,4.028117572566294,-8.819622484742345,2.938420723281599,48.901852669021785,45.20802216455055,57.24959378152667,56.43337188863607,43.294655559783365,43.90237560255794,35.542015278812215,23.3036234108257,17.78171925136223,11.754599034018453,15.713886166505581,8.278337992338946,8.863486850127,7.9902652979298425,6.317063285969659,9.256998321022078,6.088903125676345,5.0836321735659675,5.268740942377611,5.206324886336977,6546.0,613.0,819.0,1023.0,1071.0,1082.0,921.6,312.0,312.0,836.0,978.0,609.5,5641.69921875
RBB13_99,RBB_n3_1.WAV,-377.42205277734956,19.057139574563966,-212.68692655495852,-42.92725236401839,58.30855226633837,-17.512609660160464,14.468932149416759,15.590815713299259,-3.566068864104078,0.24003767321117006,2.582257883805871,0.004693767732289829,-2.202451233208382,4.761078763566226,-0.24525730850218003,1.4588819212075284,-2.1387225691605334,2.8594238935621505,-0.3301024965511786,-2.539193158751549,56.076365131879946,49.53154840323832,57.361957685726345,56.77083335072892,46.64479397149404,45.950512381532356,30.5832461124682,17.7467534138027,30.151286657267338,12.520743024799572,13.989854352721467,16.378743136505356,11.344925019759359,7.241748784210377,5.358216263284705,7.493279734175374,6.275019396064033,6.212757335955273,6.122729692590317,5.8829764119032735,6713.0,642.0,798.0,1029.0,1075.0,1114.0,931.6,300.0,296.0,919.0,1052.0,641.75,5641.69921875
RBB13_100,RBB_n3_1.WAV,-394.7814696138321,24.68865717541475,-214.4593948129199,-28.202607990831392,56.065849839148385,-5.04782617241876,2.34174752896339,21.72838310769591,-14.710262729209544,-14.049940079853547,6.5398202535454715,-4.673766109095086,-3.3550275201784214,6.432117152636832,0.011657131835658774,-5.3790732617708095,4.671379331038084,2.0077862912754023,-6.114576984383021,3.939856248246421,49.92727266383156,50.92419993080677,60.84151814385936,66.5395375396304,45.738084433778525,45.49701725686468,27.38165233097365,24.08884157218833,15.67048856171815,15.800882775271257,17.548129782473094,9.009702946564316,10.572355045310832,9.869641467400198,9.31547097581579,7.780902006385274,4.945452473697229,3.490493338523897,5.3040704886818375,5.436051421748467,6752.0,630.0,800.0,1044.0,1079.0,1076.0,925.8,357.0,288.0,925.0,1060.0,657.5,6007.763671875
RBB13_103,RBB_n3_1.WAV,-353.04437000268103,18.480783563101046,-187.59729997678312,-46.39219220164643,34.913863241224206,-0.950818969041578,-12.361513116121793,21.19927227824304,-7.728806384907697,-1.2535821385846924,6.273516807119269,5.134397919805905,-8.793147631604226,1.221171478254513,0.23353030790613052,-4.359871793752645,-1.3963121026545686,3.1731770339696888,-0.02435111070511026,-0.06176396610936899,49.73337693216496,58.50156547848145,65.88848524712819,59.097120398178625,52.28712230752364,42.19231203980583,25.377910597506464,21.56094410980396,23.279232111549952,16.569149775575717,13.259288180664589,10.960885295965399,8.798906382206335,5.62209305087056,7.603487345214352,7.2704692217475815,6.9348320557912055,6.084818888236094,5.340085059255393,6.775788321558937,6695.0,532.0,806.0,1025.0,1055.0,1092.0,902.0,312.0,304.0,1009.0,1061.0,671.5,5663.232421875
RBB13_105,RBB_n3_1.WAV,-342.21207546541757,26.703441432782583,-201.25547886360803,-42.926742435281625,28.71968771226903,-6.222064206242081,-0.16036599034614127,12.367108198093398,1.5898544409347801,-1.3421541587008894,-1.0897261943836376,1.000524669510464,-8.266309143852746,-3.9857131595793707,6.546624336199694,-7.786478487134858,1.9892385077560246,1.4930633815143382,-0.8792745244627036,-2.390220809953976,51.03256599578804,51.34056199960319,63.19475535169253,60.57578393304832,46.2259702050637,44.84425340205287,38.01308826125982,19.601877615905973,18.075151792600007,13.450349375409028,11.045441890567384,8.52613429668696,9.168688441724282,9.107912636227812,9.363113065000872,7.597185010977833,5.4673104915507,5.5463457509479,5.1567698574155605,5.567961111706994,6657.0,692.0,796.0,1035.0,1085.0,1077.0,937.0,288.0,284.0,960.0,953.0,621.25,5620.166015625
RBB13_106,RBB_n3_1.WAV,-343.3504037697719,34.636833457438804,-202.10770392337642,-45.11783253945271,35.81132887861288,-17.09131626525607,-4.144039576255755,11.082100047615297,3.2645566778286663,-4.721314999780825,4.854770632086581,5.317603647210985,-11.014494510619336,3.7605288251134223,2.8447501148408167,-3.2613942312322366,0.30735734713357005,1.7676447945825258,-3.3807023678213466,-3.1902958800872105,47.935941858955815,51.64588253075413,66.07452371048907,62.16904135584493,47.722025388696906,47.76832715812291,29.13643792089921,21.948641338864288,21.302037430001235,12.427377588358205,13.494638241320013,11.097541984235788,7.845157597588,5.778095785893165,8.352100473016149,5.849696192292839,9.535379142730761,6.557557981405711,5.974562275677201,5.435000486922106,6692.0,714.0,814.0,1041.0,1067.0,1056.0,938.4,303.0,314.0,920.0,975.0,628.0,5663.232421875
RBB13_108,RBB_n3_1.WAV,-369.2471015624346,29.955215736904726,-203.1563709601946,-45.28461209013782,47.838060205965895,-9.26102384109859,1.7007917545256253,17.852418540497,4.361179748750092,-12.457306779933122,13.840407422181233,1.7676793870693237,-8.14853771228661,6.5688647858051095,-2.1447903832028525,-4.06618785131515,0.17632199875663357,1.6718549536489646,-4.971735650260908,1.9294556421109263,50.85051441389415,58.57617522648112,62.92253300913747,61.721414650187775,48.18166986056873,43.40461402080953,30.600250058913662,20.169730726115912,17.92845993640069,13.076477080284757,13.593536120157722,10.804016435056981,9.791549583395328,6.590643398803517,10.22454357979573,8.849764337962815,7.76440003777997,5.366197850814551,4.431046589029691,6.698802563700884,6536.0,572.0,770.0,1019.0,1050.0,1076.0,897.4,329.0,308.0,964.0,956.0,639.25,5706.298828125
RBB13_109,RBB_n3_1.WAV,-352.02989997804207,37.79596699812481,-199.48942499681328,-34.30968199891386,42.87011342685219,-13.746788517938231,-13.097263956973693,9.072352527777843,-10.60621673503905,-7.972286418369771,4.761949276401575,2.8421552155631518,-5.773499313724502,4.631938606645244,0.4534071025338092,-2.611785643110797,0.6775847842324643,3.8532075613264025,-2.7424171553592553,-0.3608139227839199,46.461162496435875,58.87838227211956,65.90976049815895,62.30693093782588,45.84847467372571,47.451507618225804,24.81321920764929,22.300422333622286,19.195051280587673,13.54849465549304,14.440486625893067,6.994407990175761,9.087002794447907,9.023838389386693,6.785951128640292,5.458556826067798,6.02091601073359,6.4639602172202775,5.705119791771017,4.623523643805266,6559.0,606.0,794.0,995.0,1055.0,1054.0,900.8,329.0,308.0,918.0,1012.0,641.75,5641.69921875
RBB13_110,RBB_n3_1.WAV,-356.6579677891593,28.309521980956987,-201.9173556968918,-44.46202527326175,39.43391033796394,-11.03797736371472,-10.634632859573996,17.323338532744923,-4.507965105376155,-2.6736622721485976,4.6264891570334274,1.03175348205139,-4.4042489055108565,5.177781365404001,0.99294635165534,-4.238165529925538,2.2948889072130836,-0.09212848423233942,1.7232864315810887,-1.4886172126778787,43.66781529072256,56.24224739304259,61.83577212386286,62.070143623764025,46.52331016343347,47.31243296247963,30.182902066980454,22.29825383676974,20.042574035312633,12.13719233837791,15.097928589075968,15.117332706926478,10.29851988026869,10.63033479530681,8.807420355904576,9.682308278230067,5.246318128508152,4.684014706327094,3.595408597768727,5.525476265777207,6595.0,591.0,786.0,1006.0,1072.0,1076.0,906.2,290.0,313.0,855.0,1107.0,641.25,5641.69921875
RBB13_111,RBB_n3_1.WAV,-358.23891443668083,22.74777462575019,-198.63041169158214,-42.653977555678125,41.89637969718716,2.0894823046688087,-12.33993360341514,19.074379200443452,-10.89073129159005,-7.418704471552309,4.206585994578292,-1.7048181617973885,-4.525304407119694,3.3675963226537626,1.379970569538456,-2.298011746240408,-0.012473826963540498,0.5693517637606119,-3.6020451802844673,-1.95569513997867,43.85359843695504,61.35947771297931,63.50021452990853,61.72445931903585,44.860401945537895,42.65378555229208,30.198298518260682,19.87071180630642,25.595419706480346,12.37456064062754,19.81386790069308,12.186918855874465,10.321043460313673,7.933694986130235,6.006773784248554,8.469263367379504,4.327042109868441,5.133566062539642,4.881509331464196,3.413183756627751,6663.0,612.0,768.0,990.0,1075.0,1079.0,904.8,310.0,290.0,992.0,1051.0,660.75,5663.232421875
RBB13_112,RBB_n3_1.WAV,-379.4225803290392,38.711804895338574,-200.01061887921924,-39.73190643494865,53.56722424592422,-3.139256898654181,1.7349235263697245,16.1354728528757,2.720022768856198,-14.120095228880508,9.587850914941384,0.5200716088117252,-9.97388664701662,4.766122034889663,3.8966515864844227,-5.502488769364815,2.8031043291860827,2.9066013003381435,-5.211948044264258,-3.0180744980299767,44.646318066989714,57.47576242017402,64.01803416650279,63.09744599510994,44.57875713025865,43.75339330586425,38.38644786025916,22.3348535804747,12.11961732891253,13.743569348721548,16.943823609396873,8.413215688382929,9.388826037208968,6.499342158838693,5.129271151731263,6.722256824482188,6.178207928512458,5.127180524679519,6.093688289854291,4.1371102770574915,6651.0,519.0,788.0,1008.0,1067.0,1081.0,892.6,323.0,291.0,1037.0,1041.0,673.0,5964.697265625
RBB13_113,RBB_n3_1.WAV,-353.9349791473121,15.910388992234465,-205.79986879555986,-27.934946307419665,41.651690888406826,9.10518000825881,-1.3760444054205372,12.34059854177409,-0.6436932283689667,-13.015089732384725,5.4531651100589436,2.456070058559964,-7.718309310262958,2.671883101448409,-0.8407296578829958,-1.624200337392732,-0.5819053355482839,4.161066282342912,-5.475606054026488,-2.177117606782078,40.726015187953614,63.583553770925406,61.34382108319898,67.9082118141255,45.653128470629866,41.320415314455154,27.999975392594017,17.37213809249782,18.218613445794766,11.544089036064216,12.312935317216697,14.941679659127644,10.584252038687366,7.848545843466513,7.902789916808371,5.21860106854721,8.383468639928468,8.302679528083152,4.361531314990418,4.899336348789791,6508.0,588.0,798.0,979.0,1053.0,1069.0,897.4,291.0,294.0,906.0,1035.0,631.5,5641.69921875
RBB13_114,RBB_n3_1.WAV,-352.0436227490452,44.00767814746194,-188.74338402048085,-35.08669402946791,40.207417214216065,-17.594303662199493,-10.951047336323894,13.521257787440039,-9.683212759212562,-7.979275050641785,6.015184568499251,-5.34431459975833,0.5898048030210662,-0.6468120927980481,8.391200489325078,-3.966170601997803,4.489345759126507,8.488157262509041,-6.315103081322881,3.8612759887372774,51.65863108001541,46.43808845210834,68.16778626299812,57.69379566256835,49.99941651553674,45.240397491613145,28.867718050243088,28.383341318564394,18.299945341425797,15.635549113720131,14.200109521069791,10.66124131500347,11.032961457835835,6.428457846659853,8.430997187243301,7.170703245869461,4.702353064208542,5.621500728910191,5.283620731166563,5.70958282199274,6540.0,506.0,782.0,998.0,1036.0,1090.0,882.4,335.0,297.0,951.0,1050.0,658.25,5706.298828125
RBB13_115,RBB_n3_1.WAV,-369.41071143428474,37.33957691023298,-202.05093880309553,-29.298041479884798,35.41480035725911,-4.796926411007845,-5.909912870795042,13.786946357436333,-11.63431848733259,-5.616697636388569,5.313497574357365,-1.0040166897362088,-3.889788218141511,4.394841167407783,2.744140542904768,-8.160700604711689,5.268487215671075,-2.3346187968635688,-1.8017220017616433,-4.601525862080674,46.65539246987809,51.12483684560984,65.11905934826741,66.37574496628811,49.74295805365834,41.86700011383321,26.815814279636733,21.417714142037266,19.47730676049885,11.435235182390004,18.119875380956728,13.966693669802215,10.713514493967137,7.394478338189385,6.502023323905785,8.933781893303664,6.202672605071399,8.239819328712992,6.584695653272784,5.939308586492742,6888.0,604.0,807.0,1021.0,1076.0,1065.0,914.6,320.0,300.0,947.0,1253.0,705.0,5620.166015625
RBB13_116,RBB_n3_1.WAV,-363.46082661047427,16.340066876256238,-207.7604164472067,-24.834974100202665,43.897671640784836,-9.520106327036178,1.9792711186058116,15.916841965690574,-6.767854801628565,-8.25976722227922,6.875388827560663,-7.2607697373572195,-4.901066260579802,3.6978180682515474,-0.7075976466021979,-1.4941896172353,3.979082569190549,5.036714037016773,-7.250678737169939,0.8763429162950005,45.878320877580364,52.85059255830287,61.394048126212134,63.644525046837195,46.04153271061555,45.02403658513535,29.762390446409835,18.179725215695086,14.149780723987195,12.631815138047514,16.36483461569467,6.724556300797866,8.936231294230076,8.856903528678528,9.497015549882915,10.638578901110073,3.5744852456182192,5.027820698316293,5.7904293885588745,4.775540580483167,6555.0,530.0,791.0,1007.0,1070.0,1075.0,894.6,372.0,280.0,941.0,997.0,647.5,5964.697265625
RBB13_117,RBB_n3_1.WAV,-394.4858309730751,34.574172250543,-210.5288800506314,-49.60718310004358,70.45539482264059,-12.665738152811196,1.2915372202416722,22.23481265379359,-5.007234904142302,-5.149657018910654,6.784855778190621,-1.2370194580044993,-9.039258687295172,2.0755157475220263,2.406553182435542,-7.181500504704,2.4093858329413878,2.0864243772392053,-4.286106615152687,-3.5014378934991095,43.9434417575603,44.63716478299952,58.28258012800755,58.69974992783243,43.473982873039816,42.751968563558805,27.35954830199476,22.106518343570414,24.559131149240766,18.763961534016698,16.787765973122443,9.978186844212521,9.786130414767298,6.993845731071342,6.984945244712766,7.260253147229434,6.128477086197565,7.0344264891623505,3.0457141516061266,3.600766920218758,6502.0,520.0,790.0,1005.0,1076.0,1090.0,896.2,343.0,285.0,920.0,985.0,633.25,5663.232421875
RBB13_118,RBB_n3_1.WAV,-386.7763243856322,31.08844952901422,-203.5309456057166,-43.7862421140915,52.818823587868614,-4.799602329629385,-7.994813337522905,24.176706539411864,-10.857256418856549,-8.09570311556722,7.609324317111618,-5.14749040162967,-4.851954150296165,4.8191167438063,3.3994889174690512,-9.152672359010015,6.336585648008336,-0.04127348915723568,-4.153227828315488,1.968434592433653,51.54263796667876,57.09616450514296,61.2919319809783,58.10690168335906,45.22374548934988,45.04922340617604,25.70018554894652,23.161356168695363,14.456052733385294,11.534021654871164,14.247823392832549,9.551247810824552,10.707304361469651,10.429220811378677,4.67183269644801,5.565921503125187,4.629796076931811,5.184045884953967,4.865179384875222,3.6618044180368554,6853.0,621.0,805.0,1034.0,1066.0,1036.0,912.4,379.0,311.0,914.0,1195.0,699.75,5964.697265625
RBB13_119,RBB_n3_1.WAV,-339.8589992117049,22.33688327531304,-197.31425714544042,-29.538255827562292,26.170262296958146,0.04620009636706196,-7.921221863339295,-0.8108473448945566,5.953460305982567,-12.88140388062159,7.650869220549461,6.438830088078846,-3.752891383746504,6.817314390860893,0.8835749736723256,-1.36403656068299,-1.9878003601392575,2.7958981730037853,-4.5711608651846625,-0.21257483644031824,41.240493316011744,53.745291263790584,62.93583213477541,63.276745880013074,42.830647811816284,49.33831581790911,31.647014801299765,18.29319476388277,17.630893435771775,11.966536126559904,12.800709863127281,11.360490559146562,11.622607494054405,11.049325669761096,6.412360808224161,7.960335940051101,7.1817675966361865,5.921724524262123,4.829976833467926,6.041180622096455,6423.0,461.0,756.0,976.0,1063.0,1080.0,867.2,302.0,334.0,922.0,1033.0,647.75,5620.166015625
RBB13_120,RBB_n3_1.WAV,-350.43298296149305,51.49956064152466,-181.75940824741872,-35.88383816865862,50.372294313790945,-9.250637605047324,-17.333937565868435,21.502517519801724,-17.45101576856448,4.234768983615974,3.9573223396114354,4.387477905430626,-2.8445555867645917,-1.709225691665599,3.912343295095083,-10.100031589460697,3.029585183701707,-3.085087022659241,-3.524743289233615,-3.7054159348539275,50.441726525378954,46.36517430678229,65.5392577304341,54.85748411599184,43.47044241223201,45.94912016451543,23.162874078072164,20.428626002452315,23.82496131704115,15.631246140134367,14.139806667169212,7.987562761379638,14.170857696400107,10.151415672592448,5.731911375802635,5.4468670349905315,6.688787565132725,5.314654258233666,6.136890524926407,5.161221093697195,6572.0,500.0,753.0,998.0,1059.0,1078.0,877.6,346.0,288.0,977.0,1079.0,672.5,5706.298828125
RBB13_121,RBB_n3_1.WAV,-357.971429547052,21.871936926824624,-195.55854528252908,-35.8086079104653,39.60514889990906,1.382372705829833,-3.51815284384783,19.27989742800071,-11.513280287295023,-7.038685716136006,0.4505672028286941,2.068300373448165,-5.439019897327488,2.7456868611812193,1.0920324645336195,-3.315432508958244,0.5757361912341676,4.720937994079526,-4.8226504492856845,-0.18231698319540263,47.36399225768872,52.560026251198394,66.97065916133064,59.32529798188726,46.590720145878684,43.76730558135592,21.99634343692111,20.687987330881892,24.42314649399428,12.313144312914952,15.034180689751794,11.402128500351209,14.190563217180554,8.10371148445374,7.097740390940131,7.490893826771538,7.806781309732752,9.008767661110793,5.99516570206776,4.1811314390707475,6658.0,545.0,802.0,1013.0,1051.0,1076.0,897.4,304.0,300.0,954.0,1121.0,669.75,5641.69921875
RBB13_122,RBB_n3_1.WAV,-373.6289384306322,48.20828422238664,-204.83931890610054,-37.539033185913816,46.36942981864438,-10.107299256941978,-0.5568440745197715,13.146941711352927,2.5524192153939076,-7.795396477185485,6.829329520010455,1.7785574923591947,-10.533588563962573,-1.2193193025487168,-0.1285619882354586,-4.48546655401551,0.23059209638393102,2.6351338257223738,-5.311215553153529,-4.327839758750398,54.794105375634125,47.21729709666396,62.6512294765013,57.475553519259655,46.23133305014354,43.05411723776595,30.806423703585562,21.374343570942926,22.473930119741528,10.477802435720761,12.77773187429372,16.36590664543115,12.409984980771569,7.385960393774369,8.319796711197577,7.405976422173985,6.823730681542403,5.3013223570628325,3.933532820943726,5.256090550042549,6583.0,581.0,799.0,959.0,1091.0,1088.0,903.6,310.0,302.0,947.0,1023.0,645.5,5706.298828125
RBB13_124,RBB_n3_1.WAV,-344.2377547201114,3.8943389917532225,-190.7504773229383,-24.923560176647722,24.114777190967338,13.396442338116474,-12.251101315351002,11.445614430003967,-2.4279707969334092,-6.22092682930012,4.601476310027982,1.0850644708473,-2.5210128101532914,-4.301717465502463,6.433013594433687,-4.542668527926865,1.1658890026973752,2.669062257050848,-1.8452103298621438,-0.6323839794540185,52.914723337311564,60.33932574405432,62.393080643367796,66.65216819845006,46.54339874429851,36.65453541147466,26.824867676864027,17.253013194373043,22.83713132731785,12.470646537462404,10.986139004378316,15.964999072045593,9.156459975104914,7.198963695624057,8.01225930985373,5.818715511544892,7.959873547654884,6.689689503602864,5.015282466879431,6.0718716919193705,6651.0,557.0,805.0,962.0,1091.0,1101.0,903.2,321.0,304.0,970.0,1056.0,662.75,5706.298828125
RBB13_125,RBB_n3_1.WAV,-391.9030877604254,45.9403546214129,-220.9510377869405,-38.956265018423565,62.016596395692595,-24.101246762672922,4.878172874506643,14.621820050133264,-18.694345510481096,-3.5434389852989954,5.331964249002429,-4.827968057233673,-0.2391597911300593,8.362631925698844,1.827125270352631,3.7071903730894515,1.1253244684296424,3.2103064185346115,-6.813367675718798,-0.1850782954728809,48.28304707719861,46.459803094316,60.63204969251966,59.34735050005849,43.12974306156037,44.74788452564328,34.940383414463845,22.149455348552113,23.023767427949654,11.845111914441196,16.5700779594726,10.48312307283386,10.80580283100356,7.405825085480487,6.082628455549408,10.802191872609415,5.747226744932058,6.2325359617068194,6.756291685517868,4.397713324883976,6590.0,572.0,818.0,1027.0,1083.0,1101.0,920.2,288.0,308.0,947.0,959.0,625.5,5663.232421875
RBB13_126,RBB_n3_1.WAV,-357.7088684076068,15.289874540091846,-199.76197128662974,-30.954044500163718,39.982916997154256,-2.4385236957734455,5.5048311331809945,2.197870464176504,2.2131503865995095,-9.032028806727379,2.805566178965345,2.802811143777832,-5.377685585879904,1.5912614630840878,-0.2915734221789132,-0.10185210570018223,-0.8325516943374446,2.543029241573007,-4.062824215735356,-3.81082574756677,47.75192974291983,53.86420235474829,62.99513196025491,70.51277305339667,50.95978739347164,43.2177750545788,28.538490395619437,21.091507475701857,16.5476881919739,12.398681836379303,13.179407373203006,17.712344634919347,12.232433521595144,6.584405596129939,7.596892624442357,9.147669924806033,6.216922914537707,7.1614397123882965,5.042585207730793,3.848857973489911,6679.0,606.0,786.0,1012.0,1084.0,1085.0,914.6,266.0,300.0,979.0,1074.0,654.75,5663.232421875
RBB13_127,RBB_n3_1.WAV,-396.80280620714234,40.56690313262742,-221.41390044900407,-51.09247640472748,63.79046087360256,-12.788232861529652,-4.584878514936518,21.949886994254225,-6.606747922536332,-7.181040503734582,10.126824667181321,4.2471983605594765,-11.128000964589718,11.267910883138608,2.466618439055673,-0.4634282186512937,3.5430606779156344,1.9372672166823317,-6.011903929874739,-1.5919003767856252,44.721675398255734,47.555728100215454,56.59555077850353,60.512987302012014,43.93943874402722,41.62046209961776,35.90860039651639,21.294364322833275,24.287764492983626,16.455268135053313,16.879573581389423,10.220069893304403,13.538746002919698,7.918083841317466,7.096420698481744,8.646319201091119,5.74836265603665,5.302062709318241,5.104021644349267,3.019072600708397,6476.0,623.0,810.0,1001.0,1065.0,1097.0,919.2,264.0,315.0,846.0,975.0,600.0,5706.298828125
RBB13_128,RBB_n3_1.WAV,-372.6139779701485,19.008566556000954,-214.86470170098724,-28.341373077381085,42.053976557764194,-2.709194930114371,5.053437417046676,14.887142686571037,-14.27191605009951,2.6401278090034563,-0.1640088836068794,2.629280103786455,3.3117158737638444,-3.1810594417650138,7.636877609014841,-7.206782633723082,2.8784943046073677,3.4521290995021143,-4.471748617774145,0.82474010701847,46.17481160050033,56.433270188265446,63.3952381116533,64.40404426580581,46.206197096644296,42.37811723735941,30.51975043500696,21.17527809191742,24.854020504428888,16.40299132786879,17.656526822325986,8.535095238836577,14.067778372134574,8.349305477793575,8.904040100800481,7.546584139057189,6.597517852052519,5.258867979520151,5.024052688556188,5.254486873059248,6625.0,564.0,826.0,1024.0,1064.0,1092.0,914.0,286.0,307.0,940.0,1026.0,639.75,5706.298828125
RBB13_130,RBB_n3_1.WAV,-360.9232912196389,31.73955313756409,-194.57821954458612,-39.12529937773029,38.235756481207815,-15.9946839944238,-11.448021184458606,8.96250362700331,-16.243529737878053,-2.5415695344394047,3.303560857697937,0.944353018176708,-6.114330011014704,4.964856002308975,6.086954569588686,-11.408597428030838,6.743847875690973,-2.6125790615886104,-2.802506455404618,3.752019980730212,54.2360334248695,59.27437761592287,66.19840798520809,64.49792464451119,52.356296726684754,44.354217670125344,29.826148949743022,28.147476097019698,15.619767089775209,12.958834438059599,16.656574021953315,5.784144412685585,9.069309610707949,9.148092285592131,5.84635177659361,8.614035822851802,4.417690727830939,5.865900967927807,3.771044166943474,6.2871195912606295,6800.0,579.0,825.0,1028.0,1071.0,1081.0,916.8,331.0,318.0,978.0,1106.0,683.25,5986.23046875
RBB13_131,RBB_n3_1.WAV,-364.5218208054189,18.182303114708237,-203.00495544938764,-43.71607140280185,47.984513016415754,-0.5881996140400718,-4.995418597745184,21.192307879733455,-5.174029588867135,-4.761161655867783,4.068372094988619,1.7803604987510777,-7.194734677851395,5.865063070887904,0.7126504883661916,-1.0425535333893559,0.15854166741336706,3.267877670355538,-4.250040873121833,-0.9684717295904237,53.21629533808107,61.64258665461919,63.0908332610452,58.49759493828897,44.7643966567647,42.735178686158605,30.836395250510655,16.470980125659985,20.061104876942725,13.762995058118804,19.412844064174067,12.830623497095875,8.831919099145779,7.4414123137252535,7.325047254508155,5.174402834719378,8.396020374915494,6.020869174469639,5.613910145786213,7.17749541660083,6600.0,533.0,768.0,972.0,1091.0,1096.0,892.0,327.0,336.0,929.0,1069.0,665.25,5684.765625
RBB13_132,RBB_n3_1.WAV,-375.853720113156,24.10223416559513,-216.48682733846277,-32.23696168349822,49.345312000089294,-16.593870597934465,13.713237757827399,5.803743495695767,-1.634017083691748,-8.903609003524732,8.11933906041404,-2.31928096751001,-3.735919395400995,2.822379940396499,2.345958795286655,-0.6137318847378707,0.5444803769246023,2.846127035180154,-5.200634664982966,1.6748444773144122,45.75372888463187,58.497004194708246,61.37376792997366,63.73359520497997,45.43565644902142,42.82742476226288,32.836933273891944,25.99939409842927,17.491880396377773,12.010378316453417,15.272889002931676,14.259043608511023,12.622677546566743,9.339881369988559,8.142446187249382,8.517076510153336,5.257797682348624,4.425831051253359,6.570501566637155,4.446812718886081,6676.0,612.0,818.0,1016.0,1076.0,1097.0,923.8,288.0,311.0,951.0,1020.0,642.5,5684.765625
RBB13_134,RBB_n3_1.WAV,-363.3923243955023,28.097289864868365,-194.77285034581863,-34.05633035127191,41.729197749368396,-5.445284221027425,-10.529321432356694,6.429393211363443,-8.34370661630463,-14.407504597792753,11.678011810143259,1.7526335264812838,-4.148593929501106,7.950960603507784,3.535099865929143,-5.14303169751603,3.1231841275873085,0.3577874811651538,-3.269127053315652,-1.3778024912678917,57.26577071365326,58.32792152886335,66.05201347552483,66.66593651274275,52.234194810768216,45.9243691875353,27.470885777917818,25.07554059474547,19.511669793648377,11.642196733607872,19.387090783719113,9.219533154710811,10.006009285703215,7.375175417386977,11.328975021114957,7.368666637857369,7.396620278116662,6.9726189692427445,5.516322888317346,4.135452104247843,6774.0,575.0,821.0,1021.0,1063.0,1066.0,909.2,289.0,324.0,1014.0,1121.0,687.0,5727.83203125
RBB13_135,RBB_n3_1.WAV,-379.4294595536473,29.515786724122712,-215.27099493866424,-35.88889566768976,53.53026173797549,-22.879057546750943,6.016873476325198,8.247910138038307,-12.879931397989157,-3.5963827578670724,3.0585356779858115,5.062983882398524,-6.149519434354043,8.820272392789814,1.2464469670127496,-4.339400377376356,2.4149076628338113,2.7420100245030774,-4.293961319065689,1.1321681902916603,52.406244269216394,50.215868063998066,60.71529054667692,66.26233279805695,46.63714511665181,49.64488576655486,34.39846431818744,26.04802346986141,20.43337789851954,12.515963450810533,18.2599578573903,9.575030871356283,8.378889200268315,8.300809095720918,6.4374628015028925,7.487106051389984,7.640202776215569,7.465318740049277,5.246568404599743,3.75021615554604,6420.0,576.0,802.0,1000.0,1079.0,1095.0,910.4,296.0,306.0,816.0,970.0,597.0,5684.765625
RBB13_136,RBB_n3_1.WAV,-381.18240200749614,30.88356083549174,-213.2465483023165,-33.75152433348363,51.72269053594628,-7.3413722118283085,4.0678511756077755,18.596124960799173,-7.520918718912818,-4.234190283504598,10.345442977677406,-9.618596819027898,-2.2079199527851108,5.352664240742314,-1.4069703599838286,-2.4661644193375905,4.035227972494827,-1.488158281386601,-3.1087541786356097,-0.11286624003614724,48.944159735387586,53.538720271132064,61.895986400954634,67.39111552322215,48.570508767742886,49.16444739954545,30.18396106834984,21.15696459485009,19.27464129394317,12.733604704014818,14.360938065872455,9.151807232571723,12.335525179049908,9.267201503267843,7.0869852460426,8.778801894666255,5.4867535296861085,5.057996473112505,3.5424858345271475,4.739639681927168,6686.0,581.0,808.0,1030.0,1084.0,1109.0,922.4,321.0,296.0,970.0,1003.0,647.5,5727.83203125
RBB13_137,RBB_n3_1.WAV,-372.95584864294807,32.43675077735082,-207.71677753386132,-43.26048653642877,48.894454556167894,-16.702693226914374,0.6626655349569082,14.005140649792509,-18.150729301452657,0.533426233328696,-2.671088460058466,2.3888269508240048,-6.407229291575667,7.208734187059668,4.443617597006972,-6.591038844395444,3.583980021731262,2.2425905481064365,-5.168562378448202,1.4731568794571974,49.00762546227485,50.58481242976034,61.53948237631824,58.7339502919625,46.44587446286085,44.432948438403216,30.13782177660424,24.74846681699664,18.537590939838783,12.238085082908515,20.417687047273482,9.384518503295864,6.383619580580476,9.589524966987655,7.911165952569378,6.441471741290075,6.554159970849845,3.688816459486846,4.8380358252978795,4.594617996982418,6673.0,600.0,811.0,1022.0,1062.0,1092.0,917.4,323.0,316.0,893.0,1071.0,650.75,5663.232421875
RBB13_138,RBB_n3_1.WAV,-375.63298989532996,25.794074171816,-214.3061264679635,-27.413292682075603,35.735726942850356,-5.308636392560965,-0.7169823579981904,8.142276520349572,-3.720755140776915,-10.491704138447561,7.563933385042584,2.9447068409550927,-8.655080863841777,9.840993434826474,3.133000640450414,-1.4322127293655833,4.305269267302337,1.9809246251297812,-5.261291562956497,1.1550701304763398,46.239869656371944,56.61791979128229,59.46904572933565,67.98310284381631,47.78857445203444,45.251899697145994,29.55198082244692,24.823561114419547,13.514738020400358,13.706521425230525,15.922760042643516,9.271293005035782,7.541468658592306,8.607412815779044,5.824079747766014,9.653523845712064,5.303641385945218,5.824551737908495,5.390093407056224,4.05490585466586,6676.0,509.0,817.0,1024.0,1051.0,1085.0,897.2,346.0,318.0,956.0,1085.0,676.25,5727.83203125
RBB13_139,RBB_n3_1.WAV,-354.12092845832393,15.877755002342747,-211.70912908701663,-31.332437360037247,35.43496530507916,2.5172621176598153,-3.0722753654634083,13.588246457401345,0.8969699770323867,-7.7940928316731135,5.39273132026281,1.177956909591661,-7.622394020054658,3.6661362326502394,2.4583875963263875,-1.2739776431999257,2.0500561237465633,0.10110610844701723,-1.6916015767693944,-1.2302952478340026,42.22978905025905,54.228443354089556,60.78951224767658,67.11061101364253,46.00529112327235,40.83664364837359,27.08101592826404,17.98312339291351,16.784849444111945,12.351728765266554,15.92211967572062,15.882409641206953,9.570821434255148,7.028627016991662,5.753113327809773,8.24865015338625,6.672308065324655,5.855292083838414,4.88084396977936,5.5032923348399665,6555.0,588.0,778.0,996.0,1081.0,1083.0,905.2,300.0,285.0,885.0,1068.0,634.5,5684.765625
RBB13_141,RBB_n3_1.WAV,-373.9513204831211,39.38170300427864,-203.13315887054313,-46.063700755425536,53.05868533215191,-10.5930364973056,-9.960074179920936,21.746831783023186,-19.982256308083148,-2.450855797474054,4.614905094136125,-2.1684649858148615,-4.387354757706531,3.257654298045523,2.368431499235648,-2.320070595729928,0.24982807716329306,3.156342349997237,-2.7054327283959774,-2.6044305447373635,45.33531431064616,46.02896205985748,62.08250709979715,62.00495243258638,46.60790555836838,45.59754401312981,30.326151867387296,23.122948572921363,23.947726056237215,16.76092647516773,17.28729381981049,9.899485369266095,11.27724491304179,7.065334050953756,6.458080348301433,6.981804116333964,5.705445900400724,6.452070154055944,4.506256713120518,3.589570846367295,6696.0,579.0,809.0,1017.0,1078.0,1078.0,912.2,314.0,322.0,956.0,1068.0,665.0,5684.765625
RBB13_142,RBB_n3_1.WAV,-385.7227781229796,41.49079228979366,-207.12974571119526,-45.10868198822405,56.25493335248704,-11.204365026972466,-3.6550321769448777,18.92037263281673,-5.8725187434089525,-7.440885910091733,12.356233366078076,4.04530770702932,-5.869747035416451,5.034052470760177,1.207858187045362,-7.8872899867708375,-1.5466884067447888,2.9471254213917932,-5.108216021160979,-0.3861028418752984,49.16839928282526,42.67640269245484,62.73473940799776,57.41294327085955,44.029278509121646,43.58473565550622,31.29179830130742,24.711204844059743,21.360227093009666,13.100052958085213,13.20962873271483,9.213651774794076,9.417248072468778,8.312869929729034,5.37030290118533,5.873725000915834,6.80984043085339,4.8368227255926,3.8739810097801324,3.8401433331666994,6586.0,457.0,797.0,1016.0,1060.0,1088.0,883.6,330.0,321.0,980.0,1049.0,670.0,5727.83203125
RBB13_143,RBB_n3_1.WAV,-364.49800142309084,24.869665629209624,-195.5597095494801,-47.524080721287056,51.18587460374997,-16.8681884914197,3.3644315940549543,5.6867278314836,-7.819984042733127,-7.017720888982643,3.943370299946119,4.006987379626679,-1.334133582293219,5.611971482453155,5.494877383944971,-6.574748331527488,-0.3361711943549968,2.9720833860127183,-3.9303267542853235,0.8155080899644586,48.658827296395145,58.829885648986874,65.3540211729523,61.144788943046784,46.7530786164418,48.66660078013037,34.76656913886592,23.83060351293354,16.144771742099056,11.247575949921233,13.368063029823686,10.013576384381192,11.569633842130724,7.0160249516018975,6.615774502338118,7.33406876582637,8.11962833734769,7.349324317082476,4.725860446493833,6.8021939750503115,6640.0,540.0,806.0,990.0,1076.0,1060.0,894.4,302.0,334.0,894.0,1146.0,669.0,5727.83203125
RBB13_144,RBB_n3_1.WAV,-382.63291698679575,37.70477672838976,-209.3030345066142,-49.423215823583426,48.65446399910362,-0.1956493507599267,-5.778450432647973,22.785625313767852,0.5767815388234244,-12.206091538309561,8.886206862995367,2.2409005747491264,-9.313592589928895,3.5168273530222995,3.0529197142813493,-6.9716425818456065,3.1757242133195493,2.8541425145877617,-4.877321775451507,-0.03599951793627033,46.67556968215672,58.22508003427656,59.8445254712159,64.18954440010691,46.77647528298785,44.636096429779556,26.869450865178553,21.46179025194383,21.136176846314516,11.383958812322051,16.38729027711593,9.507729792064053,10.788652912979243,7.671840492853181,6.725163926517374,7.950529425988869,7.454217133927525,5.194413307193176,4.374031283548047,5.843054006994591,6653.0,570.0,785.0,977.0,1081.0,1059.0,894.4,344.0,286.0,967.0,1105.0,675.5,5684.765625
RBB13_146,RBB_n3_1.WAV,-373.268818543802,40.37998382367293,-195.954452500142,-46.9925281252553,58.79857763395948,0.12660264226853368,-12.395810089016638,21.949091628381513,-7.563424168133209,-12.335594729933636,11.634387808761627,-3.922392297558528,-4.841389565694805,1.9814119300427342,6.5136988789320265,-8.254367901278595,2.5839896196766445,1.5206725290099403,-4.256010808760632,-0.4404670585414641,50.57050749904819,61.028883040609145,64.77455795687561,61.917601866508484,45.70500613161577,46.30981693961511,29.227529150406067,21.54032820699278,18.171140793522436,13.090597823134077,15.092144729338868,6.5116419872115605,9.588627897438665,6.3101653960239235,9.357443223971615,5.3521692671901375,7.384129742317289,5.842983622458155,5.018268208254396,4.4550377075629015,6514.0,524.0,757.0,974.0,1068.0,1085.0,881.6,320.0,293.0,931.0,1079.0,655.75,5749.365234375
RBB13_147,RBB_n3_1.WAV,-365.10597262633394,37.870801930636446,-214.9099328281866,-37.662198959484066,34.74060258567835,-18.09845773032256,-4.456593101651555,5.068493826739443,-6.089749463678159,-7.738857398717643,12.170468766609533,4.351061661318641,-0.8342077388115996,5.37391986975689,6.82566372092494,-4.111806596564707,4.69205892989396,-2.3882342586237746,-4.737983118789923,-0.8582979339324587,51.61639710421618,50.41056792860434,62.470688999718384,70.51670618836643,52.4459631005345,48.969239875845375,28.320941587271047,27.576850010755876,16.567543279127417,12.177837991251065,14.076813538323199,8.465811819602695,11.314305373119971,6.450030612102641,5.24684383354012,8.034702551935249,6.214780730848582,7.181274530958479,5.5612006676617565,3.922902168027338,6430.0,575.0,818.0,981.0,1067.0,1089.0,906.0,290.0,308.0,865.0,957.0,605.0,5727.83203125
RBB13_148,RBB_n3_1.WAV,-380.3423077761791,45.21036706346003,-215.52458694743942,-36.24304804123281,43.87593642334429,-14.18212912346401,-1.5729042006898453,13.322965699582133,-1.8809919173733485,-10.018834693728063,12.247177720417435,2.54701468056939,-7.0251693253831835,6.8662553429131785,1.3566991566035436,-5.312374931625627,1.596199261463388,2.084281141481044,-7.125341098620202,1.1600990211200306,49.097167586987325,57.01091670269399,59.799572146399406,67.82912978122671,47.2476093714444,44.029708870798444,33.851246214648356,23.33203903703747,16.489690298734143,14.137885827986143,15.237091649345908,8.872643502986405,7.569019235306732,7.14675291271339,7.550821724770611,7.974388378333469,6.186017738943256,5.225077181392676,4.447801999683296,4.719783322641254,6827.0,624.0,815.0,998.0,1087.0,1096.0,924.0,302.0,317.0,975.0,1133.0,681.75,5706.298828125
RBB13_149,RBB_n3_1.WAV,-372.0048875023375,13.116673991148017,-212.59171299802765,-28.545274906922078,42.27135258840145,10.444137064754724,-1.234594270378187,19.315576376651485,-6.598245779403623,-7.151076883082815,7.057083175722591,-0.37280681816945305,-9.046246574516287,4.068891819055924,1.8888210505381122,-9.057481822224041,1.6589923114842657,-4.660527314674147,-3.646867545545735,-0.5524062745918181,45.63812414806909,56.31314475631928,63.550850848194486,73.89173332900067,49.84800381371771,43.77126184970777,33.604241341897456,22.747227050393093,14.03559383254113,12.972103467549319,14.674700711011255,10.688252749623414,7.317161522336758,7.745870760550121,5.301497722351319,9.022988082716838,7.857926575370143,4.711091940636288,4.532857142634609,3.888876270019295,6409.0,532.0,788.0,985.0,1063.0,1078.0,889.2,327.0,324.0,837.0,995.0,620.75,5727.83203125
RBB13_150,RBB_n3_1.WAV,-392.88942538397595,32.61480249079032,-204.98347054975576,-21.33984791143275,50.89520133169196,-11.735849490153047,-3.95686630634528,8.804864288101387,-11.613861182971688,-12.070207002563704,13.199512927604063,4.277480077311735,2.147351252254694,5.708546804192273,1.7204767920491426,-2.9049008736612167,-0.14899710298779265,2.206108335866558,-3.0912265384294164,-0.11368652936417438,67.4720551818062,52.922214561412446,61.53862800907757,70.04777258108524,50.652725028082024,45.372850856269956,31.43068207554874,22.13371353368155,22.46797742361432,12.391298842554134,13.91159471569663,9.3891369990882,12.205143920793562,7.654592058378475,8.713076050376973,8.192873134485527,3.6143095607172664,4.353723789636535,5.579756039006797,3.4859964737354523,6675.0,551.0,798.0,1024.0,1058.0,1093.0,904.8,335.0,325.0,964.0,1051.0,668.75,5792.431640625
RBB13_153,RBB_n3_1.WAV,-431.7211432614803,16.337688909791733,-220.99471420413357,-21.325448680017484,77.53252526710358,-10.07981848494133,11.518824820458315,30.32626381315704,-19.409561377210352,-17.729856953527666,1.9850267823504326,-0.5657837982484892,3.0374590895055325,4.0745845711872395,-0.7707767559571457,-1.4119285679093698,0.9753102227634259,1.4868484302640619,-2.4061435687339654,-1.460086244688948,46.407357271438364,32.06423614657405,54.97301357671281,61.50749924182159,40.95466362337948,42.66786634607651,32.050779015855085,26.254062437571072,22.93233942784199,16.918477925975914,9.769075462232506,8.053148696503008,12.857372635658164,7.069153769826397,7.448812026099095,6.482239428712546,5.14008920576076,7.076432195107331,4.283510109132198,4.274441671622201,6532.0,590.0,804.0,1002.0,1079.0,1092.0,913.4,325.0,269.0,940.0,941.0,618.75,5921.630859375
RBB13_154,RBB_n3_1.WAV,-430.21734898531906,16.886175674171355,-220.92991593238162,-18.015104497271924,73.86400578911248,-15.584238525746061,9.810268962284074,25.978732243346563,-17.969441199983688,-7.050533480256304,5.769017897956262,-4.035677983710024,1.7693473142667504,2.083270661862384,-3.497272798679464,-1.6587338653804125,0.7638822888315038,1.9105522278069276,0.2069900263085361,0.22409949245184776,51.14059541838345,35.1730985353807,58.97248137969174,63.8971976511019,43.30486396660695,45.18324932368113,33.616784809616156,26.710353455857934,26.314431225715502,14.613804868634121,11.612968701363055,7.341951081485781,13.09287899846862,6.373046897189484,4.372601162106036,6.951199872037011,5.478117921485875,5.999216339604133,3.5227887110009357,1.9329305624507183,6609.0,609.0,804.0,1015.0,1070.0,1102.0,920.0,302.0,327.0,902.0,998.0,632.25,5986.23046875
RBB13_155,RBB_n3_1.WAV,-421.5701257588591,20.69101381498499,-226.80768179174387,-26.776692017289026,72.71070577729414,-8.136153621695417,12.835009891791739,26.11801362317271,-16.52809026277506,-12.02294236084913,3.2695957193368432,-1.089673335284501,-1.6002532521202157,1.4765284291099077,2.1857246088032407,-1.010992998245082,0.18497495226160804,1.5398768871031356,-3.2356788960322156,-0.20340117715363876,48.24571757846476,36.84942937739702,55.979057690530716,66.07531028411161,42.1050078521053,42.8952852589834,33.176541112296135,27.083685852281103,23.85802804609551,14.783762193636427,9.141441179111048,7.05437086832706,12.96873799745456,5.685281946561753,5.469248331067632,5.811962939876613,5.932313201695999,5.282996777173315,4.905716232015772,3.7614212802118234,6480.0,616.0,811.0,936.0,1061.0,1097.0,904.2,295.0,291.0,877.0,1016.0,619.75,5921.630859375
RBB13_156,RBB_n3_1.WAV,-425.378305114483,20.17553090352726,-225.19941299314462,-21.696100687311947,68.42772039834355,-15.313608686723665,13.483207333523469,26.14592527181372,-16.37615824119268,-7.276072915285654,3.717455938599661,-3.2518629951119618,0.499010428176922,2.13661155044158,-0.6516187755600156,-2.0866184192305037,1.4386618860696967,1.3511801104157368,-4.570944942815808,1.0392864342250954,51.38538743180117,38.619941007106235,57.87525243512631,66.87263816356368,42.06987608176193,44.55368691016306,31.108640934662848,28.63901853521147,20.053257483762422,14.771477486877028,13.387153751241094,6.864042313755695,15.15154550172567,7.108323960220597,3.3936422740858814,7.645850842843198,6.359620236035957,5.577683543619045,4.099162972630802,2.7936388447633655,6643.0,617.0,809.0,990.0,1062.0,1070.0,909.6,353.0,295.0,921.0,1049.0,654.5,5986.23046875
RBB13_157,RBB_n3_1.WAV,-435.4366429699993,18.655063820093478,-223.50775448048196,-24.620888169594284,79.00983127948527,-4.814817601399697,9.336712113877839,25.025589040946947,-18.656521129738234,-15.71735555704518,4.387780663390692,-0.5114305464509872,-0.8690920552183703,5.332775268572827,1.1617679701825563,-3.6881609512969535,2.3289900324502937,1.7405558463121082,-4.763969844585138,0.5963657460127672,50.353257105675475,35.1777535337769,58.158419656127016,62.64631933500822,42.84178342050065,42.62801555216159,32.68771538984752,26.410968124193044,21.240820441841997,14.968312949480021,13.758791179295109,8.073113841050345,11.566418969479406,5.976117355032418,5.72275703616966,5.83662424995038,4.578471415969746,5.885723199786808,3.0048573743129836,3.9209733662368675,6738.0,598.0,797.0,1018.0,1093.0,1093.0,919.8,307.0,285.0,967.0,1101.0,665.0,5749.365234375
RBB13_158,RBB_n3_1.WAV,-430.9905154015305,28.102802179519824,-222.06754887076627,-37.07148019087911,72.80304319695307,-9.717712402831195,9.884032492943641,33.34979599415811,-17.839927073534213,-11.686005732734232,8.901394271671574,-9.530792470369136,-3.501905095746207,9.681361386967753,-2.0132752303795383,-4.09328757099693,4.105377913170155,0.9976234129468937,-2.2514095737712387,1.1708013254283647,47.64611028245514,32.06990516487274,56.71345775071135,59.83488596829517,44.990870389612304,44.10762073201585,30.46344422928207,23.072650833488872,20.820072613228465,10.971689039803282,12.887276291001584,5.997703780789043,10.602946880842689,7.410919734580208,3.6903789957038495,7.15966944571431,4.253180807405466,5.085543254670663,3.525899576954142,3.474381107622054,6642.0,545.0,817.0,1032.0,1091.0,1092.0,915.4,341.0,302.0,892.0,1039.0,643.5,6007.763671875
RBB13_160,RBB_n3_1.WAV,-415.103358186661,32.83156509954357,-222.32817809930447,-39.77136937791373,62.40214350198415,-11.580353164310576,9.471156907830139,25.701899677497916,-11.963283974120353,-4.767168412088453,5.445786410151189,-2.95159778991123,-0.28809840126554426,1.530026408782937,0.2600729527990824,-2.031600261659306,-1.5547903643709242,2.111388295139425,-2.6476073044289468,-2.180900580448378,51.36741367589126,38.35852764407585,57.3631817532089,64.03580893288068,44.16666476425498,43.53159277018563,34.10718599128775,22.113863315049095,21.644723397595303,11.88733697893575,12.869874591716538,10.01335402217895,12.127608171739421,6.849713206515389,5.205485965981214,10.178025163827744,5.266681585182372,5.923369228740697,4.149411480193427,4.518561723166039,6702.0,567.0,798.0,989.0,1082.0,1099.0,907.0,321.0,267.0,984.0,1112.0,671.0,5749.365234375
RBB13_161,RBB_n3_1.WAV,-414.9715334717145,32.943772246308065,-223.34539453096946,-42.003397137367045,65.20529150137078,-13.848213976762539,7.560904107236002,31.738323923458996,-13.97522884006616,-5.88319975356587,5.424761418827014,-2.1664367321887843,-2.8983000446710987,3.6240749254019056,-1.2063262903657683,-2.278305599305596,0.7591759252378788,0.500925787020864,-1.5156116603959595,-2.7448109144361807,47.19100198623245,41.4325188911782,56.45253782099012,61.86717737867487,43.63753087399124,43.489672126096224,34.546946297361664,23.375396560387987,26.018412037589968,14.633018745713564,14.055645644875403,8.069311832953282,11.382996955100467,5.078301810611026,5.309630162493956,7.902074597717742,4.908080096997285,7.074792554294216,4.8799653179697655,4.555594950951318,6625.0,608.0,799.0,1028.0,1068.0,1080.0,916.6,294.0,295.0,935.0,1035.0,639.75,5749.365234375
RBB13_163,RBB_n3_1.WAV,-415.10945169947666,29.318103217753126,-225.8057352156597,-34.729691221457124,60.900239966704994,-11.59551474538554,10.129994478720596,19.8623362737581,-10.541376195325277,-2.3614691400702443,3.758776328380463,0.955166903934312,-2.5234814619780392,-0.8384968368010141,3.4090734046359175,-1.5958626234213165,-0.8853464003103142,2.3549712314950026,-5.256062875223221,-1.7939918902207324,50.91722292620841,44.244864152759696,57.597603964713755,69.87947217273084,44.35639450601852,43.104102657622995,37.293681340047506,22.02233547136398,20.844954226805566,13.22179939602748,16.932158432489917,8.115552121994023,10.587008145890735,5.305546958252894,6.154620056081207,6.002252922016385,4.222945503442297,4.87060258144436,4.125423361325734,3.973804717186513,6688.0,581.0,786.0,1025.0,1081.0,1097.0,914.0,297.0,298.0,948.0,1091.0,658.5,5727.83203125
RBB13_164,RBB_n3_1.WAV,-411.9382243274733,34.02862107253206,-224.46203155689662,-36.39831467835771,59.296994272435974,-15.079478560380368,9.62682262188971,23.647807041098527,-11.100615827996643,-2.981045038817628,5.760424812947889,-2.986827587806341,-0.3519282019411058,3.292374270798254,0.8255769819722207,-3.571444184192651,-0.6894449601701991,0.13950285091103812,-4.422764505521578,-0.21331122087856286,50.3684409110449,40.01393791666747,59.372305975519055,63.280135232308645,44.178800744535295,43.11981825265384,35.83681372549099,23.399813062340677,22.57471154535054,12.399386986572901,13.62254023794613,9.201075864812507,11.888113789292706,5.721778603700392,4.8768969861548594,7.097799093985935,4.368608931266037,5.568044227703889,2.7039363186080596,3.3466296634857526,6645.0,540.0,785.0,1020.0,1077.0,1084.0,901.2,322.0,305.0,958.0,1078.0,665.75,5749.365234375
RBB13_165,RBB_n3_1.WAV,-396.99021184014595,11.574042633547476,-226.91414304824184,-22.854719765430488,49.20656084245282,0.6063980417535937,12.306199401358118,18.97295381911657,-5.419063007777319,-9.515054936641125,3.1284784283057023,-0.4203006807915447,-6.350953650639249,4.105747229078989,1.7068553684430627,-5.429160124710021,2.908331105197415,-0.291240738009016,0.48752985539854504,0.34803906436061377,50.99481257296916,50.906404331222575,56.03467607643918,70.92919701437059,45.66483633680436,39.87847899850977,29.181213748906238,25.09581516050411,14.937710710422037,12.388921956666037,13.168572717167866,6.265711425352449,9.389769382891162,6.1325459676946945,6.661964242781488,6.197618879006372,8.470973927854729,7.722179988976133,5.057746162880358,5.337665434945986,6739.0,616.0,800.0,1013.0,1069.0,1085.0,916.6,340.0,268.0,953.0,1111.0,668.0,5770.8984375
RBB13_167,RBB_n3_1.WAV,-399.4871181105164,15.920805591603342,-230.39890999843843,-33.99562251154755,64.69299624426012,3.1073974273236318,14.866960946950687,22.37619486668182,-10.279563714153108,-11.138695323197087,-2.166253867671459,-4.071195811338653,-4.175644753761412,6.8486729992781425,0.7872789728506185,1.2756793560833475,-0.38077118288743944,3.0345891361009687,-2.405416531414955,-0.9025383917596354,49.41518381572098,47.715588804940616,56.270944547212224,66.80925868311685,43.00085807450871,40.32229886257099,28.254357926996192,21.55365843744683,16.535124508772807,11.700404019699391,11.028821855378052,5.67276417232165,7.177215255905665,7.560466915915395,6.920422215525841,7.133975351807152,4.027411418313483,5.187642099675132,7.0231802720407535,4.361917336845108,6260.0,556.0,780.0,927.0,1071.0,1080.0,882.8,346.0,283.0,757.0,977.0,590.75,5835.498046875
RBB13_168,RBB_n3_1.WAV,-402.10430757043576,28.79677694471455,-229.04264096958767,-37.87279525730369,58.89865471167692,-10.23384398805935,10.520370118065193,27.997634680563934,-13.607681197780183,-5.003407905954962,7.963751367556838,-5.52638640110034,-2.1311439082525294,2.7500786712136347,1.1536850360107125,-4.713183179127043,2.404986967089734,1.2611014218431478,-3.965289884518404,2.051469455566909,49.957080686182415,43.05378955198354,57.00605272289014,65.48285639838205,44.4622558916901,41.98718167086578,31.67656214705164,26.001707782421434,16.838899883839133,13.621992180312498,17.70706781217646,10.824059622819696,11.349311045631948,8.773732304772079,6.727720344015274,7.577980894308251,4.922086717767329,3.812690869792085,4.1224789405245685,3.3666726203230337,6693.0,637.0,797.0,1027.0,1074.0,1093.0,925.6,332.0,302.0,923.0,1032.0,647.25,6007.763671875
RBB13_169,RBB_n3_1.WAV,-403.4026230095507,37.87663044287769,-225.16158935396035,-49.52859565555903,63.60593317623561,-9.631258965691902,-0.5244677634406141,33.088947417513886,-11.07135084064178,-4.639239603185929,11.974522841281638,-3.307188157163095,-4.719601486628735,2.550632913465903,1.6139615530953169,-5.259100992066888,3.47291943519657,-0.2769554956840755,-3.1074677439250538,0.8699373655653879,47.8135110213226,39.39408957032038,54.45069602934369,57.37153697544911,44.294883952125836,40.82560438748284,31.004067962403703,23.212185336329963,24.80355473801251,14.663722883293886,13.721670897886947,16.616152499762524,12.664432244326944,5.666820091459062,6.721160280361786,10.039402572781631,6.216671903252941,5.9326228950139015,3.2822004283918047,3.690697864473901,6541.0,590.0,813.0,1001.0,1089.0,1069.0,912.4,315.0,293.0,869.0,1010.0,621.75,5727.83203125
RBB13_173,RBB_n3_1.WAV,-406.19718228952826,36.834424901822466,-217.46265080374357,-49.282544871179816,58.8471595675071,-6.610485288802151,-3.792529546672113,21.361313397326665,-6.767368215580096,-10.313374254452837,10.208406083805308,-0.5326569970664129,-2.6504060168803423,5.254429227425138,4.560702094254088,-6.8584422200265935,1.8510143304738043,-2.344003106832711,-3.8923224251620665,1.451804269024742,48.510791796079765,43.02732922934597,57.659900433346806,66.20647429211577,45.71484213448025,43.27408183959018,30.64821199343331,24.279567019479654,17.81089226057663,12.056850137699467,15.604550496834916,10.285405887437715,12.51341330821988,7.633706132992872,8.183553001566489,6.4664531057906665,5.054781879976158,4.877570401042755,5.367707004053221,4.744708623857046,6749.0,569.0,778.0,1008.0,1084.0,1080.0,903.8,320.0,329.0,913.0,1189.0,687.75,5770.8984375
RBB13_175,RBB_n3_1.WAV,-388.82902828848614,35.79509234879334,-217.5945385178615,-41.659416521003315,57.147099229162656,-5.27375149009166,7.819775565953499,23.507516694207446,-6.106425128797974,-4.870327162664691,2.3433494485025133,-2.1231017277545874,-8.48154432147268,4.322176049911928,2.287518410507763,-2.6528226749633856,-0.03006556538778187,3.392900736303876,-4.792355591331416,-0.9914102760683909,41.420525715759354,48.078305562561646,60.47825469747905,61.10054572166717,45.34678108731687,44.939228911572904,32.27470167754022,20.75195444813151,21.46642991467053,15.148301017494358,13.50784163608642,9.766230325064598,8.882533695588878,6.90527852229189,6.721665166182487,9.890592938670101,5.432325077418332,4.2508665925872835,3.6698133013548113,3.282091749888208,6481.0,513.0,800.0,1007.0,1063.0,1094.0,895.4,310.0,277.0,912.0,1015.0,628.5,5727.83203125
RBB13_176,RBB_n3_1.WAV,-367.47017196333695,19.505144098117498,-206.76172867859881,-41.36866872222951,37.73088713808817,-10.151947112625828,-10.736276471954216,22.054283698304356,-15.926537617501788,2.1052053640472432,6.981082495143047,4.049370577664169,-4.661856279711382,5.673123075147699,-0.0587038112196464,-5.0702350092347945,3.07615375566125,-0.614110531613427,-4.349429077466346,-1.853494259750886,59.3868349737716,53.22460454493853,63.55029685320122,58.53061734107262,49.60975678573976,43.28567038635538,26.640825959711247,22.309654024113648,22.601903232735786,12.228889061849474,17.367710271361247,7.596470879436284,9.604256659632968,9.473664936354673,5.4111336158733145,7.111791860026563,6.10935835051936,5.593651811334609,5.72997397580649,5.323931644308167,6763.0,597.0,803.0,1014.0,1041.0,1092.0,909.4,366.0,281.0,993.0,1086.0,681.5,5706.298828125
RBB13_177,RBB_n3_1.WAV,-392.81532907685124,37.62612932924697,-198.18279981317153,-57.97599562797174,61.44643889227089,-6.720710285671046,-0.27824699017038057,14.396208621908738,0.30535304113871525,-7.049394796886818,8.750661920549874,4.920385521972955,-8.069459891059543,7.20592573135046,0.7712560130367244,-4.5523446560773655,-3.0811558661660405,1.042064814034154,-2.6849950056005762,-0.8757602136961754,50.149609244904504,50.80656282742825,62.98774262609976,56.31982136368103,47.13037998792826,46.906445299189066,34.59741984154094,22.972191374790295,18.262817878683112,13.029414460832811,11.60731185169607,10.240802669928769,11.511058022867019,6.946574165575023,8.017612399536434,5.197352604652696,7.014184561267869,5.247281679325225,4.983246656712202,4.321835802084779,6661.0,492.0,756.0,974.0,1071.0,1056.0,869.8,383.0,297.0,992.0,1144.0,704.0,5684.765625
RBB13_178,RBB_n3_1.WAV,-395.9066093832877,42.45471310834414,-198.7855472134944,-57.81206122525677,52.62281534023075,-2.238885359822716,-7.203063297744279,21.07712142055412,0.9459496709423877,-7.478269015853091,12.775113473316383,2.37318561320854,-4.475310898163603,4.776992500732499,5.294176986803268,-0.8291111037773067,-5.667958574928667,6.153309707969408,-6.334023549912502,-2.7096451395341083,48.55380755505791,52.17663945078518,64.08620568292224,67.27684933479934,47.13529001133222,40.183197779161596,33.92100285682297,22.66913037029347,20.42514031011329,12.755149807494172,11.768787342771644,11.814680245471111,12.138596737692904,6.940164202979379,6.636596808346349,6.833926318394355,7.037435882757707,4.656946233533681,5.420985796706968,4.254370909910076,6661.0,480.0,785.0,962.0,1054.0,1077.0,871.6,343.0,311.0,1020.0,1130.0,701.0,5706.298828125
RBB13_179,RBB_n3_1.WAV,-385.0870483664621,28.00402224658057,-202.5002856072722,-50.9070662938377,55.7574047334273,-11.259666200174976,-7.603820292144093,23.33385157174968,-12.593214096158489,-0.511952856887335,2.518936152897496,1.5873338104647652,-2.0483960415493723,3.9127264800186006,6.711892062366166,-1.6594034047858786,-0.8946115052954413,6.955587850568363,-8.64826914035693,0.45405684431014925,46.742897704409266,52.32948621970326,62.43922799295895,56.561867749031286,43.05308990132928,44.949441340677765,36.92858364451647,20.956037744289368,20.733730320793033,13.065866601411543,13.586724256695842,6.998354023465435,6.7354498108282135,5.6454946123416025,9.057395757506132,8.231844549702698,5.631825032801882,4.0940119835889055,5.811044696124247,5.605814581345437,6599.0,492.0,765.0,983.0,1069.0,1062.0,874.2,322.0,309.0,984.0,1113.0,682.0,5641.69921875
RBB13_180,RBB_n3_1.WAV,-363.5434128164028,14.963921600895079,-197.8942027346331,-38.80543606926662,37.83900761102792,8.832605501131757,-5.849449802560903,-0.14553569436143488,9.4287239343083,-15.675300528474827,-0.41299168801476643,-0.24412689453875142,-1.4597685240339655,2.2188421219451384,1.6429624264979685,2.4257972147943843,-1.0730806161132065,2.1152521059851863,-3.40802294484656,-0.5146302218395049,58.1283143869843,47.90305507976276,56.91276759944148,67.9336584888995,46.33206245042727,36.2762052802662,32.93984650576096,17.581252526117414,19.995232842204228,8.476642338898285,10.470061372568525,9.986036006067637,10.734532251843055,10.884138603404901,6.054382502902934,6.615469966311542,8.534336599135838,7.597741761306169,4.51229192208166,3.9222155661937768,6622.0,570.0,756.0,961.0,1056.0,1079.0,884.4,338.0,304.0,1015.0,1048.0,676.25,5641.69921875
RBB13_181,RBB_n3_1.WAV,-380.76903804948495,29.68404525611445,-211.37794806678065,-25.84326136354974,41.10562348798932,-6.402578099723695,6.181575705881416,6.184112642311743,-2.4451381894392443,-12.037300951977585,5.3188377972436305,2.6486803186518975,-9.255510322288956,8.46363474357759,2.7397345500509496,-3.710578459181828,3.576753301011732,0.747249709606299,-4.98558852031842,-1.045249668106867,46.44572673800947,54.35057889282177,62.338300041780066,67.67922496498386,47.94488279019219,42.931807046969965,31.83052683984573,22.936117784038093,16.550946007680682,11.821989837367843,15.747167456573681,10.27326829610593,10.497127849511777,5.707162677781386,5.422073793388531,7.657472532401333,6.30619106714908,6.677983773629143,4.675366576486506,4.217512035827298,6721.0,483.0,822.0,1021.0,1065.0,1074.0,893.0,353.0,308.0,959.0,1136.0,689.0,5706.298828125
RBB13_182,RBB_n3_1.WAV,-387.0647778616215,41.35186066404426,-205.46842564338277,-41.17156814556628,57.22888230098811,-7.260854950928207,-1.6600204626842925,15.433922771438068,-5.316952540895642,-10.96735292248019,1.5216008485033456,-1.331936771563217,-8.848336200418844,1.159128834671104,6.092986293680162,-4.018707391770357,0.15964169214701635,8.006838164409265,-5.918036866796911,-2.042222045428677,43.787961572666624,47.116872781254166,61.720615486801925,57.77685125839492,42.648759963052164,43.21262965176259,31.98022547404024,16.623293571089764,17.083426395286175,10.459986753615256,11.586776785323071,12.393037187875963,6.958481784998647,7.611546475046311,9.827226377242074,5.5502199990571865,4.998146513306274,5.771549220914659,4.665719123121169,3.9721593875847803,6504.0,500.0,798.0,974.0,1079.0,1076.0,885.4,332.0,287.0,897.0,1062.0,644.5,5641.69921875
RBB13_184,RBB_n3_1.WAV,-387.60467687843294,32.58491691874338,-209.66636274727216,-44.78346412482262,47.62127337115658,-8.011141091897708,9.334855152383863,11.255351287986603,1.4977883478009262,-6.236115208735312,1.9545503150085333,1.2364943005369906,-3.987259590468143,-2.7592587898851404,6.094774868038601,-5.497679016517709,-0.5150317387500355,3.8622897063525783,-5.810966864641093,0.023012210771461383,44.413968236677725,51.26732398265421,60.75555172509302,63.60236016086731,47.323637099509995,43.85684581731599,36.575869047570805,19.929089827496835,20.96767059490123,11.959645565001807,13.772661783307745,12.800753512028587,8.374837275837065,7.702079915513824,6.749153037573975,4.764901534450352,7.676721289865346,5.53292449060643,5.1039770564317175,6.783243729192585,6666.0,541.0,790.0,1018.0,1071.0,1083.0,900.6,310.0,288.0,1007.0,1063.0,667.0,5727.83203125
RBB13_185,RBB_n3_1.WAV,-373.7594476862188,35.867360754738904,-201.5391663785182,-54.92693616003213,52.08436181551054,-8.46341512432993,-21.004128418820144,25.94905445852121,-0.47449299365278186,-4.5383657384185,15.94175962101017,1.7365792731803393,-9.815812898170764,8.360982402494603,1.2404836468192588,-4.500088778573813,2.4387244254342373,1.3266184326717585,-4.584664502603021,-1.2006228124802312,48.26267548259439,51.96725274890805,60.768725322683686,58.55387466136117,45.87348513999014,41.85188619253971,26.422617084962507,21.034217946526944,14.943039568832686,11.841568280695919,12.056562786890426,11.843410561659514,11.724286534977182,12.300120357317937,11.613549270310305,9.944436356630298,3.787857999322665,4.821895615060924,4.576038088283597,5.246697117461679,6538.0,537.0,786.0,969.0,1051.0,1084.0,885.4,314.0,302.0,948.0,1052.0,654.0,5684.765625
RBB13_186,RBB_n3_1.WAV,-383.5563546481572,28.13796316579194,-207.23053382028652,-47.868955679916,61.246852094718086,-16.200146810056758,2.6127090895943326,30.59216039260498,-8.207466112658821,-1.585085756898995,13.107863218277606,-9.736733712668485,1.5687919046973642,-1.3948412740728653,-0.6200440023253042,-5.448310689699646,-2.2508526463081555,5.152315027543301,-10.013817974472017,3.5325439660838267,42.703077310332375,50.924151828235715,58.94808108860753,54.86257301353777,44.553889886928374,46.43228504791142,27.315899043910832,18.952810171222836,20.73492682650798,10.218871222586557,15.721752298197138,13.306310386589614,11.167112825887129,7.929697188096861,7.44383918759631,7.00282076603623,5.587038798712109,7.139336691141284,6.0543057652401515,4.818292535578191,6569.0,501.0,799.0,1014.0,1072.0,1084.0,894.0,362.0,303.0,901.0,1038.0,651.0,5727.83203125
RBB13_187,RBB_n3_1.WAV,-369.7599784885936,25.464987283353317,-207.81914847001792,-29.471807576938193,35.20972241367047,-1.1719271926133823,-1.783951407735349,6.816826032759443,4.243561908572634,-9.075706973655478,6.6988433431666445,3.869618843722844,-7.0190271402340665,8.02511143652814,2.812559219801911,-2.2251446527379874,1.7484959036468213,0.3851832149072703,-2.4309700620556702,-1.9269391969746075,46.15233208276887,58.22077891265456,58.48994954411842,63.280987642895134,44.394782304265526,40.76286662445239,32.16206625642568,20.865927965382753,21.625214498402364,9.876162636040702,13.788038504066177,9.291142437645473,8.603146236204264,8.818129802942893,8.966514594812283,6.778365084734462,5.129719729574066,3.651354154437759,3.8651966592884803,4.096673126823761,6718.0,497.0,767.0,1017.0,1058.0,1070.0,881.8,331.0,326.0,1029.0,1123.0,702.25,5641.69921875
RBB13_188,RBB_n3_1.WAV,-368.0295845945107,22.20111285713453,-200.5598636105197,-28.862011040473433,39.07320843200809,6.339115890505202,-5.778012365203728,5.092427880855211,12.409038060639075,-12.195529381241075,4.741633219857809,2.7552507244535893,-4.790387285914196,-1.9225046289988152,6.04273368163757,-0.871091778620955,-4.677958203750762,3.7528555419151037,-3.0960915922408945,-8.764265651763717,51.0796122356884,46.257629241384805,60.45967362062556,62.22630861834465,44.324052521027355,40.698006701385054,34.29007116496676,16.20485234314648,19.90931426792396,12.979990136583597,13.285790354683524,16.52915739159449,8.684220528355947,6.577052223642088,5.778690757672849,7.0376724404779525,10.481491215063869,6.062564909811166,4.562103324452723,7.0259962807511025,6521.0,493.0,762.0,953.0,1059.0,1075.0,868.4,333.0,318.0,922.0,1110.0,670.75,5684.765625
RBB13_189,RBB_n3_1.WAV,-368.65524192786637,15.903682455140785,-213.05655433652018,-36.23045142994238,39.28114409893926,8.65786688655035,-4.7268891650645735,16.794080389863744,-4.480589081048009,-6.32352083998301,4.8429392475310795,1.6744190266957988,-0.2414849248647717,-1.4584982572081853,3.1424240751233152,-2.381339492091708,-4.125283883104411,5.8912279384729604,-7.8763834375259885,-0.5518816939248995,47.53586853416242,52.00874685070352,57.57294459029419,62.40677896305463,43.14277457728495,39.49426317255279,33.631577363404695,22.82070721760261,20.115879020971512,12.514851440155676,12.255605478628633,13.650600185623597,7.974015723074436,6.6588487552483695,6.143047627298353,5.247423552130085,7.932084487855004,6.10228921377344,3.82403751090323,7.358894651374825,6645.0,606.0,779.0,1005.0,1061.0,1081.0,906.4,317.0,324.0,964.0,1012.0,654.25,5663.232421875
RBB13_190,RBB_n3_1.WAV,-367.60800842667356,22.358005721450805,-209.24541955587424,-37.816463468643015,45.345307497488854,-0.9199072983841818,0.2591346586420329,16.767295505090782,-1.4621945019361537,-5.007723882781977,0.4857993886041447,-1.0152684761311126,-5.919108605018997,3.1982911282524253,9.31108092580542,-8.363947650299059,4.717379370322237,-0.31135501986325737,-4.846322037911224,-0.6618291793080063,45.68928033647896,54.697903665994986,59.74285038581062,60.74959639440311,45.16063278847828,46.73972004887022,37.66496802410286,22.176382875763217,14.463715127410422,12.327350152658735,14.889674051841894,12.209745735224955,10.759006000239285,6.875244018663376,8.75968319036361,7.554347397038771,5.9879539490683005,4.945935209081198,4.917355222818369,4.29015502333093,6431.0,463.0,779.0,976.0,1058.0,1067.0,868.6,313.0,316.0,887.0,1076.0,648.0,5620.166015625
RBB13_194,RBB_n3_1.WAV,-386.19084290882705,30.34308588618814,-210.25382959291292,-36.808425578616536,50.62145611240299,-7.250789430074088,7.779977266377157,11.652266533438526,-1.1480510824283026,-9.509159674487657,6.555886279478886,4.878914459119518,-1.5450856486601448,3.8938443627523034,2.0600242946101934,-2.2220101037753768,-2.5868696575315693,3.6788946233757995,-6.172902990624353,-2.1810410789280548,52.85490783608215,40.18559959030053,60.545973327183916,56.76848418495436,46.68834462516471,45.29072389644664,33.18393910369215,18.733590161217638,28.41459305363443,11.344315840001196,13.43511945117523,12.642357176693704,12.636265972774488,5.4708613900177525,7.851293099284448,8.281810411989161,6.099038474992423,5.950540288046879,3.9623218354916716,5.586620024572581,6648.0,490.0,823.0,977.0,1076.0,1086.0,890.4,352.0,314.0,953.0,1081.0,675.0,5727.83203125
RBB13_195,RBB_n3_1.WAV,-376.8876086377255,41.705065383955954,-210.75630086523935,-37.9378972493233,50.07135528950144,-18.00010254939816,-1.0922085534290726,4.850718901782993,-4.356612388124766,-6.735567779941824,4.278668025671579,6.712125979072929,-5.986778492303021,3.7398524912588753,5.410154239987384,-4.295770066646553,0.04113077928789857,3.2888287682048185,-2.7591582683211056,2.8537247732881132,47.87990113028478,49.959651320837054,60.22887397325372,66.73292855351929,52.08532901307202,40.430896252147456,38.19097243124977,25.21424253060262,24.127747196523494,12.275927439596972,13.762766336647136,8.885778847300346,8.863080635611297,8.693297891309502,8.856654590089935,7.262219799319795,6.607049327426003,4.837547704517207,5.441749307197666,6.136850220873662,6542.0,528.0,795.0,997.0,1068.0,1086.0,894.8,326.0,299.0,958.0,989.0,643.0,5663.232421875
RBB13_196,RBB_n3_1.WAV,-367.4982895814959,32.12262877192651,-198.09240549223315,-39.86663408291429,52.01993892052899,-5.879550297826572,-3.704844069461782,16.99141851990586,-6.31782109763321,-8.102089519664988,5.638726569481833,6.29650557438554,-8.23664264124062,9.330693219357707,0.7531625752799513,-5.92167764565966,0.7526707202548958,0.3297583028093746,-3.4513330174347243,-0.26685258244811233,71.65195163670019,49.650088761914155,59.24941150635755,61.09712999527042,45.33866066349167,44.2332173765422,27.440099550531063,26.199214914577393,23.239805962800475,11.315194582453238,14.664210142504846,8.367674091689834,8.813098434568865,9.384902897212724,8.309269162430576,6.35830483393745,6.004945844057473,6.951912002054168,5.690180509711997,3.850993051326719,6661.0,569.0,801.0,995.0,1082.0,1076.0,904.6,352.0,281.0,930.0,1087.0,662.5,5727.83203125
RBB13_197,RBB_n3_1.WAV,-378.0994171136499,17.50982334182985,-210.9867115262071,-46.48961763887051,59.108014635741355,-14.56542535585606,-3.4011432544783675,11.685613270108517,-8.93241645319009,-6.915417781789652,9.571348159996377,4.670331923372016,-3.3583477324673066,10.810843855974708,-1.3352918107410379,-3.670272480721563,1.581068827971834,-0.2635504996470124,-5.771882190698458,1.3795380328675273,50.41582930192387,53.370433135194524,60.96273937715282,60.7718102134381,48.38097979864739,46.73649943565835,33.95485303573481,21.364930063845495,17.477725389221515,11.107343842412655,14.651798161691321,8.720568021728978,9.213183158942876,7.7131549524305125,6.422575398505509,5.701249442006486,5.02606959629063,6.566744003149622,5.195419173575233,4.5611318177082305,6565.0,576.0,784.0,1011.0,1035.0,1092.0,899.6,302.0,324.0,942.0,1008.0,644.0,5620.166015625
RBB13_199,RBB_n3_1.WAV,-389.92477311189435,17.5359381899426,-212.88817497015697,-37.8983695438546,59.50919766094605,-5.373088610639125,0.43772822916050724,7.440216543122295,-12.895783382998863,-11.014529646956477,6.227325925253033,3.8593997990008844,-3.883881816657467,7.098979487621225,6.770340140160296,-8.281653332899559,7.10588169837954,-2.2771269927376645,-2.073784640502161,-2.144332740410356,46.88257964174049,53.70740150143384,61.727525264326125,67.08752766277388,44.97508035950089,44.849924152041176,35.585041995554676,29.17065043255198,14.032654527061302,11.568669128861258,15.637610979269336,10.553290876339826,8.871367895508993,6.932824652358221,5.852512652494671,8.846436077879684,7.836165906179157,9.115300828858523,6.470359325940265,5.511357366355521,6685.0,570.0,817.0,1008.0,1048.0,1098.0,908.2,325.0,300.0,975.0,1057.0,664.25,5684.765625
RBB13_200,RBB_n3_1.WAV,-380.460679124265,9.333565290417322,-214.69192900455928,-35.71383835124531,50.49358891285113,6.916676272355084,-7.83330593324685,23.105386181783796,-13.760920058859705,-10.33137719748716,7.887543366868707,-1.0933633490661645,2.1472411664290374,4.536013493325008,6.14615574400862,-6.013697159755024,2.723780211836213,-1.3399534824570594,-3.378034177315532,-3.4270337397689614,50.32692118114547,59.200294154628196,59.825496472817974,66.8498481469178,50.43645681615179,39.99997312004984,24.410078322249884,20.80761632197864,19.617903680674505,12.39883339877344,13.41221000811016,12.361491408105246,14.77214698981815,5.978976572408383,6.708396175919772,6.77120810484779,5.499050427415543,8.61422680636975,5.449926649204142,5.240202632543467,6593.0,571.0,806.0,982.0,1067.0,1079.0,901.0,329.0,291.0,962.0,1014.0,649.0,5663.232421875
RBB13_201,RBB_n3_1.WAV,-393.55501582070167,19.18732981383003,-218.1526677864814,-42.17032004678972,61.68247385745356,1.9148130699869124,-2.423389375684582,19.198136165309464,-17.768259684649248,-7.692833308138451,1.6691575926697466,5.206362151157185,-3.5003297166844294,5.851039018087704,4.177551158888268,-2.8475613180547468,2.191789502088767,-0.48677694049149334,-3.0342448583271753,-2.8159702793194286,50.308362978926056,54.60191633555882,57.502437461694804,65.02101995250194,49.71145053425115,41.47259564794477,31.22990199368011,23.117042995894096,25.366551841458893,15.770669966646475,17.265781963317423,7.111294962224478,10.503238507610773,7.388277068571905,8.759236679050302,7.982773719223699,4.5675184956456505,5.463426176243534,3.1421724999631113,3.8822857240138444,6630.0,620.0,797.0,998.0,1057.0,1084.0,911.2,296.0,308.0,955.0,1020.0,644.75,5663.232421875
RBB13_202,RBB_n3_1.WAV,-385.8218466512757,14.116261905850369,-215.87110123077784,-31.377798361853856,46.21571365267037,1.5933817244274247,2.256053936714965,16.33304826024396,-6.0994278037354706,-7.361276272970449,8.406703175699386,-1.558316067071383,-2.6110586129022826,3.1598497086993818,6.013487463888731,-6.9169334194583225,0.8816544302706079,1.1930190492033845,-5.196922726985355,0.7783195253835887,49.00109415475723,58.06662151532032,60.851445686130816,65.06253736867868,48.40130117778914,43.93503574542886,30.577279027173848,20.449511960730966,18.979806696392473,11.277659836078982,14.647888751940128,6.799805086333859,12.416390967952745,7.418714095367319,7.8093407260686245,7.300310415905746,6.437847217703769,5.099230271316249,4.815020668860163,3.9119545884655733,6629.0,536.0,806.0,973.0,1053.0,1090.0,891.6,365.0,292.0,920.0,1103.0,670.0,5663.232421875
RBB13_205,RBB_n3_1.WAV,-374.27021836275026,9.654668711717484,-205.33540870624495,-40.725681260878616,51.428103305294584,0.35859457733377653,-4.135585625297808,24.153186978073983,-14.43579944281091,-4.336330549265139,5.094882958714496,-0.6340859235044719,0.49366835569349105,2.2918618464627594,3.4061547468441784,-3.283769455758104,-2.844236359521012,2.572835750074054,-10.56324781212559,0.334808317740563,45.160198057850366,50.441681248559334,61.27794640052842,58.38672848535504,45.64787679901526,41.18252575954529,24.17581787959278,21.915262864895645,22.351744003376506,13.289879150954304,14.990233952087593,6.98622788679317,9.652665619576172,10.55745983021559,7.200132419898679,8.126365433520144,7.454327244610157,6.787626770118881,4.9608789154265045,5.311657385664815,6513.0,437.0,800.0,995.0,1081.0,1084.0,879.4,341.0,261.0,971.0,1052.0,656.25,5706.298828125
RBB13_206,RBB_n3_1.WAV,-377.2367532913028,25.64568190311995,-210.20042968583934,-45.6169429586721,59.39860698249035,-13.714582651711618,4.1361423461972,20.22688250729866,-14.527270923939945,-0.8271707976817873,0.48631591195104307,0.7859867411253186,-1.6709993593107342,3.1269917963957337,6.159906543684448,-4.577415739929146,0.8611025525557825,2.8294548733713683,-5.605883044318103,0.9790948150534979,48.83339299454295,49.019776604664585,60.743896110936355,54.87007616131514,44.64095459382999,46.99923162920194,27.37876407384221,20.94484550465745,25.793136866553855,13.264032655805401,16.112644326105332,7.7968695577200755,13.420247440416194,9.263199925795815,8.961125711035493,8.27803328457586,4.757890061149331,4.556768820202922,4.872905991071281,3.858657036253427,6732.0,619.0,817.0,1021.0,1076.0,1062.0,919.0,334.0,315.0,916.0,1073.0,659.5,5620.166015625
RBB13_207,RBB_n3_1.WAV,-356.3605311401159,10.061199412697954,-200.42914338562122,-32.07244521468458,32.749036301879016,-9.60948693627165,-12.41721372714238,14.071614096245993,-16.110785307501143,1.154517277777742,8.8516553540743,3.0215116131080126,-2.2570027594828597,8.606918183721822,0.971009007393143,-5.27341211218464,5.241672158689371,-2.3299321361188063,-4.434527718674037,-0.19703945201664635,57.23688155914867,58.28033282859371,62.83204721989712,62.52951490036044,50.87317573722323,45.20297032128362,24.62449734650218,23.610979742581524,16.02647370811557,10.244277286283907,13.569193382821549,8.259754891756264,8.557025860290594,9.220138206146546,7.787982242975934,7.719101474989373,8.56348968298851,5.35732863756614,5.266287058851188,6.550253070333931,6647.0,555.0,802.0,1000.0,1070.0,1072.0,899.8,359.0,312.0,939.0,1042.0,663.0,5684.765625
RBB13_208,RBB_n3_1.WAV,-350.79723448094484,3.8034346744216276,-201.0437153761361,-29.167087128083303,26.60904472333095,5.934142223537155,-16.770930858735248,17.324396176820837,-2.431852637439435,-7.121143091235314,11.115615188616804,2.1356852209314705,-2.2693351096840786,5.29116083520744,0.9089983607215889,-8.748463899349849,-1.1827946403192438,1.7973627410613715,-4.641277372599642,2.6811043051898507,50.47615117357766,44.62707488752979,58.331226254783076,63.58171403304454,45.16568543446238,40.86170865493361,23.84189907934126,23.1881030668029,18.277573032479403,12.744019577306316,12.977093079733672,12.832301193577146,13.977199733054649,9.220819876230086,6.76807417945171,7.311289791947471,6.081401868503958,7.154329420793971,4.702313753195599,5.795698059974079,6549.0,554.0,760.0,1003.0,1042.0,1074.0,886.6,335.0,283.0,960.0,1042.0,655.0,5706.298828125
RBB13_209,RBB_n3_1.WAV,-363.4835595242395,14.750937673727012,-199.45916436462355,-33.946027196804074,42.77806044326094,0.2915595180962048,-3.627949045598957,12.625711589765055,-4.910418293602844,-7.883105785551368,6.788790022079138,1.1335429289717012,-3.84833310818212,2.082558926191752,3.0227749727295743,-6.810843474669889,-0.03528865955143748,4.1893632402289365,-4.926470484774966,3.1831138681984417,53.74370539013136,55.63915854527177,62.00341275510461,65.55094680656245,50.87667504902233,41.56861654493861,29.724992158253933,23.531400871152844,20.05495644907254,14.817052698904051,13.519871996040301,8.564846979854519,9.440226283421232,8.070096837865313,8.105168903855851,7.69754872452293,6.714551865816791,6.345829635883479,5.523605507552344,6.388736958121616,6631.0,561.0,789.0,997.0,1068.0,1063.0,895.6,334.0,287.0,979.0,1069.0,667.25,5663.232421875
RBB13_210,RBB_n3_1.WAV,-374.2392438494383,27.577233439906653,-223.25037083687505,-32.46638050992264,50.40700337785028,-16.16275457685541,1.3057876225488982,6.063377633923616,-9.005621936848177,-5.101455747781131,2.9105539736262838,5.244005954109494,-3.607763749545878,4.206345992876649,3.6366929346275767,-8.106898880263444,4.7951015879138925,-1.722111203972908,0.9274457702372056,-0.47520602681590896,43.97825174410076,45.16626275598352,56.281896719761164,61.52031882495605,45.23357392151502,43.41571597247339,24.06610130273022,26.784089150063473,20.481520396889447,12.83464352179133,13.638133656228042,8.735014972942702,9.474198770333587,7.275234300537808,5.99304695837644,6.795769700542984,7.662873555151591,7.981673795008458,5.923449045159938,4.039374110251322,6576.0,600.0,796.0,1015.0,1063.0,1074.0,909.6,299.0,320.0,923.0,1003.0,636.25,5749.365234375
RBB13_211,RBB_n3_1.WAV,-396.56082098585824,36.73481021999232,-210.80123978518185,-44.35070670403072,62.37537235039283,-11.522751729686236,-2.046427852090618,19.099238607916888,-4.388727936071786,-11.566706009251693,10.801307362954404,-1.0974246087300683,-3.1351971796976703,4.96340348646,5.5202629603322535,-5.497467802901481,1.3584874882768025,2.9356040077435352,-7.542564657763237,-1.361138760825921,46.49140922313701,44.45355758623215,60.73519690087155,58.134797547263105,43.56723763117127,44.694387857897006,35.73824141901069,23.267769368248352,18.833559348526677,12.132541833604028,14.1537945157411,12.3231905704749,10.033042887057709,6.155736146795265,6.220686625667679,5.955224526968204,6.080112128943575,6.729484546872176,4.4835358150813835,3.6749522172377027,6601.0,479.0,783.0,999.0,1079.0,1075.0,883.0,326.0,293.0,976.0,1099.0,673.5,5684.765625
RBB13_212,RBB_n3_1.WAV,-389.555215759524,33.09352976705296,-207.62841930367887,-55.47737782231443,57.38254895652343,-3.909940546080193,-9.248727574932635,24.180811517518464,-10.556893215667111,-5.742940382676447,4.340970770968881,1.0549205965959632,-3.074947543583206,3.4736670938004597,7.945372107649847,-7.170625903884422,4.023033019531177,-0.05416314679555514,-6.321875724865962,-0.7695115399798937,48.10748817465825,48.419463667804706,58.66519572081917,55.983851741282805,45.20946189284104,41.6618622141877,27.924654627866808,23.21104122961097,25.963672113188885,16.07430809038305,16.73851450580376,10.92596550564316,10.887662197828032,8.615329322733238,6.672098816732197,7.0427465315497635,6.432330047189353,5.979711272234897,4.427850479394863,2.9380886988310175,6641.0,532.0,771.0,982.0,1070.0,1085.0,888.0,298.0,312.0,944.0,1156.0,677.5,5598.6328125
RBB13_215,RBB_n3_1.WAV,-375.69889698286596,25.325507811459584,-208.33181312774724,-39.5725273611641,48.47738124459844,-1.5722193489321215,-3.277163457899054,10.633845417380643,-4.434364824891189,-7.74875864829074,7.872468971128774,5.993463562088439,-6.7168206942563256,7.0328450510360305,3.812488965821345,-5.255217534611152,-1.2697285367029885,0.9787026616522988,-3.5456748497168378,1.2223954246146091,52.237858625682655,57.87668108913296,61.89820638772489,65.92756403564508,44.024954875345905,41.482411629314974,32.68275616438871,24.869399538937905,20.79192589498514,11.889037143315571,15.941237368267732,7.388443977468741,11.119752069127543,4.44054168669552,7.167241037596558,7.927308976606643,8.86894436732572,6.264052746034812,4.677795623609789,4.835284842957704,6650.0,579.0,819.0,951.0,1039.0,1074.0,892.4,365.0,313.0,989.0,1033.0,675.0,5641.69921875
RBB13_216,RBB_n3_1.WAV,-361.05422652790054,19.90605657458886,-214.4776951863447,-22.08742671008577,35.565363965505,6.609204552283989,-2.013659505416561,-1.3024616877860942,3.931963934223258,-8.79223067645178,0.10569846959334804,12.266439726073674,-5.563456263553204,6.993065522675255,6.05811832792619,-3.8265813836047626,3.707987825308874,-3.9312331034794723,3.402209637100533,-5.554436296005957,45.44595208078621,50.03437646911562,59.72764122780795,65.51834623918083,42.34528736553024,37.67613553959394,30.364174262947532,15.724058311537114,27.47723195717798,13.206855786514726,9.047503993482197,10.264262938085203,8.393987720341073,11.55276894275647,5.236573297743454,5.7200004523587795,8.437280506056018,8.112743013395148,5.378075854395106,5.789149876164523,6620.0,588.0,753.0,929.0,1064.0,1072.0,881.2,284.0,305.0,1016.0,1113.0,679.5,5620.166015625
RBB13_217,RBB_n3_1.WAV,-405.3185490106594,57.089404747166576,-192.1782329680655,-74.1501216720059,79.46477933897427,-14.05927157470148,-14.768898066888454,21.848701401023494,-1.4796947417552293,-22.268622122009003,16.47735713398204,3.524724833559692,-11.838723423616605,5.079318020620232,2.558536445294416,-8.337945506532682,1.067935740244076,6.140710877830458,-3.8932790961239316,0.15004654396681938,49.054643971501044,45.246770567635224,62.78374218041653,43.068781576135606,45.41309037764939,40.39857916064204,29.432575345918757,23.31966462150885,14.64343643688343,10.897593917073396,11.492624732276614,10.098834738310979,12.330890460363321,8.274955641122576,7.491692890038269,6.465358301883153,4.935812032849543,5.685618232759582,5.632695345742329,5.3079050426781595,6657.0,533.0,799.0,979.0,1043.0,1042.0,879.2,338.0,334.0,987.0,1113.0,693.0,5706.298828125
RBB13_218,RBB_n3_1.WAV,-393.9699487362199,48.22765036879503,-204.46457130351433,-64.70641163927088,60.057450211543554,-1.2498219018556531,-5.511783190574624,24.081727559328872,-4.140216828542195,-8.934402137029661,-0.905781801317105,8.423992211924801,-11.147262865126509,2.142410013069899,6.840972963393941,-1.9228579577394893,-0.9994627323754107,6.3432555510067195,-3.4899376344660893,-2.3319121529855527,45.89962721067391,49.36682991274788,58.86015195916824,55.53960222125794,47.00758451584676,40.871388850650106,36.093030015956835,22.520946509350143,27.805640678630667,18.537975373060803,17.220078770249565,12.592524310909369,9.02802243130528,7.3085541740105135,6.749779520727651,8.46072540883323,7.211686851593647,5.73415242048385,4.72866208155613,4.000225785160746,6671.0,563.0,786.0,960.0,1077.0,1084.0,894.0,300.0,311.0,1026.0,1069.0,676.5,5641.69921875
RBB13_219,RBB_n3_1.WAV,-365.23395602056166,23.94653923378493,-201.73950301267945,-31.489032142957857,43.85262974639224,-8.137963313414026,-5.902644270533199,12.328534130138292,-8.972772992766776,-10.926909377967123,6.623304680611942,2.59679540741685,1.2412416759699734,-0.20290926811248128,8.867244373428766,-8.809387991296056,3.989218755498058,0.043070619809013506,-4.493099043513755,-1.5051581342835134,44.91091089171534,61.42320564559198,64.74812976897176,63.00474392523114,45.16878566668363,43.853211348109305,24.846239128273904,20.488772217755322,24.162049321912008,12.803724326363062,14.546601955358506,11.298324144048616,12.882598421512002,10.209529318688732,6.4176043917538195,9.199442406528949,6.677394725878746,4.500769989285085,4.560891738019265,5.334610699862107,6847.0,633.0,828.0,1007.0,1062.0,1070.0,920.0,314.0,333.0,988.0,1127.0,690.5,5727.83203125
RBB13_220,RBB_n3_1.WAV,-368.5169151929798,37.02408475721904,-207.4828852782845,-51.55728123954962,55.5606708477966,-12.97079332704019,-12.296435204612825,25.3960780937507,-12.044936527814171,0.8374581726464198,10.777938616397563,3.215376207570915,-3.4962935435645304,6.077690039870862,-1.150015367202241,-10.673357485135398,0.844504579191078,-0.8245471822290698,-2.3911598212136123,-0.6823999110912553,58.32526570152061,45.37716987889693,62.40354545205922,60.90656553850902,45.68593732063652,47.4154210102446,27.985274427533167,18.95339887050191,19.280195248247633,13.888025459722048,17.489747656547276,10.368474692508022,9.9351272143501,6.6582580936738855,8.86025517501533,7.813412189901089,6.003016832441597,5.171123679783845,4.690265357021141,4.8587042881657405,6321.0,561.0,778.0,941.0,1075.0,1046.0,880.2,312.0,319.0,759.0,1038.0,607.0,5684.765625
RBB13_221,RBB_n3_1.WAV,-374.1837337904058,21.562423986575723,-211.52491858863678,-35.75382448482454,47.84319727532102,-5.818533217691808,3.2007450288420576,8.928716480002855,-2.1632833204456783,-7.973901704538979,1.9613368682122176,3.1402998506321183,-3.6314039475779176,1.6864286616827693,7.132970085216805,-4.1149105142225135,0.10123692891581255,0.5383615127232628,-2.4449379623400427,-4.236363704439743,47.25089297388517,59.62821400508608,59.68662835437017,61.51552346856603,44.235683728425435,44.28949420296927,30.933041928527334,18.32465279505609,20.47086824301602,11.965136869777306,14.299483011023638,13.240379379781091,11.14861764159703,7.510893154746485,6.9964297739048975,8.422190134415844,5.9876439390961735,7.853287737947255,6.533315115434227,6.3473292141161135,6790.0,603.0,794.0,1005.0,1078.0,1064.0,908.8,309.0,306.0,992.0,1144.0,687.75,5706.298828125
RBB13_222,RBB_n3_1.WAV,-371.80238396747234,25.33713595003205,-203.7625858663402,-50.98888926795189,46.11076866324416,1.1958733599126496,-9.197481316150254,22.10053739793292,-7.264809546802225,-3.262002313171535,1.9121526476845643,2.0106625077891556,-4.641340423875351,1.4488929908066561,3.0155039454998405,-1.7975877896934023,0.21354330041073086,0.5707754997570509,0.7135543503500831,-6.362570326652802,44.56554991098259,61.68403776472716,59.5046355594373,58.478049067245806,43.03190660705071,41.652029118774976,32.0705259537903,20.378640933803574,19.888770922194922,13.929519391827338,14.124834751065807,10.673491943385212,9.388630971210969,9.122436100592711,9.715229176741511,5.162916697774007,9.62565680266809,9.584994924842139,5.274274725550247,4.8668362804492205,6645.0,576.0,788.0,969.0,1072.0,1068.0,894.6,304.0,323.0,953.0,1109.0,672.25,5641.69921875
RBB13_223,RBB_n3_1.WAV,-388.6207382742114,30.75769974656721,-203.59422952143328,-33.59852021607896,50.38696129481563,5.749930924491092,-8.30041511415066,20.215371093431465,-0.9789248648943257,-18.577233861904965,10.28296707119662,-0.7776857344454767,-4.129334899013537,7.402863827401597,4.3430959376868685,-2.4021883914567526,0.450412996760175,2.379244979166923,-3.704966309797596,-2.205757100837,48.62783391438264,59.27041488169355,60.528356572732044,67.49215442646963,47.19592351007339,45.05423541347609,32.23492698386069,18.875629465963602,13.901893188922894,10.36857057458375,11.62226967098467,9.922160230615251,11.125789431162469,6.537468584461384,7.181626779660531,6.879249202194731,5.718036095829948,5.727686453373491,5.0095297372363286,5.506586489814757,6730.0,556.0,790.0,1001.0,1068.0,1078.0,898.6,326.0,298.0,977.0,1149.0,687.5,5684.765625
RBB13_224,RBB_n3_1.WAV,-377.6005765008407,41.71078874426603,-216.54955943486453,-42.219832929935954,47.06302253190762,-15.368518726947537,6.3706745575897115,10.612095397896587,1.384297767685169,-4.410585860574392,5.862318706696454,4.002136891694816,-3.215973703719626,5.127214979388797,8.488602023231639,-7.276740133709181,2.7099321595787953,0.5119582483144837,-5.570335099585226,-2.2778079576105337,45.278188953933615,51.97925269357054,61.65010872318555,64.05118155390107,44.581162761169274,47.04351065801406,44.814338700017665,21.398362257490714,13.206550081955008,10.523428598784257,17.937171108344764,10.216609078894257,9.711849237966678,6.331259016516999,6.157280629450418,5.911779017006641,6.27049224030199,6.854184504987275,3.5163151223258184,4.208166488364687,6402.0,506.0,773.0,946.0,1077.0,1096.0,879.6,349.0,301.0,831.0,1032.0,628.25,5684.765625
RBB13_225,RBB_n3_1.WAV,-370.184550549803,33.8964717758931,-207.6740010487188,-37.56799682769944,49.49945924262401,-5.605275660257158,-2.142321112700285,14.46880315380238,-6.198092591574068,-8.287102549108466,8.560411708154708,3.3022706796271355,-2.989617155026715,6.608256073304501,4.4829514513508215,-9.17616247226952,2.424382819594349,-0.17763087867882316,-2.71777415735958,2.9156426554575607,52.14265882964781,48.416779748660986,62.79071009038669,62.31861957405031,52.44697802362762,41.18306177158346,34.84671400141242,19.993031133203736,24.24915076112895,14.211728989475139,14.055836355761553,8.47077335201515,10.776771675039987,9.559706976586675,7.78135608162273,8.268092566073015,6.369263661502155,6.328939533101424,3.4170562026542206,6.006615982176873,6611.0,585.0,793.0,936.0,1044.0,1087.0,889.0,324.0,293.0,1003.0,1066.0,671.5,5641.69921875
RBB13_226,RBB_n3_1.WAV,-375.18313094153916,27.267292381167508,-208.78335943127018,-43.79708216633101,49.613983332878185,-11.5519284242076,-3.213350246945881,15.729039861427752,-11.666966581916904,-0.5448450401191576,-0.2574816711464219,6.588616356750334,-12.677498732729042,7.608391722067524,4.615027310676308,-4.515250494247327,6.2941109984277075,-1.8894040469766575,-1.715862671214945,-3.1550885190719047,49.718350272746534,54.216460804105125,61.965936609327024,63.62874108728863,50.003882960359796,41.20567663926756,27.825401709354974,22.492068446514864,19.049258410054666,14.371958737581746,17.53269401010143,9.779726951783175,9.027356498700527,7.251124588851937,5.808634206188581,6.22604884831561,6.0089519550123125,10.016445720613882,5.1186322691852695,4.949071316591229,6523.0,555.0,813.0,989.0,1031.0,1085.0,894.6,329.0,309.0,863.0,1061.0,640.5,5727.83203125
RBB13_227,RBB_n3_1.WAV,-374.0565767924087,17.215423682871833,-211.75266107813746,-22.464215947383078,37.36150547950014,8.09444113270937,-0.23807047035067028,12.601239563228573,-3.451178508281793,-12.748526855610514,5.93603512403119,-0.02422536475102349,-3.8889474898741905,3.113316363416561,4.456044895890368,-5.107409564642452,-1.3500281808395795,2.750091882829816,-5.030567412980585,0.3037274807390012,47.68213707638748,60.19541506837755,59.708475413374956,72.19702525104262,47.30535714649286,40.17429430585785,28.408993889332578,22.367476446171604,17.245344283579975,12.070841278026931,14.72246322723611,14.305109405833031,12.293650672581688,7.79952941374604,7.773315788777103,7.6899136256938325,6.788246885989265,7.311935187601202,4.109177080561808,4.845260799075467,6724.0,555.0,782.0,1007.0,1067.0,1088.0,899.8,327.0,295.0,982.0,1125.0,682.25,5727.83203125
RBB13_228,RBB_n3_1.WAV,-382.6937563192706,31.756587804181013,-217.645681571813,-30.7117967987086,39.632364610816545,-7.536177375898463,4.675759833409965,13.336278632376237,1.501597522608037,-5.618758722148461,3.686480594790103,7.486404170725661,-4.477351031855692,3.353313562580026,3.9322323652193547,-7.066002110088779,3.8450236182826827,-0.7776689117197517,-2.5641014610681654,-2.420814587720742,47.884206114365185,53.5155024326657,60.00240523814354,69.3059033334437,47.909559683747105,44.931877678948105,30.852998464267472,19.659554751840318,13.682811440914515,13.445055842206024,13.885968365165903,8.498124809820922,10.162074959963643,6.5425992947551785,7.023937927660758,5.758606183425503,6.742471607565147,7.193317873186591,4.495014399870858,5.037717823025497,6749.0,616.0,807.0,1006.0,1054.0,1083.0,913.2,311.0,310.0,1007.0,1062.0,672.5,5706.298828125
RBB13_229,RBB_n3_1.WAV,-375.6011556233314,28.411825832099034,-209.6496529064105,-38.40865166857719,50.46341133065542,-9.884858477902572,-1.6138652689418138,18.88802064087773,-13.657768582368025,-6.255657607210707,2.197941221834109,-2.8495215195737607,-4.643688393023343,4.703319918581213,-0.8819286680994743,1.8965202022649252,-3.3130822272344393,3.195936002818115,-2.7189097302279057,-3.1485665140105366,50.734343450532684,49.03187521982599,64.10913523661692,67.35891923316223,47.305796520151524,41.77618620140145,29.244993151969908,21.934541190227144,22.555620306138856,13.646850860898569,17.88073866031696,14.559589600839882,10.953078084504416,11.235607634030012,8.274311158963544,13.542454662258848,10.638111185990516,5.997583299110259,4.964591586595477,5.620526199974753,6619.0,589.0,817.0,980.0,1062.0,1087.0,907.0,318.0,299.0,873.0,1106.0,649.0,5641.69921875
RBB13_231,RBB_n3_1.WAV,-368.83893560361264,37.03448997150187,-202.9455985301634,-30.364924914617653,45.711248378961564,-7.606124296748058,-0.23775999531419126,9.587385635388584,-2.5000104355151307,-9.715076139254574,6.771792098643634,7.609618947562029,-7.923600493875893,9.679429086218938,0.6290739939703873,-5.04368983472913,-1.4856505381633867,0.13276244640774187,-3.307726002076988,-2.5913873018204607,59.574933333727984,47.48027237577792,63.950841252051994,64.66868904229433,47.08813259927053,43.52923148290584,31.25595934120817,24.00554718483077,13.98878585472616,11.787200946530378,14.640556512534973,7.706380006988791,8.73707025110379,7.39816585696578,7.959439904955089,7.125670247098726,5.232328192641967,5.467707090550541,4.579193761450146,3.7531758884480335,6680.0,604.0,795.0,999.0,1052.0,1081.0,906.2,320.0,267.0,1023.0,1062.0,668.0,5684.765625
RBB13_232,RBB_n3_1.WAV,-361.5741192341006,21.91531788848392,-191.78516666037433,-33.884837854028596,44.06170845660912,2.5776546123033244,-9.40196633052082,11.933111362534367,-4.457727415969993,-9.777909855477088,3.327634228592674,0.8475603951195269,-9.248163210170821,2.194278601293072,4.492916806067828,-7.106700280819678,-0.5567288212268626,3.1152510387093395,-5.096203095700832,-0.15971483966095218,61.80376721168256,58.8417660189227,66.62395037468748,65.76050960896578,47.97737627388778,46.71205743644943,27.33936773957178,18.630703246701657,18.16611283092267,12.297412696333934,14.610427021530418,10.78364536050645,9.229990840840253,7.317598778708289,7.300019990676566,4.682452532930315,4.4353780559974165,5.856254386478521,7.160323361557476,5.86479056852623,6709.0,570.0,812.0,1009.0,1053.0,1070.0,902.8,342.0,292.0,998.0,1080.0,678.0,5641.69921875
RBB13_234,RBB_n3_1.WAV,-372.1402054143774,28.845565733134087,-201.06270910235924,-43.837282543279144,50.5321615209596,-8.404408990934956,-5.332492550707615,13.311130075898575,-10.740199985161546,-4.7500013869189095,1.6246137834752938,10.865407501963439,-4.786513056921928,6.202606917170249,0.18334785150688265,-5.896274581908475,-1.6959728715847648,1.964719854057251,-4.63909062300039,-0.02839293357968793,55.012145036219636,60.22148959957274,62.2887942008007,59.94695011517586,44.17079737581922,46.72347532974787,29.64006590087635,22.835369709285388,21.4445169415573,16.557482847143312,14.836448579848224,12.017330367013608,9.716399874624177,7.737049825716772,9.636087123416049,10.882840217084857,5.945343761028833,7.43095220066943,4.836089786058704,4.785072331936079,6700.0,579.0,792.0,1008.0,1055.0,1072.0,901.2,305.0,322.0,981.0,1098.0,676.5,5706.298828125
RBB13_235,RBB_n3_1.WAV,-379.8100887532918,29.174185389524027,-211.05941231572746,-35.644247949055305,51.661020007886904,-10.083398186746694,4.934401067172218,9.975589334386807,-6.684300253929384,-7.882475595920045,0.5907463768445531,1.74454505761896,-7.674479935588505,6.16681233269251,2.347704264713459,-1.6671743826743073,2.0269222209855586,3.259482796869754,-4.6696506408344485,-0.5606049926113672,50.386071702552805,60.583929522866,61.92682977646515,62.9799337375781,45.302659042094156,47.54037054600285,37.282233287644516,20.67975973822845,19.165804021213432,10.055096759210667,18.742079427593,6.87883193262875,9.154758892709967,6.318032998586988,7.879870612604891,7.806438347818252,5.186819899985761,5.907873632249858,5.8037956903898245,5.6360359067915375,6649.0,578.0,794.0,998.0,1083.0,1080.0,906.6,321.0,330.0,907.0,1070.0,657.0,5749.365234375
RBB13_239,RBB_n3_1.WAV,-363.1269960309502,25.621919554672424,-202.5472676592721,-27.399183274931474,30.861715586852572,0.5370569592123535,3.0128737139878417,1.318828845601455,5.694094118428162,-10.76476231049264,7.24186363876122,6.641615245855257,-2.969666790148631,6.231364197122677,3.2651570822513856,-9.56449452878976,0.4055864970214952,-1.458118307633485,-3.8486914008051114,-0.9200882817161098,53.11618306426724,42.66803544342688,62.19207693483781,65.33775342556387,44.69211994871955,41.544228815300734,30.69307830139038,21.435748105178543,20.77325920160752,11.838079139658639,12.713987651881004,8.431809692425698,8.957634026008368,8.167096175630247,5.445427448716041,7.663719799028172,6.780232738666813,7.405198803064088,5.765793081768869,5.295759103812171,6669.0,546.0,786.0,965.0,1061.0,1085.0,888.6,345.0,294.0,985.0,1114.0,684.5,5684.765625
RBB13_240,RBB_n3_1.WAV,-367.2248487676344,26.33773944328351,-204.25028713046584,-20.850135800442782,43.86948817361257,2.3380979893171294,1.9789509061191173,12.740809213553666,-5.445294924448314,-6.951483140865465,3.117671612968954,3.583885173203313,-3.138798339276816,4.042614881610294,6.599185168187085,-8.795865751064616,-0.38941426520289835,1.6580417158247125,-4.547291194329925,-0.24050714960078343,46.56806452047797,51.99935647388136,66.44696821600935,72.0527230101146,43.11027028306573,44.474736669868335,29.905067428149,24.412571652632977,20.876510743585495,11.391070796229377,15.26702308154019,10.295291364928342,10.641314149910402,8.681146512882352,5.0972071323420804,8.014298992409742,6.886422189702217,9.21913924256359,5.00865669275145,5.221201567632262,6701.0,613.0,820.0,1025.0,1043.0,1067.0,913.6,325.0,318.0,948.0,1051.0,660.5,5641.69921875
RBB13_241,RBB_n3_1.WAV,-356.28914024925564,34.74618835742675,-198.94758169048367,-33.56756009164812,38.212346506608995,-10.696542175049577,-8.759068268184555,4.332901866213137,2.025890358640571,-15.353227577314247,8.918597042046216,2.5957669467826237,-4.9721552553029245,0.8101458274028595,5.5781237074825585,-5.765086886613866,2.8084917862821417,0.785846725284747,-0.0422608220331258,-3.5591531874578126,56.03390646547459,41.23768141805881,59.50941458988919,58.25094484291196,45.91457711895244,40.533139370670376,27.074004384079746,14.761707395648429,25.734402352778126,16.46367615516128,12.533610180036431,9.317256391506026,9.438279457605335,7.8780534159975115,5.613300944168557,7.427336805288767,5.95597134288834,5.137213812287748,3.0722560357562343,6.872056083639165,6498.0,572.0,789.0,945.0,1073.0,1061.0,888.0,312.0,309.0,861.0,1085.0,641.75,5684.765625
RBB13_242,RBB_n3_1.WAV,-382.4130969472049,20.751994191589812,-212.09715582574572,-40.236078583996594,48.489894692931856,-4.644595223892783,1.4940143346497194,18.10864820616489,-6.479269186987759,-8.105925975293239,3.901843445107869,-0.6024237221874192,-2.40977434691984,6.258429237390876,4.247420312838993,-4.2519498584106765,-2.752002698576089,6.107254470432025,-7.7731450602058425,0.3542013684279321,51.782673359424045,54.05193241321465,61.26025996519631,62.8828280329073,46.04880458662852,42.285705737125326,31.318442876218715,23.565408978461576,18.767959401563324,12.86291387903788,14.780816931948374,11.301135455453545,12.018752396610571,8.303408191068293,4.912169623659765,9.652318964583548,5.7836525165353265,6.957558635232,4.73972416166012,4.786833304439422,6748.0,594.0,815.0,1014.0,1050.0,1092.0,913.0,347.0,300.0,961.0,1079.0,671.75,5706.298828125
RBB13_243,RBB_n3_1.WAV,-368.1259374107199,15.092757601756345,-218.2298912896778,-25.52519673385471,33.46936498482737,9.929294372205812,0.47236739033612785,19.666778096616884,1.200106466420703,-6.45343831821342,6.61018020134182,2.0856349698556036,-4.93161089293073,4.737386659702153,6.220451681532807,-9.883121371378119,6.361196141805416,-1.1619281156488461,-1.8142069343989864,0.4313789307778985,48.51491662519926,57.9638228403474,59.91127224060884,67.21255278397471,47.409705591535776,41.40797731588684,25.782692659435686,21.560010604763082,22.40462593240681,11.610945117613557,14.794390262029735,9.57823451521193,11.800243253499419,7.9686894073138355,6.741151655318091,5.1156591406730625,5.800638112332244,4.313403399568342,6.255417357883241,5.180404671004421,6624.0,612.0,801.0,974.0,1061.0,1074.0,904.4,316.0,332.0,915.0,1050.0,653.25,5706.298828125
RBB13_244,RBB_n3_1.WAV,-372.7588951489983,31.898077703142306,-208.0948296838864,-44.34144116368411,49.213520422515984,-8.875871815253898,-17.669836125101398,24.669994329870306,-16.892110675311592,-3.460216557207515,8.857346017100786,-3.0309146779894256,-0.7290588554941793,3.827053743653935,4.221657647906275,-4.677990742316245,0.1584855805910308,4.117578466947479,-7.570428843331966,-0.2203070189026646,57.80171952443047,51.53253969636654,62.57370156905769,57.94819959446794,48.341747098904726,42.447315591191234,26.22530187240527,24.451211136611406,25.969707364929345,10.248546287303055,15.70306266919295,13.12621606408447,14.240851498205561,6.411695343944605,7.794239639645569,6.1750042465654245,5.790087070408462,4.896123096390313,4.77473449815818,5.184497591589677,6604.0,562.0,810.0,976.0,1047.0,1078.0,894.6,318.0,330.0,956.0,1039.0,660.75,5727.83203125
RBB13_247,RBB_n3_1.WAV,-349.4029559647257,54.15397474128313,-192.48055853798854,-39.14272188919676,45.35058810477514,-7.551926345614148,-6.4252735671202466,15.979828207695013,-7.089990909027855,-5.709657242824397,4.937405669152587,-0.49482479772151344,-7.051695147597142,5.472813558564993,0.24663161452850846,-0.8974931414375625,1.67611508524567,3.894415317911323,-2.9736862347313435,-0.09074035983167317,50.64225616860645,55.81150774504694,64.57392415763294,58.37943308243316,47.12303220382613,44.50512558247022,34.5736033426233,18.36697256418702,13.932839930059538,17.76694719037121,11.83769522054126,10.359865313742283,9.446512406615053,7.012970968236987,9.164928670911133,11.245922219147332,6.338245877393603,5.998906382211663,5.166414650915468,5.19176989201507,6647.0,552.0,797.0,1007.0,1062.0,1074.0,898.4,310.0,318.0,984.0,1056.0,667.0,5598.6328125
RBB13_248,RBB_n3_1.WAV,-373.76868038524896,61.74373659148019,-202.10248504123334,-55.61720312982633,52.74236128609577,-15.938286586636753,-13.912286656585415,25.229615344698797,-13.010881436201023,-9.904691856954246,15.993877457863407,-6.545210568371987,-0.3879482525580877,6.161545101996753,-0.7082460143719386,-1.6109558760511478,0.5584516571775563,-0.6442554006817521,-3.1411425331243037,-1.1555734792512156,44.41400116874464,44.55712688746156,64.3324212096125,58.53275986346203,47.11997956389624,44.639029550049266,27.00390022781709,20.843486742750176,21.30824960956312,10.762662786757062,14.103591951385775,11.184616211509708,11.830329320529922,7.300043615501208,7.621309096867428,9.839596139139742,4.654365555315515,5.346295124609486,5.651223772686578,5.001394171133032,6670.0,653.0,791.0,1012.0,1080.0,1075.0,922.2,334.0,282.0,916.0,1027.0,639.75,5641.69921875
RBB13_250,RBB_n3_1.WAV,-337.19650040428576,31.257742768844906,-196.4141131502265,-37.32609407368486,33.48246235359336,-6.810991331465223,-15.736191944675364,10.941603663154812,-6.954882613886158,-9.834156354274013,7.843165911066579,-0.06893625440578943,-2.215672307482328,-0.5290666424727944,6.4136743791434565,-8.43917956542361,6.452537142553315,-0.4492677675588703,-3.72900881150055,2.99193601688711,42.36525721431707,52.094448787961795,64.61009899665171,61.47935031802104,51.706437663470965,40.576944509480235,27.626694093606893,19.645812013222667,18.188529307891088,13.221252724331555,13.95548169609407,11.72212129430517,12.13902221268626,7.05928124502863,7.1146819175024305,6.313520656901464,6.033274645481993,6.169312245428271,4.74713227097164,5.029011122534486,6607.0,571.0,783.0,1005.0,1078.0,1083.0,904.0,286.0,309.0,948.0,1048.0,647.75,5641.69921875
RBB13_251,RBB_n3_1.WAV,-360.7737021625026,42.78641396461361,-200.39519524973227,-46.25810614304786,45.41514372408512,-1.7393346816617938,-13.855581560489675,12.948827465763944,-7.153771870031017,-11.470290052921575,3.256016596538557,4.093379436806677,-2.8260431901523395,3.367788466970158,3.408003374390812,-5.55125907613249,1.1776146541496355,-0.047599369433946805,-3.443803229181414,1.0916242954150719,42.91513084751931,52.76575286874523,59.24457711000156,65.21818340162851,45.32672167868604,41.907048952298595,23.942630235803765,19.691993688368836,27.596332641507143,14.496857777289486,12.530963963286693,13.996076801257088,13.308163165226617,6.442340764912948,7.798034470683358,5.054578761553881,5.874281002593668,6.8616278952510585,6.90559638706511,9.18314711347172,6680.0,595.0,784.0,1003.0,1071.0,1088.0,908.2,280.0,302.0,987.0,1075.0,661.0,5663.232421875
RBB13_252,RBB_n3_1.WAV,-355.659427108279,49.786856883562486,-189.95038694752435,-33.88266575645733,49.6033125182382,-15.437190255402864,-9.289429521248701,11.796248929058796,-18.57319616705656,-5.682878584031713,12.433704323317528,-5.868753261304842,-0.008431350350860163,7.274081717986451,1.1310651210281768,-2.0462792742089766,1.0331595484560778,1.735597477335896,-4.718030744462623,0.5763123925407444,47.67000911323915,52.078700575405854,67.9828589815903,58.78840256553411,49.78664242592762,46.2355118926306,24.677698317394178,22.72430603702041,13.92685147451232,12.266665023188382,13.168421264221562,8.70111675449549,13.50127127850533,8.575596075822002,5.592259953001427,9.53628781633158,7.728999151741504,4.895222179411311,4.392554819149272,5.692927353601033,6739.0,548.0,812.0,1016.0,1060.0,1082.0,903.6,361.0,317.0,998.0,1050.0,681.5,5986.23046875
RBB13_253,RBB_n3_1.WAV,-367.29323899088195,30.86435625582063,-211.51581589661785,-43.66771445384218,45.31965089894015,-0.7442474111906241,-2.2241629457430943,18.6222211630725,-2.269246548790458,-7.429750080271671,11.082562899213,-4.152461545084561,-4.369784984962206,5.569100910063819,-0.6986198364647961,-5.054901262156297,3.3973879790609884,0.014464553509218537,-1.927453788278677,0.00025342257939528305,44.6415748193575,51.20279008771802,61.1242870267333,63.94231698117777,47.07933277062073,44.707200638983345,28.38197824326571,20.286857602218692,17.860108383632443,10.945712176114283,13.533994668345494,16.57628182928199,11.291336831837803,6.44989533330755,6.265846572948153,10.569942965140296,5.117658288032821,4.6577420359970345,6.044060584624254,5.417742167615594,6668.0,603.0,792.0,1015.0,1066.0,1087.0,912.6,300.0,311.0,946.0,1057.0,653.5,5684.765625
RBB13_254,RBB_n3_1.WAV,-359.3926790398928,44.453625824435896,-191.4630518982574,-38.62915182420968,55.895665221671536,-11.927565120666745,-8.810240213353495,9.788828357922394,-11.424297358779356,-3.3089824988389633,1.2528622854139762,1.4326475608660447,-8.022032889993026,0.5878506156559948,4.985563688030107,-6.0119468292784095,3.2128788159363393,0.6968615625616145,-0.9511722949281766,-0.3942735180225144,44.360943928354814,51.648225865871034,62.54150700769195,66.36621783793736,45.36238994827394,39.02415487382484,34.50344133889839,25.78662251167092,14.747864461919354,11.515527574434865,12.014275781710511,9.980775380399876,10.553153567180498,10.320974557365105,7.2835408818492455,10.061997845885312,6.044445356589091,4.7978437425547975,6.847089036709177,6.417687613424635,6593.0,534.0,783.0,996.0,1065.0,1088.0,893.2,306.0,302.0,943.0,1093.0,661.0,5706.298828125
RBB13_255,RBB_n3_1.WAV,-338.4414660388381,34.837111330600095,-189.41113800282935,-29.60707826302187,37.26098816176353,3.6890200199417373,-9.85855717887525,13.687882534000096,0.3949663249742848,-13.242999276059296,10.396475609238367,4.535947063969883,-8.41188996955243,6.210449658471872,-0.047293082196815266,-7.787088330916282,3.9662695780609027,-2.371283500570411,-2.391796451049228,0.7514711213720427,55.64622366897252,48.00447447126946,70.10425777505927,66.35292119365856,47.47921646085915,38.943782952395864,23.178943052495104,19.836633355299956,19.0218407039444,14.417340331122881,14.823837282284911,9.937743676755396,11.25411251888203,7.707231626891264,9.816972490674791,7.062496058717655,4.375002439895186,5.604857931282353,5.271369731696881,5.54412882424425,6668.0,616.0,800.0,998.0,1057.0,1064.0,907.0,295.0,293.0,950.0,1106.0,661.0,5727.83203125
RBB13_256,RBB_n3_1.WAV,-336.7570806207932,33.16761381688374,-193.59837513078338,-36.0955890115654,37.58052966983457,-5.719470273627968,-7.303418293762193,17.68236816044453,-13.70451410834187,-2.956541044998242,3.5315459791347794,2.754450223569053,-8.459376230396419,4.954619283025739,0.0765452076190417,-1.8176686266814426,3.93941072623571,1.7214807246720558,-2.2697972707345344,-0.06669212487990558,45.466057310238554,59.999132579450865,66.9226115525513,58.946720776702755,43.84441794870794,41.45973222166249,32.60146692080023,21.79794248432681,15.441759609259435,12.303434149848117,14.600504146462,9.194392649382085,8.93499481048377,7.802600939742665,7.99688071000482,7.880761473918223,4.1262899900138,4.9174963503206905,4.103424426615852,4.178735268587813,6657.0,582.0,810.0,1013.0,1076.0,1070.0,910.2,316.0,306.0,916.0,1069.0,651.75,5727.83203125
RBB13_258,RBB_n3_1.WAV,-342.6661326363085,34.066108115579475,-191.68601740833168,-31.10594252625658,39.76127264514968,-10.131181238003215,-8.197198616753921,12.42976606222959,-6.242005292533439,-1.7180730099141792,6.959529768631339,0.6101792896832999,-1.186039714759503,1.0076365249146007,6.820007423632261,-6.6326862176331485,4.752235042908987,-3.052070035120635,-1.5701717889877531,-0.6903619163077338,47.183779831358656,48.90364643947025,69.62435554521873,63.46551582679591,48.69368940155154,46.2888318779123,24.33438690325183,21.846161159350906,16.393511973152023,12.283506876653886,14.148511720328038,9.07118947018725,11.857376142872562,7.870884514808982,6.502917215285427,7.559844321019257,4.670416633361862,5.020565542483097,3.921820980280417,5.134501656699497,6827.0,623.0,816.0,1032.0,1065.0,1082.0,923.6,339.0,310.0,959.0,1106.0,678.5,5684.765625
RBB13_259,RBB_n3_1.WAV,-349.2217536628745,41.44074344906876,-189.48031653452682,-26.954034752353763,44.552393332471944,1.3099184591306579,1.8016388402442034,7.439803514503186,-2.5397855644371523,-11.31883243109845,1.718921844910488,1.3160284507217384,-9.766390176356536,2.6748993174960574,3.4656731389608697,-3.5052059665174644,0.36668906789111183,2.3416457957989114,-1.3150449326759992,-3.9634517235759756,44.00569896690852,42.407848003748775,62.35737341744888,65.34317729224402,43.8084011031393,44.30908319096618,38.57843152438156,20.355493275403454,13.162647438046301,11.205362083911877,11.35390132461925,10.34887389012672,10.992794628335098,6.663696451713393,8.30466676260196,6.5992300642318,9.386858551928514,6.7106627204247005,5.502391024804159,3.909994365574175,6672.0,501.0,785.0,1006.0,1064.0,1067.0,884.6,365.0,279.0,984.0,1126.0,688.5,5878.564453125
RBB13_260,RBB_n3_1.WAV,-367.1841132925414,52.63431668392156,-182.93116083478748,-53.15750559482144,58.455791756030436,-6.735788082684092,-20.893586281448023,17.97329409932268,-4.447445473730903,-14.97184400655574,15.294601206625037,4.083232645583968,-8.451081452035654,7.161329157684577,2.618832577613255,-8.148050317934818,1.3871393312595242,3.5036285189914222,-5.682650646460121,-1.457913488425016,44.1788232776833,48.98278833289219,63.92558209279423,52.28884972493461,46.68045199286967,40.85261605944717,27.099810797183462,19.819465305530095,20.20545398649808,14.644719377029842,14.743156944744669,8.848652112208487,12.088445965074866,9.070314988210269,7.741205959159831,6.34728502568332,8.742924914583819,6.957850986351631,6.000253492198877,3.776543310715645,6612.0,546.0,797.0,959.0,1053.0,1078.0,886.6,341.0,300.0,1044.0,1023.0,677.0,5598.6328125
RBB13_261,RBB_n3_1.WAV,-324.3737069921088,32.917712723001884,-173.2774103645516,-29.672774600391147,39.966817611519716,1.1610572496152163,-21.856748593031917,7.032570581729693,6.572839846285253,-14.40650145864664,10.209912826716645,1.476654233172083,-12.277017011098474,6.731200512415678,-0.7510161251703416,-1.0053864103287675,-1.1606281827727494,4.536426315143047,-1.5490062970233975,-3.4396822267687277,44.0282749384205,50.425775359303465,62.68227881341068,57.43170761264582,46.015941148183266,43.775499650106234,29.705567167853665,20.02905331874726,18.14294201025948,14.684661807456903,14.432596506309812,8.855624400377355,8.29954082140435,8.015902887391789,8.027782553552587,6.19748152868381,8.860530079765777,7.8692852060061975,5.576435798644813,6.83212313858005,6346.0,504.0,783.0,963.0,1012.0,1092.0,870.8,340.0,332.0,978.0,862.0,628.0,5706.298828125
