chirp,audio,x0,x1,x2,x3,x4,x5,x6,x7,x8,x9,x10,x11,x12,x13,x14,x15,x16,x17,x18,x19,x20,x21,x22,x23,x24,x25,x26,x27,x28,x29,x30,x31,x32,x33,x34,x35,x36,x37,x38,x39,chDur,s1Dur,s2Dur,s3Dur,s4Dur,s5Dur,meanSyl,s12Gap,s23Gap,s34Gap,s45Gap,meanGap,carrier_freq
LPL11_0,LPL_1.WAV,-321.0264890063138,13.454308134196072,-190.88496337991933,-25.697395739162577,27.02714168290392,-13.906114433782296,-1.5178472367298754,6.408868935764986,6.85960944807635,-6.427915333414275,-0.9401181614977117,0.5284527167748442,-4.942908113619733,-4.947001743599399,3.584323862440864,2.3886056794215573,-4.435333846027026,4.511089075776864,-0.108931787350283,1.4986220081577477,106.50225496481735,37.57468631014033,65.06011255672256,55.29859853944109,34.15197585188916,35.400303209958,25.202509853396087,18.667442662115118,19.6066282021644,11.772264250827728,12.504314385421115,9.937484086194175,5.380507422250001,6.238555610640081,4.000752995601477,6.391532887552512,6.103776560216915,6.121474998459378,5.611951895139151,5.674710008687878,5412.0,432.0,664.0,798.0,880.0,891.0,733.0,181.0,215.0,829.0,945.0,542.5,5727.83203125
LPL11_2,LPL_1.WAV,-335.24975250144564,25.674900680543978,-181.9074019997997,-29.37253298928238,20.836538143548346,13.082485327981493,-15.818388820763573,6.1217752643968515,10.659213090969365,-3.7034634928708123,6.008006955324001,-2.865539686593211,-1.6402282659410146,-1.478385006800756,3.3254744606849993,-0.052172223594154694,-1.0748612871633978,1.2246374939750941,1.511443798921806,-3.2882355153649563,70.58472113759751,48.597903837565184,53.98372668409185,57.673413604777934,33.076808541188385,28.621195626568255,20.737011890698717,19.096486615971024,14.548957545102118,16.745412546029293,12.354320110988898,10.269803995736918,15.789176443473094,7.964642870689623,5.983720361332429,7.4897993929453754,6.119742680538193,6.679665329797509,5.337328509474618,4.269274977057201,5498.0,438.0,590.0,780.0,861.0,811.0,696.0,266.0,280.0,862.0,1031.0,609.75,5534.033203125
LPL11_6,LPL_1.WAV,-402.77565375998944,58.23864889248011,-196.73640181112904,-62.973285852017646,65.84103497597262,-18.343362034429816,-11.61326354612209,25.014887363488384,2.0434012596421836,-2.1562115987543935,1.0416618017671004,-0.6608910472676528,-8.641453818058913,0.44471629062609763,-3.41004041075933,2.233449964520676,0.47950118254687935,0.027229036461245464,1.5478552960518746,0.480097263714144,64.96649546279578,40.732132783438246,58.8510345013603,61.94962641480528,37.50551179182637,38.23072813098877,29.143597235329146,18.570835547064245,18.841922147401586,10.159292121112017,16.518677394844826,14.224023909828066,6.782026712473787,6.4393126693440585,5.296520747134973,5.774603938383925,7.360388070222093,4.937868233098429,4.772171696984234,4.711277820264546,5486.0,381.0,580.0,802.0,860.0,871.0,698.8,250.0,250.0,828.0,1054.0,595.5,5620.166015625
LPL11_8,LPL_1.WAV,-382.7307142873037,34.70503857115685,-196.69799992923265,-36.46211657049836,36.92118490934293,-8.911637104073389,-1.9354416241816412,14.02846038341457,9.21634439083572,-0.2655277644626028,-1.0158726774185132,-6.179689504820986,-1.9435502865666665,-5.613289196375581,-2.7244398315494065,4.706287692974106,-0.6048651676387956,0.216843997197101,4.132951510304531,3.805503876634363,96.34675190330641,35.53768376996575,63.869226668210025,55.9420276898902,39.95548543947174,39.49243742303395,21.915962988783093,24.525313846491517,26.353910609738456,11.135304593007193,16.163156329541458,10.685941721118436,6.92047493896313,9.329613010411153,5.100361767759097,5.828776297937084,6.549417083947586,3.9403617321354996,4.826441980955149,2.8960159799829035,5508.0,381.0,594.0,798.0,882.0,849.0,700.8,245.0,185.0,863.0,1092.0,596.25,5620.166015625
LPL11_9,LPL_1.WAV,-373.08160115896476,27.21607581753335,-188.6944167232896,-58.59325236991838,34.750728638648624,-13.857949240132706,-0.14582865288177727,13.633344442160364,7.04038382785922,12.573569545586011,0.6615669458924677,-3.076441138544608,-0.48549845104614875,1.2360780479107785,-4.3783356055399505,1.5418511472857086,1.6203831135555753,-1.7655994104173012,3.5439890911487373,-0.6445500670170241,111.66940440034708,41.88439542824097,70.48336641961875,54.08800253585691,41.407264561211996,42.22768629676488,17.34400995322978,33.37055347005475,22.774689671481852,13.90426323379779,18.932168044255526,10.261452103232825,5.806463546556349,9.787817508466786,6.137904289404588,6.505766936994627,6.444913701677456,7.818360754940936,4.839692009102147,4.994512045852071,5499.0,441.0,625.0,753.0,814.0,848.0,696.2,256.0,274.0,846.0,1048.0,606.0,5534.033203125
LPL11_10,LPL_1.WAV,-389.1876446377887,26.149197862735672,-204.21074531637984,-33.102521504342874,37.49997569634883,-13.164980768167029,2.285139749275345,6.649659666765733,3.958782311624294,-0.9082656288007702,-3.71320239761147,-8.081108619084034,6.228730641694472,-1.062322126329745,0.8035534947288371,3.7566969706770323,4.778386397280573,-6.25964809796118,4.74090395565264,-1.3282651907408962,92.23870296930669,31.960957076832344,60.609379093379125,53.02659006212853,42.45965439236425,38.454912224021186,21.77201988621916,36.025043914174354,26.85255471336045,8.110537168133343,15.665060959304887,11.14326666702117,13.238029084909329,10.27271433255092,7.652573907613311,4.602680249231681,3.7905846604997455,6.370678917091565,6.638257279182993,4.149105459678766,5330.0,317.0,564.0,734.0,849.0,851.0,663.0,273.0,224.0,831.0,1021.0,587.25,5706.298828125
LPL11_12,LPL_1.WAV,-396.89855617578195,26.205576629937177,-195.94600174500687,-46.55362589043757,44.758622193538024,-10.681566606149312,-15.863499090515788,10.720609537929299,3.5305140598591653,-9.012804261623792,4.003904843331925,-2.5529751153527105,-1.927226654363465,-0.3898471760804105,0.35161960393942865,2.3143948037369713,0.45006858404428485,-3.4223162982365407,2.8252957139474493,0.31362136156440956,94.66300010385798,35.518452346496595,63.20663399905928,59.187355524550476,40.20710520975635,41.72618338959973,28.831227083788008,25.857191264620763,29.117458386008547,12.987586116105907,16.140839430807564,14.066256488863104,8.599405783635063,9.904010569082125,7.369248643322268,5.910208069437088,6.778872612734007,5.472603757719765,4.848654068821229,4.970323126907743,5433.0,308.0,596.0,790.0,871.0,865.0,686.0,249.0,190.0,834.0,1071.0,586.0,5727.83203125
LPL11_14,LPL_1.WAV,-376.31037176209503,7.336835789945639,-190.14881390519977,-24.21550609839855,40.04856229556216,5.3849435282983835,-11.007930902892923,-7.204668631656571,5.513326988924402,-9.562576699938724,-3.2185154616125105,1.9062211240512539,0.4830341012246877,-1.563732807255075,1.4438826984733872,1.09196372999332,3.405339352095197,-2.5502746698227843,2.808878134357151,1.2048606215394033,93.8355151262178,38.95509196329184,58.070883353402174,58.50359577129183,39.06224573172287,29.235427193022463,23.2560298505577,21.222945877482285,17.60884021300467,11.833392832429405,21.970267214528512,7.49112930093863,9.805491616938411,10.978408192881211,5.737876654312906,6.711399905368207,4.287780489857706,6.888113623362221,8.024914001213418,2.7794670802673958,5282.0,356.0,598.0,790.0,840.0,773.0,671.4,252.0,178.0,691.0,1194.0,578.75,5727.83203125
LPL11_17,LPL_1.WAV,-399.91091715635804,22.18195758470043,-204.58820564648232,-43.75567430963574,42.22000045497808,-21.071088169374175,-0.7617829913372954,25.432429758454305,-2.4939822606051636,4.982522396558363,2.8559322700371514,-0.05730323896520275,-10.177093351289686,-2.5217183659644515,0.8478541143405792,3.197526578947663,-2.0489803166699345,4.01418633114747,-1.664011252995613,-0.753068799888791,93.48153889372409,38.319139656493526,67.15321613348758,62.80593259018168,40.67926431831848,32.489206143464294,27.15718755818461,16.29438158201814,20.943246124460533,11.117107712029314,13.224323375196558,14.767928975276718,7.135148405954887,6.432835997599589,5.230351850777651,6.462415395881758,6.160513816896905,5.671807295714792,6.322689787710317,4.631739472060001,5542.0,313.0,593.0,786.0,842.0,803.0,667.4,279.0,266.0,897.0,1047.0,622.25,5706.298828125
LPL11_25,LPL_1.WAV,-432.2545920270323,22.9467406817897,-194.68588006985362,-39.79473960520048,60.26944408056583,-3.5197176394943686,-9.850339866866193,9.145443512751024,5.670698694013492,-3.2765045517040665,-9.300063516478659,2.0692968321344942,-0.12457599627124848,-3.0544088772090405,3.8229087278817233,0.8300079094664778,0.7117091013859198,-2.272947477158522,-1.6690065788389148,4.190779562610468,84.32331856007414,34.071618421796224,63.70212900366074,56.72412426376708,39.9265119222247,38.38351198792519,21.574379273509233,28.015637470005675,28.790918867513426,12.019798757462766,21.798377392145923,12.33295661754089,6.507144975022536,14.08254305411695,7.643366131004571,5.632592004545178,5.260432280094548,4.32107206913251,5.692165578852789,5.855515703604957,5508.0,259.0,570.0,713.0,845.0,833.0,644.0,316.0,292.0,919.0,1089.0,654.0,5727.83203125
LPL11_29,LPL_1.WAV,-400.2796643019352,13.191254348098111,-191.86013911852228,-21.072801793316916,49.61123376109876,-10.489295165200106,0.885172834933097,8.801183526679951,-4.415146839801648,-0.4599389109292107,-2.832144939908444,-0.6491125411937082,4.09674930355134,-3.7125295423645897,-0.6601959743849182,2.9354852313218767,0.09587374465788182,-1.7167023158851662,0.9871864609715578,2.6402133746294614,103.09105879263022,38.148729177590404,72.49504473437767,65.82139865319103,42.90297119628124,35.1409618398227,28.187923836936708,14.138489012268234,27.538866651698154,9.444508924710084,13.081954443921019,9.660186568315208,8.466807392538978,13.246678242615472,6.33740976967323,9.347528524561906,6.1203278913729715,6.328665048005039,5.831916162208082,3.6100006912056766,5578.0,330.0,591.0,806.0,868.0,798.0,678.6,234.0,208.0,860.0,1144.0,611.5,5706.298828125
LPL11_36,LPL_1.WAV,-414.32129662936956,14.756859535739814,-200.50958484766457,-20.382835453187642,38.70604091460737,-10.066409926224663,3.4758534997994692,6.654871178880727,3.7221127577364643,-2.3482120020348627,1.750152369776096,-2.7288847223561907,0.45110204259759823,-0.9135104595634791,-1.124952054303152,2.761768855468214,-1.996791569404852,0.9802128070942216,3.4823928283844428,-0.24608028968255835,96.72091552277115,36.128820247437396,62.416771998196445,58.74355364793698,49.81419354790048,39.55827281863892,23.515604487518274,19.956541459934652,36.28745851423817,8.90065460314558,16.94746000651649,11.527020753201711,8.797568423050443,11.033258154286358,5.878489290429085,7.869827766171495,5.388955142408216,5.319279880733499,7.083267707720139,3.8006291501254355,5610.0,105.0,552.0,770.0,877.0,815.0,623.8,485.0,237.0,847.0,1151.0,680.0,5770.8984375
LPL11_38,LPL_1.WAV,-417.80141842481964,32.42298517497008,-210.5538249943688,-36.44344768008041,39.97247062117148,-20.356530337556816,2.4097427554159996,1.2942689595268413,9.499551789196246,0.7841159571762993,-3.8984979163992195,0.5800804009181639,0.706606546535169,1.6260662915707045,4.895101493537567,-1.1694635890545029,6.954028904804209,-8.191663682314381,1.9659712421928017,-0.35307748507476533,77.60524483279916,40.56639963518278,57.66651618467607,60.62182059380182,40.8911966006699,32.91097539306029,22.580103179540227,31.520835054524582,30.263370069417153,13.17181213606301,17.956301364552946,13.116720023153123,10.144139500290397,12.918324478301605,7.483651743279913,3.927625415769891,5.834005961659457,6.849695012246184,9.225561164207802,5.036296861545863,5462.0,332.0,586.0,777.0,848.0,809.0,670.4,303.0,224.0,826.0,1090.0,610.75,5620.166015625
LPL11_40,LPL_1.WAV,-408.3550609016348,15.285878641561007,-189.91644482247946,-34.0693896307266,47.763077576999656,-9.852496488349963,-0.6814230275287849,0.9223504553126481,3.538260282811899,-2.676450541388152,-3.5483441668415536,-4.2717855433855,-0.7734803242484927,4.582988262859638,-1.5662250522819887,2.0040004296987144,1.7957222738647687,-1.9874074157724755,-2.831791478153596,3.129510016743847,101.43034213985318,31.78449791919598,68.8941091623449,55.427894561293456,49.42491341743398,37.63004491737771,21.366981846094895,32.22477598484754,32.42393885989039,14.516727473507656,19.22190166952691,10.882490003132279,8.694685421897862,8.69610664498328,4.640867319214158,6.195068019142576,6.352027622380746,5.298835877130522,3.740231448084228,3.5750009780096095,5504.0,270.0,553.0,787.0,855.0,810.0,655.0,297.0,245.0,823.0,1126.0,622.75,5555.56640625
LPL11_42,LPL_1.WAV,-440.38675285258137,38.027408262556015,-204.1920782889174,-51.31950142486977,61.0216196580479,-18.804820976786818,-1.2492518104934935,15.504756850251834,13.36042633379849,-11.920233151158707,6.882065932335832,-2.9930133438528976,-9.85365815470953,4.330868293802217,0.0847513062492353,-2.1052816838061834,1.387854064080126,-2.568304039437588,-1.5893089764602042,2.3225377113656145,71.72606960137432,38.217418395132746,63.45891817488014,63.4965517732024,38.97853742831164,37.23654324441215,22.185341131478182,24.31457870344609,38.566114810616675,13.59974570275407,11.2932907809515,13.921509536859997,9.217393147696622,7.786936219459292,5.726442057338577,7.070107698406107,7.5236091085851715,4.2309602996185145,3.6063582633605447,4.141775317068701,5451.0,121.0,537.0,771.0,843.0,815.0,617.4,389.0,230.0,828.0,1087.0,633.5,5663.232421875
LPL11_46,LPL_1.WAV,-399.21385708981165,13.512067558602327,-187.03186794561458,-25.581890891053106,44.71372956052569,-10.68510831922753,0.7592730742686388,6.402172904533822,4.361236540874678,-5.135846776281649,-2.771410096776096,3.3188462335481552,-0.7454114427677476,2.2095023945563663,2.6003566973618013,-0.9309843826230361,2.1339214542320297,-1.9467684548885942,2.9307769903610263,1.8798717357410164,109.5091015689798,36.316720699780134,71.35565611852292,62.71785473877321,48.72837415370931,36.25316378501694,23.23844214731578,19.510818307787947,31.824452039433552,7.311282083603248,18.797876197682424,12.189210570168402,7.62553650592745,11.429436723201553,6.9576079056179,8.698644030870982,7.309700241752526,5.861568256520884,8.816704793313868,6.805699991242587,5542.0,362.0,599.0,798.0,821.0,865.0,689.0,255.0,214.0,870.0,1074.0,603.25,5684.765625
LPL11_50,LPL_1.WAV,-403.963061761748,14.870079758357319,-183.93590567039985,-36.709079075351525,30.104348599894536,-4.635627029459485,2.9655487163437035,2.8359937433952336,8.86355379995354,8.151600339406295,-7.794563342532588,-1.9343997781121292,-4.7648367411215835,-0.24058668929502128,2.458121227115417,2.0114896926959442,5.997638943598629,2.651850068096242,-3.163519288967365,5.056098540287246,108.5077550740498,34.23434597607472,72.30138409088684,65.60465303626344,37.70704211549342,37.74246661296305,30.24035178228169,22.207723465890655,20.615568833492997,7.65078036642885,11.447672754492913,16.067149548731365,8.393613891027547,13.620456406739443,4.585874743290615,12.365878240296853,8.22936198744049,4.622370002035998,5.118868867428031,4.253573199048045,5611.0,365.0,609.0,702.0,793.0,786.0,651.0,257.0,264.0,913.0,1224.0,664.5,5641.69921875
LPL11_55,LPL_1.WAV,-389.25026022156567,11.009218574178613,-187.83188833225458,-25.306088375942487,41.27811234149862,8.915086875917307,-10.332772848105451,-9.666004103087104,6.358473484128615,-8.410115842378204,4.69211607327648,8.349753392339704,-0.8566705015949225,1.4737148011011687,-2.0406701616426877,-0.29007407099239324,-0.9930944111859241,-1.835598271843148,3.201105984361734,1.0838305395848742,100.60842813825123,39.93326649727905,62.904625425262104,65.15852692315087,46.29593062095079,33.37373634024241,27.115009497620587,19.708413205576704,30.240753581354777,11.71755653144608,14.302556212496263,7.708256432106732,10.215331964765735,10.621261502522437,4.150009688956935,8.422180768754759,4.054127444352704,4.8633705739340956,6.176900167692306,3.6015362130232935,5442.0,321.0,609.0,750.0,844.0,815.0,667.8,226.0,297.0,833.0,1017.0,593.25,5512.5
LPL11_56,LPL_1.WAV,-423.5929345803728,12.081541569379388,-200.15488174315087,-32.337906707304015,37.27482912490773,2.9792892289615,-9.957383582735549,1.8550522018505118,9.595250943807237,-4.692503107875897,1.5125119164419514,0.8247744048306503,1.428595819920436,-5.43220541371787,4.264206580650563,-1.626851304982387,0.6689120345680268,-2.3431957384764046,3.297175123574316,0.6400329799564148,80.77190796573137,38.48495681883166,60.07543683135593,63.06119290710297,41.28685858159795,32.295623564942716,31.08663822568215,15.701382274323677,28.501086459657675,10.292460018656355,10.990078298259824,8.310252562612952,13.583365679992166,11.867715427190701,6.024049725807946,10.19232532300256,5.256519881682086,5.199322255909295,6.434523882099935,2.8168654462046994,5432.0,105.0,518.0,778.0,813.0,769.0,596.6,424.0,214.0,892.0,1141.0,667.75,5641.69921875
LPL11_60,LPL_1.WAV,-407.82330374185256,17.759518214401723,-200.10583009661002,-25.028301791754167,46.3578349484853,-2.41983184592887,-4.014880262249992,12.69411647715246,7.092235237157025,-12.877202171386536,8.375878109524528,2.3064623977478176,1.5426406651427724,1.336500333285137,5.277555715300394,2.159834825476311,-6.957038009443853,5.172215910877194,-2.0522803145510835,-3.9796266394943713,87.62672060847702,44.29718773734836,61.48303503107199,63.7458187127894,38.52406082563394,28.450876064789288,30.342621131948786,14.274446164028458,21.608837487873434,11.663355876953617,10.78328601439992,4.26256304125951,10.452943300678552,10.666217778553207,5.242152500140527,10.99240848516984,8.426215418539499,6.986981626134546,6.907749229919911,7.540153300866177,5570.0,117.0,582.0,817.0,794.0,850.0,632.0,464.0,228.0,880.0,1065.0,659.25,5684.765625
LPL11_62,LPL_1.WAV,-400.1520639006535,38.84328390712496,-148.43121148487572,-41.4339606835837,43.2412872518106,29.504630980629873,-22.399831986094306,-10.565392981586815,4.875135896267223,-5.721340521614065,-14.928965773383704,6.818084721610951,10.05134613040276,-8.107282404210045,-5.879550071964851,14.769842419184839,-2.8660299762882504,-5.383911801731135,4.4674543849479225,5.295950985832592,88.52920340278521,26.326443937853448,47.92417085908077,49.0604252282153,54.10073384094098,35.67801702894723,18.519045231453703,17.58649209143963,38.668600677646985,15.312861846582145,11.386853517819828,12.70172485912995,10.028748093935368,10.316814419618245,6.765454432083656,12.12569759450084,6.591529969857925,8.556107427709806,6.027042256829492,8.251848041943383,5505.0,280.0,462.0,638.0,739.0,648.0,553.4,375.0,333.0,885.0,1350.0,735.75,5706.298828125
LPL11_64,LPL_1.WAV,-392.4212657031765,-14.008867497009701,-198.62400627381535,2.932515203190626,33.09335958460665,3.28976909888508,-5.25845638939107,4.920961229377002,-0.6950049822282199,-1.7717830449467369,0.1663692978002535,0.5907060021461802,0.8192641240565806,-1.0519884568564988,3.274251901499527,-0.2400551552464376,1.4389287307513945,-3.2083229145798406,2.3669812518297935,-1.8595274796228842,93.87757859670819,36.233968142417424,60.42850047782575,61.65343332565456,50.659865901994976,35.577279587489954,25.460185789623665,14.313957068509083,28.25266573432869,9.260562698387114,19.735827206064187,8.11572180585715,9.234560200486793,13.573360573496473,9.152915144854484,7.496604401837934,7.383314496447354,5.9044930985089845,7.180872237031223,6.371496548236585,5526.0,105.0,580.0,768.0,847.0,847.0,629.4,533.0,296.0,806.0,1069.0,676.0,5813.96484375
LPL11_74,LPL_1.WAV,-367.8124030964895,22.457866233778873,-155.9017336220624,-9.681433224508089,33.55179465628764,-22.838624126661724,-15.659125025375907,-12.238243891396014,-8.241709347798343,6.75388756190111,2.894360383462333,6.418998636147108,-4.947574338615152,-0.744777168924903,-0.24915237354351966,2.674708888360323,6.065719798014487,-3.909848435429102,4.103139566534799,3.8739771460859105,108.04086479397694,38.78820265875845,60.48224651010494,50.891909520292465,38.09564396029395,35.78105058686958,22.70606594016025,24.033310021420647,39.5683593983065,12.62309430025297,20.672825391145143,12.58991069715661,8.075158603865683,14.36396683027197,7.089168300053467,12.228812304123373,7.272002928574951,5.724827114421141,6.691384670507379,5.0000652761397175,5560.0,179.0,566.0,748.0,743.0,792.0,605.6,396.0,297.0,848.0,1260.0,700.25,5749.365234375
LPL11_78,LPL_1.WAV,-394.6044815421469,4.781233060195066,-211.8824650468984,-22.098959592734282,29.513448966546818,-4.2523974006669425,3.3148986116197965,3.561115155564225,9.395689678660638,-9.910417727946953,1.8537322321315357,-1.732122005389944,-2.159530040704332,5.752814068085431,-4.201746752116544,4.63085918805367,4.7438239187347255,-4.061171369447959,1.7268966907303598,2.9865089620871728,77.01066743595327,39.393248405473344,55.287879168744375,62.17226070645975,40.04392551440795,29.611362161573172,24.970809779026602,19.441292562061076,23.737864279487788,10.565873622754854,12.265617543791938,9.322971617153511,10.97865244987722,8.385741681579837,5.596880558557579,10.31059113893486,6.268786691064855,3.644740126443627,5.921380135670897,2.6818672994167048,5469.0,125.0,523.0,758.0,888.0,879.0,634.6,349.0,246.0,810.0,1073.0,619.5,5577.099609375
LPL11_79,LPL_1.WAV,-387.34224195130525,35.96201200630457,-204.28614685867316,-43.69542032615695,22.65465477820094,-25.180936642015173,-0.8712220807196751,7.449893471079184,13.131206339600894,5.466494293075271,-2.6325643944142603,-0.1693635292007695,-4.444117241497169,-7.851244093310117,-0.054629753730450335,-0.15626744040771523,1.1437437084468547,-3.657252516739045,6.322134818405718,-2.0399289443549615,84.38656907276354,49.392755505303846,61.01484897727997,69.77051668330438,35.5741775724342,29.302639737862616,24.783101073230956,17.02111108846132,13.73652628909386,11.481746795164785,17.488999374767108,11.61530511253386,11.73617145608804,13.38481321711855,7.397847432750412,4.363502404976207,4.431676231832024,6.651906765285713,7.853680532616908,5.657727793198187,5386.0,436.0,630.0,790.0,816.0,809.0,696.2,205.0,176.0,811.0,1086.0,569.5,5663.232421875
LPL11_80,LPL_1.WAV,-367.0033571373725,30.978357541513564,-191.9203274742019,-44.30522274811733,20.215685552312188,-17.161635867750743,-9.669534187895032,12.107693158298293,10.460808662965464,6.929510451599162,9.384194872380377,-5.694691433022346,-0.8805852787203589,-4.476769821882673,-5.800034336501174,8.713710724901098,-4.2103776319053665,-1.5627026314071448,1.7844491735486019,2.4494511084991815,99.45067421189154,37.572989792316584,62.79064849842507,55.47897036560224,34.08686774923185,37.59568076390175,24.011360557068212,22.62051539383463,19.85290226932129,13.49886830593333,10.383946809639928,8.707550870284184,8.329491824338366,8.224473522318533,6.149627976778634,15.040286022121,6.012676878343456,6.049970622508151,4.596901918610932,4.050271615970375,5429.0,379.0,598.0,742.0,796.0,811.0,665.2,274.0,230.0,849.0,1093.0,611.5,5706.298828125
LPL11_81,LPL_1.WAV,-309.8571519763951,27.904767760262875,-166.94323881774451,-46.486687756614245,14.586644077372119,-8.289228695932986,-6.936182654510831,-17.820280879634552,12.30797852160375,6.069288380319306,-11.473588389731113,2.1636021567522863,6.456458418925186,-7.229778435619221,-3.1669351277324114,10.929077998757036,-2.600532422221588,-1.1476576013939808,-0.008411454301447812,-1.3220308597819797,100.36533284267735,44.17960322273497,56.966066295613054,58.39736404530948,37.986127353925895,26.702882363823043,20.942599115471484,20.04939811114863,22.864788203123528,13.93414523370076,16.6625928855697,11.682929580946833,10.261715903880864,12.474667514370731,6.4949486854851575,9.922244850201688,5.444770399563456,6.256154114151512,6.714327022945434,7.943456036895949,4668.0,392.0,572.0,673.0,728.0,841.0,641.2,242.0,245.0,231.0,1086.0,451.0,5641.69921875
LPL11_82,LPL_1.WAV,-383.13626813392096,11.825605419445369,-213.8053160206887,-39.42858248767977,27.509046151197182,-17.605083829295836,6.870643505287192,13.011575601050296,2.233579252419919,6.515546110312509,-5.710176682585538,-4.965407064493411,3.9975557107237747,3.3943292767699282,-0.8411200267642371,3.2604457866582943,4.089792142279419,-3.495312234450381,2.8759019144651803,-1.9942557043468758,82.36089772369701,35.9215039445874,57.18023724765971,58.72089453108989,48.934469058308814,37.39137894455973,29.171360700552274,24.602563077129037,26.90044742949781,8.596687989397596,9.874102752782322,15.404942817700677,6.74681288430806,7.936070139498282,5.961055304400084,6.903834898513057,3.7584487510149973,6.395339006536032,9.318825211531037,4.326773337443119,5154.0,339.0,568.0,772.0,853.0,878.0,682.0,292.0,214.0,704.0,879.0,522.25,5641.69921875
LPL11_83,LPL_1.WAV,-408.2939323741976,25.06438044743272,-208.37221818079794,-38.09078506246095,31.561085694981575,-21.2218701477097,-0.7189500771326331,11.121072729089546,8.95778648945924,8.611856457575465,-2.160134631059539,-2.5533553045016752,-1.7186244280317104,-1.2816301366180718,-2.470543623365035,2.740611913392827,3.8573566305108566,-2.3074494390538582,2.931445650724421,0.9215350521117875,78.0584982908745,36.74382717405089,57.040288527831535,60.702452756567176,42.402140273223566,35.910797042711884,22.314208669569197,25.28153701747532,24.773467396430696,7.867283012247414,18.375749094651773,15.8293600586373,12.171473704872314,8.493665373009197,4.538896332230226,8.077126137590199,4.326423735083637,6.712600723155603,6.978085630112004,5.147054084992608,5474.0,366.0,588.0,687.0,838.0,820.0,659.8,293.0,281.0,878.0,1062.0,628.5,5684.765625
LPL11_84,LPL_1.WAV,-378.422549279934,52.20446308002037,-184.52797636495322,-60.41874100359555,27.12287932955759,-17.344253709934552,-9.161028305981928,9.131143034661248,7.5307234545020725,-1.44862336441146,3.129446764501091,-8.869279110451862,-1.0066588059168093,-3.407664961611642,-4.775552949601975,4.062493372713791,1.7258453049193712,0.30381572052731753,3.553963357731805,3.4915159535186944,105.72562505538347,31.78055949291696,68.27120815920128,54.183734492282674,40.6072118510924,41.33474902555337,23.18637615623181,34.3675218200737,22.45233190285407,12.230173405537661,18.25666904180484,9.16748321250004,13.353250285516683,9.812573897213547,5.111874712466362,7.454274087150736,5.767173763102171,5.502366238622879,4.267772687981387,4.829699367444656,5255.0,339.0,581.0,777.0,825.0,802.0,664.8,253.0,201.0,743.0,1081.0,569.5,5598.6328125
LPL11_87,LPL_1.WAV,-393.2157246251182,19.542669589830304,-189.01043656266302,-39.71297027718296,48.27250326839593,-10.123074282714446,-6.7037738671252605,10.440206932452236,-2.407853397169812,1.0533412004119385,-0.7574764863248347,-12.752955825363136,6.309271615357658,-1.0158542031566913,1.0949712178169424,6.203992152183254,0.494618094221396,0.48869751887307983,1.485544521614167,1.436928072665749,100.74613889644164,32.89306402645954,67.71518231327228,58.09874476640579,42.795772170719616,37.73703088792412,26.42767043867253,24.289674533943096,25.66536140998462,8.234902095274393,16.930969482188395,7.395163351016658,11.410216373417216,13.488572362070414,7.22121713724964,10.37514784549016,4.355307225040525,6.502890363506779,4.496671828425426,6.657049151128975,5370.0,342.0,548.0,757.0,859.0,865.0,674.2,333.0,248.0,728.0,1035.0,586.0,5749.365234375
LPL11_89,LPL_1.WAV,-379.7168386043234,55.027986378757866,-190.69176261676876,-31.469581103509935,36.138562061720656,-34.76378879467056,-3.6286966603754522,-0.3233490322737993,10.293833531748083,-0.6633225320317068,1.9517156696486544,3.5880425268052636,-12.084058517881916,6.102502844765808,-1.469231040715481,3.379849035983915,-1.3208215836883264,1.9588568278467675,-0.2995212137082957,-0.17663166194129687,80.59762105162471,37.032914623332864,62.22637994147409,61.14821874490684,34.417652052503634,31.82702467176595,19.029671879816213,29.56159247602743,28.337126356456334,10.17852531420984,15.776909915189337,16.300524358664557,6.734352629052147,6.9223490841436615,6.867127744846539,13.102939754683721,8.012424204585107,6.332348035758009,7.659742924605407,5.759799951005053,5483.0,362.0,597.0,817.0,852.0,821.0,689.8,277.0,218.0,777.0,1102.0,593.5,5813.96484375
LPL11_91,LPL_1.WAV,-376.8185755283481,27.418879467443094,-207.464530485273,-47.769230851921854,44.33261869863978,-19.558519027630776,-7.608662520745208,6.9336522562528,12.554660372798821,-4.27044107693598,1.884123348019047,1.119518164402433,-3.098429607310271,-2.2732775912793235,-0.19707190152576148,7.174195464779316,-2.4611660697788293,-1.6825144064012683,4.653618202585927,-0.479156705932558,91.85622528373047,32.12110616762321,59.25810986711169,55.199862085009975,41.7752400521585,31.014410334631567,19.165095222798392,24.31036915678456,30.989151711913976,10.685074856775072,18.306201823687854,11.936818820190718,11.569991520345978,8.636127761995972,7.796281075734129,11.337124283486926,5.895929748673639,7.645961633814096,9.572965729245814,4.352083486949355,4811.0,340.0,609.0,745.0,883.0,849.0,685.2,247.0,215.0,304.0,943.0,427.25,5792.431640625
LPL11_92,LPL_1.WAV,-378.7812575890211,-0.9348038685286297,-205.45718651706932,-42.46962447771327,28.64319070199865,-3.8989596311759915,-2.022336332036324,-3.134647912891849,16.689675116470593,9.093806122236268,-5.434592249724372,-0.11321081960352561,-3.6859679199500435,3.244154276843604,-2.283977881932268,5.463977113449864,-0.11655749078189176,-5.323969925572381,2.0475894643451777,1.6923815846388863,74.2035304028366,38.2930569489464,57.50726442512324,67.98884540154918,44.87242556516594,28.985867344540512,22.42691982594075,28.3553517674801,21.787242725125886,19.09652822278824,14.879718375537156,9.920303613602252,12.390302169467391,6.332469363600913,10.219218085296246,8.681481004916312,4.9918834609309535,8.639995602476871,6.983429863460048,4.29787204095476,4825.0,386.0,566.0,672.0,785.0,854.0,652.6,275.0,299.0,925.0,448.0,486.75,5641.69921875
LPL11_94,LPL_1.WAV,-414.3646591327282,16.109112626004343,-211.77543026102921,-25.051802135992094,34.12018331874438,-4.304557565749002,-6.12653015095501,4.7269745463635635,6.595720037921487,-6.199799581834047,-0.674585056866776,1.2596689492419137,-4.598937710247028,-0.5649707414289113,11.96241646239967,-5.363915899979454,2.2924419597904158,-1.9326015871374487,0.3235150574238119,0.4772238530642903,81.54246536781766,37.70599721633632,58.859979819717665,61.16998491616627,46.33581245711503,36.871251943644424,34.868290107341345,15.551553746371622,30.495353681874487,8.635204814703691,13.50162179327505,11.38761803052336,6.3301008816627276,14.47606151608599,9.489522980614568,6.260325082086095,3.8502981049529055,4.092167053958709,6.422686821050929,4.73674087057397,5477.0,278.0,554.0,801.0,836.0,794.0,652.6,339.0,224.0,859.0,1048.0,617.5,5835.498046875
LPL11_95,LPL_1.WAV,-395.6361510293712,23.70574730355802,-211.78920842655336,-24.655138442435018,44.05402173214497,-28.23039395086755,12.331016998709318,-8.638151620137949,4.52460431936482,-11.634152266859234,-5.129246201654776,-0.7792091692391024,-2.117372671276207,0.19231177650022896,1.1386636617543282,1.7394421224375767,-0.8103791764752113,-1.423204540379175,2.6470150610320617,1.1392732315992804,92.44498853591304,34.93327282919746,63.65206224257881,56.80539062961132,45.62108319475161,38.17086367358486,22.280180231516816,30.062709809031283,31.947041886170524,11.092554350128134,17.356764743307174,8.701872926971008,5.542885923152131,8.976068170595285,6.3470592248697795,7.377720300816415,5.2913045136011965,3.78793126531509,8.010701839961206,5.11407245341155,5075.0,101.0,563.0,759.0,847.0,831.0,620.2,572.0,179.0,523.0,1015.0,572.25,5792.431640625
LPL11_96,LPL_1.WAV,-378.37873214021334,14.526408420594551,-197.38750039656696,-31.06945868050045,51.67922257919824,-1.519862401510233,-18.21663848620504,-5.5229140740554925,4.245620775176406,-3.1748681280380406,2.847726329104269,6.917709947686057,-4.137969792017777,-4.209106174681952,3.6877057679822403,-1.480616477852125,-0.5997137193527804,1.6677331189693683,1.5817378855205086,-1.7939121308616341,100.27326070887968,35.451063907937886,60.72318751297421,60.6436094475787,54.7687961611432,37.931326291008624,23.2479928386081,16.130140314734902,29.105731320926175,13.829251097894062,13.64755654086733,11.50527024930504,10.3011699368197,10.376528432632577,8.180486949706916,7.464184818607898,6.006989705195123,6.452566937348708,6.659852865315086,4.304166760646987,4765.0,330.0,561.0,731.0,840.0,772.0,646.8,291.0,206.0,362.0,960.0,454.75,5598.6328125
LPL11_107,LPL_1.WAV,-424.6475802798749,31.71859275268456,-207.6257210942949,-41.805847075747224,39.12871738703019,-19.844578475942896,5.5394857754196485,16.97495527561849,12.924175928216698,-3.202029414291798,1.5400295938960673,-5.791165255861556,-5.994692960070336,-3.0972264479566434,-2.1160543015945597,6.881276927597975,-1.8962604882441558,2.288460106615682,3.624931007734491,-1.6598227425330037,91.22940639730464,36.58291592798035,60.85478203129695,53.55018058548547,38.28116834793263,29.756445738827093,18.317542251198436,25.001624181063125,28.668725575175724,9.482042336167229,13.488971964095173,12.738945071727324,9.029018923818919,10.689058019328048,10.202167465609536,12.345695449115397,10.020860095506414,5.487512148646235,6.821542274942929,6.115070229836634,5493.0,121.0,624.0,759.0,757.0,746.0,601.4,469.0,222.0,864.0,1192.0,686.75,5813.96484375
LPL11_114,LPL_1.WAV,-405.9050885803585,28.99207603155895,-178.51912099324608,-7.5550264633454525,64.28157065266963,-3.8769238623282174,2.0441877786057976,-1.5691002079737342,4.251014617148974,-1.9365175574608682,3.162265024727156,1.4893939429638599,3.273496186146766,-4.285869645522403,3.3470939856732773,0.5121001709018973,-0.41707276862654163,6.0277274173783315,1.010989536196392,0.09817888782260828,92.14393838213795,54.493608439501465,71.06826212150271,65.53611525321338,41.24962579692903,36.32067027152284,24.862878625165354,16.09816873238805,35.520211424543575,8.537350723607261,16.622173280164734,6.848923934847024,7.053222903569461,14.144237958864753,7.0196829368111135,7.9739970531285955,5.8812012574034425,8.397221769909422,4.7680694666690355,6.046682233473811,5383.0,309.0,576.0,746.0,856.0,875.0,672.4,292.0,242.0,798.0,1007.0,584.75,5663.232421875
LPL11_116,LPL_1.WAV,-422.595183090992,2.2767004281858885,-220.69875478993978,-3.1454610949343804,44.32768221295837,-7.550186327932413,3.754073037112091,6.66442846842919,9.964887415855394,-5.779392537667644,5.859914651919386,4.242302991368584,-3.7699586822486544,-2.060706638454654,-2.7678620061342576,-1.2186462779240423,-2.9363170113266337,-1.1892755652109095,4.697344487031832,1.5523367236347267,70.4290011687276,36.7223172288925,54.192572525938324,64.58916528972397,55.13578888362919,36.06030420638486,19.788715134289042,16.16039598744493,38.76772587643173,8.842873018815656,13.752995654360284,7.4879945903666965,7.538983297971129,10.731121722759188,5.858035476271947,7.074628658522541,8.266964346683546,3.648383195618723,5.71458952819453,4.839638393604905,5566.0,203.0,614.0,831.0,891.0,862.0,680.2,395.0,257.0,827.0,994.0,618.25,5835.498046875
LPL11_137,LPL_1.WAV,-432.53965266552484,-3.6390063930458205,-193.7678410285356,-44.18802769544382,59.27445581811625,-10.774926945283676,-14.556392674602792,19.95018623368738,2.5332211793078985,-5.2232928067982956,5.992184202622633,3.130739792302413,-3.998649712111794,6.197199521513868,-2.3514859878149816,-1.127182142915791,-3.2006129832269266,-2.2126839581665116,2.716560618915958,-0.7525729713437809,88.73466156863398,38.131519286610256,64.68223475714531,65.787399646812,47.27424552731648,40.85894146565062,30.885740904131467,18.68630241459466,39.60068784141627,9.934105510120325,14.755850413524625,16.21888917283797,10.247970568323229,8.188724767290013,6.768270934583943,3.3251399745168224,6.34922654852648,5.150391703689566,3.1393883533560434,5.134980698256056,5570.0,101.0,546.0,805.0,841.0,813.0,621.2,540.0,247.0,848.0,1106.0,685.25,5706.298828125
LPL11_138,LPL_1.WAV,-413.5945703995896,25.371818311018117,-200.8369308396967,-34.12286974485539,40.586719225283055,-9.257008768502534,-5.397163976988793,0.7080153085666042,11.649710949107119,-8.646779462862346,-6.146830465189331,1.855546200466807,-7.849403941804579,6.939391056033454,1.2509903300057215,8.909969039202386,-4.409432365119103,1.3091520544454232,1.2715790604966295,-1.9009530918580773,91.98942513605672,34.23664700610835,70.48019172910543,58.110268439506434,47.881243825050376,35.88354493775318,23.45242385970438,28.05788671142545,27.62780513491181,9.718233215300451,20.876469225079834,13.07366165467651,7.834750959800816,6.557273298092442,6.633572958818029,14.582968430698322,9.090893966765567,5.069659383726838,8.06386685896556,6.075725444517434,5113.0,117.0,547.0,715.0,835.0,793.0,601.4,517.0,282.0,522.0,1044.0,591.25,5749.365234375
LPL11_139,LPL_1.WAV,-421.65234083420563,23.69503455978931,-171.15945948707156,-31.847012309335486,54.29885591149136,-4.758299148012661,-11.807546202904145,9.598006039975807,-1.214994945055888,-12.151592383833025,0.7027819069513428,-5.738043851076594,4.524055521774543,3.101240752485913,-3.6566743173175955,2.588659703237667,6.191194873256904,-11.000408304463967,6.435930593608694,-0.8814203530776348,118.22593297135816,34.32765555639151,74.53243154497821,60.8451841204651,46.17157176735654,42.969130248737784,27.897219829904405,20.99476360347206,31.708270465525487,11.062340986432325,20.81119888512791,10.05708092123268,7.572121477316634,12.011344291930211,5.090883582228577,8.2912750657306,8.195569841910393,10.34361494451344,9.097922559125639,6.106373542712918,5519.0,312.0,610.0,737.0,789.0,769.0,643.4,231.0,193.0,941.0,1193.0,639.5,5727.83203125
LPL11_143,LPL_1.WAV,-416.6509576909117,15.858676297150618,-181.3895136661674,-41.77011684677489,49.949555040897295,-22.85633391343281,1.493334249164005,1.6195553923859725,-7.372169586735913,5.6852132616454245,-13.130907062833364,0.7990390584999887,3.180252392502963,1.6247294295626415,-2.395881251967215,1.892782648800345,2.793323108678817,-4.145447519348321,0.7242698763762092,5.098934687326039,99.68137163405856,31.49484293557145,64.33054138009469,68.71878287405772,40.486860994084196,39.358604450325544,25.186224340196475,23.71254153931084,23.090756900007676,14.218168049177372,27.3589578209852,15.642646422973515,8.25289584013252,12.91601636403739,4.73218539290194,6.202363748636221,6.758894339576285,5.26074043729619,4.949409738267684,5.502609053861501,5359.0,126.0,599.0,735.0,807.0,826.0,618.6,396.0,165.0,801.0,1153.0,628.75,5706.298828125
LPL11_144,LPL_1.WAV,-407.7075835170429,12.652429085911882,-208.0170855715152,-3.8563245482054938,48.1123736551009,-17.169954658708416,-9.439321104146044,-2.5614174725806813,-10.106241734156795,-4.674558676035847,0.7673466081443859,1.4187399913569987,2.3031888357604107,-4.75489370021579,2.9659382292852725,-1.3550662803947258,1.0126079361688047,-3.9607186148999,7.129123561586389,-2.7477890166885737,90.20360151702566,37.251145231611986,53.154521512073984,58.54679359737944,52.0224981823286,38.58359463729677,27.50863204143257,18.040176944579965,24.694814358942068,12.548373414650554,16.579068422575347,11.35123414396389,7.872639696270118,13.234935945973508,10.787623581809912,6.3612503827613285,4.529668538258066,5.131670424332834,8.856515555368063,6.418109154054822,5176.0,117.0,609.0,793.0,876.0,881.0,655.2,422.0,197.0,535.0,1015.0,542.25,5835.498046875
LPL11_150,LPL_1.WAV,-400.0345510123621,13.170396079735669,-195.25280045501088,-38.53992261996848,62.1670322606906,-19.03853467631671,-6.681997328777908,-4.777084527168637,0.038972520929701465,-3.8922742958749876,-7.156040542751202,-1.0956261063707529,-1.999149336510409,-4.586468563647187,0.09675506599759626,3.1106571957172076,-4.065013070082366,0.5789323422127908,5.069577926871223,-2.168670197927732,88.61002524512209,34.994245220997044,62.47154020466473,70.2167757241261,48.31651085440212,35.68658652470259,25.385159782101628,22.460484403632716,28.53408695787875,14.453563462653785,19.089282445672705,6.563736115789393,8.464179259031186,11.23405564926899,7.6890163351951415,5.309319227529632,8.21162490717223,5.21881043650597,7.936005055542686,6.531939964682236,4817.0,117.0,556.0,738.0,882.0,869.0,632.4,503.0,191.0,308.0,920.0,480.5,5813.96484375
LPL11_164,LPL_1.WAV,-437.2341582557241,5.556096131923073,-194.3799468393206,-8.660483531407984,34.23357801458814,-2.7312666136128114,-14.392439679990638,8.94720135406219,-9.497553135261137,1.5009023523351652,10.913914929138619,2.64610149546164,-0.9611502051546524,-1.1174770713219861,0.538623988908431,1.0856495997963742,1.3018274283978952,-4.095896440869114,3.2279548549865016,2.9248656971580598,99.34187717110879,29.49304407637472,61.58876272789005,60.23542292176627,64.82752328147588,46.67236749649454,32.806556330117786,20.115105574459534,30.640488830262164,6.951369789910585,13.959564748305564,14.55317916431314,5.52412894313073,12.14132643946712,10.01228173893005,8.71264598224974,6.602098457316588,2.965002938921325,5.9745400789336705,4.001928742418265,5520.0,234.0,508.0,725.0,851.0,805.0,624.6,353.0,255.0,844.0,1160.0,653.0,5813.96484375
LPL11_174,LPL_1.WAV,-427.01606759160524,13.968533384380624,-200.92757368776643,-22.58829383837617,30.90500974421644,-13.231157312937295,-4.255289659726118,-3.720450610051609,-0.4096580305880381,-1.1293307053992718,1.4162928583623,-1.2551620869830185,2.6879775656457245,-1.461704556807029,2.134892816593994,0.4885788109833672,-3.885594295374142,-1.3857340172589199,1.8460237082591042,3.6762692703504847,101.90694240315092,36.87465948807104,62.38341302543983,63.68873025463743,57.089954825927826,41.831269916202686,29.536402644016853,19.29144929471229,31.440462551429913,9.59979852118204,13.739269365037805,8.502559861142155,5.4649782435749135,13.626685688304397,6.00335480218788,9.92740368489869,6.938117672724033,3.5919109647978376,6.340287018142564,5.077493831076142,5357.0,141.0,540.0,746.0,807.0,812.0,609.2,429.0,239.0,759.0,1100.0,631.75,5813.96484375
LPL11_176,LPL_1.WAV,-448.07716982009254,12.728252926287869,-201.02863053655344,-23.72863836148408,58.15403613647221,-15.573235546823817,-17.03415171422144,16.04910551737294,0.14684912650967277,-3.993938998129427,19.487882137627974,-2.5605396890326784,-4.387726642248224,6.216066075340195,-11.0412870424825,5.631874702505916,-0.8317330494078121,-3.8100005381862614,3.8030117456502692,-0.7870856082049602,78.0417368041796,36.53749976814226,56.6817799171666,71.57328113009603,49.77950140681138,43.49142704562816,29.519416989366935,22.27798877208243,37.77567975236627,19.923797237674822,7.820090622959508,13.373120753237762,9.388320446986528,6.7535273269935985,5.3459989745075776,8.011767962021002,5.790523436184843,4.220497310439147,4.818504004122644,4.858984251935919,5512.0,109.0,584.0,768.0,871.0,854.0,637.2,282.0,203.0,846.0,1067.0,599.5,5835.498046875
LPL11_182,LPL_1.WAV,-364.8853583347178,-16.45755287376889,-177.09591220644802,-4.422054390380112,28.51505778110703,2.556532066060212,-4.734107360648812,-13.45665577728018,13.542389318920836,-6.698265758594902,6.818895051076373,7.093117430769854,-5.931697383813003,-1.285953636850064,1.0503619983491623,-1.6819221426625093,3.069482817048758,-5.949575408697022,0.9537409760891633,0.4373677360053804,111.48870541168608,29.81124867751683,60.44101501617423,61.204241110066405,50.22384888165508,34.6809509615681,25.172537486562963,18.45662181267709,29.29441106699849,11.169956617004598,22.51861509156476,11.46999590244599,12.948899720583654,12.58902012367089,9.046651870495404,10.436419418555094,9.277471453715977,4.921833909854264,7.518843065555289,6.1854509942108065,5047.0,192.0,578.0,758.0,806.0,841.0,635.0,288.0,199.0,475.0,1107.0,517.25,5792.431640625
LPL11_191,LPL_1.WAV,-392.45694737897475,12.735638828396302,-168.26061339435242,-14.754279351500818,58.41574352989312,-19.70596642849363,-11.1109079837651,-4.154854093925857,-15.38683388445949,10.978139887943684,2.2700660236653287,-9.192621221370281,10.228909363665032,-5.26547724222089,-0.11760273982139398,-0.9418793362883462,2.9874153999388313,-1.9072316249783956,3.1447427886554937,1.0078243949321752,112.11739238561358,36.692213931533054,70.99521996808176,67.58595699723762,50.95390191743829,40.39059287682839,28.012710747574985,20.324128574803687,26.01811617180291,9.44912580390415,19.293797980693615,7.5308197478776195,10.907532597712207,11.513966508668059,10.552759109169562,4.3272321489614605,5.71347493607173,5.6327316549133855,6.981434624796425,5.0568980421128895,5249.0,269.0,544.0,766.0,906.0,841.0,665.2,273.0,227.0,593.0,1033.0,531.5,5555.56640625
LPL11_201,LPL_1.WAV,-392.3874176575019,27.01636594749198,-164.8716329289524,-12.316306864234688,53.86080142148236,-23.62046880917075,0.37957622077201425,-14.861203033900805,-3.5994469433858827,3.055562319022571,2.9093999971801114,8.820112212036896,-1.8077808075496438,-5.957857468440651,2.4492601359190425,-1.864586083010709,0.22682474876611827,2.651843998074246,-0.08696741137613495,1.4222839951101638,123.21924005409508,46.22671360484868,64.25338774422309,64.65550267499242,45.19883870313204,36.25903652327905,21.433776082762027,21.259254713682022,26.687904374385976,12.508051444738054,19.407954955353,16.62825107052019,7.043921011307437,13.14299639732896,7.658581751560637,6.528241132241439,5.74676070802175,4.465513712948252,6.921610936195442,5.117273846297729,5701.0,356.0,604.0,759.0,836.0,794.0,669.8,257.0,211.0,996.0,1123.0,646.75,5706.298828125
LPL11_208,LPL_1.WAV,-420.9714715428771,-9.684212308477834,-189.06063227442868,-14.695680981862784,33.98517889712239,-10.258979321062588,-4.831219253539924,-1.89167046259683,5.233848597697322,-3.982412005722205,0.6357375733889044,2.811987549961726,0.2147826041485647,1.319987807887076,5.488747910396395,3.9634842267556394,-5.202872092610112,4.480796649362904,-2.412733035922788,1.4696117502381165,102.64309144608146,31.25664019756571,64.56339367587593,69.48988006744747,52.907623635750696,34.42373035426116,28.024022554047107,18.64221786240759,33.047147006839026,11.047035371242584,16.837085324911964,10.270394877840477,7.471412230447568,13.19525264940943,7.420794823613072,10.94723676377714,11.075569448659984,9.242038417200474,3.947914810393983,5.451581982815315,5525.0,101.0,563.0,716.0,812.0,792.0,596.8,484.0,277.0,864.0,1128.0,688.25,5792.431640625
LPL11_210,LPL_1.WAV,-385.66142964054455,-0.18145460809011463,-207.31614218292415,-12.905955037555579,39.45508685491413,-12.927654615556179,-3.0697998881289053,0.33244941943181144,0.7307022335713206,17.93328563180164,-12.252573546969165,3.6778491617620257,-0.35145462989785253,-3.949244127063162,2.9777963104666982,-1.9597760497643675,3.0858088199293516,-1.79351491000165,1.6009351787154953,-0.08111024726881935,91.33113590562334,34.185405586263315,50.910840459685154,60.39459512893857,57.45872354909071,36.96247901451661,18.102268784158902,26.038664299881955,30.13628903245432,11.202518946964497,27.86873243337634,14.391998071716293,11.809485420389079,12.145148437964934,13.021865983345984,6.292928929402841,3.8218160431740635,7.839272205557502,4.35143620824274,6.040700697879989,4742.0,105.0,581.0,726.0,868.0,887.0,633.4,300.0,216.0,317.0,854.0,421.75,5749.365234375
LPL11_211,LPL_1.WAV,-375.27599288084605,1.6734971651142303,-184.18199050039846,-14.5897693976141,44.163367518256166,-8.016182064972366,-15.57936277422593,-13.225698707873704,1.0734057982889185,0.1856649879069013,-5.973718095545484,-5.917076700921684,-3.145434227277647,0.8524998860251221,-0.9394106018083772,0.513749290176199,3.6641824033470347,-4.447356120500164,6.05423460012774,-2.327686101735882,99.52814590387217,34.80465686640781,55.04014525085187,66.14758886558744,54.31037684051426,34.11254897647978,22.009462248903365,25.460141267466966,27.89084439658751,12.906229476373355,23.574967547088765,10.018507131044663,13.326107070195361,10.459868190100517,11.197603334235534,10.496197513546642,4.736022323616103,5.135952028045986,5.921869742792312,4.566479133972939,4756.0,117.0,510.0,722.0,824.0,830.0,600.6,485.0,231.0,377.0,867.0,490.0,5534.033203125
LPL11_213,LPL_1.WAV,-418.2570738039578,-12.712858367977972,-181.26564916284298,-4.665909345975654,52.05011407470383,-13.837609243175224,-3.501200944134999,-0.6687388726701535,1.3788434399180278,7.616600455362553,5.708168752158385,-3.0088718077730916,-0.8200765981240401,-2.9546777978081633,-4.089529638799436,4.080020971047736,-1.5835182186891206,1.995350876663039,-0.38286424808896813,0.021944265159651852,93.06369147439833,34.588049343502206,57.17420257366846,72.55378753313133,47.62399272487212,35.85917248566359,22.84001807943174,19.446226543842,30.25365995749159,11.413840447475154,18.991609915642243,8.542468387308421,8.98382371715245,9.252956791884525,7.488822988525743,8.777493014162292,11.066578577595262,7.448823578913154,5.347400835226049,6.713343976711324,5521.0,299.0,500.0,766.0,891.0,818.0,654.8,356.0,250.0,817.0,1072.0,623.75,6115.4296875
LPL11_217,LPL_1.WAV,-407.02496092056657,-3.2148801652578056,-201.9829838522337,-4.772273677234349,47.3653886669056,-5.618785963287413,-10.281367346385005,-12.710531465205515,0.922210929211855,-0.7475649228146672,3.362443175253475,-8.823613752129477,3.767592747255124,-8.171465487694444,-0.08773894367946411,3.0106484728496925,3.4738036821552525,-2.0855961427641234,1.9546102804397867,3.037001895679729,94.77077752254358,31.00981416280919,52.41241458054421,59.70219205941024,56.87539171908097,43.0753764474015,21.002668081496836,21.6850016991949,31.426589248355832,15.031290300901198,20.60675812649956,9.386960362986715,10.123494673461456,17.386365137489065,9.559037501837972,9.518835943830203,6.158486007226516,5.802311859928428,8.663284466388399,3.2974859683943163,4980.0,316.0,542.0,725.0,850.0,831.0,652.8,318.0,203.0,509.0,931.0,490.25,5727.83203125
LPL11_222,LPL_1.WAV,-412.5367871321548,8.30207155924902,-207.90042446971512,-37.97586338227166,52.043469407712344,-2.346981711274346,-21.173930365869126,11.362995790111396,-0.2158906187143306,-7.806156588467926,11.307466707341963,-2.7266697890926714,-2.162617247871322,2.025139008829724,-5.532205452368346,5.082197230862162,-2.332024467416324,1.653543352061994,0.6163481690631399,1.5416933828510055,73.94992597352896,41.54175503773932,57.85212699766013,82.88813894808851,46.19108424565415,35.11684919868338,34.37015456957832,17.474939155871883,30.05295318242079,13.735424460702365,13.428020811112717,8.305100687235903,7.628350532828301,9.128613592914691,4.647724118919537,13.87599130344622,8.564774803022944,4.970700485995274,6.197772689945247,5.141494154340237,4821.0,334.0,579.0,742.0,845.0,809.0,661.8,296.0,200.0,422.0,875.0,448.25,5749.365234375
LPL11_224,LPL_1.WAV,-432.60599781630054,14.944696317579663,-192.61013149542,-29.43104040069227,66.02637439495514,-24.080273824889115,-8.098982765029731,5.706103313298225,-6.1755071976688365,5.45682377189133,16.5504464420152,-10.5514924793397,7.028729773310524,-2.8412288766265736,-9.573537174672312,8.774590512139012,-3.0222252437493644,-4.922674480951788,4.406024032019077,-0.2759397490929126,82.80683767639994,37.637604835723586,54.352768044010425,78.46839688251985,45.604293153998334,39.57171088756297,27.80674058313502,20.27092582367698,33.46677638216143,14.651255475323541,7.662202935760195,10.688287931459467,8.756223889824613,10.781441085924978,6.209846722461336,10.136081963909929,10.258715275425093,7.35871145034971,5.936636145835411,4.8603205950726345,5303.0,313.0,582.0,719.0,854.0,890.0,671.6,247.0,187.0,799.0,975.0,552.0,5749.365234375
LPL11_225,LPL_1.WAV,-431.1154165919891,7.765863356178068,-197.12569955231996,-20.76550927606108,52.139423907558054,-32.66275377484746,0.4187537808378077,4.7089127826710655,-4.81860599079592,6.023413034539767,-0.5348964682220732,-2.9941352079522905,7.76141187829836,-1.9802236705413376,2.8766132880333144,3.9862946436319304,-4.141038107095046,-1.4593444228948482,3.0017680988659072,-0.2076673478974939,90.71397066162814,29.98159861654025,57.271198060607624,62.495039145405336,45.12251033281487,37.02058988398724,22.968809883512968,20.32179981442971,29.64573012605944,10.369205631625444,16.65933723607012,16.586941905586542,10.202026698313698,13.668489166702184,10.913760014718061,7.59693694798677,6.711318488892634,6.2049932550036715,4.093076784934386,5.961848843340852,5532.0,222.0,570.0,793.0,863.0,729.0,635.4,372.0,232.0,821.0,1137.0,640.5,5706.298828125
LPL11_226,LPL_1.WAV,-375.1619676336754,-6.170750572497756,-195.60068021569347,-14.306163130251262,32.70577884637498,7.239276144721075,0.6411497813361691,-5.162602542034294,0.5179484813213792,3.1820871279184018,-9.33877405660886,-0.12862781718188857,4.7007075063375146,-0.4857261965538962,-0.35683071053394494,-0.12429408690894408,1.1871363098000054,-5.2642502346222715,1.9710367416699666,3.444046703716824,107.48449356277494,33.87008584898422,58.98041797558864,65.37779448550195,52.03249895307544,36.19038492192928,26.469216376687775,20.014150473361013,29.89228658820474,9.608039345689198,19.856776595634482,8.616138523681963,11.68476720604082,15.406935824979769,10.757027180655193,9.724549626806695,6.6697070077180935,3.905870479597025,4.84680262623835,4.368996796490163,5449.0,526.0,619.0,807.0,869.0,838.0,731.8,190.0,200.0,760.0,1079.0,557.25,5641.69921875
LPL11_229,LPL_1.WAV,-357.2440548703534,3.6162423703712454,-198.7022053643741,-18.841849479450516,39.92513977252201,-7.893705431134021,-5.2709836737885745,-5.991850709309332,8.315958901184942,-2.737427244703352,6.498305770349558,-1.7399539024328583,8.778923122177845,-2.377012676513556,-4.83579613621717,3.0881262089664894,-7.212585777695681,-0.6261198302695102,-1.3276837439243707,4.558181013247534,89.41089683751244,27.830920065038296,56.554116558806776,57.687857436162226,48.36313538969645,37.383180218662496,23.570635582388203,19.806380888698666,44.149124863169156,10.19861568187926,16.725455999788288,13.01987260368042,9.823491553267447,14.541170039576512,7.062285092512153,10.558557898508624,8.453056444369093,6.215141844966138,6.426437630182294,3.754716903511088,4872.0,470.0,601.0,762.0,917.0,915.0,733.0,227.0,185.0,370.0,844.0,406.5,5749.365234375
LPL11_231,LPL_1.WAV,-346.9124934137144,29.15599400636726,-191.08499852841595,-14.834492532074693,27.430216734835202,-16.66815673120157,-13.548303836829021,-18.851649568543507,3.10005401985037,-3.4135163872483028,6.528806956386827,8.617163572049796,-3.765043240973412,-1.0263505358584932,-1.0128425976918103,-2.244080973560375,-6.235057578174855,5.249669328907098,-4.243006442369997,4.60058707213853,79.04495776898186,41.241445074624885,52.756387062296405,66.68790079549454,39.89240212362659,30.67738969884114,24.797700419437927,17.485092891029,26.525264376658445,15.782827677060201,19.301339827141437,12.699704020788468,12.801722015837164,11.370377767329595,9.966530233701565,8.446144190420174,5.999860775189417,7.022289786653949,7.443930682713254,4.115774461062104,4854.0,410.0,602.0,786.0,882.0,916.0,719.2,270.0,171.0,292.0,929.0,415.5,5857.03125
LPL11_232,LPL_1.WAV,-410.24726886173755,10.895944000910283,-199.2181880356837,-16.82523627657175,50.117861882288636,-15.317218106107477,2.1751514813279003,0.36636919390379336,2.17510208281759,4.022004793672555,0.466384384091325,1.6910337539635194,6.183751928941218,-3.538256425528192,1.6226204471048076,0.2879437242728526,-3.0759625123759418,-1.644897645030838,1.1771596335124612,5.590894322404121,93.9803532911482,30.61656055615287,64.28460815212976,58.34759600935851,50.806689144297195,36.21329935424649,21.082460813044207,21.870030980105785,41.6530086201595,7.910598926630192,18.548527223883266,13.884348031681343,9.584449850891586,15.850030186612392,9.77723406646309,8.051986163027653,6.410501367055916,4.14524405597777,5.28253948035621,4.7599897654468,5459.0,304.0,572.0,723.0,836.0,842.0,655.4,312.0,272.0,810.0,1043.0,609.25,5727.83203125
LPL11_235,LPL_1.WAV,-364.54374159655947,-1.7362013346317748,-188.66192413796844,-11.630915834679584,38.25019372996869,-5.9965861388235036,-16.686268148170736,-4.875559977922541,1.4027578868223312,4.6744247238373875,-0.271253819083014,2.700979638245052,-2.5273570811825716,-9.307352993495803,2.804249596368231,-1.3924545898278269,0.12203444389348453,-1.052416941230334,3.496475582141915,3.2788533121046752,81.45686889239002,32.629177669066735,45.74950736491639,62.706415365171466,48.21047482214644,33.02087034085056,25.025776054460515,15.507330034553846,30.867253722581626,15.354556025042713,18.09173240671313,14.511298542041516,13.869976448943238,14.809860503509364,8.720959036314964,8.933182936977685,7.297223211527748,5.741105353993754,6.8498909707183975,6.026912690317064,5020.0,388.0,583.0,767.0,887.0,887.0,702.4,301.0,222.0,397.0,949.0,467.25,5770.8984375
LPL11_237,LPL_1.WAV,-421.81542235036164,23.978859477137476,-192.93127827983528,-14.333034249417029,44.370530436429526,-6.466894978956693,-2.669099011490009,-4.091154545075853,-4.168022512327955,1.7979158153347476,-8.108459144503827,-0.8474389524222731,-1.0973912540906594,1.228195809491072,-0.7909178375200142,-1.4713478832235234,1.14832735481276,-4.934679375983316,5.92997029197498,2.772481055956048,101.98857515529124,49.918403360145035,62.52515523923968,63.12052030816206,48.371753121515,39.068724429998554,26.082942875868905,18.097709397978516,28.771995115123513,7.296999865434412,25.7138682302425,15.743728754387387,9.830005896547425,18.37044739829996,7.2823351068507485,6.843420882993422,5.706376229880035,4.901333281937304,6.405064148127221,5.356574190589529,5451.0,345.0,569.0,769.0,835.0,842.0,672.0,285.0,200.0,797.0,1165.0,611.75,5641.69921875
LPL11_242,LPL_1.WAV,-416.05129526963316,2.781949251649316,-193.89246320719803,-13.987302036250885,43.40722381144507,-10.411278000839092,-19.9876012417929,5.2620493174449114,-6.030498039710232,-3.9654546392377914,8.386466227541947,4.9936299371041635,-3.099553788362706,-1.2859478695881739,-3.2217803234899245,4.672367198611941,-0.3776186934429837,-1.9022016608399568,7.002980088526282,-3.4017733308457445,101.0722527723674,35.77465810302195,56.0678534428281,65.88257890527893,59.81875009444124,41.01535844461828,34.33626327500329,17.64677890378886,32.2691392836777,12.876439104009014,16.178593442592806,17.186770381711785,8.131045107514606,7.939035940363779,6.949001326929824,6.733925552377091,7.99468522866761,5.43088176240133,7.353939851816166,7.045836192410883,5708.0,428.0,629.0,807.0,891.0,865.0,724.0,245.0,213.0,894.0,1041.0,598.25,5813.96484375
LPL11_244,LPL_1.WAV,-458.8102530433878,46.934447923986,-204.7305125033642,-21.089853340387208,76.07245506962852,-20.907257422379022,-15.105896182600953,10.879771161653194,-13.426816710793394,0.900640128567928,8.966921080464331,-5.482627260976561,-0.6247133944756903,-0.577264559847509,-3.800541132078139,2.9076771316307823,1.2424320291429471,-0.6529476737662475,2.7219006785749142,-0.43782902515071825,67.62207009497794,68.1830609262404,56.23584391759083,67.70522640383766,40.62928712808653,40.8621064632741,32.748958148910475,24.132803212350588,27.85310614538606,16.875943550131538,11.802398280549529,13.439458591971903,8.66615278408585,6.539968536411649,10.83458223514344,4.1697951622469365,5.036632476427017,6.105179939511404,3.2674665601932382,3.7782745817526564,5510.0,244.0,526.0,731.0,865.0,883.0,649.8,339.0,282.0,810.0,1055.0,621.5,5555.56640625
LPL11_245,LPL_1.WAV,-431.6443353082215,13.723375100412998,-201.93553272009467,-13.746806560408192,52.454419918537496,-22.270692520453537,-5.230699934404032,-2.542054539672644,6.4578141429870835,-3.388365615688555,8.642364090886282,4.596546418186756,-3.9066317048262973,1.729260055497555,-3.375584157704154,2.394516401941033,-3.237818458406342,2.2271268088944836,1.7218527303853113,-1.2015628298409713,92.78585088506067,39.78035399824053,59.853442091498806,65.78832331185791,50.585928199603586,37.63238970033052,22.70036375478401,17.571475608529287,41.91521857993688,16.917037520648197,10.353202799112067,14.823139111013319,8.122913468831241,4.39957623135308,6.169417324526838,9.331377045849544,11.302723215716686,4.413762460407016,6.305246901181551,6.381424192560453,5599.0,302.0,608.0,807.0,850.0,820.0,677.4,300.0,208.0,795.0,1168.0,617.75,5598.6328125
LPL11_252,LPL_1.WAV,-409.1929530070224,-0.11042566787965422,-216.99784661425835,13.228132340947775,37.99266486818195,-7.872331585868535,-11.49740163440095,8.896242333856572,6.164309926029729,4.196565833306695,9.714005365410506,-6.17328731322289,0.09684923285505226,-2.696524831141967,-2.379330189097067,0.6322482000554919,1.228732926285991,1.8343681550429727,-0.373740784040263,-0.2828406677235749,85.36192652140244,37.325001245531176,44.36020352607568,53.229550981824985,62.94104046592257,36.474832263451994,23.32830234939806,20.614345650364527,35.973906045631665,17.451602757751836,13.724532210983174,13.177265771018991,7.027612340790746,10.841493041978895,8.448209802253958,4.2530006047942654,6.8373361453274155,4.407864235266766,4.761711233633376,4.771827906392605,4898.0,144.0,545.0,749.0,866.0,850.0,630.8,497.0,184.0,415.0,871.0,491.75,5727.83203125
LPL11_253,LPL_1.WAV,-434.43570845757563,-3.0660767284129578,-195.42532966757622,5.462326554714156,48.64018643326648,-12.169108735215382,-8.317161651023573,0.029055083176988888,-1.1268468873932855,3.7513280649226846,3.928223121287605,-1.2752706784627041,-2.647738894375807,-4.8138216665938955,-2.476809759538047,6.111173733488917,-4.77547997002509,4.316511648171097,1.5987170607109642,-0.2389679850760658,88.26274476499245,39.32255319558011,56.10280743964967,63.56916515034778,54.418718247777186,39.67984461028701,28.363510122266117,19.57704781370565,34.31534849652965,15.152322009160432,19.06291823536916,15.332453100712266,5.6261964335232415,13.368083165382068,6.846441642588741,7.037035637365232,10.08128042434639,6.716849430480145,4.191228600294132,5.12750838355958,5350.0,182.0,528.0,727.0,897.0,846.0,636.0,397.0,316.0,729.0,958.0,600.0,5792.431640625
LPL11_256,LPL_1.WAV,-376.9418203939776,19.418555554091316,-187.78820504202375,-0.9951098641628281,22.472074574785005,-15.892868063633797,-21.73000613850192,-16.714284367597987,-7.411887799102399,-7.221399326604487,12.130665819616903,7.100327888982599,0.43767698525957577,-7.638434892682123,4.417478390351848,-4.1691955401604375,8.580056611527574,-0.5835576744455994,3.6946112648236964,-0.0011485999456696213,88.07145711504039,40.164004242118594,43.7791887630925,73.47030273979931,46.575345735506296,33.756484653328336,23.592094729894058,20.475580927157697,24.10694012457191,18.665693530850866,23.270994068250122,12.901592270435337,11.331096086542916,19.76950559680188,13.524471622174149,8.82892142893075,6.803560318552748,7.235147902070519,6.997849280387649,5.105667874380876,4859.0,313.0,574.0,763.0,812.0,821.0,656.6,281.0,176.0,375.0,977.0,452.25,5813.96484375
LPL11_259,LPL_1.WAV,-442.397097007367,8.945328625170454,-204.4480288409142,-4.614172107287753,41.14628290070544,-21.769410980974417,-3.476813521621289,0.06389868763235768,4.794859926048867,-5.276427881915306,11.262677989136114,-4.1617512951826825,5.085984105141335,-2.0878190254742766,-2.048372057411832,2.290588667651369,0.5533891403222032,-2.46461685231903,7.449940359600442,-3.6790899650662645,88.88216037539864,38.24304423428632,58.07222664055867,62.24009866489731,56.061301653025865,39.43610382849277,26.643151236233216,18.030088857907586,44.33804041513367,22.586073889241824,8.686601341482099,11.87711735246499,6.536838799558535,8.253590212965745,10.734268322110081,5.909095397861932,7.258450825917158,4.399469161847728,7.1531856449089855,8.824483766413538,5478.0,210.0,533.0,765.0,859.0,792.0,631.8,415.0,257.0,762.0,1090.0,631.0,5727.83203125
LPL11_264,LPL_1.WAV,-429.6293592228988,-4.3715867872918075,-212.4932825007356,12.304245554505444,37.85950308142554,-20.99930755205961,1.0439197074551798,-2.7573846072616264,8.423292875180463,0.007292725571412066,10.949769994907621,2.733393435779871,-4.4085306182774975,-2.519474386257404,-0.6403189841169423,1.1900792192874536,-2.776808759086792,-0.19107358643109754,7.3834424706433195,-5.699896406625226,77.18850791486778,35.96956364854067,55.54254304490834,60.96129314878518,56.997816995310636,35.64046139855739,22.82894416805432,12.540913596980966,43.60928099588378,18.91237568623696,12.241974812996618,17.163611358975693,6.404882728001246,8.354459048673426,8.490453618695309,3.9017949507150766,6.30037158840923,4.005035753674646,6.3258317776855755,7.911658854492679,5335.0,174.0,521.0,780.0,872.0,827.0,634.8,426.0,291.0,701.0,995.0,603.25,5878.564453125
LPL11_285,LPL_1.WAV,-436.76637700991415,-6.134550609698717,-192.8552429403596,-5.75169249493209,41.16643540983122,-19.335442234748307,3.9512475144663863,0.6298217075679142,-6.357904143438691,20.122620588455476,1.957992625418459,-0.7354708350770681,4.702051481648048,-10.002458971348112,0.6828588724167548,5.171042324687006,-1.269256764792093,5.346559909534531,-5.1025651713543105,0.6171512125176833,91.19575822480729,36.20002982469645,54.50078736386844,80.22116294246986,55.20971806833402,42.25342643872574,26.295589079696168,19.297802069414487,27.707715766309903,10.615503163368752,15.54634699264164,13.815437741111042,10.864181180434418,10.942272427067376,11.163035604243671,4.591213741108484,9.268990243717424,8.594293047754114,5.80567563387763,4.6707580018318,5389.0,326.0,497.0,714.0,840.0,838.0,643.0,312.0,291.0,788.0,1033.0,606.0,6158.49609375
LPL11_325,LPL_1.WAV,-420.50044348931283,17.671067311580007,-205.1322020448529,-34.74734109116102,38.12260243832608,-19.321450560147852,-11.081737339066141,-12.895973595289691,14.188464793324131,-5.413311211839251,3.2956210866220874,-4.685292141201388,6.919993190673736,3.9597045969032014,-3.333535033660551,8.200432850093257,1.4344835174081125,1.070444547779144,-0.01674189474198468,-0.7811715499538525,87.15761841111275,31.924282366254367,57.730467815884374,67.00910165079806,59.46466495981947,33.99672513296439,21.310494397974555,31.298258953540024,42.430530647926396,13.846054660792246,22.364026916576176,11.059606224005208,13.28935534210121,11.15054556057536,8.452764928873622,10.831347584504336,4.719470851407968,6.792522834218665,5.128235948914543,4.143578697525652,4775.0,105.0,583.0,647.0,818.0,812.0,593.0,492.0,248.0,384.0,913.0,509.25,5663.232421875
LPL11_328,LPL_1.WAV,-422.89321598090265,-2.191250519414256,-198.34653540819082,-34.3598131300312,57.029685399927736,-25.22150855983515,-14.945931240051525,5.303139708262564,-1.9160794260653902,3.841510762193885,10.927893364492354,-1.8421385618287973,7.410381386445544,-6.062047557277782,-7.53426173794965,9.009735826862526,-2.0355472309031266,1.4568625880694994,4.104072419710894,-4.4317102897434,92.78185870492932,27.666617447418485,53.422127063186835,73.44905543420182,49.74627304302324,36.57129268784512,26.076686824737198,20.20521911911223,34.21886687246083,12.550264776286248,16.76667176800162,10.093746326087182,11.531982605808023,8.37918867865895,9.445498940474847,10.302719955961916,8.277407407798973,3.6932488312246794,6.679906449359773,4.476807450689563,5022.0,119.0,592.0,760.0,860.0,843.0,634.8,242.0,187.0,400.0,1009.0,459.5,5813.96484375
LPL11_332,LPL_1.WAV,-425.78923007550077,-6.31406293558141,-212.18368335965687,-24.492027710018647,56.33118756208813,-18.232458263831692,-2.9769195286712984,-1.4924166059209778,16.890098873782804,0.7841649383179601,5.1551801479628026,8.644351892814749,-0.9527308396325452,-8.559435043466861,-6.369682204913511,5.7146794102708895,-3.116989467561396,0.11840574566740684,-1.052329866858741,-1.0091307344378877,78.66585243148874,27.980491721211155,46.69899560623588,67.75929387678134,51.30181845118914,37.92189101459693,22.107810101297144,17.265508973820584,44.48869967268593,13.611582005401452,19.67112779891001,15.560565305255833,12.356163282062615,14.683237312299246,6.789972087346328,6.47137879579896,11.286884419911768,5.242836262789952,3.7452120491135465,6.44333258122097,4947.0,117.0,596.0,745.0,816.0,877.0,630.2,415.0,236.0,459.0,870.0,495.0,5684.765625
LPL11_338,LPL_1.WAV,-453.2673403733629,-3.3588503074557514,-200.91686436091473,-25.016102448104938,56.1045367471681,-11.881806233070627,-2.187861518751616,11.864934009572194,-7.6897502552425125,6.895099490027992,10.737539881035795,-2.012983590769005,-1.9300679273157073,-0.32011045889727735,-3.1315277938478476,-3.089240711035763,0.6773619928713144,-1.019108689100019,2.3854712272293703,0.07917427406370312,76.98450279208603,29.055159277700422,56.833447872165394,74.17831669197597,48.298592821694086,40.15250224745403,29.338726413280334,21.4402673337894,38.65225329985468,10.873615737447446,15.409907146747907,16.930172565374065,7.827587249935852,9.503524150705012,10.536685806262632,6.840929421419921,6.888679738303178,5.910943049026334,4.619086959918459,4.695242138155098,5352.0,126.0,509.0,753.0,836.0,819.0,608.6,489.0,270.0,725.0,1009.0,623.25,6136.962890625
LPL11_344,LPL_1.WAV,-408.9673952197676,23.848528660262456,-197.82729340846336,-11.785197093499633,53.599290037335905,-32.04177325523807,-14.021801778701768,2.774428782128407,9.716452386708728,-3.9088112164709026,14.486172099142312,6.370625652795846,-3.8549151854514228,-15.975788053123988,10.930568789533547,-2.0349521742023673,-3.846058272044199,3.1339300068153255,-4.060998602798215,-2.8056415173197755,71.59328442490569,35.7577593663517,45.30464110641317,63.262894354276455,38.97547449103617,25.919100385837062,18.596648406483755,21.423495082587472,36.16973174777195,16.65284851313946,12.303514670316927,12.27578262852819,13.185184012324711,14.443743104276338,12.492340019152788,5.294740241783771,10.005072181087414,7.246286068255052,5.6371432464619335,7.029493433763457,5046.0,201.0,599.0,794.0,818.0,826.0,647.6,421.0,188.0,441.0,1013.0,515.75,5835.498046875
LPL11_374,LPL_1.WAV,-427.12002200518384,4.796506827163438,-199.1975757337381,-32.67427669346116,32.233637592236796,-11.775142482678431,4.573331375580964,9.850819051698053,1.431833030840235,-3.0040234775158012,-5.513694257295361,-2.31498667489176,3.2155447264506507,1.221464133763062,0.4075591690289266,3.079963116914973,-1.91939365848402,3.080411365845876,-1.2277511057064452,0.025854979761514373,98.14903490660082,32.95241013582088,69.34262205834835,73.08821995996352,38.70373920074618,34.120903076582536,31.31714473153683,16.589823927250233,31.70490581122674,7.2779786054139715,11.939373202943232,15.608898039251292,8.044730013386527,10.908822062192527,8.624243003437396,6.4437423000367655,4.707838072660991,8.88683542117041,5.145423288598284,6.449459957219932,5584.0,410.0,546.0,728.0,855.0,821.0,672.0,316.0,225.0,876.0,1188.0,651.25,5706.298828125
LPL11_376,LPL_1.WAV,-378.36503805024967,22.98268084825577,-175.2506622425993,-26.133060494752865,42.36717289768531,-1.9852951934477978,-0.8329632109088436,1.2088050061287159,4.738341098158959,-13.523363269633448,9.731560054883554,-4.545742015608224,2.687625537997318,2.961860707261856,0.18982430053897326,4.04903335370672,-2.605304633354192,-2.968020347922364,1.6565168929174454,-1.26085836471228,99.77757837292876,36.20868895443302,54.54793112170398,58.92415407061745,41.346314168599726,29.296114776897106,20.945834729830917,29.600425520456525,27.29569591415404,9.772332962175728,17.335201052809005,18.78618837553241,7.288458744919219,16.255461120198213,5.882369724970461,9.754627631284485,6.805911651724474,8.53021379371054,5.836446739530058,7.036406170706545,5214.0,462.0,565.0,652.0,1011.0,781.0,694.2,270.0,261.0,720.0,854.0,526.25,5835.498046875
LPL11_378,LPL_1.WAV,-418.4677161302155,15.351237912275561,-190.14412176155525,-47.56006432176352,39.34251186412021,-21.323528495941055,-10.25592596729371,22.64704403604133,7.072404511643219,-5.7262059013706565,9.857582629092366,-3.6014880824024305,-10.278215287776012,-1.1105064641358213,5.817528001023321,-1.591102472916296,-0.8390929999629874,8.118043277741402,-2.741934448903874,2.509322281403789,83.37340719930978,36.7659670530442,57.60304506543632,64.96191367029279,29.794273311689448,28.416494502835036,27.93217377418661,15.836817677122093,18.936350120645,12.285143265797519,8.363098060919656,12.402102109389949,11.717364404060659,9.143996694920293,9.204062540435933,7.461937860903356,10.313311891080087,8.944173099576322,5.732286345456693,4.454577689153797,5774.0,425.0,586.0,745.0,800.0,691.0,649.4,427.0,288.0,920.0,1204.0,709.75,5857.03125
LPL11_380,LPL_1.WAV,-388.33300279535797,11.976869950308247,-192.39501587022932,-1.5404368153989856,18.272905905905056,-4.283157878583882,-3.3789748461772313,-4.538317239264743,-9.147481321717198,-4.333733531746813,-8.156079240076245,5.7465402073385246,4.202100116364328,-1.1991159195558962,3.9670027615336916,5.171649726622366,0.4318149363831905,-4.1322044223296714,2.2854591819221017,1.5100596845343828,114.61950715439332,37.20125462235232,59.915723501676496,55.259981202646834,50.54791766674877,33.210511872559024,24.693910147765568,22.075865230996378,24.527232189287403,13.251468675344906,21.33050607893179,13.793925658148144,5.762426294765699,13.965947974641493,11.58777054339716,7.30864278583035,8.503731673037967,4.956743235106736,6.284391850443007,5.476537088524495,5450.0,357.0,586.0,640.0,828.0,804.0,643.0,305.0,282.0,820.0,1109.0,629.0,5770.8984375
LPL11_381,LPL_1.WAV,-416.18407156368414,8.977309497984914,-197.68834538382535,-12.459249297494214,26.45408733012143,-7.3556651529184816,1.9225453976157052,5.339507778430234,1.6048072575326204,-7.799038344387231,-1.4469573048460547,-2.0586839295020916,7.828431402370102,-6.220094046430542,-1.9658225887002636,5.163118986479294,-2.3598336172346728,0.5668154162238692,3.6538037682737095,0.31843994621484745,102.87637233137751,40.60799454767824,60.77127847461134,66.37219958004181,48.02099249165651,34.65262679835023,25.985303877969365,16.374015885778935,34.85617639792836,6.119090521132026,17.485378898659167,9.86836213840374,8.956634874727019,18.521357726021936,10.315651207927743,5.697015071132163,7.372807627850785,9.3228283400282,5.457110333333411,3.9326239629611073,5445.0,310.0,565.0,708.0,829.0,813.0,645.0,284.0,215.0,833.0,1111.0,610.75,5770.8984375
LPL11_382,LPL_1.WAV,-426.7360949184541,28.173312197864778,-198.85315453075614,-24.881146327130146,48.77131363478897,-20.055470963911517,5.972274001640296,-2.564107692174935,1.6516848553983254,2.2865267984386985,-3.400842909466711,9.31990331756228,3.585229810825871,0.6290885614553023,-1.5973742005347569,4.029625503583746,-3.4366077347457575,-1.8985032519853688,3.569942139374628,-1.9186831335954966,84.50867044090832,51.53221894789757,62.14007899875192,69.44458799850261,38.11569329567188,38.4854995735904,22.76431423823082,15.520351159581278,35.14079513210009,14.761049728271951,19.52258673038887,18.36372165432669,7.169072554953205,9.32188715539411,7.427304950636484,7.398160749872132,5.3821994038850365,3.6397423998036076,6.562444205162571,6.544923398106746,5418.0,320.0,549.0,692.0,848.0,847.0,651.2,357.0,248.0,767.0,1059.0,607.75,5706.298828125
LPL11_383,LPL_1.WAV,-386.43017725734165,33.0149737316667,-184.25234659025446,-24.44992715268386,31.46392918899404,-19.494239851728835,-6.161440021895605,10.141263687342567,-3.9278938887383994,-7.703646457654627,10.39654064773605,3.6904229464325886,1.4952427968504085,6.158832970088867,-0.9833419439600557,4.347238676962414,-3.2200581514252717,-0.3451978738548729,-1.638483226591717,-1.1756129728094655,84.36863423543332,33.871028824258154,53.93515938853754,58.5093719088466,34.9964853462729,37.264200573097796,33.64887111666226,14.856538091565128,32.999427359779986,12.096963463352209,18.6723487712908,13.575171822335932,10.107899510314072,10.948160558915673,8.724786535654248,8.653587010026358,7.06486788102444,5.298644600580583,9.034220523584166,6.710161222999158,5479.0,349.0,551.0,787.0,842.0,847.0,675.2,331.0,218.0,747.0,1138.0,608.5,5878.564453125
LPL11_384,LPL_1.WAV,-428.2031093244489,7.027878931482968,-199.22110615222957,-31.387697162724773,52.7581107927036,-16.920984883559214,-13.954545373579137,-4.406750439601135,-2.9759240796812576,5.3006693164127325,3.94056276360437,-1.4156281015388088,6.501857061890838,-3.6234208187742643,0.45610731566583196,-1.7464566441316531,7.951582069818444,0.20296766062830654,0.3255750971369205,2.3229848585855306,77.08294622434163,46.04996064849232,64.6882038839862,92.2281700138406,44.91503855303727,34.33409225609539,34.38836318522866,15.082785697339922,31.882138403689204,12.293696381106193,13.280155870700806,10.434530397514708,11.23511440123688,10.524453004444101,10.537889080070043,5.5848252412503125,5.863609097545341,5.7542806417281245,6.0318800964188535,5.567039444412871,5081.0,320.0,550.0,756.0,855.0,841.0,664.4,278.0,218.0,557.0,965.0,504.5,5620.166015625
LPL11_385,LPL_1.WAV,-386.43200873170514,7.196964013960343,-171.95733802285406,-3.7822464444328245,39.11706014126449,-13.798045284679098,-0.7230431759159189,-1.0809269466522144,-6.109357125050305,-3.848374297134617,3.237871455659368,0.9676468376785398,6.32049275730051,-3.3490597617712115,-5.10232480038199,3.60631830657946,-7.8504713304262035,1.2887229507397755,-1.752716989323137,2.8391459352545234,115.67172150254122,35.60023934069225,65.82740317848727,50.69423864350465,48.27313305720838,36.641304421788604,23.254657198523415,15.624628459117266,29.6803729834002,10.322044816807825,17.467067446164396,15.992994206196137,9.197107173121331,18.202632942596605,6.354628496237453,9.487876297521783,9.250487264629038,7.061633070130705,6.14505142350282,5.767883913096445,5477.0,375.0,597.0,692.0,812.0,837.0,662.6,264.0,228.0,902.0,1096.0,622.5,5835.498046875
LPL11_386,LPL_1.WAV,-402.8770906561076,2.5927931260056822,-198.19523569839725,-16.12123155975348,38.7194918424281,-6.159589535090974,-12.852144308936206,-7.73183556855512,10.454545007739254,-9.733725018788029,1.2930404084111913,8.245592261185225,-1.8096702248898622,-0.610708939840424,-1.673462877757502,2.619020365419232,0.9030379382957371,3.103085805612401,-1.891537908701139,0.5846291385279203,86.74334283623647,34.747279629880815,63.34527264467803,66.27936738336345,49.48151337838836,28.051371320118665,24.454992260220962,15.657360983170914,36.022920335580665,10.933439239945196,21.55059524733691,11.122563506644433,7.943733878407018,7.386635458112654,7.841017447567274,7.038528743352205,4.7498811328121135,6.422530204120563,6.223339586196482,5.705785913384884,4942.0,101.0,500.0,727.0,846.0,838.0,602.4,567.0,240.0,433.0,987.0,556.75,5663.232421875
LPL11_387,LPL_1.WAV,-423.6182278140226,-18.713188145022905,-190.1174416734513,-31.251595116547698,34.19432637069747,4.81165648427944,-9.205042411964161,24.07361323275422,5.356941830740957,-4.374785590068345,2.954778817692641,-0.06623537315730925,0.9664129153829447,-3.7290336898905485,1.606620657975801,0.21174439573000733,-2.6561016506156667,-3.567874151657449,4.24672543334828,-1.3767870381801133,98.05287590945589,42.94827092457626,60.83346391442421,61.43785188023856,45.01309627179277,36.60555391994561,28.591647954555413,17.89208277544845,38.342087301303486,9.485777024810496,10.972023919773095,17.364282288846375,5.922893875738245,17.790882486464962,6.547649828711538,5.893285803394893,8.592975970904384,4.558077768074066,4.8160604030053635,3.068821212221136,5614.0,144.0,568.0,726.0,845.0,809.0,618.4,495.0,277.0,833.0,1156.0,690.25,5792.431640625
LPL11_394,LPL_1.WAV,-419.8460856097867,-1.1427272215700286,-221.58221510206636,-20.18244821847112,54.574401784615226,0.7612590792960708,-15.29683623494187,17.862284390821024,2.9102375107105587,-13.216338894285569,15.669318698523632,3.4809261451463365,-6.367412709853473,0.6959874217520066,1.9506173270216707,-5.927914730776047,2.6513633685316966,-1.4941916148623913,-2.460985824745208,5.415274813026748,67.12823870466326,36.23651455469104,51.98989788540368,65.04132880455644,42.34916414341058,30.484790351574137,22.782580976983542,19.12712523301264,30.112971844452968,10.199178090477842,14.320473259528555,7.841012623556718,7.922194955270938,9.121985780013754,10.114836643842322,6.847348389522253,3.9167286514380675,6.373761704061221,9.101116206242368,5.272180293391075,5014.0,313.0,558.0,809.0,884.0,867.0,686.2,327.0,216.0,397.0,916.0,464.0,5900.09765625
LPL11_397,LPL_1.WAV,-366.0469807146191,-9.458558220651542,-192.83337010675078,-1.5117512132384838,32.14855296710157,-0.5068104677061079,-10.80514884808429,-8.588211344606519,7.073340394457318,-4.304411845399379,11.709211857267992,7.732080716105349,2.901914484625419,-5.447380097800728,-1.275298690234099,-0.5271435142468047,-4.967252604536354,3.702999205082477,1.0101801854789343,2.950091694966269,90.19563498532726,36.705042610215585,49.06349546086078,49.28759817650517,47.05257876911172,35.43441335502359,16.583213247947384,22.075394338984264,41.6082979985965,16.810561859209567,23.457522573925335,11.355759914877517,9.689392935596826,14.805130537918835,8.980240725751036,8.168089526168407,6.130454265936675,5.069846040300851,8.749476731163947,8.199893666462332,4861.0,282.0,537.0,721.0,830.0,863.0,646.6,365.0,280.0,379.0,937.0,490.25,5792.431640625
LPL11_398,LPL_1.WAV,-390.5613021944813,-5.571444977236508,-200.4563009715431,-32.19072436477504,40.70741079294306,14.410067013865552,-20.89982312031354,3.603637539282846,7.507887834283016,-4.793667536186134,-0.25022931124645587,1.9531922896683462,-3.137506087959935,-2.62319715960289,2.614191253888094,1.175371716459304,-0.5615012517046661,1.1103085650075828,1.7632847291284413,4.504562235398011,78.5124676979086,29.68104056907317,49.74517927941899,63.430790168473806,47.42084699345639,35.451948761401034,25.6678976051686,21.31922988527115,34.885914091603325,12.34410522768884,20.23408602182143,13.981694523934832,7.023679201792204,10.34803805098417,5.977565642806645,8.517785573124392,6.357439524641824,6.571781457099662,7.207626489632687,4.9063124759735945,4874.0,321.0,510.0,705.0,863.0,822.0,644.2,366.0,296.0,411.0,901.0,493.5,5727.83203125
LPL11_400,LPL_1.WAV,-441.79449680350524,-5.324399163130781,-216.56332258490235,-15.576774873341165,46.85307281702318,-4.346727692011621,-0.3635280869392518,15.112389633923318,4.462412591519509,-3.1700255788903537,5.477627585197277,-3.7026362182456465,2.2951650709081703,-7.887139587678191,1.4045680219303327,-1.5849517422847006,-0.7641634994678008,-1.739135585010108,5.025847309455731,-0.49192077296577863,72.74822909614036,36.59750860831545,55.82761191412079,68.68745715628695,39.88542124390776,30.391474975187165,20.91131633198342,13.76095614763657,31.608910102422847,12.766291554927832,13.600774135876389,12.27763071494035,8.892398439868613,21.728713191857082,10.567127170203484,6.17776849787824,7.354911243870597,3.9041932836764195,6.58999905906292,6.036122069777272,5515.0,261.0,540.0,746.0,845.0,816.0,641.6,397.0,282.0,758.0,1127.0,641.0,5770.8984375
LPL11_401,LPL_1.WAV,-353.8772200410684,19.954906513669044,-192.1082191251123,-25.783683630521775,38.96905139009312,-18.396089967876353,-9.469928340443849,-17.8302704368157,16.82888558332361,-8.800297303088096,1.8385863803898372,4.238468085287966,-4.927813491626489,-2.1455733077211203,3.12020742180525,-1.2857982930094929,-8.716649651210783,5.540317534320631,-1.871874385853375,3.637231293724173,69.07456385688673,32.579850547783096,50.66308699992781,61.88510774090524,36.55165643092348,26.137550366944875,17.389578544355672,21.04530868247824,28.516735045257068,17.596386093305284,17.28430811909937,8.018465417638916,9.91013196323959,12.601455548622907,11.308681492562293,5.228547012094029,10.16991526257086,6.195404450705342,6.240336523571209,3.492210442774322,4827.0,411.0,549.0,766.0,862.0,830.0,683.6,319.0,250.0,313.0,910.0,448.0,5857.03125
LPL11_402,LPL_1.WAV,-401.9458903882732,4.862276109087978,-201.29270126199634,-8.092788629144048,45.909399763334456,-4.822026140408514,-4.100491627398105,11.40754032798764,-8.759376815812145,-1.0550976649116492,3.711823171166222,-2.4826870306072824,4.4510124353975735,-2.446463878844284,0.20671723936972689,-0.7610638715289123,-1.7966636628481525,0.5917181138031102,0.8097597544112654,0.978253470648155,94.52045306404146,34.2355111892619,54.96148471274569,56.071204424231105,44.11228957184086,37.56860007815711,27.97732203817858,15.879718307315153,28.738968525314753,9.498901981353779,10.546599056553692,10.546903404772493,9.525127938765495,12.709069281956753,9.581215804170213,5.567378459776231,5.91349372523658,6.239084729550428,6.635600821044036,6.063817013176525,5422.0,420.0,561.0,790.0,851.0,815.0,687.4,347.0,220.0,686.0,1106.0,589.75,5857.03125
LPL11_403,LPL_1.WAV,-413.40887354860115,25.2353982439253,-213.8782435885458,-9.307701913456645,52.57081890663289,-16.89285657226817,4.512642150418929,-9.311347917916205,3.649568946185571,-4.558502488153675,-2.9813144240855376,4.265773658135527,-2.57697735197022,2.603099603942777,3.354042292456055,-8.44199355045171,5.187198577473327,-7.169076620617681,2.6776776143100385,1.5825880259490568,81.54196062751257,52.08869797118272,58.89580825296734,60.16820484237154,39.20280854579672,31.96756597913789,25.952605003345425,19.253419086263218,31.218765748434368,10.91152824202358,21.6241220281787,12.538158152816228,10.495101104294458,15.003938569158956,8.172603212588314,4.980738908481536,4.520356748718159,6.234405963891479,6.247045908504681,5.339736052032048,5276.0,440.0,559.0,776.0,872.0,833.0,696.0,287.0,270.0,585.0,1030.0,543.0,5641.69921875
LPL11_404,LPL_1.WAV,-392.5973174170715,-14.864297899573444,-193.68203761786742,-20.789465764878965,40.60558020230574,5.287224965643486,-8.326984089354992,5.407363385443428,1.3429771455175727,-10.957740021868249,10.12358482044404,-6.852164254032602,3.9009549117972036,1.4148302331105287,3.5789885635389695,-1.2111345136485425,-3.0068075244034094,3.7611993672081057,-3.151493344471041,1.9318355597523489,87.13710240098932,40.940362451301894,56.27792960648701,66.16123878092283,42.078762500180765,29.211792819922046,25.700524140832925,18.888515874007325,27.37042363081376,12.730163160302304,11.440570489412323,13.219334730834834,6.5827223468272775,12.264416275520931,9.62376737855698,7.6929552522982965,6.519026350413404,6.998741208608486,5.565089166402387,7.323004787571002,5493.0,423.0,557.0,826.0,852.0,810.0,693.6,302.0,222.0,710.0,1186.0,605.0,5749.365234375
LPL11_409,LPL_1.WAV,-338.72638391821494,4.858223795424149,-195.073866062825,-10.053218843091287,40.980066719545455,-4.0475872366991075,-10.919271503271036,0.009601277511227154,-2.040483704878698,-8.510711593108601,1.415919142338141,3.481302759256406,2.761662048645641,-3.4418930831635017,8.546603802178833,0.11364369309569944,-0.9055986195926917,-0.41998772900964937,0.06572902036736113,-2.92277930276163,82.13055878209379,43.362506999451604,54.057533963935626,54.56152086466312,35.02841159618067,28.57990306311401,23.062225946025894,15.509465587800827,24.792462670548968,9.04288079965325,12.52372845640409,9.82324942179192,8.779047930255215,19.164544236326737,14.017687343152062,8.077498341677341,6.423765941515803,8.765910310234624,5.43949490337458,4.223208767167407,5099.0,443.0,625.0,790.0,896.0,899.0,730.6,227.0,238.0,484.0,890.0,459.75,5813.96484375
LPL11_410,LPL_1.WAV,-353.79230118889024,2.545222603268352,-175.91715976116873,5.914788222002687,34.993187332417236,-16.064859789168803,-5.024360078700793,7.4326040792340855,-4.080557914461612,-6.822959679047474,8.157108439456232,-2.0946776379601704,0.7782622685092879,2.697373550520697,0.971424982027747,1.3480357286321822,4.74495156865797,-2.6877518127741404,6.043741233130461,-3.4176396451478523,102.55727170583896,41.5356935357738,43.81403717603105,65.854364485854,32.86968659957775,30.179544730975064,24.10944525709467,12.981596052736805,28.418883721723553,8.427796715098957,16.284226374848544,12.402930155684023,7.24964399305642,12.875732139755359,10.738775354019815,5.9831780421003495,7.778372436215583,6.85261469402907,7.833333764517041,5.93715079491893,5180.0,485.0,595.0,862.0,916.0,551.0,681.8,256.0,173.0,640.0,962.0,507.75,5792.431640625
BKB21_14,BKB_2.WAV,-391.253667328073,-64.98809976132866,-168.46386854849703,81.69454274880991,40.705012590080415,-45.997063898649074,3.6432669410462686,-0.9068675167031154,6.2990495757629095,10.441140277341816,-6.602585590458706,-7.7748319613952415,-2.717195671682724,-4.123048746917423,-0.5990131982079435,7.132271497836459,-8.073258740318083,1.6975267901379991,3.0819266628437307,-0.4634538432518637,60.18894649860774,32.17777603210657,68.5283412193614,47.899092579870896,49.666670899487485,30.25834274106122,30.99831714427166,20.38254689992304,27.50809368581112,14.398897547713927,15.265015747312725,7.235944711026289,14.181231823123426,7.637728656858662,6.267376591343299,8.390266581047745,4.120236683598297,7.899678129930143,6.034138211399758,4.94937094189712,5785.0,351.0,701.0,946.0,971.0,963.0,786.4,298.0,239.0,752.0,911.0,550.0,6007.763671875
BKB21_18,BKB_2.WAV,-337.9842910735341,-57.72727140555264,-154.02512488377445,63.384464355653854,15.110444163990202,-42.870854785367484,-22.419193357086176,-9.666983379817705,-15.5181028916724,11.12143517970843,-9.843269030901709,0.3903452896534414,7.354106133064111,7.713024672208903,3.5586014467379083,8.062977651353677,-3.7559023863323926,-1.591899443888233,3.198943799279649,-0.174881402398208,45.59404349328165,34.79695901059482,54.531815044778504,52.40501443597903,49.798234872736316,31.188757524072834,25.99003013855638,24.39070029175117,26.4906677192743,13.77383718857832,14.670200374447516,7.769177856674795,10.631378279307238,5.523627664649145,7.383531264776616,7.91911423315996,4.5817663244490365,7.160985098149255,4.475209493156179,5.209119329213279,5763.0,191.0,711.0,983.0,1012.0,937.0,766.8,263.0,224.0,787.0,842.0,529.0,6309.228515625
BKB21_76,BKB_2.WAV,-423.51018279108985,-111.29083220354714,-163.19818180245363,91.11473618611782,50.951190880166045,-32.07541706154012,-1.4860079284259884,-1.573695734150917,-9.081591990721734,20.100305128773428,-3.4022692267582046,-2.1633912117073972,2.876845768373824,-3.8207148843380403,0.7663336353166557,3.170750732290841,-1.7161174299299644,1.2227718960889487,3.588423905579993,-3.531545939873458,53.03952843958919,53.156432802058724,58.897216204928554,48.27813721796313,43.43711855348212,33.73608633182132,31.963369212045873,18.43810633283114,18.29997188452166,12.845104952020447,13.573173407289016,15.651254764901937,7.231179417136916,4.677204410228179,5.833566467534915,7.9573165419913385,6.135737290960355,5.377768115267117,5.267214525102045,3.8494762129602726,5891.0,233.0,706.0,927.0,962.0,926.0,750.8,418.0,301.0,847.0,920.0,621.5,6266.162109375
BKB21_128,BKB_2.WAV,-378.5657583647186,-52.13238063613426,-173.67644295785308,61.2787245524363,49.45442984444715,-32.87236988753554,-2.863814166252493,8.605615266777589,-8.246652856893139,9.415496218048094,-2.345158842187487,-8.153991427833795,3.6280429106900156,3.0560384847570132,1.2393675449105404,3.7544205258249073,-4.347871728983889,-2.6106940364710565,6.0054121007878045,1.8014820836044232,70.40024062637175,38.447831904348746,68.3009173474887,43.39824983353038,56.761952000757915,32.11016989020251,27.22453302131934,20.949819772417868,21.979090578391574,11.846801217217234,15.357755638916663,11.608454250145225,7.792741584341207,7.5580748186529085,7.774006092050105,4.549232494231933,5.901603311840804,8.69088767156056,5.46490710186099,5.197606322000965,5808.0,426.0,710.0,947.0,970.0,985.0,807.6,280.0,202.0,784.0,921.0,546.75,5964.697265625
BKB21_170,BKB_2.WAV,-456.40728185258365,-94.6749258923187,-181.47022005452757,99.32346311508643,37.76172557679101,-14.183352085963891,-13.2931344805362,1.7455344381990692,-6.253641461746214,5.054584079968803,3.8870219033552633,-3.1220793567001133,-1.2719185102681458,4.290372387668267,-1.1152612500945562,-1.0181135116132134,-3.2126106813695334,-0.5661751870261198,4.649506550478858,3.0092919369240785,48.261381978271864,33.93007488470497,47.48028613925596,56.65482559575904,53.784759675332594,34.15961842362625,29.34752990160974,24.84211020237662,26.97211770033626,12.762581854342347,15.850630221477422,7.215365965327536,7.584215147479017,8.035392503840486,9.799261253785422,4.237752775114944,8.73795790342539,6.621507340778565,3.46031760029692,4.884519787135796,5658.0,428.0,679.0,876.0,953.0,791.0,745.4,296.0,274.0,793.0,957.0,580.0,5986.23046875
BKB21_482,BKB_2.WAV,-404.29605389670513,-78.13775331439685,-188.14346228017564,75.46128791290135,46.68717448017042,-26.241347880217752,3.5511083076715977,3.9664536880854326,-14.24734565288269,8.431511809116643,-3.4957419357012123,-3.8888541347154892,2.8273300526151255,-1.6040050754194513,-3.5500558103799715,4.981882087567913,-3.107513369519021,-0.09070488272161968,4.567745405797087,-1.7555879580211526,52.75571592837533,50.75100914554276,55.89387997738422,39.03577180276131,44.775574637180014,29.614931556268804,29.304393629278877,19.58052064341385,25.304787485423745,11.247368410359647,16.79387827336735,8.708242943066011,8.295155968415331,7.318783000955259,7.6441385965209765,5.408404382648859,7.078074939097698,7.506289317550489,5.5416348339136094,4.139703543370446,5778.0,152.0,743.0,943.0,937.0,950.0,745.0,493.0,217.0,769.0,860.0,584.75,5964.697265625
BKB21_496,BKB_2.WAV,-414.44178174091707,-94.0841469020935,-187.40708107485378,75.72715040519773,39.17094316579852,-21.252492316361153,-9.385100479195788,4.235615513957784,2.2733881370719704,13.53504799343293,0.6988250038036556,-9.458741362683565,-5.338067665329213,-1.2575441107716856,2.799477145223427,4.51030643042338,-3.2034215689729333,1.1573876732744173,0.44631953693612436,2.793784562690616,54.01291196656421,42.09625421698396,51.80319633665851,47.92341464032299,52.15250999671886,27.10835010084244,28.804594158104273,18.113524929242928,19.949979535026465,12.031735196264425,11.31086715253833,7.223207055292188,6.951401924414379,7.588253959989978,6.936130988850497,5.920876098002436,5.901522791254892,6.094891403769206,4.4607459501719875,3.6463753889237216,5963.0,445.0,776.0,898.0,948.0,925.0,798.4,258.0,355.0,811.0,918.0,585.5,5943.1640625
BKB21_498,BKB_2.WAV,-402.78331579488525,-86.24330371180892,-179.29476451978798,72.75499051657081,26.96036180219187,-37.36779480175637,-13.875972876487918,1.4202845496254037,-1.0165671455679672,25.281542183651503,-5.048842916877624,-1.4837214168340507,0.7317329280590166,-3.1476298857156024,4.139895554298854,3.164791949168991,-7.208091161080253,-2.8133956088663346,-0.729385137168175,-0.9731815900595908,48.58214793982404,33.24718302462301,56.325685263145886,48.12937991984869,51.5992005410879,31.296793705482013,27.264388365555185,23.011629770605015,20.174977197838565,14.457564880123114,12.464698389857704,11.829624054439371,8.815709828184124,8.738006601442663,4.7313386620563875,7.47614036704771,6.710067594409654,4.231470017890126,5.346336066326351,5.005418586200693,5799.0,341.0,678.0,930.0,966.0,935.0,770.0,315.0,296.0,770.0,878.0,564.75,5964.697265625
BKB21_500,BKB_2.WAV,-403.0072615899267,-106.824845324627,-162.37704825159807,75.03294177080596,24.480157899109706,-34.4607277770864,-0.2526419685206229,7.830883502210223,5.180339588176167,3.886219246880693,-4.284238878889884,-4.050979651288627,0.11330113074617762,0.15285213244615892,4.845003042879019,-0.9319399124912167,-4.795719803826524,-1.0350965912640229,0.5703971983321094,0.06784777974957253,47.97507192576144,37.66901844393887,46.46033501288946,39.474274848631076,44.07515841167726,28.152706204840605,30.825157298817505,17.941953986903076,14.201123888729336,13.368265541197921,16.47809007393865,11.493294126207887,9.574962918079578,9.073379526816035,6.105381434085845,5.335572161660409,4.985995227273346,6.0402522440649,3.5808526652794277,4.013288670187377,5765.0,395.0,509.0,917.0,985.0,943.0,749.8,340.0,464.0,769.0,839.0,603.0,5964.697265625
BKB21_502,BKB_2.WAV,-421.14379298151823,-89.73842571031786,-186.26964607303017,82.38635534578796,50.56772558536117,-16.444875559220858,-10.87053125856585,-1.2776446966499555,-5.117044534742177,6.770568759968686,5.690511709486926,-4.704875295239515,-2.4511832786760572,-3.1565163836573302,1.9164937735282224,-1.9392533141842927,2.08963863451177,-1.3097087695179268,3.7040011891691047,-0.38132459983729616,43.62135948573103,36.5902114127756,49.351178874715714,45.27588562038537,55.5823292299757,31.028172525014988,29.972437805858785,21.44642229946946,21.66790959116221,13.780457892908428,19.02933073062903,5.738661985249891,7.030472484991339,8.147333230730668,9.20746294101692,4.861210034827763,7.288606624313995,6.135843013156974,5.952655017558413,4.915923225636654,5775.0,476.0,704.0,907.0,962.0,952.0,800.2,256.0,281.0,776.0,894.0,551.75,5943.1640625
BKB21_504,BKB_2.WAV,-391.04724602741493,-63.40384824413901,-184.22237174378967,54.52782794120086,23.627869821304294,-24.965494284557938,5.463029173307026,20.90890879373486,-12.511720273306192,18.568489864661903,-4.5993134205626225,-8.25886448840547,1.581354135977192,-9.425513599869772,0.08416579857481409,3.2135262664799864,-6.361410378396403,0.17735966281242171,5.203343265925357,-1.8626491287087699,58.4038313586652,34.97231936018204,61.824484516244354,45.707846201542175,60.28909942733951,26.52833525670063,29.884876466736355,20.01980307209716,28.72725563481786,13.620338198511458,11.836852544387297,7.603478268727433,9.889206299782636,12.456879297489317,7.743051892185909,10.462348453477416,7.36591941217212,5.39459772524622,6.196517380731611,5.918485184204329,5739.0,434.0,666.0,854.0,922.0,980.0,771.2,264.0,242.0,910.0,857.0,568.25,6007.763671875
BKB21_508,BKB_2.WAV,-420.570038268525,-63.51649025053238,-201.5546216064089,53.167427832196545,43.00724004329424,-33.396069232905454,15.586079567212064,9.3264576649027,-8.64016492938575,5.6305066481929575,-2.4136020519959533,-3.110693414184337,3.6102052873530335,2.023112702528703,-3.6586513907441147,2.0277744003709626,-2.3547627252649903,-5.257197770589707,5.60500041149269,0.2685564466302044,61.669781824237496,47.024523260270065,53.09422324145781,40.98152149187999,55.25329741681115,30.639408267819327,28.125939287283565,21.93484351326931,27.664536769258948,13.03327175228311,16.776572023340677,15.130858169875962,6.53502839126207,8.314235185817866,8.87247349256335,4.869339525238768,4.518227800567798,5.102485934068604,4.374049312675897,3.9761209350987383,5780.0,411.0,662.0,933.0,889.0,928.0,764.6,279.0,220.0,814.0,966.0,569.75,5900.09765625
BKB21_543,BKB_2.WAV,-442.3719008414146,-45.621149441551424,-163.2028953230176,32.38902646267739,39.80845486012966,-13.766253321247348,-6.484283497831864,11.806584123635655,-8.06095419856511,-2.3701135053299556,4.213932017658754,-0.2891592143096821,-5.661750945079019,7.858974355293037,0.6770618336606382,-1.3138040888028475,3.240527781829214,-4.319390287261603,0.12823752039651626,0.5505281112606732,93.11525286319237,39.80242455153544,66.63964780874203,51.35060001223102,47.982963822909575,31.515446706623614,28.47558723043722,25.896813043349802,21.300289626761952,15.01893380728401,16.85606946997165,7.036617343529927,6.176965739076394,7.677761151327081,10.367313053061482,8.118090142751859,8.351880812796647,5.188246022910256,5.4113460076016935,4.91825136900197,7167.0,248.0,526.0,751.0,894.0,942.0,672.2,1989.0,307.0,841.0,879.0,1004.0,5986.23046875
RBB11_0,RBB_n1_1.WAV,-346.2763310698166,18.693126708193898,-189.8664081442551,-37.527940191026985,40.11334689555469,-5.967967327853664,-17.37214178786448,12.260809260673746,-10.10601383931421,-2.880139399359937,2.261128096728228,-0.6997832459584932,-6.332832909210983,1.308415250226099,1.8896024478388036,-3.2347880834525347,3.748783060287202,1.7164125116411573,-1.9368222095669905,-0.14225400348018202,43.89527597305803,52.69639173157544,62.31411061498502,68.26820642641697,50.35772495509915,42.31360092023441,27.072010918059853,20.713797765971567,19.114105089507596,15.864814522952464,14.145616232984779,8.143353390776348,8.86172355781432,6.321311749692734,8.839599879015076,7.411496123472279,6.850435023579874,8.203070548695466,5.840628026195648,5.761413408471969,6479.0,575.0,780.0,988.0,1037.0,1037.0,883.4,327.0,289.0,914.0,988.0,629.5,5684.765625
RBB11_1,RBB_n1_1.WAV,-358.64439794542426,4.0262245747021055,-198.6913263002534,-27.449410543913295,43.49858888649584,-5.6196098961206635,1.7041519272243422,-2.7025608962023235,-2.000117309908252,-5.136991672290424,-0.5842138597488616,12.155903943808692,-5.878545141421828,5.864600541741736,2.7485667225540023,-3.450645305677608,5.084599185746827,0.9496377743041671,-1.6907023578820617,2.1854139200907556,44.40920727617335,54.97026895287769,61.002912197960654,65.1421623826133,45.81140828599571,41.3058197252273,27.783676407078364,21.760239565672663,16.40669114838886,12.646213803072275,8.797752759327652,11.725823260647891,8.064665633052972,8.18445146106377,11.363234065093392,11.10709116425995,5.883086665001889,4.858310573363537,4.091018259121711,5.15225737029491,6382.0,528.0,761.0,971.0,1020.0,1047.0,865.4,335.0,298.0,868.0,1002.0,625.75,5684.765625
RBB11_2,RBB_n1_1.WAV,-359.6303610443028,11.03930621626459,-180.4458988053432,-30.004701018829778,54.1573903404908,-0.6650494388399684,-17.912743914207987,14.384283691382363,-18.003967086487396,-2.895941446610948,2.155722639734623,0.1565636791148367,-3.2326406625017725,11.721781447874998,0.6764398108815924,1.303654750139926,3.0646130017655477,2.58213643503609,-1.4314715638164037,2.2979894287435614,50.07332470187646,53.72512836340533,62.477751840357705,73.69061643490548,52.22387710445343,44.27644084418564,24.31004044391374,23.750025549573643,21.297667606182976,12.431735930453986,10.696980458365926,9.30308441957493,13.431415085350778,9.390305789707982,8.77308576533808,5.798071999936884,6.142408219318793,6.308883215610616,6.355543014198784,4.68694043461459,6767.0,557.0,828.0,983.0,998.0,1015.0,876.2,358.0,458.0,971.0,1031.0,704.5,5663.232421875
RBB11_3,RBB_n1_1.WAV,-358.3954233262806,19.166610651042262,-187.05579260048756,-29.22150216336788,35.08974149842688,4.204256152723649,-21.408564111852154,5.868770352482729,0.5851361701628764,-12.275729504912162,5.307343584347807,4.3351842164124115,-5.842507939511096,2.8660399178029543,0.32585714908693764,-3.9462270930081473,1.4391250882915734,-0.29694667359547783,1.04500751475802,1.15190722234208,48.792705805513826,44.989496306681765,60.69738285570283,64.63745755137926,47.32758955044323,40.893123078104075,30.74129929559701,20.08046085639565,21.310484755611956,15.957779397329725,7.799049989155384,10.214930867277907,11.449921819930141,10.596938801692408,10.471424012273362,8.48967962460572,5.706693467080926,6.881504059424044,6.121107962236422,4.710580759541156,6531.0,517.0,744.0,917.0,996.0,1020.0,838.8,346.0,305.0,1074.0,1050.0,693.75,5598.6328125
RBB11_4,RBB_n1_1.WAV,-387.7146194710936,39.016743353030584,-204.97068202866862,-36.48794747242134,50.25253386946064,-15.059964080662084,-22.115553918999538,13.355139751182815,-8.981533644827561,-10.407470560110141,18.09241601499716,-8.166662010017147,-3.1897754896145782,7.997988453342061,-4.87797379103019,0.9824319796482104,1.8799427666878998,2.0962054811604385,-2.9844081514803453,2.6898613421883373,49.921028823754725,48.51613897109821,56.4317250167264,61.057095645620336,51.178226591655935,41.367420063186124,24.006050608242408,23.644123917440762,19.222142015297297,16.514866437006077,14.41797833412268,11.669292823348389,11.650139143067824,7.665627604909679,10.484471535995814,8.126139890663385,5.381244444638232,6.712321317002158,6.751412858661443,5.777553315696983,6435.0,509.0,741.0,977.0,1019.0,1027.0,854.6,357.0,390.0,850.0,990.0,646.75,5684.765625
RBB11_5,RBB_n1_1.WAV,-376.33574356263597,23.28105346032583,-200.23817009883894,-10.58321587011088,47.587659361723055,1.3855334519433251,-21.73065508373573,2.6366033146980707,-13.102381802620233,-13.220911304327291,7.036672455385606,-2.5548947821628714,1.1575436917014208,7.151559702085285,2.648161313971129,-3.5535207167343263,1.7410238619617782,0.8018716016855086,-1.2837062034902782,0.4565731564664555,43.235417741050895,50.956822371102376,60.14377431517429,74.62327909180635,42.74920341049409,37.49332020353073,17.57933825656874,21.85659087964382,24.602411894041452,13.22240021315241,10.444650137278975,8.824728151759206,11.905097780670713,7.091197193848215,7.867868576437997,6.988910172435608,6.146942056752892,8.631201499581291,8.68742513676761,4.0660597383153965,6566.0,505.0,756.0,974.0,998.0,1009.0,848.4,386.0,387.0,888.0,1086.0,686.75,5684.765625
RBB11_6,RBB_n1_1.WAV,-402.56275313460077,24.495840873398805,-206.04667415916586,-36.870156007231735,47.20353156719968,4.409711096093231,-14.131448258797818,27.262021513698322,0.599879843422523,-14.375282499137905,10.823188705540833,-5.4032466300125686,-8.17683715836339,8.404323138965372,0.04292951894031095,-2.1165617092677675,3.27087973845212,-2.106551568929719,-0.030239378159399973,-1.3530061095599215,51.21922861233959,55.66733556701364,60.56109694108486,69.30956446737703,54.42607161259138,39.7335977363437,27.735716618297317,22.726771856408167,22.78149709356983,14.813191374931648,15.83058772028782,15.711684057084062,12.337428803783808,6.403722657601707,9.984632964092839,8.94445171038584,5.911423105838858,5.149490836037139,4.022870952973019,4.181533608945349,6478.0,484.0,730.0,955.0,976.0,1003.0,829.6,388.0,315.0,918.0,1101.0,680.5,5749.365234375
RBB11_8,RBB_n1_1.WAV,-386.3956297444448,25.33154647575326,-206.23191382475218,-26.42831139353063,37.090266107992875,-4.994189323425942,-11.478066606110888,8.68694186208457,9.746983110870055,-7.868558550605092,6.363127257143693,3.5704414985896022,-4.058309428936178,2.5642290721088026,7.704533555162299,-4.274114119012856,-2.7934000744192256,0.9353439624868678,-2.3631136138140247,-3.354568558626149,44.789177638366795,51.52425290005237,56.74131870302889,74.70420864307361,47.418100300073895,40.50457584520989,27.557424917949117,21.35661955659562,28.224029307921036,14.16760602058199,13.604315506435757,13.235881978526571,10.78146312879669,9.942553974490531,9.820559952475303,7.886935886774827,6.015700629244834,7.6602810095901015,4.7604241585719125,5.416691653709341,6459.0,525.0,757.0,945.0,1007.0,991.0,845.0,342.0,312.0,956.0,1033.0,660.75,5706.298828125
RBB11_9,RBB_n1_1.WAV,-384.5548945833053,1.4554797387271146,-187.98354601530045,-30.863877143474152,52.16601038114429,0.8081162368403156,-4.069679216373018,20.955389198558574,-9.026641934695373,-2.4096070223230033,-1.6732792062926272,3.5764804849340726,-7.7974645022257025,6.632005946775522,7.419202231976406,-5.678452887267393,4.827370999020276,0.6164195083412488,-1.372996614307616,-3.410463677932761,51.15535826398386,65.07375656870724,67.06025584488145,73.36407280454733,44.62620076670731,44.56395648845868,30.349698810405755,19.787541953441355,21.666370909685433,14.825664699343905,13.246118221740701,9.571152258530482,10.031251702621246,7.488070820029051,9.994161817821846,6.383684822075797,6.659692160751397,9.52971559222336,5.5191043617491085,4.802943935844551,6551.0,426.0,757.0,967.0,997.0,1013.0,832.0,376.0,356.0,899.0,1066.0,674.25,5706.298828125
RBB11_10,RBB_n1_1.WAV,-415.929682294584,13.857923006300858,-214.97521955987423,-33.4985504800481,46.97691046878494,-5.18483466963592,-6.454262215447164,17.641415083086137,-9.42398747385708,-4.049015061051291,6.4655442860550325,2.287421434611231,2.4625431414047187,-3.8614426840152336,6.849018909944323,-5.304216779838577,-2.1045304761058783,3.672233090274295,-6.513169213324184,0.6351351722480948,42.11419894481097,51.75439151637162,59.808013606564046,64.76455570149245,46.97168978339065,41.89262041015921,25.23811802115252,20.167311941382813,32.17861349088587,19.44222470032137,15.03147459974971,14.013658550556226,19.58822190004574,8.5310556288903,8.34702217489089,6.875442761758304,5.19087070175695,7.3356038452444325,4.038124893831698,5.601986939672906,6462.0,488.0,726.0,945.0,982.0,1005.0,829.2,406.0,349.0,902.0,1064.0,680.25,5727.83203125
RBB11_13,RBB_n1_1.WAV,-402.75265670833176,-2.1175559437077887,-214.54217112075244,-27.64725754019044,37.26325070039302,3.361568088675872,1.8872854321092225,13.077735075018607,0.003338362689717043,-7.898451820688553,1.3837680530791305,6.417461432508166,-3.7660284080089017,3.786666345197481,0.7034300691726858,-1.1266557539648536,-0.24002493207628278,0.944626466711476,-3.4230181875486148,-1.3049251932572887,50.01210357484473,64.29808129420728,58.829062120300094,66.44105996548889,45.13187040823494,41.5029074405247,32.547141549792066,18.22090230928729,27.889270882908377,11.931005873831905,11.625665019382469,17.662714399600464,13.336719160439246,5.676009952675798,6.914234251700458,9.652978251301208,5.153611846078382,5.477663748765582,3.931701857249743,5.58668899126827,6447.0,503.0,724.0,940.0,995.0,1014.0,835.2,394.0,373.0,921.0,965.0,663.25,5706.298828125
RBB11_15,RBB_n1_1.WAV,-421.50382480040554,15.616889691107602,-214.91412582856486,-35.38746656761557,40.04448783878958,-3.7463177745889786,-11.497951868120166,22.257972128623695,-1.6469356480437267,-1.0583938124396244,11.851814714982869,-0.2669091825928294,0.6958370815261724,-2.83876286793932,2.9154061832742135,-6.036866106633758,-0.19322890963855902,2.66781062657373,-5.219353046893302,-0.5712551067444319,53.74699716643942,51.11434242481947,56.91441241171992,65.50519367889048,54.65569245429459,43.03603447901895,26.71527901334608,23.694379125709162,21.251934794397634,15.115880108595787,10.557923022988122,12.813874491916444,14.996232402703107,7.780285965462574,6.023808835909461,8.474191905007208,3.9669826868414466,5.151366872449695,5.454163732382159,4.534478545627808,6431.0,330.0,701.0,949.0,982.0,1003.0,793.0,503.0,345.0,925.0,1031.0,701.0,5706.298828125
RBB11_16,RBB_n1_1.WAV,-418.9566759493674,-5.479088577852994,-211.4210866239259,-25.97659762940626,54.582094722805415,0.4817966571506198,-1.7600146264056742,23.890904461004684,-11.757990559742668,-4.297882495178569,3.2092957511115987,-2.7543489721007246,-3.161032565351324,5.589774427967227,0.881754996119706,-3.5475605823258016,1.938474116130721,2.113407725094747,-4.374864901320967,0.026132670080136235,54.39316013312955,62.918457231729136,60.986943535729296,66.55018770962546,46.20777807121568,45.75789909737236,26.078862870415033,23.939526743783066,16.470040588547754,13.082022252817996,15.165377630794788,7.111341523565778,9.730992835207681,6.919233848118433,6.374794236994095,9.882443926938938,5.143704683718398,5.855982436653146,5.6544120825013655,5.84421730953047,6517.0,200.0,740.0,980.0,995.0,1003.0,783.6,577.0,358.0,887.0,1009.0,707.75,5663.232421875
RBB11_17,RBB_n1_1.WAV,-422.000934031451,25.884372386232442,-201.1663366142168,-22.16536020877158,61.36856197089108,-9.254360321094463,-5.322377340319198,13.411816802849684,-4.267813895658593,-10.72496545988071,14.997164686440964,-3.436866911078147,-3.161520003437953,4.329453248682105,-0.2301718083126965,-5.3251676620032455,2.8504714055349667,1.8761236132846482,-3.431372209241383,4.682834087335317,52.82067463422617,54.77905743386582,63.88623513656022,67.45013380831759,45.25453525239377,43.734415013217856,25.50478325662847,27.47810663830717,17.407277333157513,11.317904790354126,10.921926213387062,8.105014183494184,13.220639882492454,10.497079134267914,6.269790429996836,7.452026484225243,6.739528016084483,6.501993198635863,4.752284417930287,5.043645145465026,6594.0,200.0,734.0,948.0,980.0,970.0,766.4,528.0,385.0,977.0,1104.0,748.5,5727.83203125
RBB11_18,RBB_n1_1.WAV,-415.61572267597944,8.657077728511497,-207.17400462310997,-19.26349745689408,49.13916752129376,-2.6306375107130973,-7.639333606120525,6.026217534736528,-10.181932519621002,-12.831597710781358,4.026929514855311,5.342884506318627,-6.366256498271923,10.622596983132775,-3.1135053971470787,-5.427286972899541,1.0858631735673365,0.5454273522734745,-0.07594699488871616,-0.13408849789103103,56.85396878437433,56.27715051569271,62.45534269557259,70.97109980283787,48.980233506116896,42.445057654213855,26.57794582752157,35.854402220088836,22.303374320262208,11.021470754614471,17.255386079789524,7.641537970017145,11.47274457282199,10.336382139727982,8.022552992801838,7.290645167420142,3.5930402937697297,7.126716986387196,6.138037327801118,3.6263901656555197,6520.0,198.0,736.0,935.0,995.0,988.0,770.4,567.0,390.0,936.0,1054.0,736.75,5706.298828125
RBB11_19,RBB_n1_1.WAV,-428.05724663194957,28.608549871089938,-206.10783200320608,-32.96605660962084,65.81767833569533,-9.88568984653494,2.6933401662119447,16.920494391073724,3.475035161745075,-14.842599197356527,13.94893976432966,-2.634519165798173,-8.003221168094983,11.39919825478604,-3.306875529224919,-4.271282349319941,3.780313779733425,-2.7518992730646996,-4.221598971971796,1.4243786202327486,52.12822467334263,50.41070475938581,59.88232832051225,63.376628046166985,44.552038847137005,45.761763570303955,34.256470128379966,28.041228693252844,15.64869473864082,12.092746744219642,14.232938093082996,8.951807190345551,9.092352350264639,9.801369239144321,5.814977872059456,10.482613026825538,6.3857787015175544,6.7885269328797015,4.120441821953311,4.033277839213968,6449.0,179.0,736.0,940.0,951.0,979.0,757.0,593.0,376.0,948.0,1018.0,733.75,5706.298828125
RBB11_23,RBB_n1_1.WAV,-418.77690185564785,26.262309130356872,-211.09744902407016,-38.722406306119865,57.3285958200584,-8.529655653117395,-3.6606489191062215,14.912877655594576,5.228814562994735,-7.005009299412008,6.326563631077215,5.145827310831491,-9.661802626588035,5.786789312646721,-4.466310346758654,-2.4581397317721416,1.580262249602129,-0.5532906114916898,0.9969854448382481,0.2693889522956566,47.32306900395319,59.40513233054729,59.00407594240149,67.44611443165059,43.1789159273517,43.86012053386959,35.25650495652578,20.72512870997642,27.168800804656406,14.528826127205615,11.211610471024885,12.318937308771993,10.788234087782426,6.65519437214421,11.401662584931348,7.705078022989267,4.208768643863485,6.677935187625941,7.601707665544684,4.144542815433847,6491.0,511.0,737.0,929.0,998.0,997.0,834.4,386.0,324.0,938.0,1072.0,680.0,5706.298828125
RBB11_24,RBB_n1_1.WAV,-401.0018472299981,-9.836889347766103,-213.5488273445551,-18.992350089846724,33.77140455107548,3.8184096843127593,-5.02228220090037,16.882944698043357,7.403380017114639,-8.010816766462451,5.199050238629005,-3.2908420091417088,-5.168814370404354,5.567404030537768,3.5828038611748627,-6.429732295021404,1.3935283584583162,-0.22813796583232251,-2.4416952803358942,-0.42629243327336597,51.20917688567239,52.336533023009956,60.06745710079852,71.28316548662487,47.79599899186066,38.99097406851781,33.09004041109542,21.663666804994804,25.354895339344658,13.1941742271221,16.273828119679163,9.108369303423322,10.465125892592907,6.387518874249313,5.99700963573092,7.537412560392643,6.266413552497616,7.856944598264165,5.577585510514422,4.018898653067328,6591.0,416.0,723.0,948.0,989.0,1009.0,817.0,450.0,367.0,973.0,1024.0,703.5,5663.232421875
RBB11_26,RBB_n1_1.WAV,-413.2200560176011,17.14179412399361,-215.1969636451302,-33.30616905113049,49.73808124884751,-1.2357008742408564,-5.6262261809417895,23.016632682970787,11.345199853241548,-17.921388949645266,16.467602624497918,-4.902369815066997,-6.638588929859152,11.858962332186609,-0.6578160135663828,-2.0551300994147623,1.5903675077141146,-0.9299515871488037,-4.1543550203134565,0.5952421337906459,45.01578154884828,44.756896526111305,57.06049294272946,69.19947860943702,43.50525185471483,44.97853647972398,25.79386028017823,22.58678478189155,22.039617026786694,10.468494503168595,15.878316909149829,17.97910582060182,11.598933113459465,6.869033334383093,10.468125339012506,9.833100449303894,4.484729123815257,5.264922409063735,3.6177873829253295,7.563015510212479,6183.0,382.0,696.0,899.0,972.0,970.0,783.8,485.0,338.0,756.0,999.0,644.5,5727.83203125
RBB11_27,RBB_n1_1.WAV,-410.87758890106676,14.634894803501066,-211.94472500921557,-20.76570039094237,46.071718637580815,-12.37147853995538,-9.197036649363742,10.109117867755913,-5.517035435233832,-8.639125648779666,5.324502332438146,1.4931218914946922,-4.1823147936714005,3.7036344759176796,5.5036227491046485,-7.208609977735093,1.7417874121756922,4.603687888419126,-3.8394240079339776,2.2414896788361593,52.27853682499102,57.0847990529491,61.05145050531047,72.90309677432722,50.443350295285455,43.943754365237226,26.902538973364297,31.68310107315179,22.291958390236793,11.390633985120745,11.979206577108398,11.53477941120889,13.728645336985151,6.899432999366765,5.879431001376961,4.90285527699603,7.2366196388687705,7.1929532022775255,4.044185842027069,4.596215466714537,6544.0,481.0,723.0,954.0,999.0,1018.0,835.0,418.0,388.0,908.0,1003.0,679.25,5684.765625
RBB11_29,RBB_n1_1.WAV,-421.1621838520391,4.833956335812278,-212.77577904482266,-31.741231249749088,52.097434400110096,-3.7252005269771757,-6.271161795869104,27.825054701762284,-10.206367409927397,2.471419087159896,-1.234287118783736,2.8891464279885355,-3.4025503503473025,0.7142124620536474,8.04413647322587,-7.993125276487338,1.4811880887883924,1.4084462477264048,-2.66205332870633,-2.62407638779441,49.76278102241206,69.07841301729968,58.473198109879654,71.70941440979239,45.57247720568829,47.5512438975519,30.935924722301955,22.16386316347776,29.057496677611358,20.59251503766392,16.1498008164348,9.782283928410402,11.258311533347849,6.607806085780444,5.1609649355783365,6.093328889135363,6.035666626482604,8.665758020387974,3.231291976540166,3.6029624195926573,6578.0,446.0,729.0,936.0,994.0,998.0,820.6,431.0,394.0,949.0,1018.0,698.0,5684.765625
RBB11_31,RBB_n1_1.WAV,-418.0952139805102,-4.532635714814291,-204.1227539056652,-25.906649501819764,51.09637055548304,0.36418934061291586,-9.21444307993002,13.648379765689796,-2.63226231198819,-6.996980905512062,8.243871084898016,-0.213515002966146,-3.062836978984427,2.3568453124619584,2.504964004273,-2.6346242756172047,0.6198593627762855,-0.7997316618948705,-2.7201361420061603,-1.1890306949343978,54.62740482719633,67.48128018923755,61.40814648137128,68.60292348412821,48.49564959368949,45.39827295294816,27.877323489953007,26.445580870532982,17.522554303335685,16.255530628318958,13.370078282877087,10.446878109760918,11.240643494288996,7.238979544716645,6.152544129746071,7.872776388561265,3.703554911599725,6.292895080614165,5.5338265099644035,4.511950931891363,6412.0,101.0,709.0,918.0,987.0,974.0,737.8,578.0,397.0,819.0,1139.0,733.25,5770.8984375
RBB11_32,RBB_n1_1.WAV,-449.3543176246905,23.605211099105354,-222.16601583991036,-30.695959886529838,60.124925192469625,-5.878445628418806,-1.6395469728454697,21.111516515537957,-5.099806803650163,-11.52692571192009,12.730851886230537,-2.8059437523275137,-6.102988003801023,8.312604502218422,-1.608370067470288,-2.976491803650373,2.670337793398152,-0.9406177770132108,-3.432231282307611,-1.2678169632498708,50.48146471707012,49.576985183835035,57.05680901543481,70.7712239951565,46.93259167737003,45.30640214818519,32.84642683817841,28.67210994956885,17.95762257059262,12.33065753798431,13.23509367109332,9.60881415244622,10.228939831779545,6.317859719141219,6.855542511376991,9.695727158985541,5.119079698482303,5.098572273166241,4.1463058202373455,4.027710061439106,6439.0,155.0,707.0,951.0,981.0,997.0,758.2,603.0,372.0,914.0,1004.0,723.25,5727.83203125
RBB11_33,RBB_n1_1.WAV,-418.11509002669067,5.171657732704874,-219.20026177894275,-15.965597634202592,38.470888371488186,3.1088820285847607,-8.771390782521078,9.871309533960034,7.07725909194635,-12.967727175249264,9.063717814491767,4.525412899647424,-6.063515632370359,4.532679718359561,5.067991210873826,-7.174101578082441,0.37267376091179377,1.4528714129433802,-4.879831195120804,0.5085963692627462,45.95841942000898,49.143250311942474,58.821425227773055,72.95598290388438,44.44538106946807,40.09300991936456,27.561376480711264,26.257707176985836,25.693931750916505,17.7773858817244,12.133887891163328,8.721911880182086,11.423334185794628,6.804172909254275,6.245612987959007,6.91361118705784,6.996803173907519,8.38711839524838,6.186626140143559,5.314816400327818,6484.0,328.0,707.0,952.0,988.0,1009.0,796.8,438.0,384.0,902.0,1061.0,696.25,5663.232421875
RBB11_34,RBB_n1_1.WAV,-449.3474710742949,25.262952461691317,-221.02200637909502,-31.264869144363193,61.564546577232264,-3.6005441897836477,-7.624484882044035,15.421738557143406,-5.304714901243318,-11.876207263866428,14.654400118692436,0.26079205333804945,-5.999214629441648,7.416746851341897,-0.7939210624180855,-3.782920769748022,0.9038121109867149,0.6129624649946904,-5.795417586508167,1.1272132231833576,49.35069817159885,49.906593200610644,55.68590151240362,71.13066316823917,49.75241575043776,41.14663346016953,29.68825311807413,27.634853630003658,19.812129673767917,11.026076344816476,12.698034084754726,8.783987373227843,12.646433844855734,7.581929499156981,8.911618901171774,7.078944968903904,6.5103181229924685,8.168998956104003,3.523943301071957,4.863953143523954,6448.0,211.0,712.0,932.0,979.0,994.0,765.6,527.0,380.0,900.0,1063.0,717.5,5684.765625
RBB11_35,RBB_n1_1.WAV,-433.6075073249163,5.350782977564565,-215.09089118168356,-24.290157018465898,63.44673385248527,-1.5821368262932185,-5.046517224385001,16.931959071171228,-10.145323210341138,-8.795592517695418,10.17469977313018,3.4373969531511097,-8.174390295845047,11.349776177341457,-2.39451846726494,-5.285418972881209,5.97772091102221,-2.607097058352465,-1.4660342937795041,-2.54418360057043,49.28507740292877,61.78939281519075,56.970032835847164,66.45458228389003,41.427354476029315,43.30034176562943,28.191819209305443,24.216516529488864,19.868127695257073,14.931380211763155,15.83287208956376,7.919732552572439,9.13565568564713,6.606187529540285,6.041637967591461,8.245997362436352,4.747446024127937,7.58528636592821,6.277567642321614,4.965338158092845,6449.0,222.0,715.0,937.0,985.0,991.0,770.0,527.0,385.0,874.0,1077.0,715.75,5663.232421875
RBB11_37,RBB_n1_1.WAV,-426.34771157205995,12.842554509900198,-220.64313196045373,-9.790881084550385,54.651638829391004,-6.899669446504399,2.395727828961075,3.0690773568578047,-9.343851738347379,-11.321493971649732,0.152876267986278,6.887339242999378,-5.182923187523178,8.549875285765188,3.001656924895873,-4.115553926559828,2.8925126237341927,3.7071047348642527,-3.4002688109214616,1.3102699246553693,48.42978102845875,52.27056146503493,53.428428344306965,70.67929392229478,41.02580879668873,40.70721147880017,37.79308323108846,24.261053996520342,19.081420508395553,15.470367101878484,13.321573903186735,7.4497227528869,10.873221430443675,7.071933778827343,7.261853563558178,6.516138952317334,5.47721454330431,9.102935680794962,4.47495772257245,4.232026755135435,6507.0,179.0,724.0,953.0,988.0,1004.0,769.6,630.0,386.0,921.0,1007.0,736.0,5727.83203125
RBB11_39,RBB_n1_1.WAV,-417.1240058931805,14.921726858640527,-213.88421617554653,-18.424562293570673,34.25746040713579,5.287569748077598,-14.398298828543924,4.750210133601997,2.5780690772768713,-16.027290852409692,11.683312598815725,6.125024273310647,-2.6584442097298364,7.821545691991781,-3.384771765591711,0.29124942235841506,-1.6695372196726477,-0.8586454996863087,-0.25716744553370946,-3.4016994267251395,48.30425713179897,49.86222237349047,57.15981218794634,72.30839010760653,44.29123232559035,38.18045795066918,27.826372520385576,23.103273324732477,25.23570349423554,15.320070396317107,13.749995634272725,10.067623497619445,11.471678941634703,7.5711967907610855,10.212338750046587,7.666736991155864,4.572835449276256,6.843029802781642,7.377596123660061,4.697981435492148,6433.0,230.0,718.0,932.0,991.0,979.0,770.0,555.0,354.0,908.0,1058.0,718.75,5727.83203125
RBB11_42,RBB_n1_1.WAV,-398.30794372412834,1.8090783744742827,-210.1304022465907,-21.72643128214872,22.088138332164622,6.6878571751334395,-7.913757989381913,7.392538730097424,4.332655496812475,-5.4641024337188755,1.9519956660735116,16.22135840303797,-5.551774350297535,7.640532918326058,3.526620494227814,-5.14981627208974,-2.370709076749151,1.703965144290156,-6.343952817883892,-0.8364818274995888,50.365326220831314,58.90495095689796,59.15947858200076,71.27256886603881,48.651976774109535,37.703442270773266,33.12907078688192,22.151168152737164,24.3029121005498,12.932531906091844,10.819701918082815,13.148436235985816,14.896853722639612,10.792533876008262,9.916985311938713,8.782879891441334,5.2701811933134435,4.473724488266994,4.465906311828511,5.58564027944673,6408.0,402.0,710.0,925.0,1001.0,1013.0,810.2,446.0,345.0,932.0,1005.0,682.0,5684.765625
RBB11_43,RBB_n1_1.WAV,-400.8907268734165,0.32050192415643153,-215.1984605566139,-19.351512167683794,23.36910024635094,7.305101350298506,-14.253732497680824,2.4389240430193584,14.234242568595974,-14.410315158940701,9.808862024235589,4.014191495727678,-4.624521573846439,-0.6143579292159245,2.1372948376076115,-2.266361836829549,-0.808022470109719,5.285067947574424,-0.9528264027045062,-0.10812677676687442,48.017429832092766,52.6643630410195,55.885883024163824,68.82967193416317,49.12326681557262,38.25286946589689,31.462946207812667,15.18081442329823,31.610477166217578,14.295746867084242,12.367493670330559,9.894189383627442,8.769281479267459,9.908119791090893,8.644402587809898,5.087782652842614,7.734508001515088,6.347673315738825,5.570545843646569,5.884882572302497,6504.0,487.0,696.0,916.0,991.0,993.0,816.6,403.0,400.0,948.0,1051.0,700.5,5749.365234375
RBB11_45,RBB_n1_1.WAV,-433.24413334076013,10.45415772628662,-219.0694091816984,-17.39340224373533,37.82217967710838,11.516696549310328,-5.66524320581831,13.180359899830155,7.315607768848849,-18.01531372046317,8.163613859918172,-2.194998506663189,-5.814666348343198,5.3880778803755796,-0.11310484016514967,3.5263404356650634,-1.2129768795465794,0.38889027721545966,-0.6136338728926907,-1.9213105522503153,49.890307683306325,55.074631281955284,57.8995600338271,78.9922043949043,47.687081330481796,36.48123604904984,32.02547012877027,22.338043895546186,21.48576704323182,13.01460414644143,13.559374549071348,16.336431087413878,12.922444544916864,7.591661090687396,8.74181634343745,8.373167961513134,6.096902025745504,5.385737292314791,4.85336598658634,4.460554843773088,6582.0,299.0,717.0,931.0,1004.0,998.0,789.8,465.0,380.0,992.0,1079.0,729.0,5792.431640625
RBB11_50,RBB_n1_1.WAV,-489.16326940036316,26.95564661884992,-222.13042904947292,-42.75838242201838,54.11933718962864,11.166508396976331,9.987679127279764,4.552767227422303,-6.81745845696639,7.568023596574244,-3.9900187606791837,-3.1102357616904994,3.0013249281919263,-0.5631721659866611,1.861400320211937,-6.7000229722459075,2.1521222154134803,1.1711403548552326,-4.010637720323504,2.7765624220931255,48.58399043539152,54.82454372672629,54.8881769236218,80.92775721675878,41.92306977056654,40.30780450515167,38.14446112476809,22.50577993394754,30.671745034406275,14.397579606131458,13.288578218468547,8.383869210514925,12.09190241988055,9.1734366742878,7.652504850694028,7.243637916465194,5.462855611152617,6.81669729048655,6.813610125065488,4.944525886545221,6556.0,382.0,484.0,701.0,946.0,943.0,691.2,607.0,656.0,931.0,1122.0,829.0,5490.966796875
RBB11_59,RBB_n1_1.WAV,-472.3227592133826,10.086560191438323,-229.39865633024357,-22.020813537022807,35.67146556604078,3.091883671192199,7.885148112764691,7.426776408488724,9.17543736054554,-2.9855893883814986,-1.1286119108061996,4.021801660881871,-8.329125347367263,1.8343257023613488,4.9955028952045915,-7.871695531634737,2.4192763950060665,-1.4670882561977152,-1.5876941510208598,-0.7389317756595672,47.71619489802366,56.3846786639858,55.18463565896039,76.47562511889896,47.785236642194214,38.94600426454887,29.33787472739943,18.456301359875507,25.296946521370078,11.073969034545343,9.128189689110492,11.861211621830742,9.10625715289569,13.063667117766004,9.77903989451578,6.155600682011171,7.471621881095963,8.247043244779192,4.577872970395887,5.094133878246551,6551.0,329.0,608.0,828.0,942.0,942.0,729.8,544.0,436.0,1018.0,1156.0,788.5,5663.232421875
RBB11_63,RBB_n1_1.WAV,-431.9758875395222,-14.133917256758917,-218.16523258220872,-7.446807699843207,28.214741899333912,13.8986980500179,4.259756451246997,-1.610317685562736,4.195094870291925,-6.194024576746611,0.023331160783021086,-0.7809142084679432,-0.04754580807298357,1.2524816670896797,1.0727778485737356,1.6664636171511988,-1.424276280836114,0.7048560318243101,-1.3250765833710603,0.3494267373672015,76.83088207251753,48.260344084144315,54.516989921538396,76.87311302721365,42.30860898137466,39.47937923074837,27.066734475431073,14.348527338264566,20.779111181196086,9.192867080842744,12.478601068337378,9.24170234047457,8.394937567945073,10.35151432591029,7.3310627231701275,6.026538981490342,5.280202965226407,5.149745185673521,4.356753034895606,4.658781872065031,6387.0,405.0,573.0,838.0,954.0,963.0,746.6,504.0,424.0,976.0,1036.0,735.0,5577.099609375
RBB11_68,RBB_n1_1.WAV,-464.30787056607545,23.0944784558718,-222.6298810802731,-33.087142098720896,47.09443741896441,2.320349713679009,-1.4361458454224996,14.64786001050956,2.2154898352167085,-8.283335153506261,4.637046222909972,-3.631013065476319,-2.053360814848202,1.7243882689663295,3.8184224562425357,-1.159272598490517,-3.349922401504575,2.1331800735072575,-4.119154085862715,0.7863185419213885,46.11751871181144,55.834425821940016,54.23890621108856,76.50565902477734,44.813997191761786,46.38151406288463,35.883534316731755,27.12423075192624,22.838607676878585,11.620302558467294,12.441742565157869,10.262087599165014,11.202351759453524,5.994105103039037,5.404811441480523,7.25920784621433,4.372615274825246,4.835870017855205,5.649213416123979,4.552909057776291,6646.0,400.0,713.0,895.0,930.0,951.0,777.8,475.0,471.0,1034.0,1099.0,769.75,5706.298828125
RBB11_78,RBB_n1_1.WAV,-415.9356322641716,22.873193907665712,-191.7162693135749,-14.275724134550304,40.536578876610925,-21.293330656334117,-7.585924695550641,-2.7445298660760407,-9.35851244966096,-5.061768183083606,2.5201736370683445,3.5984048897400127,0.4011464725651777,2.146068327177049,8.01069289687768,-6.325808687030579,2.6719326960182124,-0.23105297468936084,-2.467639105013913,2.529353463982654,62.31084511525774,42.804131160124335,59.91206441047719,73.4093260817048,44.72131095814627,44.45096004343674,21.15714617290499,27.430462440259802,20.278542432041927,15.163554773811775,13.404036844843898,11.80675637627151,11.367188121533223,7.433953582607864,8.850393929203946,7.844521712746361,4.901665288903623,4.855596665142341,5.47533606568153,4.609512799472957,6509.0,196.0,642.0,899.0,931.0,939.0,721.4,588.0,424.0,942.0,1126.0,770.0,5684.765625
RBB11_80,RBB_n1_1.WAV,-476.46846693421134,25.918783508967817,-222.8365118157786,-39.48700108741868,64.12106342460245,-11.062287136354684,-4.3404151061353025,21.58030304260678,-4.544586598009879,-0.37789635311064945,1.054908535373596,-3.416026074898094,-0.12762067444906597,-2.13148010170686,8.081160542034706,-1.680788173514043,-1.4101991616157101,0.8318691019726269,-4.171673183044395,-2.580021682513245,44.05441664245894,50.389070692683305,54.5236706144832,72.96673805276492,42.778415125863454,43.586085472990646,29.969266783838776,20.83782651708966,31.558288574391067,20.319901508479024,17.42464157208443,13.714375328077622,12.205826898812772,6.628542635087324,7.463799434361951,6.332181067211225,7.597882140483267,7.251529077237093,5.273024333533362,4.415394735181722,6278.0,227.0,646.0,873.0,940.0,952.0,727.6,567.0,409.0,870.0,1026.0,718.0,5727.83203125
RBB11_81,RBB_n1_1.WAV,-437.4920836483094,-1.2996746027337647,-213.81365973111537,-21.963339045693182,24.06221258460688,6.475387962423309,-8.146085325306155,5.5586429574978915,6.189920542315938,-8.571563985880168,5.0269490433957245,4.502453180806434,-2.75026944270197,1.44132576001379,3.5848489024303465,-0.16741194051233488,-2.586662703605119,2.990465002130093,-3.4689151474032314,0.2744997055938645,52.68489212303599,55.60996890188818,56.770629709916435,69.58129641974816,47.00196126584305,37.36529974181912,26.0162884757763,18.93262790176639,33.20755066052711,18.82304874495048,11.237730392397497,9.264632924295736,10.391348033290935,7.737721958634026,8.81964991042248,5.36632106196467,6.6820477904465365,5.06057437079726,6.502389177592734,6.456954018990744,6455.0,222.0,665.0,872.0,948.0,968.0,735.0,537.0,466.0,948.0,1085.0,759.0,5684.765625
RBB11_86,RBB_n1_1.WAV,-471.9429706117991,31.778175220504437,-227.28395959587257,-37.194637547738665,46.495434290193046,-17.553344628356214,-3.5557753620737067,17.778894449848327,3.318476273843064,0.9343820876495731,3.497180652925475,5.7011150688139605,-8.780933812549044,5.106659114943669,1.2673840953321667,-5.964889682973247,-0.23601916034782475,-0.06498605876060073,-2.394978290033625,0.9292779707682706,42.186029528524315,47.38687830271042,52.10805688161168,66.40749362813517,47.40776343694603,41.384673618437006,31.008431538234557,26.258388151299023,28.58755151761076,16.61166890698382,14.502571564402853,10.350762433639451,10.67319776782715,7.2690565893665235,6.649661575364754,9.954335791348027,5.807253680994239,5.825130554584104,5.117039889216997,5.709886760661176,6551.0,235.0,652.0,876.0,934.0,947.0,728.8,605.0,435.0,1015.0,1107.0,790.5,5706.298828125
RBB11_91,RBB_n1_1.WAV,-458.62859831853746,19.547374200114405,-219.37858589356145,-16.188288990396476,38.91377733410808,-6.797913526309046,-2.855700327443203,11.576481617877134,0.5784491303692683,-9.276017224806905,16.649108066947285,-3.8015026949028212,-2.761518782439758,7.970196868159488,-4.359038097313023,-5.259358484648392,-0.6463990765838545,0.8862013967844112,-2.8734273254247635,2.486270925588839,45.03714097184867,52.26311629245014,57.79681502758081,79.50900848769624,51.35713442370303,48.6108530908787,24.186104996352178,27.695642121298604,18.351688740871314,11.366988120310078,10.889151054396761,9.337004893280657,11.748061972733092,7.785427833250625,5.005036890864339,8.513757067169978,5.982568459450009,5.092411222792878,5.06464517489461,4.447761323920425,6774.0,259.0,732.0,906.0,943.0,939.0,755.8,640.0,527.0,980.0,1062.0,802.25,5663.232421875
RBB11_94,RBB_n1_1.WAV,-454.6299200003458,-2.96856968014859,-220.1979959847471,-7.800360129777323,30.3414920029255,12.307961723160007,1.6517257180063651,-0.9952658185714773,11.00378754703072,-11.81598151124588,2.247247190164442,7.560401835759437,-5.778009138435344,3.265200425341779,-0.33557092709091113,0.12156159586010726,-1.4067069127581182,-0.7345256838099435,1.292780805251409,-4.486636256535358,49.559846189091175,48.45068151850188,55.363216436441654,72.23825434753778,44.75870080593191,34.89728989689175,32.3322045624017,14.822125072051215,27.36798411203712,17.02654024111486,8.388980454009877,15.086219925715685,6.779288819765455,9.992165306624461,8.773772949268078,5.025897918002935,6.336111580352885,5.328559910356721,3.68756736096143,5.293682171428586,6384.0,241.0,643.0,844.0,958.0,967.0,730.6,539.0,414.0,984.0,1074.0,752.75,5663.232421875
RBB11_95,RBB_n1_1.WAV,-524.5660834317658,-0.6538257703974243,-206.96517600689134,6.945986991626529,104.35693377509197,-17.33802526572661,-21.38628855346267,18.6203577729398,-7.803577400840283,-5.925844209842496,4.562008097058662,-8.439791328004004,-0.8220684922338003,11.044100923341164,3.310045311355353,-3.769499083345172,-3.2923411747194877,-2.4469627081492513,-1.0467153595328826,2.790626646609526,44.49981975038009,26.43874765601534,52.76250608125572,55.03058783549183,38.99274198147807,41.41758682817881,31.03256862214184,19.776449861393317,18.577671194862397,18.872137782766803,11.823816409477017,11.009379214231526,11.882495521669057,5.691970434385021,10.248278365620772,7.362926968543475,5.187318333551705,5.8264128224040705,3.70071034415602,3.4358537963949805,6494.0,233.0,621.0,780.0,787.0,824.0,649.0,585.0,457.0,1105.0,1278.0,856.25,5878.564453125
RBB11_96,RBB_n1_1.WAV,-518.998061873813,0.1378403540237695,-214.02026940782258,8.944349650897909,89.42675312367278,-24.31894463178073,-8.645883055861486,22.670025984036837,-6.3801271262067925,-3.1793641118974407,1.1033543977516012,-12.157724194352866,-3.0955250051447156,12.868736597627663,5.065528605540957,-5.771839358396603,-0.5548803943547097,-1.312634307121639,-3.461368207138033,4.5836972296692045,48.23784065350516,29.315427949620446,55.20792668602479,56.056397631037036,45.32956858827228,40.40034526293097,35.14720188195525,24.584774768752467,16.86363518293108,14.238463628514753,15.677356931381693,8.212697528486858,11.283229244969013,7.371206634626879,6.524375377063847,6.291129518763918,6.811850087199585,5.101446847696806,4.769942603836887,3.306873910527031,6488.0,167.0,607.0,751.0,830.0,841.0,639.2,654.0,545.0,1083.0,1223.0,876.25,5770.8984375
RBB11_100,RBB_n1_1.WAV,-511.07696961061913,11.365749149598434,-224.40788138484422,-8.867778078221816,86.49309631390848,-18.393444807345865,-3.427241735841616,23.25759566454475,-9.662361424335325,-2.420075470901105,3.86525694071833,-9.889223508799088,-3.0135853889430577,5.393000675032355,3.402593642992312,0.11590156854782369,-1.9414464764196615,-1.7668745329447584,-0.6896468308233908,1.2826327303031353,47.47062171358478,34.15357652714717,54.590822959833716,62.49276902302453,41.959158211719696,43.13700125063388,32.46831950255282,26.518980527615646,22.964313025520887,16.877422113173687,10.556658035978522,8.199316967255431,11.661064890157935,4.7922008977206,6.7333959975071584,6.2275654710143415,3.8712730348216486,5.454301995479343,4.850823824855682,3.06592093893173,6493.0,386.0,616.0,796.0,880.0,882.0,712.0,496.0,474.0,1063.0,1167.0,800.0,5792.431640625
RBB11_101,RBB_n1_1.WAV,-498.590581198901,-7.030287218655447,-220.5004065452097,3.2533538611977675,67.39520667204545,-8.47525861453303,3.919643695305999,8.442615869834794,1.5299293222891477,-6.9259918532234215,0.40270663403141527,-2.34202494669149,-9.702732955805956,11.800390125814646,1.3955140352483868,-5.5366221905441675,4.217366748454567,-3.183701544666691,-1.8708583672748025,2.964285066138877,45.1347788105404,45.53838579002653,57.01295258733638,74.41325350672919,49.721531861698125,41.20847152562196,31.675224104802613,29.32985471145111,20.872388756099593,15.111398873798207,10.766859541438192,9.591779452472842,8.805057493606443,6.967339516206502,5.2811236179063545,5.74022300055137,3.1100167560648226,6.812503953679662,4.5176855271913405,3.280118765587899,6497.0,156.0,603.0,778.0,890.0,867.0,658.8,593.0,554.0,1071.0,1115.0,833.25,5770.8984375
RBB11_104,RBB_n1_1.WAV,-482.03750166255054,-6.936043004650543,-223.14191540567842,-4.947936661584576,43.796542758339655,15.748646254321567,-3.852241470659771,6.759730578089859,8.715944722278628,-9.925843216660887,0.8659800402820443,-2.0668108550044826,-0.03201278499218221,-0.4492666238905907,2.829533857807764,-2.6413863237568713,-3.6607056429388867,4.767093875098462,-3.472532501980148,2.1699642752466453,47.60055285567354,52.6773513096522,52.99975051209855,76.55444013951768,45.69707027749551,39.87730927978456,31.450765791294703,21.135722557374326,31.778384112766854,12.402840398649543,15.767629864517502,10.444805067989911,11.706842188920655,5.407765718634796,4.509892719896367,5.179067366196714,4.866394802955061,5.542902255813709,6.081130084326698,4.009581489318524,6432.0,289.0,579.0,813.0,899.0,869.0,689.8,526.0,533.0,1050.0,1111.0,805.0,5641.69921875
RBB11_128,RBB_n1_1.WAV,-463.0024197890874,31.978140258954603,-215.3171916322265,-35.58034696979792,48.61806581576619,-17.146278714221765,-6.073054759638438,10.758224752478078,-0.9405052085112053,-7.072121569608885,8.26525251330924,-1.5352695440735444,-1.292671410360962,3.9112011821674093,0.8872685316923665,-1.1754587772691834,-1.872141324922071,2.3235776743416303,-4.921587611859389,1.8601068202632087,47.003524079095484,42.68693057231003,60.009494257628404,67.54915830132465,47.59875502161486,46.20247274354456,29.09603780822938,26.69175080712162,32.56311341104124,13.582813551221218,12.777682681814662,14.833848811393109,12.744636261349745,9.227412164601247,8.52365968111344,9.084090052933359,5.441630096301439,6.098327380284107,5.640796665754118,4.2155349045279795,6438.0,340.0,668.0,874.0,946.0,921.0,749.8,528.0,459.0,901.0,1106.0,748.5,5663.232421875
RBB11_129,RBB_n1_1.WAV,-443.6386258967855,17.120424359685373,-219.3712308258992,-10.938116002580314,24.510141650330816,-2.3021093369450463,-3.5744292681771412,4.723925928399098,1.6829564017553422,-9.367165289259408,7.208958488350799,-2.5817822806391604,4.740494866901508,1.1356585425171954,3.431919987265853,2.14474098062763,-5.070641249616996,4.4744115840230645,-4.598017051715008,-1.045713381509595,49.546665843448366,37.96345160806032,58.99405296205408,65.92556874459132,46.513106935482114,42.858208301231876,25.864902291856087,19.463683637082458,36.24605842381605,14.429564165705148,13.208131342271711,16.380308190961912,15.228567721811503,6.1882851372768926,4.879109889580584,7.915119759530438,6.344861059537303,5.3711452913456865,5.3474435467429196,5.467290782534239,6441.0,199.0,669.0,862.0,961.0,949.0,728.0,559.0,449.0,972.0,1073.0,763.25,5727.83203125
RBB11_133,RBB_n1_1.WAV,-451.5098561053937,9.942235439636745,-220.84082068710606,-27.52406903207888,42.96728266823021,-2.827601874473369,-5.19496157929412,20.40152723879325,-2.807027774044344,-8.520355926641964,5.228999250914296,-0.08050158413479626,-0.8446729166430749,5.774908871588681,2.5741723273792885,-3.478437338790597,0.8060897737598626,-4.571100836794449,2.413606454170076,-2.645876325026246,47.413193898767794,49.19572155867167,53.87830056830602,66.6490856887197,45.023465402918724,37.48552555762994,27.534998245452798,17.06362370358923,38.4666020155375,14.309741275288482,12.31564206808305,13.24014570081195,9.313258926022094,12.187663596843315,8.418746377397504,6.95201517632459,9.266878509663272,11.006917246878709,7.42719469687525,4.582550982571535,6570.0,440.0,703.0,882.0,941.0,936.0,780.4,446.0,456.0,988.0,1116.0,751.5,5684.765625
RBB11_145,RBB_n1_1.WAV,-419.56666607350365,15.598878183111665,-224.51756798098486,-12.120252249469178,34.46222588743989,-1.211682424346593,1.209473608567501,9.330538522427931,1.3530777893047279,-7.042319731031416,0.9150269422236758,2.4042621794184367,-6.045656563782897,5.973077522801758,4.670842848879809,0.5610327814499956,1.6438777227769212,0.7758225781717188,-1.0286040730088768,-1.8085228189500584,55.02791142047457,51.75973929335805,52.386020584333885,63.98819500808629,47.964678831648136,41.03243491482176,34.18824480835244,19.78347711691024,27.16899293930072,16.714523568957016,11.711957887791693,9.153591067414997,9.84276980193299,7.196739434008565,6.81074407261796,6.849911038395299,8.404256159267813,7.890672231210761,5.8658111339564,6.235104521057116,6513.0,597.0,709.0,924.0,962.0,960.0,830.4,362.0,435.0,967.0,1030.0,698.5,5813.96484375
RBB11_146,RBB_n1_1.WAV,-411.71024852764253,-8.820316891861308,-220.20682654264292,-19.880500315481182,21.432476578843747,3.453870320740255,5.979054350497742,3.1314354693107713,6.401335596061738,-7.444156959703854,6.125464736637392,1.6636709249998392,-6.570560929412955,7.407920470545981,-2.2680535612094577,1.5155657938164289,-3.0584240760187007,3.2938803998342787,-1.30144189769086,-1.8779838952715835,58.79088489304039,50.629400760111245,56.10663702374623,70.94563076674007,45.38654137992141,37.188262935570606,37.27668335656352,17.409239321348505,21.186491373141298,13.703418138473495,11.808819208606366,14.654549019974251,14.145494853286946,8.8261769408422,6.733848124907817,6.482169400592253,5.354834920387358,4.484607322904834,5.111745909992966,6.564055605717716,6503.0,467.0,720.0,922.0,965.0,975.0,809.8,405.0,378.0,993.0,1013.0,697.25,5706.298828125
RBB11_151,RBB_n1_1.WAV,-407.4401707860478,11.218641348768669,-214.18394164444842,-24.65875758318575,16.46174803595717,-3.632879316264259,-10.801673624979863,6.319653675363487,3.6567387235032665,-9.714476508468149,9.319922388515852,3.820243241036988,-3.6686398919311167,1.8618052775259957,3.899638876847347,-1.2804183722683204,-1.3788280066510255,3.024725042954367,-4.258011257279514,0.2792162005714852,43.013926321199506,56.81597469497285,61.64739203023325,65.86141881890258,46.536518624550844,39.24209023415933,23.272680727198622,19.30221175292298,24.470098794155778,11.33129512993438,10.666983306685248,12.57075286021299,10.136699813405256,7.10080618989175,6.805036222828696,7.411949799833005,6.994593294503964,5.433850103100703,4.089301893359289,7.362972956001166,6501.0,479.0,738.0,926.0,961.0,966.0,814.0,381.0,379.0,989.0,1077.0,706.5,5684.765625
RBB11_152,RBB_n1_1.WAV,-460.45173572112503,28.021242142734962,-224.74963195913105,-40.21726991218604,54.83537382632822,-1.0232458411982632,2.3410727790307195,24.305068799132187,4.487041499986257,-3.7875119870569147,8.34323643682155,-5.0188033808039725,-6.28247836300959,8.695963043856429,-4.319717243721537,1.2299726892270715,0.8457858616869788,1.8781751921100376,-0.3394762034334131,-0.13062346253536467,45.29803559624877,39.76400245304472,53.10740362763533,59.86104116315526,46.23882028330339,46.01782643074925,28.310139571734908,25.136590819190086,18.419001554952512,15.537394069242287,15.101134259492035,9.153025980264426,10.116450224642513,7.311607221181328,8.301247307124095,6.833526907213121,8.415594857671016,6.62873006262319,4.188931247860974,5.1846266376541745,6462.0,411.0,659.0,898.0,948.0,958.0,774.8,487.0,401.0,972.0,1105.0,741.25,5641.69921875
RBB11_153,RBB_n1_1.WAV,-456.92488819670245,14.700034787642291,-228.30277207476308,-22.39647194448909,56.74540664085442,-11.05660675308916,6.887698679838777,15.520488702578904,-13.432164947176767,-0.00992136894976761,-0.13217871993497937,0.7875306656588654,-2.601481366184256,6.675384877219097,1.0820188767593022,-4.013240096911414,3.158062128348961,-0.5647883934227015,-2.9015794032076894,-0.5375260384895955,45.29339894245522,49.84797511376654,54.82643043542628,63.93350973865951,41.1078888786605,43.14269526622552,29.726247464328146,22.057568061105197,19.737521774229734,15.372304813649556,16.77766612967052,10.611631712033622,9.985286866908767,6.275337960381098,5.456998585549035,6.907203112294852,5.910915769625371,5.359257674186961,5.2024948079171836,5.307287167935922,6485.0,305.0,704.0,943.0,963.0,950.0,773.0,516.0,401.0,962.0,1059.0,734.5,5641.69921875
RBB11_154,RBB_n1_1.WAV,-447.5075805290478,36.59787257816356,-213.9535805680519,-37.90972261347078,55.49961261428315,-9.80440014305479,-19.071811963810024,17.791500580812386,-8.187593416538917,-11.715553115577496,15.677365324207392,-2.4281389156945603,-2.435506232107669,7.440180063264017,1.2572978069255372,-4.295740919474656,2.9570803065352047,-2.432361570616749,-3.538537537105935,1.8931047237197207,47.995081645928884,47.95227379802501,56.49073774209288,69.95903863609811,46.756809556653785,45.21356205339027,23.3603060425672,22.332210093431296,21.612961820504463,10.92749620539104,12.761218821482135,13.052825380825858,12.136955715994587,6.075573154811354,6.494734455072683,6.098855057708538,5.495483800480016,7.679254893479032,5.971849817323305,4.813316470110243,6457.0,378.0,718.0,930.0,955.0,950.0,786.2,447.0,394.0,962.0,1044.0,711.75,5663.232421875
RBB11_160,RBB_n1_1.WAV,-450.2529435755435,19.518774116843453,-220.8844177835609,-23.535323296152622,43.414485870176044,-4.314254430476226,6.931365628737583,6.113491091786139,-2.309542518704101,-4.687693685785889,2.58702133804815,-2.0954648840660157,4.0821534414130065,-3.948606150925812,3.737449200480499,-2.1468610481798844,-3.429876553949405,2.5103675604861206,-0.9151054960120638,-3.6793803905354645,49.50926745586368,44.071182034454466,58.0532620127409,64.40848315606148,46.03733604800615,45.92426460773322,36.67500112196645,16.568701412712286,28.582513224379458,16.079955350701592,12.097377834907922,15.143675125190342,7.9972797594314615,6.526374434130822,7.014405400089772,5.2820115558589285,7.858176974766537,5.25968457848333,3.5918651912481314,4.56469402945451,6592.0,394.0,708.0,910.0,978.0,967.0,791.4,421.0,420.0,1033.0,1101.0,743.75,5663.232421875
RBB11_161,RBB_n1_1.WAV,-420.22114100965695,10.24925673383571,-202.08334391685602,-12.139285192368808,29.595257451375698,7.884841160853051,-17.044433210817445,4.693913047298725,-7.12591246594536,-12.458857261920327,-4.247772932552927,0.9576625130135991,0.6491698753409086,-0.21485419078124426,8.019004685520203,-2.784520483988258,-3.0192968568647642,2.830223291534248,-3.6356054386556167,-2.308276345428345,44.862272383854936,49.38918014363266,62.67335253959606,69.06849526693097,46.4762536675623,35.81116917356587,23.15916672553091,15.89538262250806,32.861792374891344,12.425966102471872,11.368881538220265,15.14748279477124,13.039917460633577,6.266216680306479,7.582426673843352,5.450659063814868,6.69365708229189,8.9587307075807,5.292206754843208,5.607670660901654,6599.0,369.0,712.0,886.0,966.0,956.0,777.8,457.0,412.0,1023.0,1147.0,759.75,5684.765625
RBB11_162,RBB_n1_1.WAV,-428.37477173760095,4.591246863660264,-211.9318189843734,-14.27826579382356,32.4956564178065,5.160609260303478,-4.517929905873419,2.2629652943510012,-10.490258631457612,-4.2998877637641355,-6.36119352181937,9.401720573261096,-7.219146292313878,7.686025130413345,7.257920939496442,-3.934111399303579,3.924059035570182,-2.206236659108556,0.4266483059671676,-2.6053679163886527,44.381618474024386,50.52955834051928,57.74338287738577,69.79900127922774,44.328523210885336,36.209737473774894,29.45917316294281,18.427579285673893,29.677427312461727,15.06138087261393,15.528671527060354,8.990523481122667,9.407877252625596,7.350379865723424,6.004358211554522,6.545508938675538,6.086170771101015,8.123507066470909,4.692640416674798,4.387780301480794,6634.0,427.0,738.0,902.0,965.0,964.0,799.2,468.0,426.0,988.0,1102.0,746.0,5641.69921875
RBB11_164,RBB_n1_1.WAV,-442.6898503883976,6.304191102982106,-208.85640362815417,-28.194865592393352,47.22738534918424,5.551498733171807,-5.96063702642125,7.350459243937933,-2.1168619157616253,-10.87878571438184,2.4726300148146834,-0.46173788154066275,-2.8743006330150047,2.4700972682083826,2.0113898976433022,-0.3639555374443722,-0.27581559275917644,0.8172193591122299,2.0093477792112746,-2.4197833141310707,52.18834138732846,50.915668040944134,54.73760553292166,59.39572060728302,42.499833120167594,39.948312001560254,28.068498522761626,22.54023063415928,31.172885175344952,10.746734145236035,11.865325408084905,17.295478374116076,7.7304026034453655,9.428776679729813,8.260432395622937,6.675529325155916,6.961388183540754,7.480615692926713,5.219619711903229,6.260174154557078,6484.0,350.0,671.0,867.0,946.0,939.0,754.6,474.0,404.0,1032.0,1161.0,767.75,5663.232421875
RBB11_165,RBB_n1_1.WAV,-426.7223752468676,-3.9814087018145763,-217.71313072790275,-8.758098139682595,20.621851045203115,16.96834135077537,-0.4566761362284227,-0.3133406342080466,6.153276157775094,-17.31711053871144,2.2663037011953575,-0.9123421595232437,0.8124247531914088,0.18836694277475044,5.5173348574324725,1.555661958889426,-0.21095895794090275,2.126407927328077,-1.7645683166999828,-1.9676493026202067,48.820601215834486,50.54256595573146,57.52203000173215,66.08697267206163,45.558813284115246,33.62276864442656,35.66879003972245,18.51796310348126,23.908220453389596,10.085030367833484,11.80669209922307,15.909907644504436,10.193466108598214,9.370336839578345,7.673515946059048,7.119143858896971,4.25824100777356,6.471560901976976,4.660284793764863,5.125327791597105,6564.0,350.0,717.0,893.0,968.0,955.0,776.6,453.0,422.0,1019.0,1141.0,758.75,5641.69921875
RBB11_167,RBB_n1_1.WAV,-441.6493998296706,5.704557239592689,-209.2364145171355,-21.454036482062822,41.671853783137294,3.021639809764754,-6.178192875048716,11.896884550173926,1.4856617112895198,-7.44921841294653,2.5299100644886447,7.949133059029986,-9.545988003223794,3.7032540909717726,0.19450013903811977,-4.246224489051442,-1.9569580721258943,1.1435231486765944,-0.35920629863587267,-1.7340361293039768,49.75576463942574,44.66569130605358,61.2146284930332,63.91427900912508,43.902943039266624,39.02024838026248,27.41164797237713,19.584418143493643,31.714133260846705,18.296206471896546,12.74910504738717,10.985005782467056,7.806997756969288,10.46474908263555,9.320997755543361,10.164366890576984,5.983544021361156,6.625318482057761,6.192982080539063,4.459056837373169,6446.0,184.0,665.0,870.0,960.0,950.0,725.8,570.0,417.0,985.0,1097.0,767.25,5663.232421875
RBB11_170,RBB_n1_1.WAV,-436.0178057969133,22.93568695656188,-201.39322670925267,-27.1033586902167,40.06189792998148,-2.6831722538749423,-24.510149596012074,18.063779221995702,-16.176646691994822,-7.7519580289187315,6.977106413881431,-4.286227005428768,3.8754192954338085,1.8229918186847494,4.300601724087308,-4.404221013011485,5.0177485752229645,3.45944870403284,-3.35407544681336,1.8182045392639028,49.011808226481335,48.295088732455675,60.99274884953127,64.21470500965877,46.444670167685594,37.910291272824146,25.174815222262094,20.43849885094698,26.002626726435484,16.855821570404878,11.065851721907118,10.509260261112715,15.131359467261033,6.628212556408975,7.434539758140567,7.570032688632678,3.6999747654218074,9.681540451551045,6.9315274688313275,5.41012509042447,6517.0,259.0,694.0,893.0,942.0,935.0,744.6,553.0,412.0,980.0,1136.0,770.25,5598.6328125
RBB11_177,RBB_n1_1.WAV,-467.1338667421345,20.628558774109745,-223.07196601832894,-31.92991816078821,51.703849755114696,-2.1387526507307304,-2.639369208801108,15.51193772145084,-5.02196655842985,-4.586423708169432,3.2777147229507477,4.166945984674427,-4.386498342750911,4.607561889406096,0.16458381184569795,-3.4295525035386683,-1.156117752300961,0.8562950418683867,-1.3374165606300623,-0.8132258390335209,46.46951478573936,57.508149449167654,56.90162926813954,70.91670297028016,46.13565395639572,38.72824229663821,30.353924662244644,19.611146678890332,25.36677268229293,12.951397243707664,12.69602812199547,11.973645904492066,11.024712346290988,8.736982863225785,8.199727090737484,7.64302251180807,5.604668899567507,5.922046145773554,3.671426635412503,3.928190874545384,6513.0,303.0,681.0,883.0,938.0,951.0,751.2,501.0,425.0,978.0,1142.0,761.5,5706.298828125
RBB11_184,RBB_n1_1.WAV,-399.62964746219,28.974147140335692,-199.51143086204803,-28.07150745678258,31.193842397723984,-14.345629146142027,-14.048203310616442,-0.4193782897769944,-4.925049998940037,-7.040706646282578,-2.006117875739712,7.83137291501822,-12.189597640639894,8.436101912598108,-3.0491995918515356,-2.491239068007936,-0.07255616786415953,1.0465483424733724,0.6475155410365224,1.455435932783285,45.44700595326655,51.93745042821336,60.67435674827638,69.99163170906498,50.674982782730865,40.35918587925117,24.871240501559775,19.123526851660003,20.468893375886314,15.48785805061354,12.646154134630045,10.223102917130637,14.398284068093218,7.122870468367933,6.63286580385409,6.534116888790552,4.803262271344818,8.219440798189689,5.446730473980371,5.970435961598926,6598.0,510.0,730.0,931.0,974.0,972.0,823.4,395.0,365.0,1003.0,1132.0,723.75,5641.69921875
RBB11_185,RBB_n1_1.WAV,-394.9824754819049,9.74368218592676,-201.56466023165194,-13.266066556500823,23.859579350547552,7.561872672034585,-11.051089649609915,5.740602599333869,1.0415120873727426,-10.754370627267532,5.640735997478268,0.9328706588035168,-1.5342662715454891,-1.8336787784516673,5.147293118821239,-2.309695442320675,0.43670622641987356,2.520797967901983,-1.2932769898234655,-3.278121190723831,53.7737873543606,51.09323783558464,55.50114080867979,62.17051789163658,47.23831629668003,34.11478549482349,23.582558518665806,13.881034659849716,20.16797174064439,19.10969151393039,9.938961555447325,11.947162639096089,8.111665146790727,8.808055291377597,8.878385054998956,6.036515076041781,3.547778521984257,5.91360726597774,4.34405218390657,6.718727353091666,6532.0,453.0,694.0,912.0,966.0,961.0,797.2,382.0,363.0,1010.0,1192.0,736.75,5663.232421875
RBB11_186,RBB_n1_1.WAV,-450.8609836946422,27.048963633497063,-222.5941422450663,-27.608192175329563,53.61619686599157,-6.190539951464955,5.0827650122743435,6.815743407617267,-3.5829906483428657,-11.219095286712534,2.656496284870248,-1.1059051271410099,-3.391116617486428,5.219548692463914,3.5520554487222156,0.7273206743504868,1.9539911797267773,0.7572499463422253,-2.1883763144049233,-1.2303153061443624,46.32386679244469,49.09353483074487,54.500724935605184,69.11935902226686,47.489696880296535,41.93573113944652,37.06806868155121,20.4422638516852,16.465410832565087,16.3420400538178,13.025524626562525,10.731052488615346,10.034010189926125,7.88998927056309,9.537497660906805,7.086064976777495,5.819803242922579,6.694483205462655,4.478505520317047,5.191473890988492,6368.0,368.0,684.0,908.0,970.0,967.0,779.4,426.0,381.0,952.0,1052.0,702.75,5727.83203125
RBB11_187,RBB_n1_1.WAV,-420.51193049001745,33.05085491901227,-213.6210850938076,-7.266620458162008,31.53032448733321,0.19796099470485826,-5.7966927092709755,2.1281054452572583,5.272914988040858,-13.558538560230465,10.582850532691031,0.5271884408860905,-8.03225902994477,9.317258836751204,-0.9852779612122478,-4.122270558372005,1.3835406168256443,1.630239053695768,-1.9665846856806548,1.3631411412278218,45.44724464710071,49.32369097407782,59.411948978572575,71.37876723146785,44.6601086739307,41.29633610761783,26.460768219584164,19.13625746141487,18.993153278947403,13.628640529857748,12.422148546318738,13.649282961562191,10.008559740602221,7.076303600319222,6.100353745186321,6.82936661724993,6.314756108951698,5.3962975946842,4.8449456541636,4.059243034767362,6506.0,406.0,726.0,935.0,946.0,964.0,795.4,427.0,439.0,917.0,1101.0,721.0,5663.232421875
RBB11_190,RBB_n1_1.WAV,-413.7125007089443,-4.2313870897038,-211.22664972267694,-18.380835057162383,25.716815788937797,2.9830772279511066,-10.641637822802954,4.829641860073302,-2.7755079464694576,-10.698145572092221,7.041073750120607,7.969674068275696,-3.9471636148465667,5.944866485618966,0.9361940971589112,-2.7283733768781167,-0.2634625914054568,5.0159353242148494,-3.4487968394113335,0.4440271131792171,43.84714904650958,55.522395565250534,60.174316715264844,68.53848567481617,47.2759443927801,40.86277652215887,24.271102295720002,16.28263141108763,26.473955857921776,14.296763624334298,11.815873381460593,12.350513253920997,12.511074410923017,7.521991963919613,6.940657498134823,7.262682066340536,4.255826448178304,7.435619012973826,5.482561245733101,5.96334313726226,6335.0,368.0,703.0,919.0,959.0,944.0,778.6,471.0,365.0,915.0,1041.0,698.0,5684.765625
RBB11_191,RBB_n1_1.WAV,-440.7645602321223,30.414452728090804,-211.33659911455854,-27.617414562106607,42.22409944534745,-11.829793346664344,-12.614586867622336,7.752239206415889,-12.900181026619135,-5.696497165834985,-0.022345066765426764,3.5329300045059626,-1.5431390265097074,0.894278245379577,9.301941990855502,-5.926208759308017,5.823123111509848,0.6434065805427709,-2.2747603793916222,-1.7353461577293894,54.21572817658573,50.67134645898581,55.185529937580256,63.83397128370085,48.48190189901023,41.635375175330964,28.68186897137448,22.055734672924565,25.15445591175893,22.896365031062732,12.327669002910488,13.043246967315767,16.46134635950308,7.240470337780241,6.171038774284342,6.930870093765305,4.57723912538583,6.640090237948422,4.581758331388078,5.460171549178703,6467.0,251.0,669.0,912.0,945.0,968.0,749.0,516.0,398.0,953.0,1119.0,746.5,5663.232421875
RBB11_192,RBB_n1_1.WAV,-441.05179067857347,35.48607823948026,-208.5191571284764,-29.2341669636576,40.58740821679577,-12.989075441401416,-16.443362357274395,7.860457353115637,-8.43141277423768,-14.703957634538792,7.962647461334063,-3.1027229119825632,-2.2133133423455873,5.277923362516986,4.681093773463361,0.43261503752578667,2.609828273515256,4.702487838488455,-3.1561922330699312,0.6355785301328832,49.70935502517072,46.61294589117539,54.69615800846784,66.80974822789534,52.46586335484896,39.288108618787916,30.116482372350706,20.677300905842408,18.65839213477384,21.128541702626645,12.269822020136374,13.17256742930498,14.965294645251392,6.499397195154649,7.458488118772379,7.621587489400056,4.447566859852901,6.193808421518701,4.077471343959395,5.035265011683116,6442.0,144.0,682.0,908.0,940.0,949.0,724.6,616.0,387.0,1004.0,1068.0,768.75,5727.83203125
RBB11_194,RBB_n1_1.WAV,-455.7760283408309,8.79993866119894,-219.09886638125278,-30.9598690657988,49.659590856946366,-1.177130036474616,6.795116374613259,7.028477457790617,4.558621358379447,-17.567730577030343,9.147775721651657,1.44962066874935,-3.297643943401871,6.540126813540416,-1.3875973754008144,-2.307448809083547,-0.6148150587917488,1.2393082643212372,-4.309688634219128,-2.6439678384265504,47.240740013709456,59.56092474430554,56.13828215568815,74.28602772881078,49.27153725332598,40.13448303894641,34.31430374632918,22.68976869764299,14.518000126337698,12.072967763961678,12.293339385510833,11.618902121113857,8.536690001236124,6.863483371755058,8.991698015590307,10.703800052016035,4.503997016914503,6.059250134935402,5.826386131782998,5.6228839687319985,6509.0,266.0,687.0,917.0,961.0,968.0,759.8,554.0,358.0,972.0,1127.0,752.75,5749.365234375
RBB11_195,RBB_n1_1.WAV,-402.4382281663944,6.985768125169704,-196.2342637931839,-28.08798070284536,22.51921678937928,-9.956951565478102,-10.312811578698762,-5.1691209956777815,-2.6973941184741785,-14.371576213380798,-2.5512764964527035,2.2701590183173166,0.5873276678444147,4.165964004986382,7.395480718364626,1.7996935695886032,-1.0585487148438861,4.980127458546134,-4.498975150578087,-0.915437507199004,49.34260560178192,52.99216328163819,59.48598771320587,65.65527032708533,46.19056673373111,42.69232792472511,23.888209150859005,19.056682135198713,31.444245685111696,16.113524105700492,12.893798231148018,8.8247865111826,10.83671087147923,5.3417124015857995,7.931504805093582,4.227172396917005,6.936487293458008,6.6568108815930636,6.788759021035799,7.694939537638555,6498.0,389.0,696.0,901.0,973.0,950.0,781.8,439.0,438.0,1002.0,1054.0,733.25,5620.166015625
RBB11_196,RBB_n1_1.WAV,-447.77431078007675,6.1977984536040225,-208.79635335219652,-22.988754521016357,33.245409302152055,24.88531474490695,-14.898823357935692,15.29047509030088,1.7601637841253777,-8.13362780037564,3.17747273632899,1.0735675263566706,-1.7816311523195176,-1.2763824621333155,5.962448576676068,-0.7611370204962509,2.1221940788565647,2.787171125080401,-1.445313235452903,-1.3148946902308107,50.160247488505426,59.72343507766032,56.20943020822964,69.10015788391472,41.77694259855359,35.408013872991006,34.28488791157208,17.342600073215063,27.966601951607174,18.91291052280313,12.913122421544482,14.645374464263158,12.425841208214948,9.780009433616335,5.677132048344353,7.235279057277907,6.216696557593268,5.745841590921796,5.241903684823922,5.921450848338169,6671.0,339.0,684.0,871.0,933.0,928.0,751.0,487.0,444.0,1106.0,1198.0,808.75,5641.69921875
RBB11_197,RBB_n1_1.WAV,-452.89678833261985,20.231018401513385,-201.12279905670678,-33.35059639462397,40.44628185997261,2.9799236347713474,-17.34612149899841,11.164725573682084,-0.17862138253424517,-16.495506368105065,14.04459864068236,-3.404558284720332,-6.077337732405845,9.2399341071502,-0.3581638875070654,-4.54575401657839,2.6535328973217704,-1.7891207336714354,-0.3730711767436625,2.1360947617169455,60.880590027563734,46.836315359364654,61.38088423267534,63.90422112109147,50.692853063780724,42.329310686426915,29.8705609331637,23.68341077332156,22.46635488296938,11.213708463406228,12.197198055276251,10.825670334178565,13.657751548487223,9.555509690013388,8.126948547181222,8.323284886194278,6.572627229294547,7.745680994300515,5.185028792449571,7.977232634644018,6659.0,320.0,667.0,866.0,928.0,923.0,740.8,574.0,403.0,1104.0,1160.0,810.25,5620.166015625
RBB11_199,RBB_n1_1.WAV,-435.1215496234955,21.45419649673505,-213.11173136996962,-22.99698764477304,36.32620080638709,-10.911473402781045,-0.9216278909393144,-6.936016141191786,5.145692726419243,-15.563308954819297,6.9066320951764295,2.698212165819044,1.5593741747241956,1.4827629391781498,1.641447825116382,-2.6649452955567945,1.4182761838201354,-1.7578709117634186,1.5827382032799948,0.2055243582323607,51.692890328200924,39.362804980370264,54.00922568529153,59.34390062572528,44.8089102532087,41.726964654051784,26.23714320113563,16.998174791799258,27.46298010677146,15.414922463331955,10.07957084230189,16.326946083603012,12.245918275055464,6.935379668449966,8.216139841042558,5.896419287252735,5.379166765650228,6.439994289174085,4.81678613935671,7.937092464310589,6357.0,275.0,671.0,843.0,945.0,937.0,734.2,530.0,396.0,974.0,1084.0,746.0,5620.166015625
RBB11_209,RBB_n1_1.WAV,-429.34726296261834,-0.36867525439042625,-214.4954696169064,-11.052659207130496,17.385335769466568,-8.230614683659486,0.45559777807568896,1.6234445641519368,-4.001143111007163,4.125563088957953,-4.501719121605042,7.107056319123573,-3.160060763053355,7.328908020373455,2.953737653509917,-1.5471417431106118,1.7963344604064202,-1.5605481220991584,-3.036777784870201,-1.8909539169414535,66.86050587105763,46.328784022424365,58.79593455479207,69.23536466482246,56.43849334847184,42.92971209595143,36.323214808933145,21.550868213412443,24.387400911225463,11.895699907848785,15.112478971822439,11.477716232283903,13.913126621968441,10.774103518240011,8.639006371742674,4.786536061155546,4.165050491162121,5.017699832091351,4.828859960480064,3.5536586800547547,6442.0,278.0,583.0,873.0,941.0,940.0,723.0,617.0,442.0,974.0,1098.0,782.75,5749.365234375
RBB11_222,RBB_n1_1.WAV,-401.9529398239019,17.404720458113736,-185.19801670864464,-21.57052852399511,24.93769280840444,-16.667400432571416,-13.232132485895919,-8.014689608678289,-1.5475032705031562,-13.433182085020734,2.9295613437985004,4.179798244320826,-8.683470652617421,7.417840638073008,0.26647959712382807,-2.6010745957891457,1.9009566569516834,0.8758571079980876,0.9819161052279612,-1.781830773048347,53.185584530389,50.69546577913048,60.32270935809879,67.01788036361458,46.136151521766315,40.05524039588508,22.972223761610987,17.588666253267164,27.86874918833362,12.668350099555333,10.250726598580025,8.753095681787858,11.263525718170042,5.601851894375047,9.146329360589917,6.298858504741004,7.486794188739827,7.88979716539865,5.559368245584131,5.050146773130733,6553.0,259.0,662.0,883.0,935.0,932.0,734.2,545.0,429.0,1003.0,1121.0,774.5,5641.69921875
RBB11_226,RBB_n1_1.WAV,-408.86902589684865,14.23133179541602,-197.41476971803294,-21.44560048721853,19.176755566790447,2.7609095792322162,-20.930039959560506,-1.2668296984180718,-0.07091832397493794,-11.006347512788839,-2.6891709729474123,3.4156384429411646,-1.1887362430448987,2.0053101102858895,5.626922950516576,0.6068449411999981,-3.273042385702634,4.328295958005506,-2.1604804757740608,-0.11454646260331314,54.91315461387508,50.074991531449506,57.23372205071965,68.3368203932796,42.944065674347634,39.030936672743834,26.156728908629223,14.66681851627285,28.665282615392055,16.644988620747377,11.534197424837926,12.846525707752807,10.881454499639595,10.628910827913305,6.0538046069742215,6.637927224788317,9.546694100276103,10.962641747878056,6.0707680804249655,6.3072929752982,6399.0,469.0,676.0,864.0,946.0,956.0,782.2,418.0,369.0,975.0,1084.0,711.5,5641.69921875
RBB11_227,RBB_n1_1.WAV,-434.88438305277106,6.208548967201948,-209.35777022772612,-34.55691684354466,38.3453307006462,-1.113513568541429,-6.250687383263882,12.637671206807308,-1.9561664630764788,-13.368750915135344,2.8629456089273844,1.6209640381677441,-2.9453044778552195,3.8666859264513365,5.085103211950441,-1.0454556074673909,-1.9132464851050086,2.387782739990798,-3.575422045709489,-0.3490502632663006,53.66858461672901,69.20139774421308,56.25763343232175,63.90536324578424,47.36386451674589,40.42102556817342,34.55268166815641,15.934616524172876,31.096702868820486,15.268463761650061,11.683129194368693,13.941239652083352,10.9827028509409,7.614304150146658,8.891505538206042,7.160833421002001,7.56429582507368,6.558090597650299,4.870639624545483,6.677184842336137,6400.0,358.0,681.0,886.0,940.0,947.0,762.4,488.0,423.0,970.0,1044.0,731.25,5749.365234375
RBB11_229,RBB_n1_1.WAV,-444.79573486081955,15.683962126061324,-216.79141030823462,-31.033390820005312,45.20456636617564,-3.7647227770861384,-6.328027037401445,24.857983770652293,-3.3690471758881886,-4.432379328997331,5.423182075486989,-2.5183997437571928,-6.344098690846874,4.557212376152896,1.0576407637485492,-0.42260529570612526,-2.6500703928403366,1.9936373625664126,-0.7042826908221065,-1.7594882253805169,46.23193204134094,59.844571407497675,54.680484855288825,65.81867562821446,43.42077731155927,45.32823593407499,33.7283338728567,21.202664881274067,27.52306260835152,13.967317617492176,14.157728006883946,16.31556844514191,13.899848060462842,6.178884267108139,7.442127992453165,9.710284410458693,6.083206216569778,6.381587900638943,5.780913472470903,4.773336038558602,6533.0,403.0,724.0,911.0,944.0,954.0,787.2,457.0,387.0,971.0,1104.0,729.75,5620.166015625
RBB11_232,RBB_n1_1.WAV,-472.1726051591287,9.909081480158754,-216.60334612359114,-39.53769414660124,69.1208640435969,5.819642508346895,5.496275107998057,7.105337746038739,3.3913276315993035,-15.40364326681803,8.54820686788244,-3.0861454168697042,1.0798473500162655,-1.6186683842364675,0.5095430397957746,-1.030747336631035,-2.1170279261426903,1.156200405073699,1.412315902411539,-3.4304338856826075,49.32803055979865,51.153602783697096,55.255280349706524,66.44366321240004,42.371849431693896,42.69368169360504,32.2086929516424,21.468034847362226,24.63430317673832,12.40734775662463,12.376688679375572,13.090256297852335,10.959808011190761,13.324355308755747,8.901655924426334,5.508025567879436,4.644108163840141,6.21696225587831,4.879137336535722,5.0168051045875,6443.0,275.0,679.0,869.0,948.0,951.0,744.4,447.0,374.0,1087.0,1172.0,770.0,5598.6328125
RBB11_233,RBB_n1_1.WAV,-458.4473577928372,7.102818918513947,-224.4742679685168,-41.27161062276126,68.05649421130394,6.631773715143885,5.422961987315505,13.832218739877227,-2.6486893506870115,-9.187379025279116,3.372950368442793,-0.29135035504990425,-4.983223297883187,1.0062892404342483,0.10264248634607649,-0.08226518527086042,0.6620096065425302,1.5396158469954593,-0.10276609922772106,-2.528811613107734,41.85536217791778,53.84068220759006,54.64473310348429,75.63320778122711,47.46348766273023,41.207219997584275,27.599391318299283,22.810936213789752,20.605152549411603,14.491854991292175,16.16111654733747,11.855531730950483,10.16242162684336,8.321122522280405,6.225526689837284,8.20715239183124,5.464918892265514,5.675380964626788,5.447914643676835,4.887637642649325,6435.0,497.0,730.0,929.0,963.0,979.0,819.6,373.0,390.0,985.0,1022.0,692.5,5684.765625
RBB11_234,RBB_n1_1.WAV,-423.54599309932973,-31.363831979147875,-216.04072762033329,-19.078243835126568,41.375707674719536,20.68546937022155,4.3240431065945595,5.183174467052777,0.7356578451210065,-7.862007829557339,1.102434269128747,4.130613673894903,-4.767781416120301,2.3150740023169476,-1.2807031157947937,-2.0857414296429617,-0.08185048596344581,0.6215188649922867,1.3750070001962051,-1.954498377574771,45.44173668829347,56.009062964093246,57.79567146795624,67.14666876221403,40.08536588427076,36.36225402364754,25.88260977776635,14.987818846864432,24.34314232903613,13.16337379442151,13.707311842760726,6.968329271536179,7.718067514012664,10.601750391955866,7.927471373147931,4.906178377606461,7.45329564845156,7.5482397020067244,5.647829346297071,4.402814259048791,6574.0,483.0,732.0,917.0,977.0,973.0,816.4,405.0,391.0,1019.0,1109.0,731.0,5577.099609375
RBB11_235,RBB_n1_1.WAV,-428.5272008524411,-15.361077132567031,-225.3190872685933,-16.284538978061082,34.61470003838827,16.261813830120815,6.9986857292029505,8.264081698729012,6.832910225859745,-9.149073965281083,-1.196845531534127,1.8282283204193817,-4.811204402698703,-1.1821441340511563,2.7218895014585183,-0.9242438803866063,-0.5650588639486188,0.7702382823170497,1.2265408795017967,-1.257355793067434,46.40663568991278,47.321359955776614,55.29184359635337,64.64232306669815,45.860448736907486,38.265053945235245,24.63114888605857,16.493930775339262,29.236874730475225,15.754918349048683,14.443638269002248,9.965478030656735,9.93976278222729,9.035502451326028,5.987476194701189,6.151538044637899,4.966448302191805,9.032190800654098,3.928016286916,5.381280494289104,6552.0,461.0,731.0,923.0,973.0,987.0,815.0,386.0,404.0,1021.0,1076.0,721.75,5641.69921875
RBB11_236,RBB_n1_1.WAV,-446.68135187900225,4.508688765900648,-222.1173161874642,-33.70729674641873,53.93061948062176,7.199430797672162,1.0385865253797404,18.969783217660716,2.2777494741911384,-12.798686772248471,7.416079217975769,-3.017051616022678,-10.83055450277904,8.001860883354409,0.44245596313577756,-3.226184180454891,1.8688328566644157,4.958700222149052,-6.615774933164663,1.0662914085158923,52.581116934368254,47.88668060224159,55.55811346812449,63.14778088140235,48.37100561909073,40.41835844394698,25.12227579329319,18.1010430930943,20.058669662435385,10.451068114551369,14.934181534132685,10.018493837123337,8.128874372959173,8.251932780718887,5.6494680336225125,9.475456660876972,5.274984255482655,7.525666180447845,5.386347745431635,6.218826725896176,6364.0,328.0,709.0,917.0,959.0,956.0,773.8,436.0,344.0,987.0,1092.0,714.75,5641.69921875
RBB11_237,RBB_n1_1.WAV,-428.5611006797388,-9.7162459194664,-226.7879704154344,-23.240984239857656,43.88199372137945,3.971454029549499,9.42200434945862,12.887912924900366,3.353085019871084,-8.743516612356762,5.388779532726357,-4.185537335689937,-4.090637986756618,0.9043443135127898,1.1498042596078473,-2.1649509900201696,1.0627891894444461,2.4230786667546154,-1.4702993369127482,-1.3444359546906084,54.384672195519734,45.03659744436517,51.186455364867165,63.093125817359294,42.343527005255815,41.859996634270445,32.28836177905413,17.285038994778407,17.334817105059507,10.492120020532509,13.189176293814747,14.977602266716614,9.262563454557553,8.654819080285188,7.197781366268771,8.98453408160821,3.5578288493609223,5.070751283391479,4.1613808813292925,4.389988317030713,6584.0,472.0,765.0,964.0,981.0,990.0,834.4,371.0,384.0,982.0,1087.0,706.0,5577.099609375
RBB11_238,RBB_n1_1.WAV,-383.1322051268493,-32.71859963319549,-210.80108288330155,-22.397117032033666,19.896827774408344,-2.0397824143733527,7.370149532201403,8.3423241757483,6.888346626025356,-0.2756788974401422,5.17160882931802,3.255580872141629,-5.692874233779982,0.6505061380162832,-1.4788502000091812,-1.9660633594694052,1.1722895226749104,-2.45218903826979,0.44629278197152933,0.42823775367163475,59.24909687974568,48.71427262182012,56.40967678123578,66.88610510817466,47.58110356249123,39.64105104430849,23.649436072956558,14.801214593907147,21.00855803797271,9.96857396662275,11.250929185565969,10.132208832659009,7.405764447422181,8.326770575226409,5.512476291565734,6.473676688153227,7.714418409634793,5.7980826844298425,5.909159961459626,4.1833817805665845,6542.0,566.0,686.0,914.0,997.0,988.0,830.2,425.0,365.0,959.0,1065.0,703.5,5749.365234375
RBB11_239,RBB_n1_1.WAV,-411.12284718697396,-19.78191840676499,-211.3769866856379,-31.976111981079924,36.42999503409633,8.182589409477757,-1.725593078671998,13.220504783207662,0.4468219017305576,-4.1250202389923585,5.433178712702899,7.653320625598065,-7.574845703157482,2.778488551417959,-1.9061731329702518,-3.8303503071414884,0.5006664735965737,0.22100195338938122,-0.7537356645981802,-2.313721281074562,48.23559702808178,52.47960173059796,60.150087854746545,63.005619013063445,45.57269816862272,39.86603097521747,22.204979935831982,15.093839248565335,22.1571973075564,16.53676898354759,11.870720082701538,10.64059163200028,11.032173078137117,9.262569781196513,9.56945145344557,8.773633271587098,5.312482180914607,5.345162101943747,4.656844174792585,4.522035746250356,6467.0,463.0,731.0,927.0,972.0,993.0,817.2,364.0,360.0,984.0,1096.0,701.0,5663.232421875
RBB11_240,RBB_n1_1.WAV,-391.499620983678,-13.587991781826378,-201.30425733551766,-45.197988808614326,38.74351398217098,-5.835400467792613,-7.558968038160166,17.368477863695055,-5.054912346281708,1.4317883158347917,4.750073222110312,9.202515086466839,-5.359055543292059,2.0565446153791735,2.3550440692161705,-7.278783644375908,4.800524825906886,-2.308100339102192,3.39674775701387,-2.8927126766706452,50.63500354408626,49.750636163731606,52.74510421783264,60.54940702512281,50.20267937514432,38.934379361785005,22.161282475943533,21.322574575449043,14.663494958831496,11.899093118480483,10.287459132995432,13.874348228515407,14.246339247885771,8.261223735592072,7.8914326960496135,6.946152988094238,5.501721208350879,5.521766338978936,3.7695851114983854,5.35643617135758,6506.0,495.0,744.0,940.0,984.0,952.0,823.0,382.0,329.0,992.0,1115.0,704.5,5749.365234375
LPL31_18,LPL_3.WAV,-419.7791305739655,64.40816915849864,-163.56674477766367,-54.71535720897428,40.57883110874965,-4.793293929719069,-10.084025645854243,-1.601934292767749,-6.747913532141327,-4.5761106807455745,-4.7189617414477,-8.716648694365857,0.4202464298290859,-0.26402418036824055,-4.583236632202698,7.179952087699667,3.020613723876598,-1.0978995859611587,1.5037007432098604,3.9685031544135403,50.78817124163602,41.58244116440874,56.04785364283584,50.99892427355447,46.68451474061138,41.94328846717434,25.275879261203418,26.49219763075109,14.580906526219977,18.439208616618142,9.371358481385204,12.222781623500852,13.642098881905051,8.230515403990525,9.133270008141299,6.7926465884422065,6.850988789679005,5.379268345502667,6.218724898402442,6.58911431567681,6299.0,109.0,632.0,808.0,974.0,981.0,700.8,491.0,355.0,1114.0,1198.0,789.5,5857.03125
LPL31_26,LPL_3.WAV,-397.4405214870859,34.143509743067106,-170.09956223406147,-44.4713293628958,35.67562290611887,11.440892942898902,-5.466389931318684,3.7910693298921263,1.5470515492234924,9.961947732636215,-6.23273057409612,3.6239093143622436,-3.1122524971864065,-5.804483315390961,7.620850010619084,-5.319226481981422,5.4553192379420805,-3.822106900198076,1.7210682494304592,-1.3816098232163705,58.43250277918618,46.78299901938364,55.3762983860737,70.0929926580682,37.49537459570963,37.76920510036688,20.382869927353784,20.850375795972088,18.353468312947776,14.901159406155513,15.06033146612001,14.456716768113646,9.990827526112179,7.538839727107868,10.65071357499398,6.936025207985898,9.211303856317986,4.807747147157845,4.410594083640884,6.054815708539561,6109.0,138.0,574.0,859.0,1032.0,1005.0,721.6,504.0,304.0,943.0,1078.0,707.25,5900.09765625
LPL31_28,LPL_3.WAV,-428.9676894663209,32.187265013227794,-194.3495764171041,-40.590355139007066,37.17973704261483,0.12079317031812511,4.34504899764293,-2.7989246923315148,-3.7126631611791288,0.48840162569379864,-6.3851339052247225,1.1695667183397078,5.994212798483118,-4.2097599354555,4.542149689064905,4.036868198579504,1.175715327508917,-3.280417642705307,1.9282727952444756,4.107260036765676,58.23663170650041,44.38745896416714,53.03369660868751,61.551071089930595,42.24385123584008,36.245493978341095,26.39434206585098,23.10700025146039,16.373494441904977,15.972952149943989,9.966436004479055,10.176396738242442,11.950457219718986,6.79225531379304,9.246761267121608,5.11094970740524,9.205599031079585,4.636407737375639,4.600206787869801,6.604065041815384,6279.0,126.0,625.0,880.0,1000.0,1018.0,729.8,480.0,317.0,995.0,1177.0,742.25,5878.564453125
LPL31_30,LPL_3.WAV,-433.86082966519206,20.063974771046535,-190.45620519286217,-51.63808076897276,32.23451593171491,21.848121520488252,1.8318900078052056,7.243869746447908,8.577602435054814,-2.834930954487234,0.5951496153062757,-0.19769680447664584,-2.258078898704105,-5.0782736643532145,0.7402559038809613,3.511624716259677,-1.807421225985036,-2.683340407230758,2.593876922162983,0.07362085261306496,50.518198829290114,50.43508877221183,58.07076136837332,66.04627282479306,41.20446035808113,39.00591764257405,24.833337464086505,21.163570725444465,13.031242791245829,21.11255183137184,11.299015607270835,10.045037017348134,7.2136362535455865,7.288400171884246,7.993463232735883,6.944485577579317,8.143269404163231,11.776786267085978,5.735890680568728,6.766683616365954,6243.0,196.0,594.0,869.0,992.0,978.0,725.8,495.0,362.0,952.0,1165.0,743.5,5878.564453125
LPL31_33,LPL_3.WAV,-409.3695052926302,-10.122455449972184,-187.68427867272752,-46.01787615854326,24.19809241973675,35.95944761587625,-6.060195087400074,7.112101712781648,11.988593196115115,-2.6064244770869722,-1.8486928953953499,-3.2599646289065407,3.213078707314872,-8.50461582006417,2.6569596269822773,3.9109111263649208,-1.2111208221164158,-1.8313641740691504,-0.3818539398413556,2.852763756745395,54.10840795555225,39.073938005317274,53.48523806412214,59.49329083399246,40.82855299870804,34.90472424371111,29.832888095455964,27.863359746466156,16.975307902296212,20.331057286300858,12.34889696368103,8.631680734422156,7.130485317957916,7.087782808544307,10.008537040781354,7.7201146009846875,7.831571103728594,5.191412911375778,4.624041040932871,4.828507551437778,5982.0,122.0,574.0,833.0,977.0,1019.0,705.0,525.0,305.0,747.0,1164.0,685.25,5857.03125
LPL31_34,LPL_3.WAV,-406.00494771000024,35.43516938678757,-169.30650890945455,-47.50542287509903,48.257154287304076,17.16293914315891,-9.436325484300843,-4.613516594663749,11.900114060528592,-7.130592377671823,-0.8048674552842136,0.30228284730967203,2.928757776462363,-2.3696320330144536,-1.4608299764825619,5.193716580397711,-5.446622639094652,0.6389714606841379,0.8021778237661052,1.658614666930958,62.6285888982793,61.369028974168515,53.46989085925525,57.43731130510858,41.19303641643172,39.304792624389236,27.747012811061136,26.52379660663525,22.367424579696205,18.00832342338614,14.947261925612908,11.493053526987703,9.77281734011703,6.427423483698587,12.350985047589136,5.803091308772917,11.298565590632704,9.771730696681036,7.351192940252276,5.625633461413121,6378.0,407.0,677.0,904.0,985.0,1044.0,803.4,382.0,305.0,970.0,1081.0,684.5,5512.5
LPL31_41,LPL_3.WAV,-481.5723523551876,59.283352820311684,-185.31297591033217,-76.69105548850102,68.53737413085169,16.86979934079401,-26.091895827806535,2.776476081382196,1.2326294942939506,-10.174684315382539,-2.7550241049816777,5.995330107406442,-1.1858278370970883,-3.130185448582357,4.427899540028053,2.8290076477867676,-1.5728223374981238,-5.4706723350410575,3.9033705275655373,1.1839511789255637,52.01803136058826,53.395321424837014,51.21953481485467,60.542777731092194,46.22882678244309,40.07941390245445,32.94141407535137,25.885018671310423,25.500344280833847,12.27376774388843,18.05250034897485,7.390310383184959,6.412663953645758,6.897895576094735,6.671869994172644,5.350740225844547,6.116418493383309,5.4828616312646545,5.335241772680941,5.451190827647214,6373.0,331.0,617.0,839.0,973.0,997.0,751.4,457.0,319.0,996.0,1136.0,727.0,5426.3671875
LPL31_44,LPL_3.WAV,-438.07632272898627,23.223796263030785,-199.1741219276328,-27.289472269877496,33.249789043772815,12.746182571485475,-7.963849250738874,-13.305973815503311,10.32672664967322,-5.474223496718145,-6.3080420985525745,9.43473670670437,5.334513161757976,-4.631933575919925,3.4440416633393047,4.822675750000152,-3.9594484441504134,-0.29845609217864544,1.4704012383654963,0.3589233198694582,65.05129373423976,47.161118515279234,52.80014066275358,68.49988814764224,48.8995491839544,37.504685113005465,27.103407102783546,20.00986521108838,20.2567436770338,9.608903189853216,10.500728838270264,8.113225176290117,13.438179707655731,8.058781446642618,9.19179781273988,9.295095287543118,4.344134456937972,5.104735897312975,4.456251613688476,5.704720280704406,6364.0,168.0,622.0,836.0,992.0,1005.0,724.6,467.0,293.0,1006.0,1157.0,730.75,5641.69921875
LPL31_48,LPL_3.WAV,-415.4402842934464,10.213605034221164,-179.6998501180131,-27.232775985539014,24.233986183727932,27.05506133523411,-18.769388964238853,0.6125569301005153,-10.298863298652877,1.9077302461247843,-4.999676747096804,-0.11706666237504068,8.585708069992316,-5.93946128150763,2.473589841174953,-1.4641999595855282,-0.42806465775340036,-2.4103933231102546,-2.4229575305533255,4.836880210850673,70.84890444221892,56.90246307140518,51.46751686622892,66.0842369013183,49.71786611485639,35.86788946323453,30.248143366013093,25.395958110724965,16.98806149209351,13.33775351046182,11.600566962471456,11.210518839928714,8.960355072041851,8.136752903576003,14.47975505746495,7.371750666093787,8.03025906075416,7.452190829711394,4.7631753520598945,5.825647565965394,6141.0,105.0,595.0,804.0,991.0,1015.0,702.0,449.0,305.0,923.0,1053.0,682.5,5900.09765625
LPL31_67,LPL_3.WAV,-392.8875838600221,27.115677192263668,-169.78480993304623,-26.840147082164545,28.046617109886515,22.090950597782406,-15.992286876307961,-0.5898563341541395,-1.5015463186860554,0.576357175265934,-8.122166449793287,14.093955235046684,-1.6565403753326817,6.261839916895178,0.4964263847172902,2.67430835498088,-0.06696185110706776,-6.3937306715874405,2.8892086455033175,-1.5374740412920591,66.41871422863103,40.37118125060033,49.776788375681036,60.058492862976486,41.510773397898824,35.705197725361465,30.407864692114952,20.835291092773357,17.667770615470047,24.907537631247262,16.39608884248634,11.048291889008711,9.371710075619674,8.23251435473962,10.233430242472133,6.019669158907613,10.158250448021734,4.9594837275318815,6.214335233309571,8.240011106662653,6164.0,206.0,613.0,856.0,990.0,1018.0,736.6,447.0,282.0,867.0,1078.0,668.5,5663.232421875
LPL31_69,LPL_3.WAV,-413.85500775312397,43.12111866548355,-191.40618594691733,-44.895592103583795,36.6793376299564,2.4181321177792934,-7.881712809825639,3.299134184977682,1.4304719144772413,3.584410006427507,-8.070847754169145,8.225345016254883,-1.005338360599613,-2.897124299288928,0.9569711605043789,4.297886430335603,-0.10403867051148759,-0.2381239569505598,-1.0578977143410244,0.9292862733030951,66.09014766782626,44.590342684615486,53.396107226171885,56.25128804078604,44.698971974833206,41.23483981244238,33.88934443006771,23.00877974548688,15.284075452596229,15.362025295486657,10.22531137668486,9.552613535503005,11.154842602764285,5.574698921923373,9.808592047298433,4.583378269609019,7.745542347166683,5.319104294458272,6.15701916003876,7.6616488064048465,6363.0,467.0,665.0,903.0,994.0,1038.0,813.4,349.0,284.0,922.0,1089.0,661.0,5684.765625
LPL31_71,LPL_3.WAV,-408.70333011748806,26.08330486235772,-180.8828888700103,-33.17536717101719,33.22418874025264,14.50708777471399,-14.735098256373078,8.26939040330911,-7.976370947524049,1.1206079689572992,-7.772124343077972,5.702080462980122,4.60720351218854,-5.644486406615298,8.79304701759648,-4.97894272857599,4.932314601479745,-3.7823257789833624,-0.3196819845710264,3.267068960380305,79.46821875861099,48.63636146600882,54.48542784744193,53.35835622554203,50.52865984427235,37.539566446571065,35.87611602112467,22.156518171453992,16.54817754256628,14.418125170889414,10.686059246798935,10.513186099237169,11.295675024363522,6.181255677710407,8.457561416435016,6.17422983657259,7.285136361476828,6.8749672839315,6.100623229216941,6.200566528848129,6383.0,317.0,646.0,886.0,1006.0,996.0,770.2,411.0,289.0,1029.0,1105.0,708.5,5706.298828125
LPL31_72,LPL_3.WAV,-386.56592810946773,29.780268488063637,-182.63368422235177,-23.71208935255618,36.49847680001338,23.386078318351657,-6.061741577161275,6.039809820176401,1.6059003327656214,-1.1841304228800444,-7.116420531091764,2.2585743797305304,2.9294308898078842,-7.671484705100754,3.5578420001190865,3.5707081317626157,-3.31821125434017,3.712990097882209,-1.4121683650244434,-0.9136768466716637,63.35295470562178,45.58579863754588,48.86120705613457,50.432758664855534,51.272709100654716,37.83261359889608,35.699775022133934,31.65425521686978,22.889440318120837,13.593241564590606,10.72330670491918,8.000875661284523,7.686719908384677,8.130003079006787,5.379972306688595,7.3041328450450465,13.29963162490521,12.15467861774722,6.994456407386449,5.240009950584228,6098.0,368.0,645.0,809.0,1015.0,1051.0,777.6,400.0,328.0,835.0,990.0,638.25,5878.564453125
LPL31_73,LPL_3.WAV,-386.4914665688489,30.810639420818916,-167.78326199772815,-44.23989121668798,37.8433491779205,11.749561672817082,-5.1148110644397855,4.861792729533366,-7.032642740686525,15.617838686851444,-15.977351117406966,11.236095611261153,-1.370438086033692,5.791618442341777,4.702606164744187,1.9939259966752652,6.049300533037786,-1.0733785321437246,-2.739476755875119,2.36151684294794,79.17442673893063,53.48537237670363,54.122462120851125,53.984518648109635,40.95785651388467,37.50389438085069,27.77879594438987,27.65071604440265,15.642976804118568,23.39586305787992,13.958600933652335,9.557065461213199,9.731534937785334,10.269956231077456,10.709013530618599,5.693291368790435,9.746949979353348,5.574784607246631,6.845148542931008,7.890172256100143,6178.0,397.0,661.0,843.0,992.0,1022.0,783.0,365.0,280.0,907.0,1061.0,653.25,5577.099609375
LPL31_74,LPL_3.WAV,-414.36588150872655,28.62559249852905,-169.0568226570073,-54.08562054418319,19.02893431996238,10.503066646468477,-1.8232443014180342,5.275766253990328,4.085782444690522,5.080752285658826,0.3666739200832791,0.9226005979973889,0.6871506255818162,-2.5841762969140585,2.0477010749349556,1.733869732906127,2.167023013325784,-3.538352846864149,-0.8096044536372136,1.926829480115881,73.25874695287251,40.617230346792205,72.15067500432808,63.000843680070204,50.84079428339592,41.412902975933754,29.15460511130631,18.976218850867056,14.130902288883664,20.83761129854488,9.980062017908688,14.341750713502636,11.620658535487962,8.8533584537329,8.80700013199048,5.573885758454881,8.92565739450756,4.7747777242374445,6.250859536134313,7.183679740315013,6246.0,149.0,510.0,828.0,1016.0,986.0,697.8,549.0,377.0,938.0,1278.0,785.5,5857.03125
LPL31_85,LPL_3.WAV,-400.3764103952471,55.8099661434614,-166.96578942246109,-63.78019726164083,24.07304972762654,1.6656122474874826,-12.236122453968424,6.1035638329350554,-0.09898220511739184,10.557948953719894,-2.3363928074708125,3.712584347864848,3.2608510727962967,-6.8955857969348635,0.9068594298227779,1.1837860926531718,-3.919986387519898,-1.3813153741294337,-3.2296058019300236,0.7154409326569301,59.84775764631433,35.67779403356322,55.81130209075041,51.63051643907617,47.19525634774774,41.277541535133906,29.724193935654505,18.67196622234834,16.71275567950568,17.20136929054383,11.073456835847622,10.403880129326584,10.710437671423714,6.485726066253967,5.665157736621483,6.312795113825679,5.933072096341873,5.866255362260899,4.984024409541448,5.240414981215328,6403.0,172.0,646.0,898.0,973.0,961.0,730.0,510.0,414.0,1109.0,1199.0,808.0,5770.8984375
LPL31_97,LPL_3.WAV,-379.58431200158867,33.00587139743039,-174.78359154979827,-45.53963784192934,45.00256634810443,7.129481224764695,-15.177652600919087,-5.056681183353436,7.484584613416158,2.267429511299642,-9.71068697083045,2.7939110231991178,0.7481553314970906,-5.457954235355275,2.6518370306177643,-0.8528515765279514,1.0501878071210784,-1.9285098070582654,0.9105471408288995,-0.5794754388842613,61.536755054886136,56.376868501880644,55.993405652916344,62.73067487243111,39.60056626908841,36.1507226931682,28.26204380332053,17.014680960416538,18.455841373182114,22.12636133762333,16.372551660573386,11.606550935049956,10.154646532336235,7.675267355400493,8.061311536659755,5.710411404829262,9.35028109239777,6.574120496723569,4.99345420735763,6.349401270882503,6571.0,479.0,713.0,946.0,1039.0,986.0,832.6,336.0,280.0,1019.0,1220.0,713.75,5620.166015625
LPL31_100,LPL_3.WAV,-347.5378443837716,16.52988620589193,-176.33661670264678,-12.194782257635113,24.31019022905229,23.855377134115965,-14.569253052147856,-5.207694031087015,5.8648943940891085,-3.5309693325985974,-2.8605259613034346,-5.381519254085469,-1.7662094098564298,-2.0973912707565967,-1.761651522545748,5.434877743752361,-1.2059168736276789,3.553603418042034,-1.5563830941726138,-0.8509810230368732,83.2900461130971,42.51470794040588,55.65782543335688,56.67219337390323,46.1742971085556,38.883445007066655,26.95451863817588,25.60558576317708,16.2084213481039,15.88143935404683,9.628751304841924,13.35521856621492,7.457183135238051,7.552012143607814,10.223215606513856,5.917344263897899,6.1096364740593065,5.4040430705816425,6.026247151092551,4.727637813686527,6349.0,483.0,710.0,907.0,1023.0,1040.0,832.6,316.0,281.0,944.0,1118.0,664.75,5598.6328125
LPL31_102,LPL_3.WAV,-386.95142136418957,31.97864581943158,-181.31172679562584,-40.635237191882425,40.86345499641499,16.702397933889362,-15.598117828126865,1.0166742598065996,3.5517461846108236,-0.792363237284097,-7.847395218698202,-2.622414262647581,4.51859318444957,-7.4749394867619,5.502585304002719,4.382082378045579,1.6283721659467136,-2.9732910102437162,-1.1907181505890903,1.9939219952393477,61.26372399501057,47.02695695536975,54.704187079792916,53.620619648347905,46.47287634167967,35.70229957546116,29.026848486863653,32.85202445869512,18.58625804380259,13.403208197797083,12.230313330628453,9.27646208435547,8.81262831415351,7.387106622358193,7.735756267214594,7.953202996355038,9.63997289810405,5.704642072308566,5.039131857372343,5.794713337951875,6234.0,311.0,672.0,885.0,1028.0,1059.0,791.0,376.0,283.0,924.0,1072.0,663.75,5684.765625
LPL31_104,LPL_3.WAV,-355.7526149457355,28.992571890246875,-167.56367659691372,-27.148353410075345,33.052030326376965,19.080967429679788,-21.64230242196431,7.740778532065565,-5.695903133494754,3.3139934918074525,4.160416989866723,-7.119121510053937,7.7921029815381235,-3.1276382998509726,-3.898338905456466,4.852503200663704,-5.045651237061761,-1.3309934843507798,0.6463283723231632,-2.647504734745506,69.87289020960674,43.48343812278427,57.22083135751994,56.40000190988506,43.68169635840964,36.4102752443025,27.148541087918513,21.319307797128282,16.722650755403546,27.87709997956832,11.353022196480795,14.336969553596147,11.22585505771598,5.864746726035668,8.599529542339141,6.456719702748018,10.976979114640812,5.858023886907818,4.859485195303123,3.649992325693302,6265.0,383.0,664.0,866.0,1054.0,1045.0,802.4,330.0,312.0,943.0,1074.0,664.75,5620.166015625
LPL31_106,LPL_3.WAV,-367.8569859116591,47.781205273830075,-163.75065808493648,-44.794434207923736,35.60497514893755,5.47235598682838,-30.173118141941977,-2.2327546828198557,1.2428034858530599,-2.561009525130254,-1.6487505873338737,-0.9066113571741126,5.488146616262492,-6.251274021121495,2.6900709861294785,3.8609852880960713,-0.8016759434086402,-0.6372978596316324,-0.3490967992589607,3.6219891526729278,60.19262107921073,35.914289445713415,59.04463844881599,56.21407670384265,43.703115956638804,40.07975369456025,27.645452944633842,22.161373757589544,19.649961977788077,18.728888622062577,15.137233912113304,12.728785340380611,11.727308104980734,9.97420472115085,9.155030152179814,6.397195827062345,7.710454444128653,6.5970024913757985,5.583567737300381,6.168738826636202,6263.0,385.0,687.0,898.0,1042.0,985.0,799.4,376.0,231.0,955.0,1120.0,670.5,5620.166015625
LPL31_108,LPL_3.WAV,-393.59134691677116,24.46566627025745,-176.22122522826933,-42.26331716798977,35.76537724649338,16.25881395823175,-9.34906816010325,-2.8048297565423153,2.8677240988922694,3.1136611697699332,-5.039248054362378,-0.1674303571501297,5.75696548610312,-3.6382827731266207,0.8172635975077285,5.714828925533556,0.7650691559986732,-3.7227133576354894,-0.7738567549289249,0.9116337250275102,62.94796808239787,44.29226926131455,61.36638166409257,66.37164924373556,45.30832522332852,37.19552157334501,29.367869064161816,21.668265383458646,14.75038821246146,19.178327935030477,8.23432236643836,12.355799477011299,12.855231052592275,7.14810953103173,9.33500851517638,6.148028873792923,5.612089422391273,6.308747471697293,4.134014460270467,6.034962736912127,6400.0,303.0,675.0,893.0,1032.0,1009.0,782.4,400.0,296.0,967.0,1188.0,712.75,5641.69921875
LPL31_111,LPL_3.WAV,-390.0255523647064,31.60329543502138,-192.24182906592827,-25.50826272499851,45.56180519081244,19.234499054341534,-0.5829341605145267,-7.090721627832901,10.606691565171259,-2.3702835537345206,-9.002486672128551,6.006751283182381,4.60034860115929,-5.162964338152153,-0.05502531713984735,3.973502966413792,-2.410488540538334,-1.7603973904239427,-1.0410029939684509,1.7226086254625599,64.52199936538243,37.95853097372347,53.90491913807429,56.048993778412076,47.80591457027504,36.28442308334891,27.99419525842057,25.016619402998113,17.019035747059988,14.315894293585798,10.1657987897291,10.18200513208154,11.186871321148155,6.456740307893011,7.804189698703043,7.040673574309093,5.743776145809515,4.757601117373228,4.792684211343864,8.811797580925711,6145.0,345.0,708.0,845.0,994.0,995.0,777.4,378.0,306.0,879.0,1065.0,657.0,5684.765625
LPL31_112,LPL_3.WAV,-372.4367567098487,21.064785587748275,-173.63582098794146,-22.887753581639963,37.25805843022867,28.499614501076525,-10.539288051185638,-7.3338554392722495,9.185190792432937,-5.858269218887415,-1.2409410173681923,-3.4493695365695953,4.714796907692241,-0.443214799586142,-2.1130022085447955,2.3903107506030303,-0.07262966754415963,-0.4600631570657985,-1.4631859226522104,2.0730175520915397,68.91960831067436,52.04299049436394,58.603752610922804,61.71915306919139,46.49240471024473,37.87068556192595,27.245960453512634,27.639001267054628,15.592208539468036,18.12810487045989,13.193709769860995,11.646472976478778,12.364080382830833,6.244404042039963,9.215728312143519,6.898449652871947,9.917084902216002,6.737205671779771,6.013179984928518,7.133900881185372,6328.0,464.0,706.0,857.0,1025.0,974.0,805.2,362.0,313.0,936.0,1098.0,677.25,5620.166015625
LPL31_114,LPL_3.WAV,-354.615591444413,18.12820118569837,-155.59087406465846,-25.812671148381177,28.35641579722704,16.901044717528055,-10.20768147137994,-20.140183566752054,2.243555893377622,1.8874228522101875,-6.509412893754319,-0.650762589934511,9.513131798940549,2.1010309370708846,1.2845606919724388,2.384822356380985,-0.623410514856785,0.7679512312290796,-4.695824538173537,0.6208480333762789,91.6582713951279,60.838625908991304,58.544848362710866,60.25117417036295,43.1466560057289,30.735427711419604,23.681926415062904,22.550531489013782,17.39887363498989,21.389928229789465,15.947952852032817,13.773939406822153,10.236043754217613,6.998255892932869,13.332804684573208,6.5284602084742165,6.534545140963555,7.579896309410373,8.125069507991066,10.228353496837801,6485.0,366.0,669.0,802.0,1023.0,1033.0,778.6,415.0,240.0,1148.0,1152.0,738.75,5577.099609375
LPL31_119,LPL_3.WAV,-399.8046012608018,23.223973161117613,-189.33313281981506,-29.447630156441452,57.37446153443807,13.011436788216319,-17.324257034404447,-3.24789231217067,-2.526301867766447,-8.364829025081411,-2.8807459565804554,4.841517947381599,3.561458039926265,0.07635760126618714,-1.2424939776345691,4.361360018171507,-2.9979525823734945,-2.5067281609577066,2.8286964181548315,1.8159653014229862,71.36404673351998,38.04063611378577,54.06781135315831,54.25097096965885,51.45702177768124,38.81346847182138,27.459659537713836,24.79899805541752,19.793792718154872,10.764934150605127,15.003323422304014,8.173620892272151,9.44767054117779,6.619115393670759,7.844331204806554,8.754606324121868,3.9645839086026413,4.6692154924620795,4.08458594854118,6.906728201530511,6300.0,385.0,679.0,935.0,1038.0,1050.0,817.4,369.0,262.0,908.0,1036.0,643.75,5706.298828125
LPL31_121,LPL_3.WAV,-403.008615471358,47.43207166323276,-180.79429236586682,-31.775375793252422,56.70335081407234,2.76871269043008,-20.42068425101617,-3.9495751189266395,-7.836071682663091,-4.343026896735197,-2.3911544423999245,0.975557209297005,6.347516465330806,-5.395390165756794,4.569403344264062,3.676436228857736,-3.8567054607446702,1.1450049490029477,0.7413113914354907,1.0730813705864009,71.57678374580505,52.23845061707204,55.22509957936245,54.92784214629152,50.22058998586875,39.555551001301495,30.614222969425562,25.678761273558933,24.747389274015855,11.953114120729898,15.888485770320795,8.01922203675611,11.150784763546513,9.117580563185149,6.540503600506674,5.702776616023688,7.272712146966197,5.723650225099808,3.369535077239124,7.246900660331876,6374.0,339.0,672.0,943.0,1052.0,1044.0,810.0,387.0,271.0,902.0,1075.0,658.75,5706.298828125
LPL31_124,LPL_3.WAV,-402.04613233666214,23.97691020940443,-184.56981273144635,-26.15220474658799,54.26453985894442,14.29310378022399,-11.133978375830347,0.9240205696595939,-1.0657736517704917,-0.8249228456981754,-8.91232856677202,9.837114198459584,-2.653040734417452,0.31620352069323815,-0.2979521918561328,-0.476339743964386,1.6036554587599245,-6.249966517621977,1.6971085914905761,0.5217855324779421,68.36126087705618,52.13602327506229,56.88078279027424,58.41135879257575,43.807563853409704,39.24438544631829,30.306187765553293,18.691484448091874,15.397371784925868,13.22340169954573,14.095720003580658,12.61021584998044,11.732664951332861,6.7531445785879525,7.560320260368392,5.3169771162872035,9.631996451562472,8.214540901756555,5.217468518198701,5.324246721709879,6313.0,204.0,645.0,902.0,1011.0,1047.0,761.8,584.0,270.0,927.0,1050.0,707.75,5641.69921875
LPL31_126,LPL_3.WAV,-349.2860367658273,6.629444297412082,-162.79756838516346,-30.515627571266524,33.448815222316966,24.971686558468903,-22.335161071696607,-8.592714223651816,3.8587193567138547,0.4731823416441887,-0.02958519670936702,4.159835430191284,5.611708782326029,-1.7995435567122213,-4.28239436907594,3.280238316151821,-2.6117848365366396,0.27087374816667964,-4.289637675481346,0.957629909832706,82.20993340368516,57.453729119984814,51.08709119045058,53.97199056558526,40.63222190596368,32.10568723932291,24.017495613989066,27.739665750046186,14.695494017233878,14.21184582374754,16.46207592680735,11.639053604608707,9.573649070105805,8.832987429353704,10.38136836057388,8.762557089302566,7.461552478662116,6.2487195050745195,7.022990383369842,5.818174748954181,6096.0,337.0,622.0,845.0,1010.0,1022.0,767.2,415.0,280.0,775.0,1113.0,645.75,5577.099609375
LPL31_128,LPL_3.WAV,-396.4618377053284,17.149460044726958,-180.70684998014644,-30.01741445735638,35.075314486722576,29.75194734545038,-14.437052263930923,-8.682681138863579,8.139845542245007,-1.8423317447464067,-5.568073583205407,4.833083793096598,3.5535552129171526,-3.7139546222876594,3.8854200589650216,-0.03366137279932967,-2.8562698884490665,0.390841637216066,-1.137797060967314,2.4846486538767842,78.15789039407947,41.83166006562017,57.78588433975851,58.24530288569869,49.31049158174264,37.99551611775748,28.56986875175891,21.423091572715926,19.86743033410375,19.862816581467882,10.58204870866665,9.710597729228628,11.407819913257597,7.704488017175127,8.540737925406836,8.231309860964688,7.591227824162493,7.92457816326737,7.544851055010747,6.006453450152201,6255.0,289.0,611.0,849.0,1007.0,1053.0,761.8,453.0,302.0,926.0,1079.0,690.0,5598.6328125
LPL31_129,LPL_3.WAV,-417.19982859689384,39.256960550784655,-187.9579133331147,-40.5544657735641,52.84906698477992,15.248263065114198,-17.24535846703146,-6.125070101318392,7.702128031285154,-12.749960575328416,-6.894264701178663,8.618032191168512,1.1150208113119977,-0.5331472195867919,0.0960398395120053,3.361833259720349,-2.9580379041133376,-3.2730289774134667,5.459840876617443,0.2959724739016688,61.386417726838516,54.12003795731924,55.77912805858981,62.49086381316146,45.96598566959658,37.85329379829434,29.14705693988772,20.733060220908634,21.896245483364982,12.580708764199548,14.250491930073721,9.176768599099809,9.543147175755376,7.039862976461912,6.221162527458379,5.830946136006128,7.383947561424818,4.720110408723131,4.201394512898147,5.808896102242583,6229.0,189.0,671.0,906.0,995.0,1044.0,761.0,419.0,266.0,838.0,1071.0,648.5,5684.765625
LPL31_130,LPL_3.WAV,-401.15856094658426,22.634435477546994,-190.1652914257258,-41.01598347072111,42.783643872149945,12.899659572719104,-14.946724715512394,1.5390241452303506,6.328657685136895,-4.283735730699349,-10.970796582979295,4.653579570022737,1.54627917078525,-3.1068463788193985,2.801183051906372,6.448684094000078,-2.049621490385082,-2.453643497475705,-0.1506693184749186,2.094928742418163,66.67162448344227,43.70504433089444,52.56503677494325,61.76265377798099,50.556802581397754,41.58817995651096,36.630870177451975,21.00878601907912,19.991745321292317,9.481873865334176,11.62327334977156,8.945846111359261,9.647412421674293,7.4109498542021965,9.50340476371795,5.448039564894099,8.60820270031511,7.3373799590482625,5.596064626006723,6.802001846796434,6161.0,311.0,684.0,889.0,1007.0,1044.0,787.0,435.0,281.0,829.0,1035.0,645.0,5684.765625
LPL31_131,LPL_3.WAV,-382.02082728502444,44.28745583633026,-175.22743993712734,-33.488836558914265,53.98358773884168,6.965455101355232,-19.93209426972015,8.568090285287171,-3.708711410337636,-5.954321937217771,-5.226799412369658,0.8615940908771597,2.778438592482954,-1.7992353782814827,-4.604720819373866,7.087266833384698,-6.126348667001016,-2.473884729156622,5.80147830102874,-3.269059491386286,71.67064820110299,50.56663368472215,59.1701504750871,57.4629655442144,39.841295787392795,34.561917247912156,27.723879485861698,25.32065428552442,18.632247911472774,12.458226587443955,12.61168037391512,8.900574327776,11.968920678346242,9.370013139861596,8.60783497979525,7.075911486277438,5.623383659853333,7.7313769899970515,7.543963299354997,7.308524632053434,6257.0,261.0,659.0,915.0,932.0,1022.0,757.8,465.0,297.0,858.0,1155.0,693.75,5727.83203125
LPL31_132,LPL_3.WAV,-388.9880368143426,15.31377507163794,-185.62832803493026,-23.93850626047031,30.820747356652173,23.54700480751905,-14.750427659854351,-3.2441517191380607,8.799731512163312,1.8641178578743038,-10.033724755649963,4.778345847467943,2.5259419741622913,-4.890269633628674,6.78287375564333,-1.708494655917761,4.246282851172548,-6.334366409034835,3.197719361203099,0.4994633498760975,72.11516229729104,48.28409000604403,52.90305296708073,59.642073306643056,55.401074285855955,41.25024050437926,29.27824888897323,21.97993243251748,18.889135063588856,12.97973375393715,10.077062767365385,13.682348376900405,12.96970495338271,8.328984164645457,8.86324735675215,5.915564634700223,7.400177997127615,5.394233040954248,7.088229471396967,6.057199694159095,6099.0,271.0,631.0,833.0,994.0,1032.0,752.2,481.0,263.0,831.0,1061.0,659.0,5598.6328125
LPL31_133,LPL_3.WAV,-405.7559024785542,26.702985728249136,-194.39307768245618,-40.01344959041602,51.05683542246181,8.507644009307324,-12.389077477599798,0.33653529544815186,5.7860117444994685,-6.1685405853874204,-5.503102446408573,6.072735500141003,3.025611881671258,-1.9819985014969366,4.3751485345269385,1.1055854684732964,0.17012202662051124,-5.738871526432872,4.723621777804861,-0.3625920311343044,62.4050174189824,40.29044437464589,51.953567656472785,53.355056997301254,52.123282671132216,37.425600584228036,26.457774484212727,30.9741419820406,27.039505543565234,9.16904376386733,10.230105979948638,7.244368682982654,8.877141430157037,7.678942044329533,12.350148776022975,8.514828273694686,5.5187772036333245,5.944939143997536,6.005456166989674,3.645560343653694,6200.0,125.0,650.0,865.0,1031.0,1049.0,744.0,622.0,283.0,856.0,1015.0,694.0,5684.765625
LPL31_135,LPL_3.WAV,-404.581867480253,39.76542758412833,-178.83288601665882,-48.72100738658176,59.14220396241557,23.512772020694044,-31.208207236761396,5.649025335795022,-1.6063011224724382,-4.072155297449167,0.8543251836618976,5.167828459538577,1.7845193004083113,-1.8682341389845685,0.24869762502695866,-0.7363162290520052,4.551826230302423,-3.3223288085741682,-1.2161239161352475,2.821675381566249,70.9280298174685,46.764569089858625,50.964238423081255,48.6994983278504,51.052367248805616,36.24467255394808,30.495988011359028,31.633911046290184,21.785432999585513,16.398188182182945,14.58003434074528,7.783492691485044,8.897247900525903,6.237587605213058,10.281482976090754,6.632851113055446,7.116018728579208,8.32244734346786,5.184146793711559,5.677916483127112,6017.0,303.0,649.0,869.0,1028.0,1037.0,777.2,390.0,271.0,775.0,1026.0,615.5,5641.69921875
LPL31_136,LPL_3.WAV,-404.280493645366,34.556657799063245,-179.36179629698486,-50.427899328769534,50.76575515371203,9.72865759691328,-30.413056426947605,5.9250009191477435,1.9787584922033499,-7.108052061163106,-6.734795924684541,4.2357488025163175,4.974563153056029,-4.732724847892326,2.983448912641109,5.105899110993208,-4.228820499498249,0.21139422732177118,4.203660265891485,-0.14528626287285193,64.66521784742922,46.17357726565169,56.88384762106037,61.52524710404381,53.19204769633567,36.29284500869776,38.90821405005378,20.99773620163269,16.797963424993544,12.006610357906128,9.172453938385745,8.335096898238021,8.02393033941889,6.415354002201957,7.124083777943681,3.1456494761777165,8.464027729570589,6.804681052358144,5.4802127748698,6.86570635885284,6283.0,165.0,695.0,896.0,972.0,1036.0,752.8,513.0,308.0,874.0,1091.0,696.5,5706.298828125
LPL31_137,LPL_3.WAV,-406.0037503360627,33.11053751559235,-184.34098141512771,-47.58751725729462,39.817292099732924,15.589044441167644,-28.42695501712412,1.9717791181097308,13.889350413692501,-9.489376944281045,1.5495007631271718,4.3323712983475575,2.688473168460515,-6.6512410558160955,6.473987378999238,-0.3923408176422683,-2.157473363993582,-0.3519466426599096,-0.4097282593154979,2.8253072030577187,57.73873333349162,55.00853367452162,53.962230978723376,64.76451554864782,45.229971738402135,38.152884393557535,31.349925513927797,28.113373878473677,24.648947920335598,12.755586738736202,13.468710405639166,7.946861107153159,8.884016232322946,6.451976704709935,9.62838745168559,5.064268835779552,8.183584524581208,8.661574751513138,7.654660274722047,4.4573273115536525,6156.0,137.0,673.0,843.0,986.0,1021.0,732.0,624.0,285.0,801.0,1105.0,703.75,5663.232421875
LPL31_140,LPL_3.WAV,-493.7944332252441,57.21977289420607,-188.2150773139323,-90.13047524455766,69.78279261969116,33.9999085124606,-22.95290826672072,1.65131306938917,6.881258131718608,-9.562206416330024,2.0600487161792214,10.030026046177031,0.4578432706041322,-0.3656603266742985,1.9947066471679458,-2.5360781620216,-3.7960914484316453,-1.960316813176692,-0.9946730428809251,2.1194641219331305,48.728767513142316,40.12647498643244,53.12609041989693,60.55609434012375,49.94279326759296,41.467743580543406,28.29260498464366,29.214870638127458,21.617443203755993,22.15662251232384,14.77381347464138,8.842654339068154,15.872112959254085,6.926167684746374,11.219858986670436,6.119745648532981,5.792554451962527,6.835206322858857,3.43893609968334,3.766030192313375,6052.0,192.0,463.0,764.0,966.0,1034.0,683.8,628.0,346.0,792.0,1069.0,708.75,5447.900390625
LPL31_141,LPL_3.WAV,-479.69536260432125,56.31762902602292,-176.759462666635,-85.1925924938906,62.739214296548546,27.29957242357688,-22.838458253334835,4.061020606610843,8.20686466746773,-8.358365839859479,3.194537866082642,9.445211490758384,-1.5452797524462647,-1.3952130600097234,2.550231143691217,-1.9616208142049592,-3.1656218601611577,-0.11442736298709712,0.09777728748654246,-0.14353582506924997,53.68500438098161,42.12531694470701,56.97155898443938,60.93071160342458,52.150098731733024,38.361305508790416,28.07664300176756,27.377859648970812,22.64542792866147,21.467674989559526,13.495488341073386,8.48528631157734,14.24311256591672,5.538712908494859,10.292563366919884,6.0909867617436015,5.277683670873502,6.570732960614736,3.6017100723966706,4.111311880560154,6227.0,155.0,460.0,724.0,975.0,994.0,661.6,629.0,385.0,986.0,1073.0,768.25,5469.43359375
LPL31_142,LPL_3.WAV,-474.3460295899484,55.915361709858324,-184.2828843025338,-82.09999625654707,68.98326494393588,22.65963214102489,-28.64053607279996,5.876946343667192,9.671352491260205,-9.120880234856719,5.0610892639263385,10.708619041034126,-2.8576893536417463,-1.2886994903340518,3.1610012318777927,-3.4475998724525208,-4.37628021044413,0.5277500886177474,1.3545819193729918,0.8782242819216529,50.697866489646195,42.92833451417165,53.17080346513075,61.42556654411087,51.92480634278632,40.283037935228805,29.28009501401021,26.404609528535232,23.9787063107958,19.783652373537183,13.336502408287341,8.545896412102874,13.688471228674432,6.092172265608537,8.920032084171018,6.239876945533762,4.075941491479583,6.709686903067924,4.361452843084514,3.9378148731962783,6117.0,192.0,498.0,755.0,981.0,1033.0,691.8,608.0,397.0,795.0,1051.0,712.75,5490.966796875
LPL31_143,LPL_3.WAV,-466.71588745750563,54.11416941026185,-180.67779109923345,-82.07052416942814,69.0879475786999,27.319879914466977,-27.289806142162536,2.340265705115575,9.93003919085939,-7.122149447112883,1.468556137882913,7.42530293764242,-0.16616613402465408,0.26217093248300033,1.3624760162141243,-1.6659240735611216,-1.003816294130027,-1.4790032318689448,-2.209616212732726,1.6766811435558266,50.497613131613036,43.54894027123953,51.45542422279274,63.72408956579226,49.93594809181813,40.57385545345627,28.080680595979413,29.053210535413267,24.313370156778277,22.631135006447046,14.644834511600106,8.453341508253292,14.623453436557783,4.647524338671893,10.962998452788554,5.144995191278245,6.013268634292166,5.576851074600609,3.6740918176878794,4.80293428607916,6156.0,311.0,602.0,814.0,999.0,1038.0,752.8,431.0,307.0,852.0,1068.0,664.5,5490.966796875
LPL31_145,LPL_3.WAV,-465.6968315382017,54.17092928257875,-183.15438809106385,-78.25480207157274,71.11161806164476,21.425779172227266,-30.79010463839014,5.035300835801275,10.024186412291415,-10.390555848019625,2.4997172757590453,11.697511268019904,0.14810521782414612,-1.5773491827210244,2.9000533075472696,-0.6753491541459437,-4.044344710533747,-2.25780366675754,0.5557290839020045,1.1563210250550569,53.25139494897549,44.08095397299036,55.301398742682245,62.567237473113614,51.228825916181165,37.714064668284585,29.51684519836392,24.319547497547976,27.511046101804176,19.068843037318373,16.27139986009494,8.009346531039249,12.228606478737259,5.791000201627842,6.980516367439032,8.390017108780206,4.07437933456447,6.697859994194174,2.5517797377383533,3.343662969961066,6282.0,269.0,579.0,871.0,995.0,1037.0,750.2,500.0,282.0,895.0,1120.0,699.25,5641.69921875
LPL31_147,LPL_3.WAV,-445.08563529655464,53.372432689245166,-187.2819893419631,-71.59048586029677,68.08744859708224,12.105980002799654,-27.466260342328926,7.730693656803802,6.022197803004411,-8.423817691845775,3.2877289173947384,8.48245996588321,2.4572395508642964,-0.23508881731590478,1.28571190372172,1.3044555906370163,-3.274336295817711,-4.276428372075525,1.4117582938071578,2.126234147045184,47.086921522740276,46.220023873419976,50.632947144835725,64.55183029887051,49.40282839767784,41.564632718283455,34.10611730899493,26.987414428408393,28.349920787450763,13.173134682227515,12.982345092114661,10.530414398951514,11.525735449268069,8.559079007924334,5.401918674171343,6.255580664751729,3.382699289112059,5.501545739471983,3.5145756694249886,4.821555090890123,6199.0,139.0,626.0,886.0,1024.0,1049.0,744.8,466.0,290.0,837.0,1055.0,662.0,5684.765625
LPL31_150,LPL_3.WAV,-455.0685100398701,51.79654128492093,-184.7664659325322,-65.81752759765635,72.7193136382909,10.288017800623761,-31.733014813997983,6.19108519649054,3.3258809242626373,-12.551919593275473,5.653007491306899,12.165002269710577,-0.8846119447713446,-2.04302393467197,3.9366451563990363,1.2102007623923152,-3.783201938144997,-1.4660931634112673,2.262459262709356,0.7625925391062106,56.655968174045015,48.90161925593748,55.72427289617495,63.097617333723434,50.14556747186171,40.80481809706516,32.72067646356452,24.751084310907594,25.181157931925767,12.91052548556841,12.658413304688187,6.977436966404949,9.88868381721308,7.03860177889607,5.009690534313944,7.78478740501017,5.213069863736599,5.4525113492261985,4.342797820032055,4.061396283208862,6415.0,254.0,652.0,930.0,1035.0,1044.0,783.0,415.0,297.0,973.0,1061.0,686.5,5706.298828125
LPL31_152,LPL_3.WAV,-435.81192667746063,46.95577781797434,-178.49641698252674,-72.9195186626321,56.65859108622338,19.82165401178186,-28.394675731887133,7.092158300421905,-0.2679335614139777,-0.7672121427015876,0.6355835769954491,-2.0635429617754335,8.989959599877889,-4.755476306934109,4.841287050619583,2.930061615533474,-2.955482167513816,-0.41237027528435377,-2.541356537895173,3.1370155888720612,60.67213250385204,41.43175840112252,57.736081801505954,65.61757816838998,49.02158978041962,43.88430357894546,32.82457167698343,27.97328423537936,17.948338023252145,19.969568735869576,11.828216629382908,10.460107675037786,19.128367504077676,8.484076475686537,7.462856451230561,6.2695305392108995,6.525463522621056,5.400986267772497,5.91671460919456,7.787426797453123,6006.0,289.0,591.0,826.0,998.0,1013.0,743.4,469.0,282.0,788.0,1074.0,653.25,5577.099609375
LPL31_153,LPL_3.WAV,-381.09311039229163,7.782964164498917,-169.2821186005934,-55.95390393299375,38.90936975314436,28.201829095345083,-21.962089839554597,-3.3397911632202164,11.834026505039397,-6.668219352718472,-5.270994674459829,3.106523167465397,2.105308114068268,-1.56739767437849,-2.3886973554079143,3.5712055994377363,0.8512147830435426,-5.308782749705789,3.8766519075656705,1.3232016936915463,85.65714168219458,75.26648908845458,53.215577498853285,69.54365870471024,44.38112818976046,39.0561681926525,34.856454334661585,24.860207242672008,26.185672842710726,8.021225234206499,9.95596651842132,6.1761208681688275,7.760242471823531,7.051968890274576,12.170568939379805,8.015859355832909,7.852366797613349,6.241171700678384,4.274998948003344,6.279073195425849,6092.0,323.0,633.0,856.0,995.0,1055.0,772.4,409.0,268.0,862.0,983.0,630.5,5641.69921875
LPL31_155,LPL_3.WAV,-391.4467607731211,37.911669089289035,-180.71176509997403,-27.926848141479493,32.97425512518409,12.366308944928777,-10.696474607105445,-15.91543050250147,4.87305531395175,-3.225704690623983,-9.307508474646507,7.297003250521553,3.7930555063745497,1.4038555207839045,0.9968741538065474,3.269146469975436,1.8826712164283028,-3.8491213862447524,2.631623555100952,1.6306441026432632,74.49755573174674,53.31702452012379,55.00665052777149,72.2165128630014,45.77227300269513,36.05682489563688,29.164343709834252,22.513485693969304,22.845825389417893,15.046525796542,10.628599657243944,10.255864246010459,11.957093531165677,7.410836539181645,11.153121176637827,8.121602480038403,6.2220127123240845,4.935410699554343,4.028891375557706,5.5587589283351475,6166.0,395.0,634.0,803.0,967.0,1025.0,764.8,377.0,262.0,877.0,1183.0,674.75,5598.6328125
LPL31_156,LPL_3.WAV,-361.098739123488,-9.87495117530094,-182.1111781657411,-27.36353126073761,36.429229846739936,20.464548844099802,-16.562044650603355,1.6348274752425487,-0.2476982435446982,-5.606746597380639,-1.123796793034668,6.322361644202617,1.4829748413030266,1.7403676968878077,5.411430396285917,1.359999745832339,-0.019075099172044436,-0.8841895594674114,0.8916308137207223,-0.39052453778028173,83.2287654248292,46.3158025422567,54.86671561472282,62.79243944731786,44.65491890267373,35.91370224977631,27.347922892728985,21.694265823198194,16.192324375284965,14.78119126067352,12.054235136233196,9.147475052423909,10.192369572812803,6.3777153642335165,6.187045293543975,5.626458630250252,7.212709855449958,6.299088957641999,6.743391081950154,5.098599843308452,6202.0,374.0,685.0,889.0,1017.0,1025.0,798.0,388.0,346.0,828.0,1001.0,640.75,5620.166015625
LPL31_158,LPL_3.WAV,-375.1156684017595,31.595750336630932,-168.3487092866168,-26.40217343885859,44.97813767683148,16.29369907180561,-21.832533738290643,-2.6474004353593967,-0.7876303005694444,-2.6451880910348646,-7.679023317019708,2.7932572384396246,4.666500195534292,-2.1795016828203413,3.047591556876229,-4.3953378163509,3.855575142377351,-2.9033707794927275,-4.411890237853052,8.981704939217298,83.81456886054298,58.98781754083967,59.184613344197636,54.45681369244492,47.811727068653624,39.199960230486575,29.82672103990199,17.554264181963667,16.10895889454018,17.52476410182987,15.188431060183849,11.150838838203928,16.452258292873967,13.598645427202634,8.679679625986763,7.0242536417926775,8.87469505452743,8.973489187045171,4.708603873563928,6.765007093533695,6330.0,394.0,644.0,832.0,1029.0,1050.0,789.8,352.0,296.0,1047.0,1060.0,688.75,5641.69921875
LPL31_159,LPL_3.WAV,-375.24622351160883,27.655598728425304,-179.09312683484666,-35.929895482302015,46.22486053952263,11.125718714861355,-26.564062184087227,9.797739855090951,-10.483296090288242,0.8266458533141182,-2.4876080024826033,-1.5132486479298914,1.4609093554659194,-1.8183938436425235,4.525884765920301,0.2736583670417016,4.646994615671545,-3.984771828839919,3.0050706380173384,0.2265973791811829,84.43765286344963,46.361608930525826,53.4705449957635,54.14468938897075,54.43488699298509,36.90987836464455,28.564019017352926,29.421026159098275,16.419958344911716,15.947550347453145,9.663737693300204,9.165421726092129,12.035129298621912,6.26510442407255,11.408680626785003,7.915990505174741,6.014911984037771,5.558534395070003,5.904691103329013,4.809819388627743,6078.0,363.0,610.0,863.0,1007.0,1044.0,777.4,395.0,284.0,842.0,1020.0,635.25,5598.6328125
LPL31_160,LPL_3.WAV,-408.9702229869739,42.53059298689035,-195.56510958115828,-54.150151728976915,57.777641691798934,4.812302058552802,-14.298205520810722,8.510199657763707,2.203663318953527,-4.3274417553186,-2.5630506355782754,2.028220673490954,4.194210353214673,-3.5396834127949495,2.4263442983588908,6.114408804067233,-4.608254338961515,-0.9257487098798791,2.1562530198410736,-0.8864202239724915,53.60245935942849,50.73377485898087,53.89031721968786,65.43659587767254,44.90191741082832,38.54105540096726,29.066898742819568,22.72123342958777,21.76245380000446,13.656382925652197,11.823485521366155,8.122005937074615,8.410857591240685,5.9841166380257125,7.899843702901813,5.826085396430801,7.478291327636453,4.8069688325975095,4.243990639275025,6.498936738995037,6237.0,463.0,690.0,883.0,1034.0,1072.0,828.4,359.0,253.0,841.0,1051.0,626.0,5684.765625
LPL31_161,LPL_3.WAV,-370.5332131883041,17.35920275320282,-180.33135790277615,-19.371168466847983,31.062661864553483,26.911877199139013,-14.20983933021452,-8.178107880641662,4.666430627849302,-7.734614368723449,0.3392019681985236,-1.9965601929702754,2.960563558785408,-0.9665605763687045,1.3234774295607399,4.0359702731935485,-1.9592102900647619,-1.7158253832913173,1.7086880902783261,-1.435036813473426,82.8721380320727,50.32031437338609,55.36626735619676,59.65009360437142,46.970614786266054,36.88046580881356,25.62424691716339,22.964407264258753,15.255293318730502,19.345301234337864,9.85898603084271,9.903911373785856,8.83140534126762,7.0318630417677115,8.870573829152626,6.590609415213671,5.472418647859182,4.8032655153573405,4.31186940186113,3.570263482233824,5984.0,337.0,610.0,796.0,1010.0,1050.0,760.6,409.0,297.0,883.0,953.0,635.5,5512.5
LPL31_162,LPL_3.WAV,-379.0396405565652,33.96738703644609,-182.70554516130323,-52.24179828606101,41.94161941678693,8.655269200708727,-19.137058099631084,-2.9829556023890897,11.133008303194018,-3.6310551444586956,2.166335651897998,1.9721080263133999,2.425042845618659,-1.8455383761028699,-5.3368137665491275,8.395075585256304,-1.8153925908159543,-2.72803837224894,2.673124090519635,0.3313206097038321,55.269364431036244,51.53628641445184,58.790826473204675,59.521571482330394,42.259341459858,39.42666574547314,26.46070094775291,22.38331123622158,16.405919924019223,17.325749730015673,19.167586136079674,8.059985496706318,14.563549516658503,6.133524815055877,6.081706174254151,6.053287814422342,6.803362901180758,5.18600117003725,6.5634052775784015,5.5101599216728445,6265.0,482.0,694.0,874.0,1046.0,1058.0,830.8,346.0,258.0,912.0,1018.0,633.5,5641.69921875
LPL31_164,LPL_3.WAV,-350.9245315109187,17.393378731120762,-181.94479781895765,-33.01256564125653,31.173588798636676,20.992999298412293,-18.075943346475317,-2.16949100123142,5.624384568977519,-1.8031568221357903,-5.737862053577902,5.188779072310695,-0.6982629721030961,-2.395006454780839,3.724711600121586,2.558671654944982,-0.646042030472389,-0.4878467835163423,-1.913413407172173,2.2934576089343137,71.68820435080423,51.36058748696906,54.39523290556276,58.43649087687301,43.9690066065173,36.11273717420667,28.648163951168357,25.190833612004425,14.446309984546028,14.694250386819006,9.220244555681571,8.9411877445626,10.289575671122886,6.203943764915505,11.202871044174488,6.915669549158358,4.474157508648582,6.310276913902272,5.1272679612391245,4.992726291042338,6052.0,429.0,686.0,813.0,1063.0,1072.0,812.6,349.0,254.0,795.0,1039.0,609.25,5598.6328125
BKB12_2,BKB_n2_1.WAV,-368.98566797579156,-46.7151754934386,-175.40030846802054,47.69701221140447,53.717533286447754,-30.802071169802765,-0.17355662150874232,-0.11099553195291499,-9.085532511877044,7.6551509224829495,0.9915221417387372,-4.761526767561896,7.130301106482914,-0.667129637260858,-4.535006097185955,4.576704154613321,-2.470983840040651,-3.565072360443844,0.704863547495961,0.7979359804799725,43.95987841505597,35.27611687448721,52.865678330937335,58.543201780708884,47.230856362461154,36.03245818206692,31.221631561599093,21.610933456557266,15.778002562373123,14.704573736273089,9.260420259848166,9.241946568372429,9.22298201074729,8.577637341763046,6.4856034082548115,7.252215498680678,7.401332352470224,7.4943923834366535,6.139926493455304,4.646501984994318,6457.0,473.0,832.0,1034.0,1084.0,1023.0,889.2,372.0,432.0,797.0,843.0,611.0,6244.62890625
BKB12_14,BKB_n2_1.WAV,-380.20461648137547,-45.10885278161824,-188.75739195409628,49.4770755538987,42.85072672302636,-18.032169137492385,-10.462039253341219,10.941914459001302,-18.3007989599618,7.062816625246262,3.205451289388788,-7.39241929961788,0.5016479112934594,8.14479073479682,-5.520961573976693,7.1730769197435515,-1.251229354553834,-4.387324444454263,3.346876391151343,0.9605736112669312,58.12567219740274,32.87472311851431,55.55046160901317,55.49628603672604,54.57469015922779,37.1714689788874,27.648994247574166,22.451089164223323,23.85985400618652,14.296862469463024,15.460729154399148,9.7527145704162,9.520042808014635,7.581535266677515,6.335668076811817,6.491951067585238,5.231380995227918,5.750548549343137,6.983329517296912,5.464449120099402,6125.0,474.0,791.0,1008.0,1024.0,1034.0,866.2,298.0,306.0,725.0,834.0,540.75,5986.23046875
BKB12_15,BKB_n2_1.WAV,-335.3940397602596,-2.982270629718654,-142.95866488445157,51.14124464023929,31.666726761416232,-54.56040220360881,-1.0023296017869623,10.388138995802993,-6.5453733866655055,-3.4251410608817556,0.7322598286819669,-4.987961400783056,3.3963105635717192,-0.8405195693131825,-4.2922038385881764,3.06641227238842,2.381807072080519,-4.490553155852326,6.46768935692143,-1.1214965675181754,76.94492487406741,34.34404214206261,61.97500871451496,45.447664396707346,43.06726966900354,38.11729847618742,29.362321383235457,21.845931137654873,16.75867749505113,15.422377165628546,17.785192613492658,11.374584443689116,12.15878875287113,7.543609704672937,9.376055032239522,5.770278991659945,4.872112306054526,5.473412852312973,7.182309702572196,5.039587724414851,6027.0,411.0,739.0,887.0,892.0,1008.0,787.4,418.0,321.0,773.0,969.0,620.25,5986.23046875
BKB12_16,BKB_n2_1.WAV,-382.0380551893054,-66.31831063516108,-187.2305164541267,45.32761097967185,54.85054005283429,-25.085675453387037,2.8668728222781312,1.5103351828706484,2.7070657113652725,1.1022705931777432,5.593888337810887,-7.416842007352369,-2.2859947754682564,1.7334516840194698,2.124153998806901,1.426338830928731,-0.4502202718196956,-2.5447410300433764,0.4374247050372006,3.0105677648161087,50.56073668850246,32.89149090109388,46.61496582224782,51.02170469932673,41.82310039888552,36.73848006318768,29.054923813252433,27.305173280385027,15.46535518344807,19.161556900192327,13.404718232327175,6.632567037100261,10.127848021810049,5.776876338243715,5.817011874888008,5.74335032317771,7.25762968969352,4.399748497658432,6.065637356996795,4.875362970343768,5879.0,444.0,679.0,1008.0,1047.0,979.0,831.4,395.0,306.0,679.0,779.0,539.75,5921.630859375
BKB12_19,BKB_n2_1.WAV,-410.3608426600562,-35.3993367849309,-196.28451042650826,51.92638390897506,69.31703012756994,-44.50040378328069,8.733104182010566,-0.6877708820556152,-10.981082295243382,12.62398976852834,3.8143368433261036,-12.466425876701338,5.105822224120435,2.127258393760149,0.5275942785060379,4.16970039351276,-4.148420326906462,-4.384465054042148,-1.6355581124689467,3.141160824330376,55.73396236545417,27.114851996317267,55.452741988674106,56.86074000392825,46.90327063392784,40.04252808025589,32.30105417375667,29.118063518337504,25.53142849064683,13.165514413810751,10.68806251693188,9.952494150567313,9.702114953646097,10.327691894484694,8.10835008930772,6.42977322125992,5.28012679386248,7.7298259931559,5.305483376722268,3.7860191342579177,5998.0,361.0,745.0,1026.0,1063.0,1014.0,841.8,410.0,272.0,685.0,802.0,542.25,5986.23046875
BKB12_23,BKB_n2_1.WAV,-410.05260427566,-53.98985145450859,-175.72464923141624,55.42104675927556,40.077842377106705,-21.066412071426463,-15.290372304690875,6.7261046570289285,-3.072483091230253,10.398679839916147,11.616752329753941,-10.142824744096943,-5.417969095775211,4.5747861726578,-1.269155176166294,0.6427417830432284,2.1031981615672284,-8.601229535656104,-2.4599231778809587,2.4870222877178274,66.51242522407165,37.538624139190006,45.46093883552418,51.440119202682496,46.6474540835142,32.60923451998208,27.074321004584796,21.113842516201707,23.46453197452344,15.299355465847379,11.590571803225238,8.320737730017415,8.423802256139792,4.451787447719261,5.405513906327243,6.243058619323708,7.899568448279768,4.994232313090274,6.779075845217049,5.084009513154695,6189.0,326.0,726.0,985.0,970.0,898.0,781.0,483.0,341.0,835.0,939.0,649.5,5986.23046875
BKB12_39,BKB_n2_1.WAV,-483.72193575363735,-52.09917172440235,-193.99765434381996,62.13121357557738,40.826896815289665,-19.483136764963366,-8.242423521999983,13.566632071896807,-6.246059754163316,-0.7130338115825575,13.313211922237393,-16.861180158142506,0.17860856254670152,0.873892946355366,-0.5730017482098184,4.370552683421763,1.674330128153154,-9.316333006643097,1.0068499358696656,0.6943593240259448,49.628326718286736,38.46972105207653,49.533452624555174,55.274380539173855,50.11840041162535,30.85754826131171,32.08395273259196,25.521756997086133,17.937204372403063,28.419847681910426,15.039349057938292,11.738636958768168,9.43687070509905,13.373699565636917,7.93863504746742,4.897028016521114,6.628463014469967,4.963698723659718,4.595088484264557,6.485846469697086,6101.0,231.0,483.0,853.0,897.0,845.0,661.8,722.0,529.0,872.0,955.0,769.5,5964.697265625
LPL21_0,LPL_2.WAV,-342.37648426646246,-7.761142551691811,-203.94723967664657,16.410956952932462,41.41600969529859,-10.822362242895208,-1.1561871466752978,-2.317126663001721,-4.182123021973606,-5.675586211625174,4.746759522354289,-2.788256191407096,-6.132525021506038,4.2205532635103244,0.7323702140743075,-4.856935379007797,0.19614576425400146,-0.7512428450681331,2.936353261234741,-0.4363377861072166,86.29314032839909,32.47110563022319,55.03276678423171,57.035477800951874,37.39677626416466,34.287025007346045,25.80095199211566,14.933543413534638,16.19306737117983,15.908689169878366,12.019073682161427,8.629316588019444,6.948675407053747,7.498639403866458,9.095662838794949,6.032640791162408,6.496144684555505,4.677308730158434,5.502332671028467,8.031803447074775,5471.0,422.0,660.0,829.0,954.0,928.0,758.6,220.0,168.0,661.0,1040.0,522.25,5900.09765625
LPL21_1,LPL_2.WAV,-333.7297563431573,-23.166887468729943,-202.9505317636538,14.971224102115533,30.721091450604632,-1.1833387691262356,-10.40873797237857,-11.01203834814019,2.6911955882041725,-15.416406659614863,11.74424057747572,-1.3718173973557144,-1.6286657121104806,3.8497141293419204,2.5449096859231832,-1.6681406352582655,-2.7644037347166965,4.341168193820491,-1.323250881571828,1.6185979596816413,85.73192379063101,33.12455801974751,51.714504716266276,63.584893059119416,40.773295171838456,33.25167147203814,25.214011706679152,15.735043982556055,22.545606365998225,17.31791362753988,10.417523129338218,9.347654965954115,5.073780653456148,7.834863797193208,10.416039976424267,4.802763239944433,7.957752229921049,6.4554457890965224,4.589029281643319,6.7901541506449,5129.0,424.0,628.0,797.0,927.0,931.0,741.4,235.0,170.0,466.0,960.0,457.75,5900.09765625
LPL21_2,LPL_2.WAV,-353.7121190872403,-14.93564889359406,-201.10828099038844,6.422503391116347,45.49146523358231,-4.2257140166905325,-4.226536584730946,2.6280304804855352,-8.109666091348402,1.1306428999810982,3.2888005626574057,-4.379498921648798,-0.6246510789767903,-1.8514674779908318,0.794149099839524,-5.382404388918977,1.050544310297135,2.368916331991222,2.041381972838427,-2.2270679032068075,86.79876276620917,30.551301031487323,52.422329593423896,60.449065754159754,41.375518922178884,37.505907177746856,30.32335894905342,23.328520804616687,20.77788764888518,14.049874285066535,8.490647548032367,8.709267054093468,8.070032548554718,9.537935045926426,10.237600061797762,5.555597613994547,6.566030042977745,6.0682062522515805,6.649458036119761,6.216671244800709,5389.0,433.0,648.0,828.0,937.0,928.0,754.8,227.0,180.0,688.0,962.0,514.25,5878.564453125
LPL21_3,LPL_2.WAV,-369.8217911986041,-22.667193053874662,-208.712404171603,14.957653957956781,35.492308124354324,0.8433715967837281,2.5931344044841667,4.971362545784931,2.946128643196921,-0.8858351984397232,-1.307584830398508,1.8971697190503076,-7.262104531925758,1.33437763178292,-2.2592442704949978,-5.303169546865777,-1.8680701775339552,1.5041804679512962,2.8891440976588685,-4.057502462977026,91.39672445191596,29.953288505269395,54.7865056268864,58.205418935260326,49.54408919165021,39.872535179342115,25.71053665590244,19.03366382554021,28.292784137481814,10.700313390673735,9.628894677552234,10.175371746095639,13.904704795369323,6.988774859882118,5.296211390970714,4.40029024965432,5.439376515550239,3.3864746928640486,7.085880450763875,8.806995698001085,5526.0,390.0,664.0,794.0,866.0,916.0,726.0,191.0,229.0,876.0,1005.0,575.25,5921.630859375
LPL21_4,LPL_2.WAV,-329.4548426694105,-16.37043874033906,-179.11450132841242,1.6249556200654827,29.828296382604407,-1.8151519348406815,-21.597378761216945,1.011550273850574,-1.2048218034701625,-2.6126559648408674,1.5437694353594862,4.122582791223124,-6.030764570816461,4.7701563240409675,-3.9775866476779185,4.494611225364257,0.013457119985827251,3.7722808464824875,5.960745011537154,0.7389744308915628,79.10335907365311,31.461997786402943,59.600945111254674,56.7897050157249,39.40900743646441,39.83616472823836,21.376076120992774,13.504440876627424,29.50088875153075,15.114360092608598,16.95667036168562,12.704329228107962,8.332571683274274,12.73995279235133,12.484437228466716,8.188632347608799,5.340965981143396,5.638926190386478,7.204183160412487,6.555534677657023,5287.0,366.0,610.0,809.0,924.0,836.0,709.0,245.0,183.0,612.0,1095.0,533.75,5813.96484375
LPL21_5,LPL_2.WAV,-386.58242904103463,-20.500597677505635,-199.4983985540469,2.0543373430679037,48.19951979869596,-0.10250018049156641,-0.5580660839961776,2.195448967411429,-1.8071343941767493,-3.029686890017527,3.175888940342074,-0.5174352911941493,-5.970873126288477,-1.5253879092919571,-0.2509937971748102,-2.1850609067357274,-2.1718904360540594,0.870643394431952,3.9515932991970835,-2.3921722712296765,89.35801375538914,34.66847255982747,54.82031288670751,70.47220117315584,42.87215909780965,38.15159226049543,24.834830457514318,17.265473794208244,29.78819059302008,17.228201105864333,11.907394841626886,8.798635415939662,12.526672186448172,8.39969454038914,10.478175493569571,4.009463206079567,6.45840209398425,4.442397106359866,4.732599951972154,6.178756311881762,5668.0,401.0,630.0,761.0,913.0,900.0,721.0,239.0,265.0,899.0,1056.0,614.75,5857.03125
LPL21_6,LPL_2.WAV,-371.2356951564703,-16.968070761838288,-201.303217244293,16.748480193464072,25.239852115459712,-2.1674551468490524,-8.506725268611529,2.9025068932693974,-3.9445922700583673,-7.077726223007331,6.7667294417040535,1.1705788066055034,-0.2151986574682772,1.6724543551357307,3.228281032470923,-2.214423564375438,-5.8401460924272985,5.561901935755428,0.527790399117791,-2.653556155793273,96.38869633978945,39.04742257015906,62.302696253174005,63.76738471489937,49.65861567373194,30.50934575231597,30.89412907701144,16.791382317890896,19.651083922471404,12.269858276589861,9.126097223621697,12.441696518688468,9.621574243591974,5.907610746343024,9.408675652465643,5.8077334453338985,5.593839354086135,5.125965345616346,5.976231270365252,7.694777223790947,5708.0,383.0,666.0,761.0,865.0,881.0,711.2,211.0,260.0,928.0,1130.0,632.25,5900.09765625
LPL21_7,LPL_2.WAV,-366.6347653217427,-11.582040753865662,-198.1671199159071,5.839199116064166,34.59406315517073,7.81956494971409,-14.079096220125338,12.989292133506906,-2.882450349048392,-9.010722145748042,4.475398762342221,-1.311412930857977,-1.723132568800687,1.2067462863633376,2.937098992165898,-3.5488066547918384,-2.2484120758093344,4.90836448565263,-0.7297931924738077,-0.9282814444927964,87.5280581308649,35.567044280274956,60.19098487608922,63.60629397962999,45.902429806646346,38.45219879967909,31.69541696111761,23.316842954276392,21.07598230531106,10.472484926963844,11.904090602073264,10.632258145076305,7.900385357601118,9.897794119080759,9.838218000703385,5.115922136367344,5.078313679974138,6.283043613413751,4.493450627426763,5.843664796023819,5560.0,415.0,620.0,840.0,886.0,863.0,724.8,244.0,176.0,838.0,1082.0,585.0,5878.564453125
LPL21_8,LPL_2.WAV,-388.18843545724917,-6.313975647984615,-202.7462752496229,-2.867827291093181,40.063031231256836,0.3168236749325556,-5.431787457328332,5.528266815909633,2.636324362961063,-9.118082675889225,10.403621702449986,1.9874077819908806,-4.118427980235349,4.088633291086409,-2.3628001291967657,-0.33043976778486683,-4.646860271313416,4.692935888227466,0.9620869072116018,-0.8388007687420104,79.39569876678354,33.84062060328742,60.04320230887117,67.38911762314588,46.22159875981341,37.063261757281055,32.05244490323804,18.5967420157345,31.345368332350226,15.892489287044118,6.189274371465824,7.910484087312239,8.118637228111002,6.438858109484145,6.808234418134691,7.61489209357741,8.168167670816946,6.141218590360823,4.867057785347223,4.195553319756094,5618.0,410.0,634.0,781.0,875.0,899.0,719.8,232.0,213.0,845.0,1117.0,601.75,5878.564453125
LPL21_9,LPL_2.WAV,-367.66975434211037,-14.304745426150532,-206.22985611060082,5.097714089424121,48.25434168840124,-7.21323908753579,-4.767005321432314,-3.3928822726263497,-6.04428614592475,-1.0375247380301644,5.453309832786562,3.991822869575709,2.2570340079150517,0.969719240453299,4.008154645272036,-6.254713728798139,0.5022484567733124,-0.8521445603858111,4.051375004223016,-1.680978945695015,76.96486881011079,32.79360207143119,51.57489531047575,65.79523916769658,45.27284334031391,39.957142094094955,28.22490556870436,16.658427711044087,23.662667404717812,11.675153679313556,7.938815190250734,9.39723088931132,7.841147294110133,10.202344782854437,10.985328394270503,4.402025130240487,7.8518302991997775,4.466288514929404,6.842324912414392,6.853363816000061,5427.0,436.0,622.0,844.0,954.0,918.0,754.8,239.0,181.0,685.0,974.0,519.75,5857.03125
LPL21_10,LPL_2.WAV,-375.5287110870941,-17.33091693925901,-206.01356204840624,-1.1089125771319208,49.68980131832047,-5.731823800680919,-4.628300806081349,7.00227852110362,-5.399981792657078,3.827848074204669,3.73076466462503,6.8703580077583855,-12.313785137708747,4.909988293370731,-0.08356662535684936,-3.4348430663354694,-2.187216227059474,0.5438528676819877,5.262226215366273,-5.9993453112254045,88.5383338555055,29.881465945132273,61.49247123045554,60.32850375006862,48.11572692108613,34.798060442594284,24.044366466618097,18.314846987004678,29.477381037232856,10.344745874968359,8.750844796975354,9.34510940188473,12.871260249948374,5.034307030619689,5.70192853202572,5.5368892925939,8.074828913801653,5.064628132161103,6.1570032747105765,9.377488759920174,5549.0,407.0,608.0,844.0,902.0,862.0,724.6,264.0,175.0,755.0,1140.0,583.5,5900.09765625
LPL21_14,LPL_2.WAV,-426.69661781401504,-5.522959844602487,-205.60497480503352,-10.015318562168911,53.05962538439364,-7.760263266002209,-6.061033668929571,13.809422676627019,-2.029520277656388,-6.879808538990081,15.508406207235383,0.1114021183519046,-1.9219309639423836,-3.70957892509494,1.1125842264009675,-4.532163610029453,-1.5303028910948961,3.194744034375489,-1.9804405175053963,1.8914013159079697,77.30608585072856,31.527745263640806,60.41974969792169,73.50329603055431,45.38849109285903,39.58358028241466,34.174631527736324,25.215443595869225,32.19214627236533,18.160926619625403,12.427285055400999,6.994385907526842,7.539808454038872,6.975503638726768,5.4892793939294835,6.2339853332712245,4.6735892291536505,5.5894546796808,3.7640728737210156,4.537107322074398,5655.0,341.0,596.0,820.0,892.0,842.0,698.2,241.0,202.0,922.0,1157.0,630.5,5921.630859375
LPL21_15,LPL_2.WAV,-412.7148223116346,13.65049111179908,-195.2285958672503,-3.399196868985695,68.85224807665404,-18.804169606439093,-6.556896962740123,5.905087816776675,-9.114760418987373,0.4342882437937979,4.905232737069295,1.1765984525894604,4.280500074526713,-5.630416458729241,5.320689909789585,-3.1782663311669355,0.9169974302278436,3.5172731253633343,0.46963082701948516,-0.013274101153905385,78.03482280786871,45.32642770505528,56.249272840314724,67.1804564840605,41.830853779010255,36.82145384668828,28.36690275778786,18.07142303223813,28.671260599609344,15.475542690018111,11.148294205039603,11.455448435435736,5.315032041695753,8.756042522251771,13.851132678200772,4.443259833445592,6.932112125111568,3.7001324039970305,4.477744993015889,3.51238813995234,5501.0,392.0,582.0,738.0,867.0,882.0,692.2,303.0,210.0,862.0,1029.0,601.0,5878.564453125
LPL21_16,LPL_2.WAV,-410.1446855888205,0.5236824124592048,-199.97468917648405,-3.9234635588338915,60.29975815760108,-18.657925212194385,-7.5153681367756064,6.6672957536547655,-8.960542419780857,2.7227341501334887,9.80125354256822,-4.4749218815120795,-1.1251552461894243,-1.4288671050321506,2.141189707570463,-0.10036835012033983,-2.333548739221589,6.2507759689581635,-1.1221027135664783,-0.1057558163259096,78.16289020532213,37.16670057171311,61.43866760253122,72.56872177629067,45.335415337127564,37.7413289682614,31.316058347018444,19.34647080976425,25.54795622651345,15.809116811262163,8.033178540542982,7.543120661712315,6.450851842213332,6.485558681819307,8.681101885201173,6.988977215169739,6.448346061409334,8.267100705564014,3.8557268940582987,5.1679055791245325,5591.0,365.0,609.0,832.0,916.0,889.0,722.2,221.0,209.0,773.0,1154.0,589.25,5900.09765625
LPL21_17,LPL_2.WAV,-393.4148810246051,-4.212207635546396,-190.11547048774656,16.85927399671866,48.64220794827555,-4.620765808657368,-11.36209093643061,-3.924893464809232,-4.633109143037484,-9.543265615389807,9.055484445554505,3.4060672751728225,-0.3425671326483758,-4.998368592589623,4.123449885036163,-5.23049020691794,1.241991858045103,1.1706655352201425,-1.8826454994675643,-0.10243691287158674,88.2835612483282,41.903146355165916,61.59472575149891,64.77692135888309,46.9728657662811,39.571002853353484,31.82474911140302,14.359436894281606,26.469796486791104,23.7402974783709,10.587894902365308,10.524483163248185,4.761472241686892,10.75043660295256,10.369590130288074,5.462988147018316,4.831725163718008,4.981857523099787,5.291048467799186,5.863162501239569,5467.0,355.0,588.0,778.0,896.0,910.0,705.4,269.0,232.0,755.0,1050.0,576.5,5878.564453125
LPL21_18,LPL_2.WAV,-391.3901418175402,-5.6172594997219285,-191.79473387588743,-1.1028150039915816,49.65748330537168,-7.585810115049141,-5.726557309585643,5.041752077911505,1.841110964678762,-3.6401823280123984,6.90943493743719,1.1721537339201051,0.08855677913633136,-3.2121566513906834,-1.1593367312446812,0.37117376493451865,-4.447693219678907,4.884118795069861,1.1453712818349167,1.1896119204580058,95.66895929699662,30.907471154116823,63.2587341915832,64.90692282145801,48.775369560675784,38.76000732313623,28.184972802233442,15.256988685266089,34.92720939319597,13.961813227606592,7.959975939665427,9.279679194791504,8.474913216971288,11.092596771126788,6.374080391882614,7.4527971784551745,9.302584983131819,7.2144391460489015,5.50980548614308,5.749252367810023,5499.0,350.0,597.0,783.0,874.0,865.0,693.8,266.0,193.0,835.0,1077.0,592.75,5857.03125
LPL21_19,LPL_2.WAV,-402.7787609898719,-5.692487157569397,-197.65346528107585,-14.617211683201731,57.98812718573113,-3.6740414874174507,-5.621735440306893,3.5068649476083897,-2.8426170824083155,3.361387503423643,0.12743348597733245,-0.8422533004160416,5.145220287081226,-7.752770747605614,3.3728750286930747,0.5051132253529004,-3.749588076419651,1.059127343224895,4.729623688498277,-0.946653594860863,90.02993752117216,29.18238359941805,58.64124088060125,68.157943166719,45.536294268172476,42.057827987866624,23.34853756994403,19.186100276774507,34.44787361296742,10.340003288370378,18.841296561634945,14.743894180983597,7.571363384582645,14.27748536251821,11.055716863105413,5.156377494423584,5.174624490134184,5.48954747818932,5.50482831479249,5.4960570811091305,5434.0,345.0,600.0,765.0,891.0,866.0,693.4,245.0,200.0,760.0,1107.0,578.0,5770.8984375
LPL21_20,LPL_2.WAV,-386.0163663625075,-16.521522749023898,-205.48690418845658,0.42665659444134973,47.83588994590278,-3.4167908888869647,-10.057004870961787,6.824806790203919,-8.458105714198886,2.459731927606342,7.554990759589913,2.2861155606275987,-7.588719628491257,2.5540881471551824,2.0919533852312835,0.28387438233512763,-0.6453075958173896,1.2832200805448781,1.5955230170514776,-3.3719995268714085,83.65948234644803,29.391800029235867,52.67153171086304,65.57469967598409,51.2169456451647,41.88361344470145,29.020902517218435,22.472764898136784,26.331399336610538,16.149314106456654,8.866026294756963,17.324472268583357,13.796653576366896,8.066762727354563,8.789744014276442,5.100816549669412,6.5431074796142585,4.226931998156378,4.529007402457005,5.871520858090721,5433.0,363.0,578.0,833.0,928.0,937.0,727.8,285.0,191.0,698.0,982.0,539.0,5964.697265625
LPL21_21,LPL_2.WAV,-401.40346824449324,-21.0958348942543,-197.21589405389733,24.344990883933125,56.161381779127055,-7.876798579858482,-4.006887308070419,3.8863698886735625,-2.8559013889811835,5.205580736237256,7.064398533501956,-3.4222966345576222,-1.636345006575056,-3.408961472191597,2.9908605505353925,0.46279951188896906,-2.418997919877189,5.294914705686955,-3.23122167343656,-1.3508278708275878,87.61936869185236,29.92738921653705,58.08816922091133,65.34528203966407,46.897224105758,40.99706104183742,25.345381516926516,22.579836029241694,23.71565327139887,15.522294477997816,13.326217357429233,8.752218272533042,8.803107392954455,8.684330372395708,8.440663677693594,5.134106761058724,9.395602873231509,6.855754641409627,3.6904758233816533,4.424720428616022,5625.0,309.0,607.0,801.0,904.0,910.0,706.2,313.0,272.0,818.0,1009.0,603.0,5964.697265625
LPL21_22,LPL_2.WAV,-407.6103630671033,-18.566263753661644,-196.07184573527942,10.650757745066237,49.55074296759612,-3.7243762815928267,-3.6293952959233478,6.111934496438209,6.043786913019049,-2.3562048993987363,7.591533253775565,-2.245546152057734,0.1728573911829793,-6.5885423885347825,4.636468734927481,-3.645659702653306,0.30764446983434757,2.9733544547016093,0.6381350167606508,-1.9485269615117664,79.56125582362004,31.69452746637521,59.37532247095131,69.21213851678766,47.349031373316876,41.693561148498084,23.1512923354186,22.4041880407842,33.63185997070059,18.352857232163412,11.423984671484368,9.88168151407927,5.991528106317166,10.60523888692543,9.990354851183342,5.995476409485354,5.741711985520186,4.574099726899173,5.0662836625273,4.697988807674012,5542.0,281.0,612.0,814.0,863.0,859.0,685.8,299.0,203.0,764.0,1131.0,599.25,5857.03125
LPL21_23,LPL_2.WAV,-390.85610635497034,-9.283629779738883,-196.00888949168697,-1.6478741111861648,55.08308514403581,-9.932708661087299,-14.197324910055102,4.274799766778379,-7.385824250853697,2.6207929781181014,3.1364471538512646,2.9614580418487333,0.4671970774492788,-2.758121292876334,1.2236845779548078,0.2623841458217191,3.0287140704440105,0.983509294282484,4.128135754645537,-4.597033627032947,77.10483431626704,32.14625121257714,53.243825977868134,72.4411086572024,46.508721810638825,40.56138717545552,31.108715122299508,14.394149347718272,26.782967044834546,15.443245146752863,15.214240116384339,17.03654223636152,7.084840110587082,7.711797421628533,11.504557658529288,5.6259134826323764,4.1957441215663716,6.77005212954284,8.212057632931934,5.342247705637961,5327.0,401.0,596.0,732.0,869.0,945.0,708.6,253.0,198.0,851.0,870.0,543.0,5813.96484375
LPL21_24,LPL_2.WAV,-396.2476859326135,-21.806488490319914,-198.5236977816383,9.296676413619492,50.181311625579696,-15.675842419971795,-2.0747025054669432,3.323813939385545,-9.407783044455206,2.164672887870197,1.7667193119392635,3.339745757177122,-2.5940616111525765,-3.746171169972917,4.050378378697982,-2.40282377460162,-0.011404133655749058,5.420713164334986,0.6305695451952886,-0.06055066383358631,92.96405934394933,32.04657122017191,60.44136783144922,57.83370137863792,47.5229194241441,36.25323817052834,20.371009830254774,19.88850035024497,25.240436622632682,15.636322565509802,12.682270155875445,12.489945620820102,10.028138554515005,7.700681676982644,8.954495210159092,5.260000168665512,6.19087602120238,5.697985644186832,6.167471189439706,5.67955987155659,5699.0,133.0,600.0,838.0,863.0,836.0,654.0,490.0,203.0,871.0,1137.0,675.25,5900.09765625
LPL21_26,LPL_2.WAV,-403.32293362505783,-15.186414514916676,-201.37690971932807,2.3276646115969486,48.080384730020285,-3.9320571087340848,-7.536529122482167,3.3557184716689465,0.128543000409856,0.7816825743590274,7.224852158978197,1.0333137641529944,3.00893349000336,-4.10594985500058,0.5152618013114263,-4.567080684075012,0.20334384997278016,-0.5638221101476887,3.627216578718993,-3.5098841240272183,77.66556918827955,30.532894902334977,54.94140476537911,64.38422802864518,49.49010288938002,43.77826046470985,27.58724791638941,19.116273795712587,33.28241787074355,15.883826699054113,7.290113240827322,12.725162498788858,7.307334712970156,8.747663678934142,7.61936402877007,6.04744462001157,4.490048419793097,6.721706160954701,7.138113895274163,5.599242309527744,5386.0,292.0,585.0,792.0,872.0,865.0,681.2,287.0,210.0,741.0,1039.0,569.25,5878.564453125
LPL21_27,LPL_2.WAV,-400.6990236692591,-3.8444012020984215,-195.24151759481603,10.571721736211488,49.56126795514797,-17.571047105398197,-2.684880098529749,2.3192005921912875,-3.0664561973280273,0.8897518872613238,3.576348422159666,3.7937970715387754,-8.015823821757133,-1.771591182879987,4.6333541016774635,-3.3212374945886998,1.5699128407833882,4.229442954718774,2.2412597230382962,0.45601475651842527,85.45123579172555,36.625797589224064,61.62891440664678,67.46627535865866,48.35113094104016,38.389529655780194,27.267797683853058,19.646094386675106,24.67978754901957,15.852963279346614,10.317507725818489,10.309036915993223,11.288984747099914,6.429898746221509,10.512525916981495,5.421630873534242,5.032267467771348,6.169196055257773,5.628624203693947,5.596955594119891,5657.0,284.0,600.0,774.0,918.0,883.0,691.8,302.0,240.0,822.0,1132.0,624.0,5857.03125
LPL21_28,LPL_2.WAV,-396.1858634511135,-1.387521825165134,-190.98479810126906,-0.25122865131978844,45.572052901655304,-2.0767536085112903,-7.487545302444532,1.49662427454365,-0.08889702098051526,0.29274700815499793,2.4324071719400795,-0.9613031236031269,1.8750190779418843,-6.248774360204832,3.8685044386282024,-1.7890879752817916,-1.631550944574009,4.242279468672708,0.2531880714594466,-1.4243044350132767,84.75272696791872,38.101801600715,57.839913193408265,67.775358086552,49.90239699971774,44.995577678002796,31.275212832233585,22.703443425109786,30.18518525357658,15.404964914210064,9.898425801112207,9.809957441320801,6.949943521513722,9.865446170095739,9.694297363336805,5.506210623193452,7.653490212959366,5.547465831677563,5.663199536348694,6.434729216498278,5636.0,403.0,623.0,780.0,919.0,848.0,714.6,255.0,248.0,805.0,1152.0,615.0,5835.498046875
LPL21_29,LPL_2.WAV,-407.55699839505166,-11.268986367244889,-194.60488220045968,-6.963702127029716,49.463639058929395,-4.633975347695289,-13.50601075565115,9.124850455321887,-0.9877844425371473,-1.690778086795881,7.629187972717846,6.351704445951043,-5.451435768311422,-0.9697825360779161,5.617153544557061,-6.872355625569894,-1.7699639875962982,1.8151989405983193,2.428962547026265,-3.0092774206197506,87.91548103904613,30.432948852337308,60.49307149887477,72.90547081049203,46.486475918105505,40.31143400045477,31.851812079873298,20.92537980642085,29.061251127493463,15.887557095914806,6.566132257624529,12.226792008428278,8.112122607480211,5.6050495683802195,8.780503874226016,5.413898749650382,4.655248645407533,6.836898085775227,5.543322026327989,6.864108401703714,5704.0,369.0,628.0,825.0,867.0,843.0,706.4,221.0,194.0,922.0,1200.0,634.25,5835.498046875
LPL21_30,LPL_2.WAV,-413.7094208471019,7.630138409301391,-191.13192996722339,-6.619081300235698,55.276462476165534,-6.485105178755425,-13.472902935898158,4.032932444663749,-5.210924545989556,-9.727157391317693,10.322744076394995,4.2459397011372975,-10.306743463716284,1.0674367330069612,1.7093032176928753,-2.7045131992673026,-0.11645999972549102,1.0004700729419551,5.453555832546779,-1.9941068729192526,82.30388892343177,43.67769402020317,61.917146206915014,71.66416822170699,42.92665983951733,43.38225744089597,34.74192220748204,19.64777997469869,25.724767943993346,21.475452292246494,9.110302755329593,17.189700559136195,12.950604499696002,8.989667252005242,8.089066937207402,4.033498522413295,7.156105805478363,3.9956989654434367,6.9187271312011305,4.294016949495046,5768.0,337.0,617.0,811.0,883.0,874.0,704.4,290.0,212.0,883.0,1226.0,652.75,5835.498046875
LPL21_31,LPL_2.WAV,-390.1983793982941,-24.25191463567131,-190.0912409818582,16.329627813833778,36.345676702190445,-5.697209113798918,-13.964512064431505,6.4347992676875485,-3.8186733289529426,-1.9919946575957064,7.375850337852272,-2.3483468007025,-2.1568016002843007,-2.3949196351534003,1.951883031757801,-3.056044839890119,-1.3780019486985526,4.234451551524821,1.0479432426028545,-4.8956463825494785,90.9602427097191,36.24218971195786,60.33643008928493,70.47109547355286,50.128102161179996,38.50736001989473,31.301930483375216,23.887954524459087,17.949840873849062,12.431625562279276,14.546840327049232,10.754552142758687,8.306256697080078,9.789301527718692,11.188676281339491,4.830671221958201,8.150839919449615,5.500666876770959,5.117787759903651,7.022805878190418,5769.0,367.0,627.0,831.0,909.0,888.0,724.4,296.0,191.0,867.0,1154.0,627.0,5921.630859375
LPL21_33,LPL_2.WAV,-380.6903073688749,1.1422844852097969,-191.80189688076092,8.65275282012512,27.94705039032999,-3.0630667129912634,-15.205217740203599,2.6584753712284677,-8.95052083312233,-5.991318372270497,12.338705803811866,5.180078693262894,-4.66401118427401,-3.754722517750913,5.451293743732389,-3.623476855482126,2.227094518875299,-3.6147041058833875,1.9241825385958042,-1.5286541279321264,93.60384991452781,46.68318769022778,59.051442863273856,73.2669090242561,51.60576304720258,37.24360075228629,28.367711803405676,24.015042386467268,15.401797000467369,16.463594582880354,8.654378749897967,10.878493835046765,7.0245092490945495,8.672015719953594,11.231649821442936,5.689175909884562,7.884736128120493,7.236653571508337,7.042287800654553,7.139495307835764,5783.0,386.0,633.0,716.0,923.0,895.0,710.6,288.0,241.0,917.0,1158.0,651.0,5857.03125
LPL21_34,LPL_2.WAV,-397.12445365051985,-8.237629965563713,-198.93321508147645,5.44627399688817,42.84389889941322,-12.126336891556143,-9.27128778592802,-5.441042187736385,3.9008127108859236,-0.16943238950194497,5.5441880532623085,3.710979756952765,-4.1930320337170155,2.5408124840984887,2.3228390428584644,-2.9093579288951066,4.940379428270245,-0.799802615912426,1.0056524462506666,-1.7519094572142166,76.26733876043713,37.52730063180746,53.614618609644936,73.92384892352845,51.17494733782628,40.43710088307422,30.528824770520618,19.510762762589575,28.173912676851444,14.673911013087007,12.454886084807256,10.812559976789062,7.606691965072149,7.8077925695421415,10.643941765635859,4.128359506519506,6.981899853844263,5.53398201892627,4.259312435406465,5.56321933060518,5389.0,361.0,582.0,774.0,922.0,918.0,711.4,278.0,215.0,709.0,992.0,548.5,6115.4296875
LPL21_35,LPL_2.WAV,-396.6360673319019,-18.8639531163713,-201.04515515713936,20.77451551941421,42.31867400550077,-6.878766409740523,-6.388419222327652,-5.48034428569374,7.159859885846254,2.382414380382311,0.8096335722410312,5.263169951643519,-5.422898786295688,-3.3134419310698293,2.4814107685360063,2.1294369573759626,-1.3040769730328274,2.270952197303144,0.5599446652498242,-0.4512148694765511,86.93665111428268,34.51567702906777,57.13823274462743,65.95249255594986,48.57390547553809,39.11164135473022,27.024049409682398,17.70008155618971,30.47939764671163,19.812975176438442,11.357122044077911,14.043052465040555,5.34153660415095,7.96957679222635,9.491730643009854,9.075769742953007,8.211090787086063,4.803323063763537,6.129587623105004,4.857209370605308,5673.0,448.0,655.0,781.0,923.0,928.0,747.0,180.0,200.0,841.0,1073.0,573.5,5792.431640625
LPL21_36,LPL_2.WAV,-404.00815714068136,-13.781306953062952,-204.36131853491372,4.838363928553835,47.93003025711022,-9.576481845522405,-8.550998058820603,8.254580072512505,2.4326974409192665,2.53698439794215,6.1872409516065145,2.2972000465905915,-5.667081862404661,-3.0862048552222303,1.1870705975057831,-1.1340326349684746,-0.4908400737786971,2.225169479160929,2.0621322518781193,-2.4670876451526818,79.80682067986501,29.618736984788534,55.268431386573525,67.22714419864431,50.053652092765205,41.8277228106838,26.589277456188228,22.27064303975038,28.434359417202064,13.870012599675384,10.107219055070534,10.296333844565178,6.7743119465274475,10.226794288828348,9.363345566313827,7.981416844872846,8.861318120205334,5.2347977243603045,6.634741867066894,6.909272619639854,5535.0,301.0,631.0,779.0,908.0,901.0,704.0,265.0,202.0,774.0,1076.0,579.25,5878.564453125
LPL21_37,LPL_2.WAV,-390.4876882610703,3.0901404446234446,-185.3859695883101,-5.4436561041354175,51.6203580669847,-7.654829727186664,-11.651416942268774,10.39106564192274,-12.626319052745544,-1.7991378924040464,0.3323634815602645,-0.1306761357968816,-5.151560961602474,1.5088113805742198,-1.3142294702205162,2.965011291526762,-3.668933571470958,2.1612190029279055,6.212923943737256,-3.1400837247361904,100.16259281268741,36.45176135324156,61.57993738516748,49.88873779881277,52.855292735753366,37.55242237540599,26.02521814808108,22.744407666181097,35.83954370981342,20.077067135064013,13.351862875712964,11.358914727784457,13.501507703113893,5.473666971313553,7.76615410664261,8.755476093216009,8.466786034466462,7.731596581378013,5.6423929044066785,4.330237368510325,5751.0,365.0,581.0,790.0,871.0,834.0,688.2,326.0,215.0,901.0,1205.0,661.75,5878.564453125
LPL21_38,LPL_2.WAV,-383.0721690245152,-7.523273929285149,-197.7213515652613,0.8144613338769867,52.365876931828346,-19.615568110699414,-9.075084216755814,4.09783142583487,-13.088307917658241,8.673655440860129,-3.906563081931402,6.79283674323231,-1.8602767286001367,-8.840801969211753,7.335883124060139,-2.0512804383548953,-0.3003853123237941,5.57186136674913,0.954770008865165,-1.2301923759513753,88.0739632777965,31.356024683219857,54.184902425554824,67.43139942470566,49.248010724237886,36.964801560255076,26.515253043774763,19.865317939265537,19.040725348185255,10.582022208560096,21.3101402799246,14.299311637210268,5.25385727134317,10.600205780579412,13.494581784708368,7.345802792575665,6.343048335227354,6.589181384375593,6.52619837328422,5.673255963544886,5241.0,398.0,600.0,741.0,906.0,913.0,711.6,260.0,197.0,573.0,1029.0,514.75,5857.03125
LPL21_39,LPL_2.WAV,-402.59543783599236,-3.6772621684983187,-200.31571368981585,1.0878571738278682,40.05952213967864,-8.94789503716831,-8.370909860276965,-5.062866132312375,0.9387958697518692,1.9879353603231893,1.0219713749221035,9.328588481279375,-1.5420250534200677,-0.4146463222027959,0.4270528805831276,-2.063955331429801,1.112015279460614,-0.13110585544311956,3.358276440737135,-0.7330036831506069,85.95518647218063,37.70017928639685,60.11131598409735,72.31058387301258,51.933867524770264,37.02807752243671,27.901607241482836,15.155338851347368,28.27380162527383,11.077801240646435,12.89892011460069,11.733370116610153,5.817271370381531,6.5430613545088,6.693267303714312,5.762593274137187,5.109833324144161,5.760562952919096,7.246464293969189,6.719308580424347,5585.0,406.0,590.0,762.0,883.0,843.0,696.8,248.0,252.0,842.0,1146.0,622.0,5813.96484375
LPL21_40,LPL_2.WAV,-390.8211063697075,-5.403273914352946,-196.01924993992037,6.091455413587125,45.41775883023414,-12.734526681403727,-8.277884285014823,-0.9777789536176601,5.646459550275061,-0.8660769258331183,8.300737548631487,2.264967125163066,-0.5335323949228445,-2.570563087774589,3.68646462492778,2.2314493210329487,-2.926980297959346,3.6411056003390536,1.148352811014929,-0.8643368773502677,88.19327934884636,33.49922834832853,59.2564685785226,66.15745516772958,55.82492494300272,43.96287523132028,26.685858791493242,19.312920455640718,35.13726206704285,17.4698058971728,8.16428606912036,12.311334415840594,9.372933695827431,6.775055694680144,7.9582779085506345,7.782282952203518,9.308762148703995,4.2666065459827935,5.951511733042514,4.264697910005426,5510.0,308.0,594.0,803.0,915.0,918.0,707.6,246.0,201.0,794.0,1034.0,568.75,5835.498046875
LPL21_43,LPL_2.WAV,-406.0222043693621,-3.8199884202752354,-182.19702317760695,-11.465994089113396,44.62455118916034,5.088410769948472,-13.601163439057796,7.685399127964696,-4.364049520955168,-8.299648332033543,-4.347804417202137,-2.55038549010397,0.5582883214926552,-4.338047675746437,4.816543649288355,-4.586474024750315,-2.9426831666543545,0.7860427325813159,2.404297633689146,-0.38794902819479893,87.63063420066382,38.20877336058164,62.000755116040956,74.35363769182376,40.679836397932355,40.28614112320172,31.501199709242048,17.582471549637667,23.268299398101863,12.437415385094798,18.61707530720787,14.176248872769321,7.173967501923414,15.497275751231902,10.660295222626324,6.508728431703827,7.959111815249276,5.149110113149099,4.94104813577932,7.850349977189811,5627.0,400.0,613.0,755.0,838.0,852.0,691.6,258.0,206.0,947.0,1121.0,633.0,5792.431640625
LPL21_44,LPL_2.WAV,-399.65581217388063,-11.301417935831738,-204.25677502736502,-0.45463885874799576,55.4243833364546,-5.956277575256,-9.064976533026195,-1.6598937073807738,7.457530396720955,1.0358447434977787,3.2326335848163144,2.3478159026877803,-7.994120295594847,4.768539707329978,-1.0590819497654047,1.448648670409814,-1.9594207733078364,2.439903156958232,2.202367282122315,-3.5155784241838908,60.0996258163059,34.042695972578784,48.13359783934119,80.35498902309752,44.21236974533499,45.37652785741244,30.17251753127354,16.697009249973977,35.40295456277896,17.966448316403856,11.34860576062331,15.203227678585742,10.577621906357635,4.6745050031467335,6.703665739307384,6.171456193887214,9.897839160689204,5.722216422290564,3.7664394404055286,4.9380471979747815,5183.0,389.0,610.0,758.0,899.0,923.0,715.8,255.0,222.0,656.0,838.0,492.75,6136.962890625
LPL21_45,LPL_2.WAV,-382.4350489460254,-7.051855908310639,-180.07608510703582,1.360744489089022,44.409163180161016,-12.768547476705162,-24.868483196861316,2.594172855860806,-3.2172241702896116,-8.057433294658477,7.366856067956698,1.372833822679004,-5.7551008362923755,1.887679334304625,-1.3575390489786714,4.780979976269231,0.10796988113028189,1.4918371081999233,-0.33100522908055446,-0.5937976921106339,87.47317469821114,38.32133170299609,61.16072814751833,80.53557747370402,48.48080856367799,37.7237070660519,45.62698851734,22.724973932166066,21.57434609995285,30.705516065244034,8.419181636943938,11.00746998704524,7.550370107467898,7.8539186223458115,8.293602088794662,8.491472331050694,8.038374612871028,5.898815620610404,7.203189142669778,5.187597394861056,5527.0,327.0,635.0,815.0,923.0,913.0,722.6,250.0,175.0,789.0,1029.0,560.75,5857.03125
LPL21_46,LPL_2.WAV,-388.57378493770926,-6.282921420666247,-202.35631694505562,8.23398186636857,48.65401769574961,-18.41694639938685,-1.3781334320997523,12.552687056218986,-13.91399259978943,6.1545931590155165,1.8114913650592666,-2.0792836620058703,-0.3469311201182468,-5.381252266974782,4.142286716339916,-6.2471209551526385,-3.6073157275281176,8.001940363980628,-1.930720534361329,0.14464831485004467,76.52759113456221,30.756947188550587,60.80693529073652,63.67083594552616,51.70661674202012,39.220670620328285,30.757660684843795,24.888432331904408,20.34557768338947,13.157984757697742,10.827617666515147,10.301161508974321,8.6236431828049,8.365818492348916,11.037249282261719,5.861363172769975,4.838665279533384,5.9954438492466195,6.061190947525002,3.6847558550958546,5496.0,101.0,616.0,849.0,909.0,886.0,672.2,570.0,175.0,732.0,1022.0,624.75,5943.1640625
LPL21_47,LPL_2.WAV,-404.28628096081604,-23.930285895553602,-199.14376759850123,4.013404783657826,46.326003804963754,-1.78208734878309,-7.119395800465298,6.218359793256559,-1.1476339577943986,3.5649139861311103,8.476535701300786,-1.0591117011645192,-0.6624523339095256,-8.256716627145874,5.287541665826975,-4.601310435898228,-3.5055165659360976,5.857518287363515,-1.3195127214751199,-1.2855411290535639,82.45584946831113,32.644759735530705,55.426368187570695,68.2088488471908,48.771969298753284,40.95428495247992,25.913822340427327,24.03862370966246,25.73439411014688,12.902790451929723,8.462033225910826,8.46200899153023,4.92485562001427,10.366765535918011,8.187961062781062,5.8989308610006805,4.99787687937907,5.189628937317123,4.974093468628707,5.268876119432796,5624.0,398.0,596.0,815.0,874.0,843.0,705.2,331.0,200.0,813.0,1119.0,615.75,5857.03125
LPL21_48,LPL_2.WAV,-461.8150611668308,-6.006462883391407,-188.12362959292045,23.32586154527802,69.60529529354189,-31.135432191733603,-14.879416624144103,5.449866777355157,16.059389909713666,21.290926426657897,-16.245688289116814,-12.071362053244922,4.862870404398163,-5.010576689173628,1.4432047147719225,4.09004557806963,-3.410141907467131,0.678322985338295,3.445432530498741,0.8922473360103903,54.60315798468025,41.20642671520405,56.484186049929924,73.99155076599246,41.00584942538787,41.29224240662739,27.067720893562097,15.53540779743218,32.521680598795975,7.31297712108853,21.825075769857442,9.915846644714232,8.37529238718322,13.0522325226832,6.194900670049869,5.790845025742327,5.077028490611526,7.547125736756154,6.068300965638301,5.72320155224946,5478.0,318.0,544.0,650.0,827.0,820.0,631.8,328.0,260.0,905.0,1111.0,651.0,5727.83203125
LPL21_51,LPL_2.WAV,-441.1643063686492,-27.323153208013913,-193.0552856306653,49.04967234618228,61.104092166319525,-31.901278781790126,-13.98562446471147,11.712126398620125,12.03367307602041,5.911268011367148,-3.9341366378304383,-9.729738201768436,-2.5964742742194766,-1.0843262023334883,5.457464120259898,1.4084516691047222,-4.767392253050863,3.5198860440619733,0.8154157138449158,0.3406036674414862,66.85462288130128,27.2660254148527,60.140790121423215,54.66974072308894,46.63362949075318,42.45118709265218,27.254361949502574,16.58382892342651,30.775853858706032,21.650659173209625,11.679681679435552,11.29652641673479,9.778979239197872,6.8335239432106425,6.585445349430546,5.168842709905622,5.391244074361798,8.479781312012744,5.548125458086088,5.241139416712334,5534.0,245.0,526.0,715.0,814.0,835.0,627.0,399.0,256.0,896.0,1153.0,676.0,5900.09765625
LPL21_52,LPL_2.WAV,-449.84345477740476,1.6045243717333324,-197.43681371844272,13.197206336055858,79.81967837556134,-38.6946229759814,-13.503540448040859,27.724974792842982,-0.5831945516834601,4.41640821892123,4.682207861139242,-13.433506437275577,-4.950086396756251,3.65942874406858,1.5484621083333052,-0.741535241240555,-1.3224597149587947,2.4110996099941078,0.8404624526902308,-0.17959220740032678,55.16189847022617,38.92869130813549,58.32014800435413,67.8183727592053,39.51552819311391,36.142371683598434,25.379604169054293,30.467734584159018,24.268599607153828,20.813339103919944,9.371551049149081,9.59948754972728,10.373255073467384,4.801666755893035,6.587944580717896,7.651964835562382,4.350210138526961,7.249833451169693,4.9336616989561035,3.992701688969861,5565.0,101.0,600.0,702.0,840.0,806.0,609.8,526.0,296.0,852.0,1120.0,698.5,5878.564453125
LPL21_54,LPL_2.WAV,-478.6906142219107,7.307553458281837,-195.46843598218695,1.2942654744762012,81.5774076603917,-24.097866449242456,-19.056933218028426,15.181263097476492,3.3804132302867207,8.609290662473262,2.9031704653746053,-10.087183978408335,-3.326770525521337,0.6219048820061465,0.2796154875590786,0.8720732601400508,-0.6503449717016939,0.6893042775993602,1.1813062162131853,-0.6757254943510186,58.294901035359516,44.14498322133831,60.33895133576609,76.59491845479239,37.40110966353492,42.57960893969142,25.332208200410594,25.050234545820274,25.660755559170212,19.219346200212254,12.04967579635733,13.526685259462283,5.011729559092841,6.131156062381821,4.488871736361312,6.401406345636322,3.8699793946455423,6.504657277762185,5.298465701571097,4.564646997054864,5601.0,311.0,574.0,764.0,837.0,765.0,650.2,313.0,233.0,872.0,1224.0,660.5,5813.96484375
LPL21_56,LPL_2.WAV,-439.38476201210926,-19.527056037741577,-190.32969366939327,13.601058186526663,53.51833906904031,-14.836008302083819,-16.116715087296022,17.49334153167735,6.891600147858754,3.0987866046668566,0.4528198936041026,-3.503239675701182,-5.9320463293774415,1.4393832433899902,-0.24538637182478704,-1.1265137006273582,-1.417828235717148,2.4162948763326373,1.8606658188386176,-1.9171693227408315,86.01028484407942,30.47320733997732,65.94150467006696,63.44150302875585,54.50999180065242,46.37086033860468,24.957898019109518,21.03788421449155,31.660651810226465,15.611841978522031,16.289258237044447,14.073929881947237,9.57021869305741,4.588145259242336,4.3490348752746995,5.366812268057239,4.059299360886757,5.401309307436903,5.657355302686138,3.471221406620471,5793.0,105.0,540.0,768.0,838.0,789.0,608.0,497.0,269.0,933.0,1294.0,748.25,5878.564453125
LPL21_57,LPL_2.WAV,-412.8344564932385,-8.513025245942059,-201.08225430469918,-2.839271710917274,54.95808770262653,-14.790602423194443,-1.1854101635111502,2.034611456977118,-0.9729371643015,15.36226642313797,-5.047542549893762,2.475194109547979,-1.1278728423781734,-3.5035887340995915,1.847479247645106,0.9173169535406025,-6.483967922470032,2.803346663846801,0.49722907499348823,1.0734828551635132,76.78479204711465,33.9170455061029,60.791234596015194,77.32523834461463,43.60440862732995,41.55628441348996,25.560727658916097,16.17782631425055,25.101435041599007,8.330105134965574,13.646281689288724,12.760146525829988,8.617830298053489,7.481502230697692,5.314164868809942,7.035656766281863,10.055510356680399,5.086949969576014,6.286286945916678,4.481115793194475,5531.0,382.0,591.0,749.0,858.0,855.0,687.0,265.0,263.0,820.0,1104.0,613.0,5749.365234375
LPL21_58,LPL_2.WAV,-401.36601319721206,-20.578345913960014,-185.40316509259407,0.9778907366744805,40.83668522257396,1.0961356230247021,-16.633830233153187,2.8117339575798277,8.5705442440438,1.007249392781838,4.30369051793732,1.9322832127455574,-4.984596580321645,0.8518376631080206,0.42375386980876767,-1.9195591374708423,-2.673196767728876,5.475477972894963,-0.8852065663587353,-0.3161266284714751,81.19572413429981,37.250077571148694,60.21342503665996,80.93839291245926,51.28432312196368,43.73286866288976,34.15743972952346,21.957108670036703,31.76923376253283,13.921519542776837,13.54793430030411,14.415322810809482,5.1900229450281685,9.149060004505573,6.711988881945806,6.9632106164907395,9.50619352690737,8.147786397054986,3.7850508329141808,3.919562889639292,5613.0,353.0,578.0,771.0,916.0,911.0,705.8,285.0,242.0,858.0,1055.0,610.0,6136.962890625
LPL21_59,LPL_2.WAV,-405.6943358297893,-9.340163457795283,-196.82152386459387,-10.494947328817902,46.67102942355168,-7.731361073022519,-12.373481135739132,12.603379796278928,6.48063882806078,-2.6205366740267504,2.7994843036842276,0.5472259522452522,2.781174100916551,-3.941367036453077,2.2235975597872044,-0.8720707633590483,-3.7477000057151235,0.86205296178989,2.3373557568182757,-0.5779011786872068,80.38634523009387,31.17634821520577,59.918134399443716,74.59388766228163,51.135476545783085,42.6151966597722,31.725948941949603,18.809907445440547,36.30287457329678,16.36045237072627,8.802876273048353,12.25868897953614,7.365197123166249,9.619822263424277,8.075910570667983,6.582269495985051,5.845539703502782,3.6720680775446146,6.084991575958304,7.422299698708973,5508.0,253.0,627.0,794.0,860.0,861.0,679.0,404.0,192.0,787.0,1090.0,618.25,5813.96484375
LPL21_60,LPL_2.WAV,-421.48282127856817,-4.6544025240395515,-191.29611169685418,3.6323288607702406,46.263367629381634,-5.7325532708351785,-17.057193100322657,5.9085277906001785,10.487233667749605,2.7261158156698473,6.753581468253951,-1.238798860305343,-3.281877278511031,-3.4252114309385018,-0.8302677979647615,-0.9209813744642522,1.55080141271507,-1.3916518874820771,1.2001143962503484,-0.6315990618743196,73.24549403852106,37.00941681952119,56.99614448152639,78.10780676241465,50.642969467747,47.89228401106341,32.15985543994808,21.895965481647178,35.16337846510607,20.08394988592709,9.305284339133502,13.50178824894732,5.463941236962854,10.00706480941024,6.918144048795729,6.330945426835566,6.660702083853183,4.719179343334894,4.181224778054299,5.521637756216551,5638.0,342.0,597.0,750.0,893.0,878.0,692.0,263.0,210.0,900.0,1121.0,623.5,6136.962890625
LPL21_61,LPL_2.WAV,-410.64408780020136,-7.456095093867516,-187.22957440375538,-1.0539001750945525,51.460635686819806,-14.381089828015162,-15.873826672330932,9.757166371632088,0.9445283575956567,7.569421232547402,6.62236909278159,-2.3943718495849597,-2.8058618207800126,1.3379829260022367,-2.1798988133011044,2.6730432601868346,-6.012037896377001,2.39641430943195,3.2384603381621133,-3.9706393557145563,77.90460974608824,41.333297246483816,64.77920908485645,87.39607609974493,43.359377059389054,37.6944894249794,33.449294112738706,27.445954786477497,21.352490859533855,12.177382217130631,7.795220578791569,8.859593442275848,5.725506152855446,8.00478289425914,5.168569998071709,7.672003863861693,11.497699448940674,6.147226407318573,5.276338611406436,7.797414056322021,5835.0,352.0,614.0,807.0,905.0,860.0,707.6,278.0,248.0,927.0,1155.0,652.0,6136.962890625
LPL21_62,LPL_2.WAV,-414.30220228012354,-14.779840349235482,-195.22647595548062,1.6583865976930536,51.029279590689235,-6.234967050262475,-11.097065988197215,5.3122753946179415,8.905787885096446,3.415705549084108,2.5985522089120843,0.45308099130489526,-6.498232834808833,-3.1540528014716234,4.480902031828075,-5.004085497190185,3.2173296853164715,-0.15124655933487943,0.19205191054133974,-0.17103028362997688,68.07789150090619,38.02434856705093,56.47417236570071,86.33143736043152,43.7177988926755,39.92925590953031,31.78209623151127,27.782351928486065,26.11611374106491,14.39226117406517,9.226733644422122,9.469091182871884,4.801342260612292,10.506965601809199,8.387680745555496,6.471288178166845,6.2277718862654945,6.016703693009468,5.39974869602275,4.315590299254549,5622.0,377.0,611.0,765.0,861.0,897.0,702.2,280.0,247.0,839.0,1085.0,612.75,5792.431640625
LPL21_63,LPL_2.WAV,-374.60041526815576,-16.575989531891263,-192.70203455637733,5.441798828946926,23.223183233167397,6.902200108523797,-18.53880290473764,6.136402009803487,-0.1390676606514097,-5.428137260919393,10.189971766372318,1.5132408536663553,-0.7589071348417288,-0.27891585760352783,-1.5302747924384141,0.27348538320756893,-1.9954872810534774,1.4263871304258955,1.5767492679418769,-1.5113029631831802,84.08431634613272,37.68505207423467,54.93848730383483,62.31373623244556,52.66416960720411,39.82659422070277,35.28538889784909,17.91860736906741,34.36448388432467,19.976802393771717,9.044145980893655,12.13642233548833,11.938252446727011,13.21804341481491,14.50825698908942,7.40216581436222,7.691846894437811,7.679585395352363,5.4344553699294265,5.384207422544544,5482.0,409.0,628.0,761.0,939.0,853.0,718.0,247.0,221.0,760.0,1070.0,574.5,6136.962890625
LPL21_64,LPL_2.WAV,-427.2159504821535,-5.767952709205547,-204.34072694011257,12.375575877548581,47.207125092024654,-18.837094520326335,-2.760318371678077,0.8141407569295332,4.990807653938246,11.036176741865216,3.134900390283288,-1.4533981711234232,-2.6666444637501603,-3.9412866385669867,2.852750492737023,-3.916744516298899,-0.5941031141544809,3.691172534087314,-2.062126094155158,-2.300516645605694,73.4987942988105,44.374864817105625,60.90121383210589,78.31704754297516,47.68904348821843,34.254880816109235,25.386316595592334,20.685680107173596,26.495439783285637,10.325526674413554,11.033428242771437,11.951283467558822,6.880088481796321,10.2672912161021,8.330155605675438,9.575115057738623,8.30274745187731,7.126843633321262,2.762791087658179,5.3156723874485605,5766.0,360.0,612.0,744.0,862.0,865.0,688.6,256.0,241.0,915.0,1227.0,659.75,6136.962890625
LPL21_65,LPL_2.WAV,-416.44367945750224,-8.140586615621695,-200.60300062123105,-2.020997643209638,47.11080235609612,3.22686008789007,-17.313049944756976,12.171823496940245,2.740425591070737,-3.4916610704776465,13.994768825407268,-1.8996687185843344,-5.268550135735494,-1.8515578067524219,0.5404933333326416,-4.409552746521522,1.8566107871155735,0.9448915077995312,-0.8884864466624456,1.699508115223149,73.59177449783658,39.04475649567775,58.715944277465084,78.47276591824952,48.161958232960174,41.21079121326814,33.39127576231529,29.298831745902152,28.972600549952563,18.105301029183142,9.031018967669194,10.664759121066393,6.453827229740302,6.880996225689847,6.534653459090121,8.484253775918251,5.758973319373811,5.627909256221111,6.500650287109443,4.770134691358305,5605.0,393.0,643.0,775.0,911.0,867.0,717.8,238.0,256.0,695.0,1181.0,592.5,5857.03125
LPL21_67,LPL_2.WAV,-409.1666487785485,-8.724307444354658,-180.878698618036,-18.601175137265667,32.43532090154685,6.7631765308611635,-18.573053355934434,15.834860562611377,4.5789214056554846,-3.3039227110188345,5.040575431756997,-0.5416823937102262,-0.8966215910640941,4.0067824749830425,-3.12059290212989,0.9706171366757584,-2.4829321842041354,1.9069732383018878,-1.586795678895435,-2.4186629847614656,95.42636869335753,31.241466311381387,66.67377622463007,69.08432477108683,47.5662445271068,40.023911584816446,34.416559912086775,21.017733577230388,26.024577623009797,13.309900271305755,11.356990140046966,15.057242669123243,8.324656274474592,7.154962474434587,5.87020848245132,7.613860393587763,9.33093489112332,5.583878174113983,6.225980934155836,6.568123115205172,5683.0,430.0,583.0,745.0,880.0,744.0,676.4,268.0,201.0,858.0,1364.0,672.75,5663.232421875
LPL21_69,LPL_2.WAV,-400.7034776174117,-1.7419517915339968,-184.83176939019506,-0.9038214152848798,44.870864584747785,-6.18263185449705,-11.81286113687758,-2.127516324905725,-2.0549265652472246,8.839684601844588,-5.54582874735113,6.988887733654447,-5.092183576586856,0.038640416188531305,4.113375552815241,-1.151096233568654,3.4653182015275616,1.6633902707401846,3.3243121734371237,-0.9046232463264576,88.97237694699425,39.765891380517694,62.10794655682136,75.34822509690136,46.4799675350103,38.649550891045884,31.237782396856627,17.58508182632362,25.851893039058652,9.534562384046987,19.56029193518646,15.742011404054834,6.223242811339358,9.44047330170955,10.323822566705902,5.964964279965967,6.785229905874423,4.675234186734022,5.303739997341712,6.810690452856026,5675.0,402.0,581.0,770.0,910.0,882.0,709.0,263.0,212.0,840.0,1188.0,625.75,5835.498046875
LPL21_72,LPL_2.WAV,-401.71890348931424,-14.561332277456277,-195.1641895045113,-0.23218032921691545,40.57102121070459,-4.994898639059237,-10.359835305311474,6.013480912112494,-2.9690706192969567,6.854175988152962,1.4874258743869402,0.8943475788335609,1.1794938806841961,-5.62254913307214,2.31133369009938,-0.9118287442958269,2.8286303019739396,0.6661561613723995,1.9359001904944726,-2.6437305794474755,88.64161335451018,31.286030989477858,59.137529892928335,71.15552576825907,52.85297609602984,43.8381362111397,32.62295831762543,18.316019046682975,27.609399660968045,15.1507617440802,12.887203510647257,11.793705091443393,3.66482519894403,8.336850720624408,9.461604174529343,6.009398178678909,6.1086696728528445,6.331416042693014,7.782256454128066,6.63876543264277,5587.0,422.0,600.0,759.0,889.0,901.0,714.2,242.0,185.0,793.0,1165.0,596.25,5813.96484375
LPL21_73,LPL_2.WAV,-391.35337733266346,-25.675071304134462,-193.41299848904393,20.826758364162174,28.218461601955717,4.784329279365031,-7.536617446820452,4.248348367123394,2.4828845898645246,-10.760704960975858,8.221777412301055,1.5510040890948718,-4.167569815057011,-2.226646122642167,1.4139395652622764,-3.7504380754506945,0.7034295516154031,0.4830095820068394,3.085419809062129,-1.0198983081278756,97.74222414259361,35.78307209658507,65.3533328132313,67.44374481256834,50.95560781146459,36.99381173396235,27.11830186406823,17.28427107606948,23.59405219674199,15.43998316018476,10.922185194242669,10.134804343244715,6.107004435172252,10.728525106656694,8.918943467257124,5.36882975428612,7.726583741979126,5.575060617489234,6.021653897480547,6.489444715483905,5795.0,344.0,674.0,746.0,873.0,866.0,700.6,272.0,267.0,921.0,1150.0,652.5,5857.03125
LPL21_74,LPL_2.WAV,-414.8251922139695,-4.1728495367012775,-184.78883079846568,15.078142272108758,31.568512212059694,-7.822620062426432,-14.872850810446845,-14.470242289233228,13.181741168734728,-6.230809440600536,3.646398970351732,-3.1429265812277714,-6.180394612995972,1.0599318047755193,0.3970701127704249,0.9893553171119955,2.688080234379292,2.6294523413500532,3.971517784219152,-2.577898534924576,85.23234436375085,48.62405464398956,61.455356900048365,75.56191000699995,52.52217137939866,36.202445550763514,30.806568577190333,15.395341372810732,29.558364398936437,22.96418512792939,13.560508835388418,9.611889312207126,4.727734459283559,10.757563680745346,7.729292066605178,7.593058541575794,7.516864919354261,6.699349071714275,7.125763911076884,3.2812713678385337,5672.0,285.0,594.0,740.0,830.0,858.0,661.4,304.0,248.0,957.0,1150.0,664.75,6115.4296875
LPL21_75,LPL_2.WAV,-405.4273410293677,-18.482863796656464,-210.04281749727795,11.62907871458383,38.2113230127195,-7.580995792650189,-2.998524257691969,0.20049379986244767,4.2054742688421864,3.965238716485539,4.652698881810583,6.597446858629935,-10.739418725338615,2.1544358886366606,0.10579960903508259,-2.3258689781509174,-1.802422716846076,1.7426982037328278,2.8252174031060586,-1.1343339916715018,80.23972624936074,35.67497472432482,56.198536550575824,75.63262687622748,49.332018991283746,34.74431244809896,26.436974351139284,19.962809414476805,25.268454584169834,10.36299475651181,11.610033951645415,14.028723889103059,9.350779698666114,7.2821181163189035,8.880938801651492,3.698746943975003,7.919146006475189,5.831781369991736,3.9978205815379098,5.623417326134228,5723.0,402.0,593.0,830.0,898.0,893.0,723.2,273.0,219.0,861.0,1149.0,625.5,5878.564453125
LPL21_76,LPL_2.WAV,-406.7114418636071,-16.812554988235473,-210.49490859236252,12.20771084675165,37.065276195048,-2.1199146902195065,2.6216177061206256,-3.9163666253704608,9.332427196428084,-5.642201857065568,4.949968312183739,1.7993636885354252,-5.515830393044317,-0.332613568724746,-0.24532811547693165,0.2845563849935417,-2.179816851952899,6.000564748077407,2.2738113606776427,-4.047395998880367,76.73835624073799,34.81305402540855,59.71111878346344,67.9732655822795,48.415125280132564,35.55411280461292,22.12770509593857,16.723272635345356,35.68132789755914,14.617472564137802,13.524499901430426,10.875923148342933,7.644009796837054,9.43117209196978,8.836609186035366,5.1496529521079815,6.057073701599797,8.121162998703639,5.046005646812401,7.121937142244271,5671.0,404.0,653.0,812.0,862.0,868.0,719.8,289.0,231.0,813.0,1127.0,615.0,5878.564453125
LPL21_77,LPL_2.WAV,-389.19712415798216,-14.009804776183858,-194.7213183312805,4.278059267314358,29.982167960678627,-2.3734218168053225,-17.5727779048521,1.5656109100691407,5.687906287175224,-4.365481150560826,5.926617723197901,4.07018312218853,-5.208144453523524,1.532374610622264,3.327207197716209,1.4055129515458828,-1.9083241171078942,4.389608938300852,-0.1472570692704066,-1.910366787884867,88.4325535657657,38.957785621475026,61.66261419133068,74.67897477405698,51.89184043495744,35.01156739294468,30.36200657563993,18.96205771256925,26.34218220430729,14.463576767322287,16.911413608860702,18.034947999359385,6.643173630160065,5.953721363943287,9.672621447019717,6.170826461817772,5.913760257597136,7.4181633185732405,9.373061163451894,5.504729666320696,5570.0,418.0,634.0,780.0,885.0,856.0,714.6,252.0,234.0,746.0,1153.0,596.25,5857.03125
LPL21_78,LPL_2.WAV,-397.9760992327602,-20.170825852851035,-194.8439575156955,0.015212388211742579,38.64128544511634,2.868917892197915,-13.594630143448867,7.419175808178002,7.715031309384957,1.7237008702491128,7.376787491111973,-1.3822661561902416,-5.363434741351816,-2.930278306580695,1.5049784202522747,-4.681387424963772,2.551046311452266,1.3487207956088616,0.9818035832071047,-0.16630028489040286,76.09289439183509,33.69023985801436,59.53236281058696,79.77824943492024,47.754264312671424,46.64509337282831,30.60714627948895,26.120121245705413,31.639006135342864,14.756714884637013,10.226005536284811,11.628175866452233,4.762944353329505,10.94443804176342,8.879038617245078,7.504865658993386,5.544994674721822,6.803848162399626,4.6848444429497595,4.8902045478320675,5522.0,402.0,604.0,797.0,913.0,903.0,723.8,264.0,201.0,781.0,1076.0,580.5,5835.498046875
LPL21_79,LPL_2.WAV,-413.12723979708977,-11.374255496487471,-191.8984872927441,-8.986727833292003,29.962469899947433,5.864628860368054,-11.78841407368353,3.2930649468030815,9.96102609273983,-9.00088604200942,2.108292875399482,8.019169680863916,-2.4534061007616867,5.382916973389377,4.703334697191458,-4.742692343915674,-3.8138117447934525,4.266301618832856,-4.023209325749887,0.5615120976320116,98.88148867122672,36.9161796395967,64.08284929008546,66.898113991476,43.65785947782777,29.134106329723412,23.929640584972407,18.587685275491303,23.62824758250249,13.123143016407566,15.969211592765063,9.439742228414742,10.861958259496955,9.547114589392251,7.323206924475251,9.353688191181863,4.754816292075925,6.333892467692715,5.839036755313643,5.2380070689829905,5882.0,390.0,621.0,840.0,849.0,721.0,684.2,274.0,237.0,998.0,1295.0,701.0,5770.8984375
LPL21_80,LPL_2.WAV,-418.2630436928047,-8.739932375417427,-183.37755457581014,-10.343087039265129,46.60424582576437,3.119404169033596,-9.490423593188655,4.849372132644213,9.539674920806021,-1.5857480070346728,4.417001755260665,8.089925119627221,-7.398084974280577,-4.309531802561674,0.9329038446714956,-6.4066778886403375,2.971534637596389,-1.6275979042163642,0.9579600201854673,-0.5940607999823362,90.38053557884442,35.87895445077561,61.66918753960617,80.19093995726638,46.86202174466347,43.63797703949629,27.699364538601138,22.442060114644143,39.43227981032758,15.82263805596869,11.828384550114327,11.59146322428131,10.291584748998055,6.654856679668953,6.204581900030028,7.65389717012469,6.621549073310408,6.433432436278304,4.386689916682945,5.196101114241578,5761.0,414.0,627.0,787.0,889.0,854.0,714.2,248.0,193.0,932.0,1200.0,643.25,5770.8984375
LPL21_81,LPL_2.WAV,-405.76608866021024,-22.07192574121546,-189.15024509070912,17.528263019371185,34.51924688433499,-13.931909611132552,-4.793616143473236,-0.33873572497380455,0.838980626371986,6.06219305510257,7.196895707612579,-6.353301834559254,-2.620236766760746,1.663321122232582,1.7015875203008928,-4.406429457705891,3.646993755657932,2.927944945153615,0.16451627164162397,-0.710686359734862,89.69431434594132,33.7564999835715,62.882003830472236,73.57720160092154,52.0645477837343,37.69730056388376,28.45916592728171,25.820773946011055,22.845737536606865,15.537110534200036,10.188126104698462,8.20122152595128,6.8357102292500675,8.290642829982794,8.91986928500404,6.128183484200823,5.355825348939859,6.399780506191903,4.036848209197448,4.224896912071316,5882.0,343.0,573.0,851.0,925.0,856.0,709.6,319.0,246.0,903.0,1178.0,661.5,6136.962890625
LPL21_82,LPL_2.WAV,-440.0466744178353,13.782753626914616,-195.18459605791952,-5.7233845779132455,62.69716282886165,-14.33007344457375,-6.443546772635798,0.28712764492980014,-3.8052702377312366,0.840235196465678,4.492078455017229,-2.8492111960530413,-2.1118280268359064,-0.18853821403756027,-0.6051216447283246,-0.20453397047007832,-1.4183722866441664,3.0607761926999717,-0.4827374199811334,-1.7621405588945753,65.19153112483228,49.38647408454107,60.604986834206315,76.91689198333746,40.84177796197042,45.457955741868986,31.666981580869752,19.815513547463862,26.34065531043084,24.059473064422164,11.33728272929752,9.39666881415483,4.873142913778062,6.606767087587572,4.948060626178856,4.7559025279841345,6.723959849148812,5.419797339456393,6.72453030844743,4.9241915696376335,5622.0,284.0,588.0,756.0,902.0,885.0,683.0,318.0,232.0,829.0,1114.0,623.25,6136.962890625
LPL21_83,LPL_2.WAV,-394.12309620076616,-17.87907401213579,-183.238988464902,6.185860871829534,31.28042905662376,1.7200586264915887,-14.365546592005604,0.41393364084316775,3.947012375883541,-5.337680661205849,7.773213802434441,3.1307913188236096,-1.4522053056675535,1.513439520971141,-0.17361837549327042,-1.160897122720432,3.2046871496432128,-1.2173928045980245,2.307661418187046,-2.140170480918203,89.84434293015114,41.543082900778394,59.52505882593508,74.40908621690645,47.37078385710885,34.931673643617934,30.22350969788104,20.714393197773408,28.54974951208224,18.635515563397735,8.761040990907976,12.388028383469074,6.471197110603884,7.655504050022846,6.889822329982499,6.572176656873333,6.691185401573276,6.6181278860052375,5.273101029663539,6.465423049570836,5571.0,330.0,598.0,768.0,904.0,871.0,694.2,266.0,208.0,841.0,1109.0,606.0,6136.962890625
LPL21_84,LPL_2.WAV,-369.5494712082883,-1.3468104467663573,-174.41856067132466,0.31881251867005994,32.003272244952974,-12.66023962432784,-17.844546278686504,-4.500608124543465,-12.610200813206573,6.958488784557418,4.571334725767741,0.5479585331631015,7.805117607797314,-5.650375384952611,-2.1480848762803455,3.4990317221131324,-2.697479775662875,2.913637146411744,2.9048200389326166,-6.4751504743942085,110.33292932558481,33.99097087813531,59.31713349726254,71.3252783260781,51.77107845674122,40.13460083222942,35.26801470382445,17.13417402084786,23.385742215547243,16.57924424159246,8.611981258607406,11.975548978941752,6.122012345622554,6.5975571619061535,6.392061866271237,8.069383848736798,9.319833307750425,4.399969749773289,8.377687252614152,8.013209716657922,5595.0,315.0,634.0,747.0,907.0,897.0,700.0,254.0,210.0,847.0,1073.0,596.0,6158.49609375
LPL21_85,LPL_2.WAV,-397.2421426248943,-11.226057567170255,-188.41180658377564,-4.830708479078935,42.10248345927064,-6.326356006407777,-11.914327622986916,-0.5815961287440402,-6.5005161088176715,15.895522028360396,-6.878423769799875,-1.156413319339357,-2.251104863193899,-5.252151637570878,-0.18600073652660376,2.110428084490753,0.7168028132032392,3.9918152971980625,1.3696231881761014,-1.690677179775595,93.76065799092537,28.42730771623053,57.01535317802596,70.63410887453023,54.442206084655645,45.45460689333581,29.51389742547448,22.301359236113573,23.963790197129313,9.436367033840567,23.103787004548693,14.15972923226245,8.933621290371489,6.790945976476869,5.24431003712181,5.123759774155866,5.456909515341047,5.659507359402276,7.633895629104725,5.521711786799757,5574.0,395.0,596.0,748.0,902.0,817.0,691.6,268.0,239.0,849.0,1102.0,614.5,6115.4296875
LPL21_87,LPL_2.WAV,-410.5390133869436,-3.5520850767603025,-194.7276031840873,-5.574928297062872,47.29934926677914,-1.7465684343565842,-7.94064592512394,7.714859348751673,-6.586323369344492,6.231139285572387,1.8920668772425677,8.161318003129796,2.2624878654558986,-7.734973665947228,6.325640764967309,-4.09772060064773,2.7048789633244557,-0.8925164379355981,3.3199967182235453,-2.2953045667847225,91.73795044156995,34.67114315586357,60.4268598583788,63.311693087226544,49.89240127140012,39.20404577581471,25.600375379651474,19.31282762932467,26.82505805937936,9.266197053658077,10.67706693725138,11.5624606941982,7.1490563164598955,9.913138787611688,11.82503388688619,5.373057222732672,4.888022873711411,6.862080826132184,8.856571549520524,5.879422726697666,5805.0,391.0,625.0,808.0,906.0,864.0,718.8,242.0,183.0,913.0,1228.0,641.5,5813.96484375
LPL21_88,LPL_2.WAV,-409.8563609277309,-15.21265762070973,-204.91070114910573,8.198371357288224,47.27529023371747,-8.031967492849152,5.650995742684864,2.8543752078472675,-4.38485447385646,6.9763526814106385,5.3298730891206745,-1.5466561316492675,-4.593692169557754,-1.335470064697218,-1.881521760218746,-1.9699122046917052,-0.8464334369504439,6.650716374617836,-1.382184711216366,-1.5886941321783472,79.00457117297987,32.02890296674571,61.75400712547101,64.52269596451245,48.83909692969952,39.503620576355104,19.90700029084682,22.02015631609468,28.228465391747505,10.451457668712203,13.618359382501877,8.910710465488803,10.880180904168633,6.191343994052203,6.610233022955679,4.2250723778563675,6.022796630000788,4.715586352546931,4.281819635129885,4.028866949696501,5891.0,373.0,608.0,843.0,894.0,906.0,724.8,307.0,259.0,947.0,1101.0,653.5,6093.896484375
LPL21_89,LPL_2.WAV,-432.5196274741503,-1.5693939676957045,-204.05241804094643,-11.807920733605185,50.225810231218254,4.091823089883893,-20.480569731951352,8.948059652059749,2.470654520383586,-12.429417744678926,17.345168547688456,-2.0530221475935653,-5.358177353713164,1.9176415569249206,-2.5142622255888605,0.002999027538368517,-0.5636536695888409,4.028370573909144,-0.42548674332024505,-1.4850443592440596,82.72919449272945,37.57077311321,54.9440840603197,69.04136806752302,55.54446578444859,40.46733547531233,21.335566562721453,23.681752049752507,24.697708124266306,15.711848757687665,12.972439382612638,10.026118588114084,6.988720685056779,9.657109774938064,7.3695951969944575,6.101764109060711,6.381324888746842,5.023415042601309,5.881623889345021,4.911388495669716,5608.0,325.0,629.0,753.0,851.0,858.0,683.2,266.0,236.0,863.0,1124.0,622.25,6050.830078125
LPL21_92,LPL_2.WAV,-393.9770042285114,-23.380248050884855,-189.00083216555305,0.5945041800765178,49.585498118424354,9.631512249852452,-14.739849117461237,12.056056284558858,-1.6811954957494022,3.817800417317656,6.166108050106121,2.486917141636928,-11.140530342403745,1.738645831606014,0.08506660541707671,-2.183267362608027,-1.3834226945317245,3.2349392011717573,0.12140556396379068,-3.0596235834053163,83.52922188232446,31.98802762016199,55.770578412290774,78.13800644380784,47.49445670711853,48.00735570619173,31.35967792014634,29.13689827674216,28.085997257570153,17.009922558339984,11.346828034836927,16.3587374600868,14.919840224954518,7.378809511480312,7.213636600087297,4.870357950406303,7.809080266405553,4.325478941141163,3.5718112475546167,4.302967479982423,5694.0,359.0,604.0,790.0,917.0,924.0,718.8,266.0,259.0,851.0,1052.0,607.0,6115.4296875
LPL21_93,LPL_2.WAV,-369.93120671359065,-22.520686203767635,-189.47591249450184,-1.4993907334631644,42.52578895680899,7.291027416459562,-7.97101884163393,7.628122008566215,-10.469034501583367,6.764068928226279,-1.5735355457004796,6.735372090732168,-15.187800097546848,3.4400963004154033,-2.7710156158405743,-1.7946092519762238,-1.2558796753848576,2.8737550024720004,5.758752297374389,-5.7317766205553795,78.5029101681026,26.48252356162631,54.7082661848964,63.24958028484538,36.60505437035684,41.366003170262154,25.764505037929933,32.82208064524338,31.494529780983246,13.634113235517573,17.40878895092588,12.250153079715423,13.371793788771866,7.396500906428703,11.523568601218559,5.493775345400295,7.119664437971528,5.799770277766946,6.175485534956209,7.350577612960768,5618.0,405.0,609.0,829.0,935.0,879.0,731.4,294.0,197.0,875.0,1012.0,594.5,5857.03125
LPL21_94,LPL_2.WAV,-392.47155394730567,-8.754989541946177,-178.27586922205154,-4.284731924070041,45.44281086399206,-4.56790047600841,-20.32004569289669,2.7349644019999,-4.141078734298388,-5.031277680370455,2.240935157384085,3.107800986205617,-2.4424218496836363,1.024754715874376,4.254729723072361,-4.932736582541178,5.2742027841338635,-0.6286598995304105,3.550540280787258,0.452354928575066,99.70839228001039,33.366502310196715,65.39996686228004,70.99791050939572,46.83823304513721,38.31139331667091,36.191723274694404,18.689493517001935,25.101325479704453,20.06406650374917,14.300069950065062,16.08044243907917,9.06154190695027,6.939463686767372,14.013792631011238,5.591040996435526,6.533851863465077,5.803507436918821,6.008025677615769,5.086591863041069,5839.0,379.0,611.0,838.0,904.0,867.0,719.8,281.0,162.0,936.0,1167.0,636.5,5706.298828125
LPL21_96,LPL_2.WAV,-409.53755257939554,7.260896042932451,-202.9277857574191,-11.57796678849412,47.20088518740314,-12.320721876495993,-17.214032442222614,10.237694725054427,-10.317904289475718,4.4400149469906,1.4076903235514053,3.619218057077396,1.4771239394164122,-0.02372731603256228,0.17657708516350978,-2.1271186910669506,1.2958688668395164,3.069207241436262,1.4260903207057931,-0.8557037055096149,82.6510732668087,34.68836874289703,60.38150174783975,67.7299022223786,53.60588882953912,39.15157678871,38.484855678996844,21.76480704598766,24.987055959902634,11.346494488358116,17.907338374683594,15.530959818006986,7.568935724367896,7.222328791826785,9.919663128952216,4.995931698406816,4.358919028878672,4.9602492596867185,5.4136232591229705,5.2759999161980105,5510.0,353.0,643.0,786.0,902.0,857.0,708.2,264.0,215.0,702.0,1132.0,578.25,5749.365234375
LPL21_97,LPL_2.WAV,-377.0540964068978,-23.333890597971916,-191.63624697824486,8.208076064585333,30.178677132448705,10.686644805220489,-17.685728085669453,-7.499901692052521,-2.0885508254537815,0.7580746036789704,0.15771200900023627,-1.6168084387180437,-3.169866120522471,-1.680253301102765,1.44240821507167,1.8061798334600554,2.733551449067838,1.5876281272968538,1.934094430183083,2.821704084255749,87.55398774874656,35.76195641012011,54.07393044043594,75.19788017863978,52.71179299746889,39.50580006492451,34.24929804768493,17.11237764496823,20.1368816140997,12.208860659511966,18.72915807596076,7.2587086487389545,5.743166850575561,11.430541944309265,11.86412260161353,6.8821646027213905,6.961841352166113,5.8630523630796985,5.414746757224721,4.363470402074935,5417.0,402.0,545.0,798.0,912.0,941.0,719.6,302.0,204.0,690.0,1006.0,550.5,5663.232421875
LPL21_98,LPL_2.WAV,-396.863084803547,-12.852752409914409,-193.6571750098134,6.972999869794279,38.45283626289116,6.427085867715348,-6.861227943590841,1.6889330481143214,-4.358987324459595,-0.4401186839858185,-2.1163899783174935,3.736363756024026,-4.734869680487977,-0.7456367033645607,-3.803086563178923,0.9409548188853023,-1.9443307663854432,4.846133139174561,1.5516576256428602,-3.859798902028125,87.84854919639336,38.37128589853518,59.23408493230156,70.77616782298551,47.4984264121997,41.016674011163914,27.935462996394204,20.54346298945725,26.43970984790337,9.446099304999477,19.154867758684752,12.181515095339918,12.063364745452633,7.699095336254597,7.801548948418313,7.620668685366237,7.201453178645317,6.064988073773996,5.858654467601554,5.685711550256914,5716.0,439.0,633.0,799.0,900.0,904.0,735.0,262.0,185.0,826.0,1160.0,608.25,5813.96484375
LPL21_99,LPL_2.WAV,-392.48980013963325,-5.317458130786283,-202.00569962334322,8.591765620497307,39.55522363720613,-16.29197704411085,-5.173320361196927,0.444777087719611,-0.2594956206235752,-1.098585313434472,4.210920770331921,5.121703916003498,-10.867723134628159,4.396248222099269,-0.4780194163164962,-0.7860487609876138,0.39573467249073063,2.1179558790089557,2.5841113384044405,-4.431422312652498,92.39546092461299,30.97141781416517,63.05664129596732,59.915811443727776,56.11443099245916,38.605176452795334,26.507925231226693,15.812785253259506,30.720925788303756,19.701529992454088,12.672637330451442,18.354932109900144,15.446480921095404,7.510251790802489,8.821960449640445,7.067266534872135,6.192820289280839,5.13269797968074,4.275008772161196,6.480068619981459,5586.0,394.0,676.0,813.0,891.0,900.0,734.8,223.0,205.0,712.0,1114.0,563.5,5921.630859375
LPL21_100,LPL_2.WAV,-385.3348079365753,12.174130439409145,-191.01629281325614,-16.37185794326482,57.103256688612134,-13.278534485046471,-13.191020329324397,5.158174757820434,-8.965222277622637,6.677674456765152,8.957843816661233,-1.3137979058453424,3.803285208423236,-1.9419475067226124,0.9161916999847587,-2.603229332310733,-2.359448605100424,2.7595031327054294,-2.613296337074915,-1.4708042665111973,89.15669042078558,32.20972966051498,58.50121659368546,62.88169098603664,48.79013782112302,41.846354044150345,30.60933423294184,21.607101798668726,31.62883658925797,14.512197772048646,12.644485143048161,14.70392328716455,5.20340350000536,9.910078738433189,11.615714833141622,6.53054698100056,6.640175429756787,4.908920136634514,7.3708206715002795,3.7991339267497137,5345.0,376.0,556.0,803.0,923.0,923.0,716.2,344.0,174.0,619.0,971.0,527.0,6115.4296875
LPL21_101,LPL_2.WAV,-385.19045825050523,-17.958422540166257,-194.63379742722023,5.969683769631211,46.61590971487631,2.590274586043807,-16.689493875875403,17.509510640026118,-7.12851930955902,5.404791861246779,10.561108570724375,-4.723962842841329,-2.8560582381735893,-4.421719950222365,0.7658806744683134,-3.83882609342273,-0.3851459721656108,4.874255140008956,1.6437383244833776,-4.050674910199993,87.2585048418535,25.630525028916313,55.27441927516329,57.028496328095024,50.33153165413815,43.380964692504136,29.359677294826078,30.723942002497246,28.036477016523605,18.043737906621082,10.263501224714505,13.8810336648919,6.579939912596204,7.027927881556333,8.199254081675203,4.450908429161612,6.155332555082296,5.352141397429368,6.3732882246288405,6.31115720191072,5631.0,358.0,623.0,806.0,907.0,913.0,721.4,282.0,211.0,826.0,1044.0,590.75,5878.564453125
LPL21_102,LPL_2.WAV,-396.16608260998015,-24.699345974852136,-195.07914792454122,6.0380300835107565,28.0783769213531,2.6739636801071636,-13.965125739121705,7.0554114534905805,3.9612369077761582,-0.1617688994321285,4.371342071580428,3.441787993179139,-0.9035437242086902,-0.2606796479717217,3.6837806579726537,-5.9848544673563095,3.982329192121871,-0.4023597483262648,2.812067122817478,-4.777185283357453,89.35039649146682,33.24081150366154,59.80866052623254,72.11756771838301,54.98292958991844,40.63142336854216,29.981303480721877,22.885857245629587,23.801604329565116,11.204364729903215,10.967134292849561,12.510074803316135,8.935261256761525,10.855286945590228,11.587617921768771,6.036647711757889,5.550177138758221,3.9027854829515998,5.260729171422635,7.94326062098294,5495.0,403.0,608.0,759.0,861.0,830.0,692.2,270.0,253.0,711.0,1169.0,600.75,6093.896484375
LPL21_104,LPL_2.WAV,-377.43617022080923,-6.983846196342994,-178.57080768851313,-4.138696640170047,41.811666677176355,3.5924286754785166,-3.527085885132272,-0.4524000316236697,-5.5401509359156815,-5.040878064085124,-1.7075760617008413,8.448308879530599,-4.232862666763019,1.6933008428913885,-1.968367046784016,0.8872276280208777,-6.552624861583733,1.2113114632986908,5.929684341125651,-0.5881129765504968,97.1300391911043,39.03170024760194,65.03451904271813,69.74645365255647,39.80046578590758,31.781812350931236,25.784534760748592,15.478805434240373,16.582287098574646,10.207772044832636,15.842642549943404,13.71284542867969,8.412820365982181,11.888191193458812,5.800896058247778,7.382377131806674,8.350196694031485,4.592637052126254,8.451078669192656,6.9295921336769855,5720.0,302.0,675.0,817.0,919.0,836.0,709.8,265.0,187.0,872.0,1242.0,641.5,5835.498046875
LPL21_105,LPL_2.WAV,-401.7406672530085,6.166345979307102,-183.29332726278346,-14.973560385832943,54.580442915455244,-1.6076933328980052,-9.247856805213583,1.47300650985758,-5.539138835984156,-6.152540442130188,-0.8562133931119263,7.06248778653671,-2.2640968805182444,3.1503240805136983,-5.459959038994359,-3.417402743207614,-1.1307523928821912,1.008613923450538,3.520143714605834,0.5067567706865107,77.13734133208716,48.91544019068121,62.16494062206326,83.97843853939374,40.106701319762955,34.73000331698249,35.22320913868579,15.481693435897386,22.82296952792475,10.569545019867782,13.19571090612366,12.029730539374608,9.020799680510297,8.852817239451229,6.858807836532499,7.82970350214342,6.686777049851061,5.291372510498844,6.3449983949904185,6.912850873334354,5713.0,280.0,653.0,794.0,916.0,892.0,707.0,267.0,193.0,930.0,1148.0,634.5,5706.298828125
LPL21_106,LPL_2.WAV,-408.0500273990003,-2.9411276102402373,-204.04492475873036,-15.082369021187315,40.43401195000536,1.3965554084569762,-7.875192732441824,6.555082142073915,3.9987212486083448,-8.804987278945553,8.955730067268842,1.9672904570368437,1.8722828254008472,0.3393891644910684,2.591934839185427,-7.224745396379396,0.11796937951395879,2.549788285023545,-1.3032381474386685,1.3408110986914983,80.7499701409454,37.8768460160992,62.65363372629609,77.98651966927252,41.95411751985682,39.81548289457439,34.331361723883575,19.429257204085495,26.274609627304834,13.50968601311842,7.602282207454962,7.919118718239895,8.87370094465291,11.631777725540381,10.938080682686124,4.175692228256954,6.4429955626636,7.173252776191065,6.322907076423829,4.380021612833707,5830.0,455.0,675.0,842.0,916.0,876.0,752.8,233.0,162.0,911.0,1178.0,621.0,5727.83203125
LPL21_107,LPL_2.WAV,-397.99146126497084,8.870081391026742,-187.92140362010952,-8.113336465961119,33.63605740901068,2.9650483995527273,-7.949995328847763,0.28370840843739675,2.8914931565098527,-7.402892736731433,-1.2958378389978575,-3.192129637583373,5.64356647165164,-4.4897867764065,6.269009909594059,-7.459547677320807,1.582860975935144,-4.616303550591126,4.700299187317958,-0.697017401370226,109.02392459748705,37.559254156473116,64.69128902205283,60.141599244484304,49.57313258467096,37.564915509247285,29.677320230151185,18.62585452941886,29.11263532953062,10.674664583522775,14.959258048739324,7.509893624887706,9.886865858214293,18.686559101299057,12.143616089645855,6.7887369330372955,6.368599276335063,4.856663640142783,5.255683040103755,7.417662930370543,5853.0,466.0,613.0,786.0,850.0,829.0,708.8,329.0,167.0,927.0,1297.0,680.0,5577.099609375
LPL21_109,LPL_2.WAV,-409.0350958219806,-0.06804013984803649,-199.57724675434082,-12.495358139711705,41.93172905314976,-10.69568127504232,-9.541256792876199,8.517974997384671,-8.13457016849923,-0.9233811560504593,3.8189840708191247,4.355818905653662,-0.7858723890200705,-4.449338552771116,6.737942162673925,-5.3905386353155915,0.544013202540105,4.063633562653054,-1.05171174476391,1.8004621606040145,84.7094890962759,36.56982213951975,58.60729717697473,75.17707389215215,45.82368971496994,35.106467640521345,36.42500974534514,19.173022771410274,22.678483732276078,12.198897113025666,8.710202330367679,11.350051666166358,8.291760313098868,10.344924169689858,8.864346918852645,6.299555125578047,6.475913340836246,5.213956166302362,5.072468853485275,6.20863660250336,5726.0,353.0,643.0,822.0,888.0,846.0,710.4,228.0,166.0,921.0,1184.0,624.75,5857.03125
LPL21_110,LPL_2.WAV,-396.5017871304604,-12.420103098713575,-195.53753975511472,-11.297475498791162,41.84980763512779,-3.6434830624433756,-13.551287081413992,2.48288770706116,-5.067656247336763,0.8621126683739784,5.652487230595222,7.422369686520586,-0.48883068380730044,-2.49725063286182,1.5719605823361495,-6.219409821428555,2.710065257769872,-0.6565485810726852,4.284178932400585,-2.7162870669272676,90.30459945304034,31.587739804508,57.02920677749247,76.77867074600121,48.58286107077912,37.26678277455474,34.72665994742886,19.22361865841012,25.65775581087683,11.45461868228325,10.571056266204836,12.923752037795946,7.925819678034754,7.361807750155211,10.042338907232555,7.633251412355581,4.612014884944413,4.22213812942187,5.742179208415269,6.037518462737671,5702.0,442.0,673.0,808.0,904.0,905.0,746.4,218.0,156.0,889.0,1114.0,594.25,5835.498046875
LPL21_111,LPL_2.WAV,-383.42439833510474,-16.048319720817382,-198.32590864563338,-1.2748926233582856,41.966469386670845,-7.749205157020351,1.431718998674148,7.818784794266755,-6.217720119263997,-0.5676629518093036,-2.545980659397336,4.205890862626152,-1.1330960618533612,5.187697875155887,-1.736003850166067,0.32157035125020594,-0.7713681016988698,0.7992322419044238,5.018597918042799,-3.8602055651933833,93.68505860311312,27.161005781116724,55.36214205787338,57.64584566071634,47.41924646034083,36.74809548367521,27.894038376528197,18.346756835897224,27.472961664826254,10.327142466102444,12.137488039039066,13.440934791205379,11.209696675519139,5.827767972125285,6.050877823766812,6.211525678360902,6.808197805469038,3.5260352723824533,7.393332013907608,7.601999084662457,5656.0,422.0,644.0,813.0,884.0,884.0,729.4,279.0,151.0,796.0,1174.0,600.0,5857.03125
LPL21_112,LPL_2.WAV,-386.60481309038875,-28.558231742086267,-190.73317544512855,12.543224632010736,24.35527678862073,6.987482877729998,-13.228426034011493,-4.323300085473158,0.3892632766396649,-5.548297437882869,7.897055934427136,3.039516144374436,0.33619144084816566,-0.9852515251839177,0.4396250534679233,0.9978764170359646,-0.8721909639790684,7.6646877731516545,-0.693168792103357,-2.747047362941835,97.91431942683401,35.52674988764226,60.557816902526504,70.91356000184985,50.13318287447734,35.72196243344147,27.631643954189197,20.31273085988192,21.584611112313464,11.94091846514033,13.44263584998996,11.95346911263612,7.706465583964,9.210788494465982,11.990807423201064,5.3832032378060175,8.980357379785948,10.082258729667162,5.9468407617841805,6.39482144477903,5723.0,419.0,659.0,791.0,872.0,866.0,721.4,252.0,172.0,882.0,1189.0,623.75,6093.896484375
LPL21_113,LPL_2.WAV,-388.8445417619352,-29.508885592412238,-201.96987151079736,1.2158870729505664,44.02071062105476,1.1620218675308172,-10.27155961005355,5.7202424782482675,1.803436306650548,-5.0176447460136515,8.384937781086787,4.708008765691906,-3.4905990384114984,1.4132605258291966,-1.6100630672279814,-4.618637384662162,3.114044071300689,-0.12961813210803733,1.116975372687656,-2.5979377554593928,82.82667076512479,29.351492753681228,54.25041596058473,72.18107748501082,46.82005417543205,41.41162754597333,28.21929680877167,22.082458748197595,29.157364044013466,15.724415292661156,8.870561533771049,12.57655091902137,7.198849690148237,7.523451652754702,10.859617120953468,6.4903984565792285,7.330542692275596,5.529487971792373,5.330568234839266,5.6776522124523945,5510.0,399.0,659.0,820.0,888.0,892.0,731.6,257.0,160.0,700.0,1114.0,557.75,5835.498046875
LPL21_114,LPL_2.WAV,-377.07910668077216,-5.2357535307588305,-189.89111853993523,-7.810534744519317,44.72202019570384,-14.397458002627403,-18.494277471841116,10.324121249998287,-11.69916180618529,7.492880473620323,8.630248076563285,0.9997969402780268,-0.42706036828903293,1.6490285156165299,-2.7070964900623995,1.4784541662541377,-0.7144963416868647,5.324545171619426,-0.029460009681264266,-4.261986694331354,82.95942919247956,29.47252427274583,55.34613286578952,70.73691641474329,46.37856457032758,42.669157259748516,30.628664570990644,25.6167095329047,23.385060049503554,16.826732396501335,10.285386168103036,11.014549200620088,8.555973794122009,7.173021836519747,4.254993544193582,6.461733448846653,9.073340320247047,5.625385396716807,7.326266582571101,8.797052394138044,5588.0,423.0,662.0,829.0,902.0,912.0,745.6,250.0,189.0,773.0,1039.0,562.75,5792.431640625
LPL21_115,LPL_2.WAV,-396.01046115478914,-6.128329164169445,-197.95654464293463,-9.25241954065002,43.826523148329315,-4.933586860270406,-14.324575482203405,11.703351838225982,-11.980041594301097,-2.6824116797819624,4.898148401802119,-4.459172077625604,2.6753403240452096,-2.62972215946965,1.5131158167384884,3.638855557377246,-6.0726051880359595,6.5657344504875335,0.8313242275218452,-4.486016445845011,91.99345329156375,32.885829476984796,56.47103835274863,58.86459842981357,51.80759876406186,32.31722172535965,27.24544043957816,18.49821292340037,23.193877232832087,14.90611463929268,12.364008882574943,9.17242021865274,8.06435962306397,11.862789611563121,13.161944442334228,7.382925528341812,8.494941361931884,11.565036548913257,7.160019303565697,5.6616856812976195,5729.0,442.0,661.0,788.0,864.0,788.0,708.6,280.0,182.0,876.0,1234.0,643.0,5900.09765625
LPL21_116,LPL_2.WAV,-407.4764353602981,-13.178748593937176,-185.97931498778286,6.626977868490836,48.37037109924919,2.4887544203337844,-16.948844745982697,-1.3868344059088098,-6.425080587962979,7.575370844126765,-1.219015845806536,4.259290498702499,-2.3561124957401067,-2.112062624723698,-0.7065661703617878,-1.3101098383049181,5.831491345090861,-1.0679940290387946,3.4210982930443685,-2.66467834999614,92.91686892452627,28.671906034316784,57.35414382354993,63.84113312710579,46.490258161612196,44.57058560969482,27.84936596422919,19.992961826898057,20.658836270669138,10.006553127956852,18.543535083750598,15.375471886918733,5.944799431016074,9.54836286613511,9.457346522900465,5.3316313267902995,7.508983280683722,6.306893710645114,10.296294648021401,5.687113378270781,5643.0,435.0,625.0,754.0,857.0,859.0,706.0,250.0,199.0,901.0,1168.0,629.5,5663.232421875
LPL21_117,LPL_2.WAV,-402.3565924165275,-28.142429021285455,-199.0652607833911,18.505509199859898,30.641723034881423,8.851330544038188,-12.466336082931745,-1.2323029141668207,-0.16984110241538994,-1.6321914487505236,-4.233597022909796,10.928234995886498,-3.6641709267197693,-0.30240714863869317,1.3900628204807106,-3.3016061001733035,0.629139542291844,-2.271391131675144,6.5477509000540515,-3.7478789718583254,84.12630336543573,34.89993255669287,59.7465307239284,63.78452288807333,45.76964050288224,34.689463680437235,31.866976091134674,18.14333793129882,19.194585406382043,8.650968648764469,17.502874777671153,14.846509240929358,7.338620013254725,9.231669103355989,8.558810360686694,5.9646772559109795,5.705179372016858,4.772912929544974,6.364676676990217,6.939926400335796,5593.0,192.0,590.0,765.0,895.0,852.0,658.8,336.0,239.0,787.0,1179.0,635.25,5813.96484375
LPL21_118,LPL_2.WAV,-398.38616746123233,-8.171075636790222,-189.5914958745368,4.776132764920215,38.375829670069116,-1.4801374654182378,-3.4550389870979537,-2.4341551622804607,-2.975653862433651,1.8808149936095464,2.194390520768014,2.2165145165014066,1.619836129117694,-0.010395668534716077,0.27089253087164133,-3.984757174632559,2.9660848442866667,-1.3433105730871948,1.203117111638861,-1.3750251520851433,103.77080917979245,31.798740917535522,63.59916073630383,59.44440997690594,52.26276557627979,42.35481911438952,22.854273345729382,17.613981739083712,24.605769716176344,11.23726805369014,13.142155029703856,9.620941704961098,10.761564376643559,8.100842573413681,8.409379205438185,6.2644859885014,5.951276157727539,5.296184356141699,5.209487882608936,6.172557389528509,5889.0,320.0,580.0,849.0,878.0,874.0,700.2,321.0,193.0,907.0,1235.0,664.0,5620.166015625
LPL21_119,LPL_2.WAV,-372.85032758615887,-7.146587141424201,-182.97850934400245,22.86601385691031,33.097558207638,4.199351406546291,-10.874020226857313,2.446465609445009,-8.696361810921493,-0.8698353874843995,-0.07336917590364775,2.113966895527152,-5.064504824892046,2.6446818574308035,-3.8868657663522024,-2.1605152633910767,4.770294161274678,-2.1280824125110738,4.494697301777173,-1.9361408826241944,96.98482866399856,40.358016737866215,60.493577139001296,61.68960389285222,49.076730761437574,43.06082497134817,32.65467389555018,24.090115141528223,16.932387305433465,15.025072546874505,14.517665018424035,10.638121118870865,7.142926796420553,6.458332661607151,7.4526042922829046,5.099062082012131,6.021510245496351,3.921075227984414,6.287796047957858,6.795116986185602,5738.0,353.0,598.0,809.0,956.0,924.0,728.0,301.0,199.0,868.0,1051.0,604.75,6136.962890625
LPL21_120,LPL_2.WAV,-380.14646383175216,-17.611400123053418,-197.7782809259184,9.82399638331384,36.682438036416734,-7.063649791360792,-7.019945837792365,-7.948991766163614,1.6083636861552018,-5.514532888627296,4.978455629100509,3.5076810428217224,-4.8331344524383635,-0.5661246114492225,-0.34360886990031436,1.366638254754189,0.7111474040834598,3.6417900613120717,2.3335230156056146,0.6037536341841072,91.78693785598733,35.96583406244441,58.59305453856254,67.95547354016863,50.44006707029186,37.78598135558402,30.06893762632063,18.939945082208023,25.200213120551147,17.670756498567243,13.188271298995936,8.8002967781252,7.8453489120807385,8.378722719534348,8.75470872983043,8.856641770575221,9.511260608074618,6.878883023404923,5.189825127302008,5.052383172400861,5603.0,425.0,674.0,858.0,930.0,931.0,763.6,229.0,168.0,745.0,1024.0,541.5,5857.03125
LPL21_121,LPL_2.WAV,-387.1907936296204,2.3481238311338184,-198.46649175137412,4.916918929034159,39.836154809516685,-3.6879456164101523,-9.895788223387898,-8.728797365296352,0.6597845343023659,-3.5581531059220253,-0.760123537584109,4.345488981446802,-5.646335317422954,2.4371368159045077,-2.6057934234221274,-2.5562842038505047,-0.8682700102173518,3.3403741119857475,-0.6385066356889848,-0.9983103306372791,79.23959699356624,39.876364280720516,54.606313442358825,68.02211199502364,49.80082199909855,43.27672744663218,34.67040559007519,17.376713521616516,29.266102073881594,19.163289437111537,13.037212216214074,10.616777011514051,9.322561652875297,7.3228792597613515,4.727819615506891,7.817688224552997,7.744342596873785,6.963090394217888,6.468619314912367,4.954478781725512,5533.0,462.0,637.0,772.0,929.0,941.0,748.2,238.0,208.0,768.0,1002.0,554.0,5598.6328125
LPL21_122,LPL_2.WAV,-392.5268093790663,-13.309842456712003,-200.81132354974835,-1.238373934876075,33.47767968763878,5.792345415447239,-16.162869416870002,6.972888272678673,-1.0061426056643954,-10.90746334168925,15.828226685050462,-0.5279674488207321,-3.2303449942760447,6.035297876858673,0.20461391299135506,-1.6767336053030004,-4.47792945835681,7.335098544258878,1.3881800926502164,-5.635077596490215,84.72742144565743,39.01655199423766,59.127468724513015,72.06903547147394,47.222191146943324,37.00934027859296,34.98863942226445,22.047555222658882,23.29350413956073,16.379243651314873,8.77725879211308,9.670383449162285,9.655737603878835,5.127825276685494,10.171675669111712,4.097957912039963,6.377431069883386,7.355218638465098,4.143631218818377,9.253724423070622,5716.0,413.0,638.0,814.0,900.0,856.0,724.2,289.0,200.0,780.0,1163.0,608.0,5943.1640625
LPL21_123,LPL_2.WAV,-373.15886610795593,-24.446794537011865,-201.96297490116328,-1.2366052328320485,36.10053534707202,-0.6088308152582695,-9.73639804703533,1.6436279492037267,-3.281587409643091,1.6266547029028857,0.8082042348848212,3.4269475544088626,0.11150716005868531,0.782476419700731,-0.3409623171788469,0.32989615775502046,3.019264318738702,1.313766803829987,2.9534233147740765,-3.25567197540346,95.77986016194619,30.821133035212362,54.24989874317553,70.27435344667187,56.069564641961904,41.84945557064947,32.374865058591766,17.48977909967064,25.717976960095335,12.774721431410184,13.157630286044103,11.552558477578968,7.068261007597514,10.132422824179063,9.336274833506321,6.961151524173129,7.163221602986356,5.902112406715844,5.921969802524834,6.918771340365153,5466.0,419.0,630.0,817.0,957.0,929.0,750.4,241.0,168.0,658.0,1020.0,521.75,5727.83203125
LPL21_124,LPL_2.WAV,-386.1020022592272,5.97292829599033,-206.5404640127604,9.88799806883409,37.82937368461606,-2.7916936549695426,-2.4222483613251584,-2.5435597519766953,-3.3930554033425535,0.35976388952247823,1.794782960653555,1.5976993894714133,-2.756856899514322,-0.34008302635733656,1.9591651873880982,-4.7142553710134205,-0.2818859513467247,4.59743340865716,-0.8191458657456838,-3.1643067372580282,90.77508261995446,37.88258857213158,58.00870371129489,58.75888694485406,49.34795016535702,41.07265964871244,31.7019412172258,19.14555188611053,25.72339278556277,16.20726012546524,7.901480619961548,8.712973509507119,11.370619332188197,5.924836849364532,9.556883075711442,5.549101850556124,7.222729245295334,5.6051973377017585,5.609135656550359,8.623266973265862,5620.0,450.0,656.0,833.0,915.0,926.0,756.0,249.0,207.0,743.0,1061.0,565.0,5878.564453125
LPL21_125,LPL_2.WAV,-372.53860203349757,-15.16001439931935,-186.2555921042947,-3.934599650715528,43.61912282155088,-0.9229183034196535,-11.927803978079085,-10.182154785304906,-4.471979630760729,4.690316668339235,-4.98900664144677,5.627814735552359,-3.8409095709194667,2.399501950881932,0.7161889843821417,-3.7748846202984097,4.547990087121073,-1.9521295232352154,-1.7699124398690969,0.5275989570853479,85.14563648657129,33.682860306302366,57.195541075302415,72.60997105276913,47.76047418103137,39.32583603723732,32.217553955178346,26.241040193067093,30.091304747216505,17.486684467604352,17.134408013848272,10.603634999991607,9.823765186880882,9.278313545135987,6.917656655013248,5.845987297134728,7.609698348947029,7.953559936081489,4.797239772634328,5.79651586550426,5453.0,367.0,621.0,793.0,949.0,911.0,728.2,258.0,215.0,675.0,992.0,535.0,5598.6328125
LPL21_126,LPL_2.WAV,-383.52847715487735,0.427259932453132,-196.7975723642752,9.363350448611827,46.6426132798798,-7.616522130964871,-13.791358164512815,6.199233840568348,-9.262275592455175,-0.13265334571756604,6.212628157677297,2.4675985949744406,-0.6508985921449769,-5.54731864991559,4.774272403280423,-1.1584732260972885,-2.7887414184677897,4.704403366684825,-0.13321642673655226,0.1525623790548974,90.78879475778248,32.99311334498069,56.289336644635505,58.28443738001334,52.32766079937193,43.70010620960761,30.42028375241914,21.826234039945575,21.609978931934332,16.808217587475163,10.34427922074215,9.518965368998147,6.199990919861718,8.73352378242711,9.476160553030372,5.067935028306804,6.932257028890723,5.308497003111438,3.840682915177941,5.055088881142993,5657.0,417.0,662.0,847.0,892.0,941.0,751.8,226.0,204.0,842.0,978.0,562.5,5921.630859375
LPL21_127,LPL_2.WAV,-386.9858695790608,-3.426496121976297,-207.37519732152003,14.89522563449489,36.993229546493914,-12.485150094610079,-5.003467291618741,4.955646123503798,-6.6693563641015805,-2.832465745682738,8.897933888938157,-1.3559193118626576,-2.3265748765144227,0.8484035075232614,0.5671175697375637,-0.08554670802615562,-1.9001696105986423,2.8361481479351767,2.442432069383222,-2.5968982900523554,89.69386865253914,37.71743422125625,57.21963715891139,60.39347555574674,51.30506758801342,37.43293585991126,28.11712345826343,17.05545754306665,21.651438010876934,14.045078805056482,8.903508593910544,12.66822566610833,5.960241101615211,9.695673713567151,7.621645645102001,6.178215963447148,7.600283441679926,5.766603593825794,4.132639198597346,7.07694911494591,5564.0,455.0,629.0,818.0,904.0,911.0,743.4,266.0,171.0,731.0,1065.0,558.25,5878.564453125
LPL21_133,LPL_2.WAV,-438.4240352572629,17.921839930839553,-197.09975697551965,-17.095655308479905,57.58111458843945,-9.42515334312726,-13.988828048354197,7.143505705452377,-8.277500232173473,-6.563318972351608,6.790451137911892,0.11268924616265627,2.822774154813711,4.659197352402078,-4.244957235894687,1.6024215648945865,-0.4018779086883497,-0.3573833732573301,3.9263287416298236,-2.4915746543084043,78.066375764634,36.77247628958962,62.227990934956296,56.952136669279874,42.24995665460892,36.244296357882725,31.53279621810425,20.704676432973436,24.539519325907758,13.128522386320736,12.835652649880561,13.092409857098964,8.48185034521164,9.504091739431882,5.379485178880922,8.854852924666167,6.387848712519033,4.903854276410861,6.219046140353211,8.459507696449707,5935.0,242.0,657.0,844.0,890.0,813.0,689.2,284.0,208.0,962.0,1294.0,687.0,5598.6328125
LPL21_134,LPL_2.WAV,-417.3070411739491,-7.595118824168266,-194.79697491995373,2.2991803195934235,39.4101721743333,1.577954813542552,-15.288168517167785,-0.5018733815838066,-4.729014195299888,-5.113783348976176,2.4835972898836527,10.805270458961035,0.17604552247941224,-1.6763667360284287,3.543045439132872,-4.30916190724443,2.2977191850489382,2.1243476972629116,1.49693819215075,-2.3121129497727435,84.12457823946384,37.67853784242299,61.71739859270543,66.39791537015115,45.52935924562355,35.3640108141764,35.39041873487058,16.536004516687722,20.31909634832536,10.213647425936786,12.479009232888549,14.557935906977024,8.06090762837344,10.860301992212,11.244468982161788,5.005515623714237,8.694063291042808,5.61819273274783,6.525491385610471,6.8671731875060695,5786.0,109.0,657.0,838.0,919.0,851.0,674.8,325.0,181.0,831.0,1254.0,647.75,5835.498046875
LPL21_136,LPL_2.WAV,-411.94349353434853,-0.9380592635932906,-184.56177276375587,-3.7989761957212003,37.725804076239896,2.9637603553039544,-11.882395937042402,1.7348037195688168,6.259365078942951,-8.95634807849125,8.219966106977155,2.1983824646503334,-3.0835609398104937,7.211164027254277,-2.164211023781163,-2.463943757822735,-2.2777033343704454,2.8622151878266884,0.13841594138840843,-0.9746085216061657,86.94540299116713,53.090202299507105,64.8949124138467,84.18613697680088,41.211845204903085,35.22355376567825,29.767214985511934,22.090960815323186,22.533969211712098,13.03829579430945,11.34379826909233,9.655997142941473,8.463026418398883,6.312174155447266,6.671388462111801,4.55036140292139,6.842242920035154,5.111490696726919,4.269880813293063,6.508763688110443,5879.0,380.0,648.0,777.0,863.0,863.0,706.2,272.0,226.0,957.0,1257.0,678.0,5620.166015625
LPL21_138,LPL_2.WAV,-413.9792965839594,-2.9677803857526093,-169.90959570092716,-0.5094058212898006,36.50352083573495,12.805936746283107,-24.973840323293288,0.9034908194909097,5.083614751350824,-17.83584637315907,5.326679314873238,10.94671071023448,-1.3958717505137463,1.2560983874614597,5.993234651824371,-7.209591476934718,0.4475030160284169,3.6286268007068125,0.07495554438445708,-2.2491874122153144,113.00182647271161,43.09136507129219,70.26941900878545,63.263196015735936,45.684329463317916,32.35550319235478,31.328409959976735,15.555384809341676,19.441506085973227,11.673253958116566,14.028215248068525,11.545799443743206,8.57148694385886,11.121353710452748,12.113685509150555,9.215470209615978,7.5521579771310945,5.834698722764773,7.465013333749836,10.031619600655322,5831.0,105.0,591.0,764.0,815.0,768.0,608.6,521.0,189.0,1038.0,1350.0,774.5,5792.431640625
LPL21_141,LPL_2.WAV,-403.70900605737967,-27.40665096558051,-194.74193298118686,-2.058021932819928,39.842032714557476,2.375396447179564,-6.319458815965845,0.7506528743675099,-0.3612704783252251,-0.5642493485564576,-1.1080685655832647,6.71421332343264,-0.19104043829035403,0.9475341051324133,3.2676738035481256,-7.971287525938128,7.074407838577415,0.5753637005284904,-1.6801284426081902,-0.6372188124065539,81.72613840348664,32.648428036930625,57.60980330835871,80.7491254836777,43.391632484550776,35.847931218299685,30.17871821273539,18.546952487601946,21.4093969832646,9.164268105750242,12.490820352214417,9.563136895971931,9.384950170605723,10.130236363895554,13.527227199755727,5.711222153148483,5.905172280953604,6.450766474272902,4.403093520256763,4.9516170720385375,5749.0,436.0,651.0,805.0,894.0,850.0,727.2,230.0,224.0,854.0,1198.0,626.5,5684.765625
LPL21_142,LPL_2.WAV,-414.1889566391404,-4.684453035255164,-191.54069944837985,-8.372177556713773,50.61616124046321,2.894344544494685,-10.116968319530136,-1.8094235342171143,0.699358514830877,-7.352437657882495,3.0000443448160934,2.6448688930954183,-2.4502119062793026,2.3971576906341885,-0.7663109218500642,-1.066537837610269,1.2541083798374544,3.3280823848353926,-1.6848360792734192,0.7350998831884487,71.81324241272729,44.05109173113511,56.56203726630365,83.3800506098198,40.642715173243495,37.12989685380192,32.07343196448444,23.031025511953562,22.62464533849847,19.21697319947924,13.864218450120756,13.538710457035194,9.406136853791828,7.271007306380632,11.072390775862019,9.4770009996197,5.145637024937147,6.589814917096206,6.6620658925264555,4.790751129413732,5656.0,410.0,647.0,825.0,868.0,847.0,719.4,276.0,193.0,803.0,1161.0,608.25,5813.96484375
LPL21_143,LPL_2.WAV,-400.69017927011674,-31.917721291040717,-193.78498857510144,3.9415080230611492,33.93529980032453,1.9405009145031822,-8.876911622428711,5.64488999885997,-2.4588920132906016,3.6346276560735404,1.8388511263305007,7.027938881854461,-9.052177210922327,2.2517230000672304,0.6192685969305393,0.07247137117275552,-0.1147451312922372,2.380942785551096,2.109256203381173,-2.5391175657591294,89.6712782932854,37.755565490720734,58.1506930938139,79.36742222210783,50.16152389742292,35.35850159782706,26.036131059559622,22.717774317172346,19.26248597120799,7.264984597363953,15.068943754466714,13.038232262032958,10.170004194920903,5.685261497202059,9.15651243363976,6.44588004120865,8.523999441606044,4.980921421261021,6.296106946565437,6.338324430292987,5728.0,415.0,653.0,743.0,888.0,892.0,718.2,249.0,247.0,875.0,1144.0,628.75,5835.498046875
LPL21_144,LPL_2.WAV,-388.68388141479693,-2.7331791211268213,-190.32401131636908,18.826831999386513,36.04070134676658,0.18944739569591368,-8.186191660705969,-4.620303798718248,-4.569335852986876,-6.407403786343423,-1.6857204968416157,0.6664993637594853,-3.4446755981335357,1.6534711666278927,2.867178281794042,-1.5330227588276881,-1.1691787421427504,3.5349522821683035,0.6241705152197337,0.21543266822353757,94.37096361815057,49.34385006986825,61.53093023500887,64.5350256847586,45.2802934003661,32.361891442414105,29.63151096616848,19.258766899256518,20.689134903020157,17.28584358186104,16.357272754167656,9.851567503727983,6.395265151200578,6.1615599924200595,8.947957706259379,7.188521806854547,9.213126775512658,6.268875539219286,4.398625144307954,6.308114385840006,5772.0,344.0,653.0,803.0,866.0,889.0,711.0,284.0,226.0,858.0,1148.0,629.0,5921.630859375
LPL21_145,LPL_2.WAV,-407.0610781247391,-37.789504866229855,-193.9335654280391,6.108970469706749,34.21856424150198,5.738500693178957,-3.539776990133106,1.7127397024096795,3.8370698483936647,3.0187295887552628,3.94867120099696,0.4532597737165496,-4.044878416928284,0.3503221324826345,-4.484401466692943,1.2114555481978373,-2.278379718981925,4.821869392339192,-2.152020386171374,-3.040280306437966,87.11495127943718,32.92841430154852,61.39478808257897,78.20038858077066,48.441011482419924,40.52875229457883,26.21046676685204,23.755493871693613,27.277998935306854,11.77197532729601,12.728945030432989,7.033766118074714,8.95411890582745,9.225596106549586,5.178181609395124,7.413997738012739,11.092093237142171,6.826950912160176,5.543578454165086,8.582999182013472,5794.0,418.0,638.0,809.0,861.0,895.0,724.2,263.0,249.0,912.0,1148.0,643.0,6136.962890625
LPL21_146,LPL_2.WAV,-399.5880059429612,-16.725144490778572,-198.02283572156608,16.903519383080734,28.354132442091796,-8.960751254772697,-3.3641393496052308,-9.357790306190726,2.8529146386072393,7.552725091141881,-2.0920905668933973,6.91415053189311,-2.7030062281640226,-5.307248020263309,2.0652182925813065,0.5899690471993415,4.778530809603248,0.20179489168777462,2.088019438255236,-2.317902006999932,86.60607235108233,35.0550212181832,57.23374978072256,69.85123921744515,57.75317545458123,39.588862435938395,28.163137718802922,17.773129926870617,26.868758770429196,11.080241843185405,16.782083680786688,15.685139645217069,9.216947279805506,11.03124752938341,10.360294446425799,6.362390811089911,5.760179762006634,6.405995272566144,7.011418131352255,4.702762935171977,5525.0,344.0,597.0,745.0,893.0,864.0,688.6,273.0,219.0,833.0,1067.0,598.0,6136.962890625
LPL21_148,LPL_2.WAV,-415.6768483238842,-2.5265577797603664,-195.16052618273778,2.8509019851877073,47.85202770283284,-14.571497466647838,-11.541513832012608,-7.5861744696347255,-3.549070179293977,2.73298788713807,5.961324586649747,-1.7482773844200064,0.9138199650572006,1.181263881332618,-3.116855642834192,1.2364734968094029,1.6249907371211305,0.17944920684933618,3.6189928911264713,-4.104344744343608,86.98418596042627,34.29726985492393,58.80850524876052,65.67464350536862,49.932928783148924,38.77794931176482,31.089950008597047,25.48134028856731,27.689930971026183,18.56210585240236,15.41731570635748,10.421697980658077,6.921642152832425,6.477176540590795,5.602372941842389,4.398833245149856,7.218400866647795,5.363253952241557,6.746857591065311,7.47848706339153,5658.0,325.0,597.0,799.0,894.0,877.0,698.4,281.0,231.0,866.0,1130.0,627.0,5727.83203125
LPL21_149,LPL_2.WAV,-406.7750860838192,-8.158831857874967,-188.0855150868479,-2.326430816377498,60.36566287654469,-10.755275312905729,-13.570765970983036,-0.7716995319127489,-6.98091626722459,9.246482653871983,2.2659231937350044,-0.8572057284421696,-0.6700496438858494,-1.6401810956982406,0.11272420314961785,-2.289514083364424,4.277442225530474,-2.3079978017447904,1.5114543730163277,-4.622246206927352,74.08598232377999,39.97206021711721,54.206624138241864,82.74345713147422,40.89092114605019,38.454937517705794,31.30830866086678,21.853916455291884,22.550196101897843,13.079434595946088,13.23353841453087,8.875452443339862,5.517112001832985,6.447911671804771,8.99945854941574,5.766657060122383,5.922941235882456,4.9355394412218425,7.155046963819626,10.12646347506987,5396.0,385.0,582.0,774.0,920.0,923.0,716.8,253.0,241.0,657.0,1030.0,545.25,6136.962890625
LPL21_150,LPL_2.WAV,-410.9571095685463,-22.245574912169715,-198.86403498146606,-0.3712522536124492,47.96337236950828,-7.8345454514459565,-6.9121088442089995,5.747921333745812,2.5134649222510057,3.0497065773789886,5.5468153346143065,3.225413866770798,-9.062833669024231,1.687062957005895,-1.9281970224444378,-2.167677440392823,-0.3790231007146876,3.9576645734427305,0.671992197498325,-2.2192749400656484,92.08619780492184,27.133532207965107,59.58336769410259,68.25862830731651,50.372494546135144,39.57987454578504,24.970019752051336,21.10753238402176,29.84065168759803,11.886197213282117,12.839129787729215,11.595254734418866,9.174831108253729,8.976196826673824,7.4954892131549355,5.9343201266543435,8.551438541994509,4.729657123586887,4.214437357859157,5.558994397350282,5732.0,365.0,640.0,824.0,875.0,868.0,714.4,293.0,212.0,816.0,1183.0,626.0,5943.1640625
LPL21_151,LPL_2.WAV,-397.6925674186886,-18.394088598864634,-200.00872618548556,16.56759839204348,34.20099057099752,-8.840234261255851,-0.013880496704951693,-9.389625098666622,7.8342494816909385,0.0725523015944855,6.128092860136757,2.9929581340949243,-8.968863396516408,-1.2633232784186508,0.5033923434351026,-0.7146363378175573,5.913203304663676,0.2562845559888153,0.39484339781468125,-1.0893984025764665,82.20032945659771,35.319142603125194,57.24307990275187,67.8376850900794,48.71439627233489,35.38654508560451,26.195026437546108,19.93992651801902,28.419001143469295,14.633815230458112,12.561079366890409,11.583289155550538,7.27626975042473,7.038236844301019,10.03484490078359,5.787086441241364,7.494577096267631,6.095912550261059,5.31516530212826,4.947241400961589,5791.0,385.0,634.0,852.0,944.0,890.0,741.0,299.0,186.0,860.0,1099.0,611.0,5857.03125
LPL21_152,LPL_2.WAV,-417.0682678377222,-13.467937808852039,-210.07360974398185,-1.0527721160580783,42.74067518255495,-6.072927340109739,-8.255003349483982,7.09405702953581,-1.8219344339649632,1.3929294621672217,10.047423116060195,-2.111590004373633,-4.860674944143356,0.4744036394625955,-1.3302070133682837,0.9633946564126508,-0.5473307568061513,3.465871873526633,2.6163751336899916,-4.060596948917819,92.16266021347307,28.312036065796136,58.42298864199468,64.70342373279767,57.26054559944892,41.34336591330403,26.587200777988123,19.77014176317917,31.425667846634493,18.39832917649041,12.249825822949083,12.903324591035041,9.358658413921981,7.483885641595805,9.97504726839109,5.553456593148334,6.0448768210746255,6.234737846446956,6.905304053615541,6.578573976488295,5726.0,407.0,659.0,841.0,871.0,849.0,725.4,268.0,187.0,855.0,1165.0,618.75,5943.1640625
LPL21_153,LPL_2.WAV,-384.09833212942664,-13.425531686775376,-188.3542129397685,12.60395875525913,34.96910799240723,-1.4428757754957404,-12.122990169015425,1.6981780247141103,1.61177574649122,-2.97710067008025,10.897243088030757,-1.0588504013554847,-3.689323172651866,-3.3296850317068127,-0.7746140295850897,-0.4462351409205296,1.7980736530398638,5.000915858921104,-0.7672645166783636,-0.9264118585488254,103.31865061252678,34.762406113215334,60.03907162364664,64.96675980340999,55.21619028288791,40.36005851389061,28.412747822611816,20.630710182476204,29.996244603626618,17.107158824229057,10.834315256945168,9.530248072970892,8.197740746492245,7.057391142982453,8.346609210871051,7.682133598026982,7.033607758679589,6.429929996619353,3.759618478759944,4.220474214432526,5573.0,363.0,609.0,759.0,915.0,907.0,710.6,308.0,192.0,745.0,1093.0,584.5,5749.365234375
LPL21_154,LPL_2.WAV,-422.9950718672237,-1.1707758594420923,-196.20181520757447,-8.107352797319418,51.39801402303778,-7.104297652254418,-13.874128148988593,7.028132377517964,-0.47081891320100067,-3.6396026540895314,12.591109861626999,-3.719839791746679,-2.4966443499751496,0.9455441135288557,0.40148923974623807,-2.7537037707484675,3.5591928800223225,3.1588968726522095,-1.074892132622149,-1.279290099719717,69.06623215749232,40.57421750271695,59.85129531777534,78.66618910501269,45.02268612022417,43.04148545875625,35.686735066987794,30.159760942898338,26.373744720636704,23.604478347325106,9.250448204106874,8.316182093586427,6.794522198571956,7.260347477814117,10.168107896224294,4.085966048214154,9.188777978655098,8.099323038877612,3.857583249104269,5.08186690474618,5632.0,117.0,633.0,821.0,903.0,857.0,666.2,489.0,210.0,785.0,1089.0,643.25,5857.03125
LPL21_155,LPL_2.WAV,-389.98195609774257,-25.286468597097464,-194.96340992393172,2.654013002172085,36.94235391842637,-12.026988790173894,-4.668056365145167,-2.4330553412933593,2.69146980819665,4.5515231685491235,2.302159788361934,10.371731366018457,-3.801585068159984,-0.45466637385088304,-1.7334541039735876,2.174536732109574,-4.548372342941179,5.148365988746511,0.28291555913840005,-1.3994676826450287,89.41772916975252,31.990199348316004,58.561802764430006,76.93734109169908,48.82738008838953,36.23686737851018,28.23097367321177,18.962169260607933,25.210840789550954,9.706122400790965,12.653553896443421,13.733858521075508,5.005190587872762,7.347810105233122,7.963198985491098,9.070514229181432,13.291869379392903,6.817342588438594,3.9780390698826205,5.705487338253106,5508.0,199.0,641.0,803.0,900.0,888.0,686.2,388.0,176.0,765.0,1064.0,598.25,5835.498046875
LPL21_157,LPL_2.WAV,-401.52058311636017,-0.6461568353957851,-199.18769392295343,-14.622384135002536,60.061847086134286,-2.1342181416197996,-10.790461284996915,5.8657279115365615,-7.640230814711354,-3.5470472245958793,1.9471468444389375,0.3417619283305587,-1.683355775001894,-2.604748455105117,4.641941346417507,-4.504348861068727,2.1548368496832535,7.840580538705358,-4.176065235095504,0.427727767226607,85.89755451764368,38.53500310527907,58.76980842261001,77.0355849278827,44.185902729947514,40.63911853007517,33.51964028993095,19.103527201505173,26.81160677303942,16.50301424086281,12.235989803325895,10.47074889931711,8.604025596782954,7.808132851897444,13.144663523770902,5.127548562120034,5.896014696005722,6.967222022104104,6.8162483036864066,3.8405581222414167,5800.0,479.0,676.0,850.0,957.0,925.0,777.4,215.0,184.0,874.0,1077.0,587.5,5620.166015625
LPL21_158,LPL_2.WAV,-390.6712253626644,2.6637367811440926,-199.88369927879415,-6.821557205629786,52.25368781793922,-8.624176321972811,-11.82835672788201,5.836309929671161,-4.599061359146622,-7.919972214774001,9.35294000298374,2.5578166299360814,-4.457014826718278,9.247103793477551,-4.810297967577816,0.8564130287402462,-2.981091730889047,5.278035996076979,-2.40527087802264,-0.056970684848154235,87.21368639513337,37.257588066607674,62.33227343509887,70.17194364939198,43.19173889596969,36.226518042519835,38.60565840594402,16.925370287173713,28.51577353107543,20.21262740257481,9.001332972378579,12.722440499349199,16.259896305016103,9.445374677727427,7.321190998665981,8.484556056910053,5.756868746523268,6.6570618255382525,4.452220465120274,6.25100705233613,5760.0,472.0,685.0,840.0,940.0,879.0,763.2,245.0,218.0,789.0,1125.0,594.25,5878.564453125
LPL21_159,LPL_2.WAV,-378.9188548452477,6.247194830047504,-189.18277787758686,-7.065410004107473,48.07203732748329,-0.7627551762194656,-20.16758962756968,2.815374098341284,-11.235222447158012,-0.007389562076282346,-3.241868054512845,3.1718613242674296,-7.640270026877178,0.8106482747011864,0.8672073173917763,-4.062123230349856,-0.32208941354930815,1.2443759163175092,1.7568593435971342,-2.1012280634958946,89.78843078995533,51.6874986428631,60.21158080388895,76.62646947423565,43.76319531303498,38.305720303341424,35.490571755361955,21.873253202631783,19.04933258466224,11.3668671975848,17.857599093788725,12.591306393540922,12.703675475372082,8.829655296304901,11.59409676940112,4.943526592920465,7.281404942968712,7.461030136825086,5.846237168252099,6.355975628633624,5466.0,465.0,642.0,828.0,908.0,896.0,747.8,240.0,174.0,699.0,1053.0,541.5,5577.099609375
LPL21_160,LPL_2.WAV,-406.41386882352367,-19.474646969523707,-198.02355481737698,1.459119374339676,41.906113668244146,2.424085845163819,-14.358997504747517,5.490874107352615,0.9684391625438288,-9.137182604570953,8.986067820281217,-3.4517905513685077,-2.949161272910161,3.9692076061222705,0.8374586047184805,-1.0872368476288943,-3.890255089804568,7.940115340984709,-2.3758283496991344,0.4392672884336288,95.87784348519186,34.03253179134325,66.02037684696037,69.87012559005863,46.692418651978805,36.68240547501182,33.07432627182817,23.463613922347495,28.43347255567705,19.24814347285715,12.019398811146369,8.390850458626948,13.145836757183558,7.316681358804851,8.634620829471153,5.397633219609473,6.902648806165205,6.318275230818248,4.287773220191972,5.034787292941583,5950.0,426.0,635.0,872.0,880.0,856.0,733.8,285.0,208.0,943.0,1228.0,666.0,5921.630859375
LPL21_161,LPL_2.WAV,-417.6835654643346,8.249492739613492,-199.3387004550505,-20.132926444823593,60.083439007073125,-12.113503938474095,-12.296386558902782,8.284921809585082,-7.637290542977157,-0.2363001024295562,4.512700493234923,0.20055178764939335,-2.3190286542108636,-2.119687749284164,1.7682679888329633,-4.126391304978012,-2.4017091210177126,7.469015103145049,-0.9471215550450588,-0.26387367392522276,79.77856896241005,39.58933711224335,58.49263124671931,80.40045830784612,43.863290456891626,36.67643578613268,37.394469656597444,19.735545393246245,24.577865390753235,16.79147599704141,8.82413647877848,8.806811031171202,11.142594717976175,7.763214248036158,8.618953702061182,2.879780444039737,5.930942941918124,6.866350312524868,4.240429524464445,6.451187360995925,5839.0,402.0,664.0,853.0,890.0,886.0,739.0,232.0,170.0,930.0,1162.0,623.5,5620.166015625
LPL21_162,LPL_2.WAV,-423.5937412384541,19.294146052653584,-215.14743355108945,-22.39130795096636,67.2616857881336,-12.71018218621506,-13.756993625424307,17.331001408030343,-6.24263552795648,0.6206664261159327,9.588968349413511,-3.012221345822569,-0.6219747962265235,-0.8244479366731656,-0.13359360818489877,-3.624626538570861,2.40547526177381,-0.4010288823768584,0.5973509161006266,0.8865267538193657,56.82640225632086,40.776586174087896,56.94368391430778,72.35741570596382,42.019641902304734,43.84723861589446,35.402097618309575,25.24942448378548,29.67590198121714,18.972180262029184,8.338984275074507,13.832345035348727,12.524608576548136,5.530478651358583,11.213225010192437,8.074884479016092,6.673238665393671,4.741119926679412,6.2768214811086525,6.2121843032016395,5454.0,378.0,667.0,828.0,915.0,876.0,732.8,269.0,191.0,659.0,1002.0,530.25,5857.03125
LPL21_163,LPL_2.WAV,-371.794971380817,11.567400385981673,-198.70667156713543,0.5831693534586296,25.153795204502018,5.757112066538776,-19.963966928254788,-0.7895563860834522,10.062195214441166,-4.012974344843327,5.332641442973826,6.274189735782271,-10.887651879218394,0.7800162615931754,-0.6987995770452478,-3.31013236834435,3.866145884708086,2.0058796099532246,-1.095084835162737,-1.614185139567827,71.79076720515343,39.159747696626305,55.28796897674112,73.6840072208756,42.27503252797699,43.860636831652506,33.66401943997442,24.16136844836286,24.552984050177546,15.230792553425134,19.994683679094567,16.20379774721255,8.780830119586872,7.334785422690695,9.124167604124498,8.216101129249378,5.951759428265191,5.13975065086821,5.227012291280454,9.327031378183571,5356.0,347.0,636.0,854.0,921.0,902.0,732.0,263.0,190.0,629.0,949.0,507.75,5706.298828125
LPL21_164,LPL_2.WAV,-411.6898970974095,-17.30855008447458,-214.76982564254803,12.977066121354897,39.204879874126725,-3.3727702303995772,-3.1841927035892894,6.524061707928634,-4.015211720907758,5.304107796136676,5.117177941297618,0.1602281501929078,-1.9780546807326664,-2.477647457145582,4.559311364115759,-8.0178938547112,0.511078441040587,7.084635010928509,-4.96656327765632,-0.18122601319498863,76.16704750453506,29.224983787799804,55.06435355023246,63.430652943563345,51.16664973982631,41.09095375834921,27.55623976595044,26.713250373084705,21.30388292697053,16.72545775685253,10.664565063868114,9.905092249812983,9.562672264705533,5.52641699571464,12.844533935490048,6.855355049000925,4.619867280071447,6.282514870981813,5.155135934252428,7.600443950904908,5667.0,405.0,657.0,806.0,881.0,843.0,718.4,288.0,198.0,785.0,1156.0,606.75,5921.630859375
LPL21_165,LPL_2.WAV,-395.7281841332005,0.02014420237434862,-197.01327819944927,1.0082873784072595,48.48521072332183,4.901378050691039,-20.899065328194325,8.349095388944908,-7.228032504063777,-4.304169768739534,3.436292686091454,7.661731310280003,-7.045793411598064,2.6636648341185385,-1.673301183468693,-2.992038134870137,8.305535921257446,-1.2967865795957025,-0.23895767439284576,-1.404636815255731,80.7032158929545,41.074259979417704,57.59937994433,65.59814509960243,44.572010260998965,42.43516203842576,35.67148541301287,27.20566777108526,22.482633247874347,16.796490928419775,14.743405871167376,11.84683813093236,11.757198175706769,6.503420429895222,7.968364621280382,8.127360581480916,6.109910452339525,3.498433538721525,6.549200486132101,7.26075839789865,5465.0,305.0,599.0,832.0,907.0,860.0,700.6,359.0,188.0,572.0,1126.0,561.25,5727.83203125
LPL21_166,LPL_2.WAV,-417.5253842056133,-10.816798596147843,-198.8440620309942,-13.0026469098999,31.52856319728732,9.739811254346362,-0.9601250249805278,14.424044282276338,11.275945545181807,-14.080989161997499,2.3445658889079435,4.5287673367899535,-10.44323103838255,2.6613762948827127,1.5877247636804763,-1.809165146547347,-2.285584550370856,2.172354383571172,-1.7224762081805987,-3.4149130387179887,91.19770629874235,34.51661192951188,64.74212590253308,55.33843815039129,39.55758027505715,29.352117870864944,17.786860000685927,18.157072780393296,21.916972478827873,10.559890996585368,14.69241146580557,10.505858162441832,8.874201937552263,7.3509982459224945,8.894427009630919,5.695015304160582,5.359759396279313,4.108481878873935,6.766693332000086,6.445514685217757,5759.0,224.0,643.0,830.0,832.0,542.0,614.2,287.0,187.0,941.0,1446.0,715.25,5878.564453125
LPL21_167,LPL_2.WAV,-389.95217392255677,-7.0964937847941485,-178.61413014806809,0.6926528616374527,32.53507716407189,13.919355758145072,-13.93881274966822,-5.337441750203508,5.449979359691756,-9.906095708223155,3.99854096527453,6.437460821754444,-2.591080734034114,-0.7511250331559733,1.032749389776715,1.3534218113753171,-2.9743789681070636,2.1109390872869307,1.8350689069432695,-2.4449282755455846,106.2169441146292,46.985625460701876,66.27212906617548,69.31861885393023,44.103511604207064,33.09864151754973,32.3154757734836,18.368519630431244,33.39974509928211,13.200207529646361,16.51146612354747,14.622906961481792,7.182015661622102,10.967179442906676,10.725893889209358,10.559121965597832,11.549431926974206,6.8013948409379115,5.305147004738352,7.192957770463881,5716.0,365.0,636.0,780.0,868.0,840.0,697.8,232.0,182.0,917.0,1238.0,642.25,5792.431640625
LPL21_168,LPL_2.WAV,-427.77309116213337,14.474693198050764,-209.70198376931697,-19.000687250758993,63.85501258899817,-15.201297445643464,-4.542155050110889,4.0448260279169395,-4.5359500327361095,7.603810674082882,1.0575466755789398,8.466276984104944,-3.6173166418485763,-0.03151554148667442,-1.5305311336430818,-2.7757140669766227,1.023253762096417,3.459800570336459,-1.3074296562974823,-3.1336501841774034,59.2391290949331,50.91522357597733,57.16832562073815,89.64750740256991,39.79253749493953,40.325679938922704,29.57593121954355,21.481324896004836,23.00870731030507,8.434133196481836,13.121183917334353,11.06800632044352,7.519208836975457,5.483476247953181,7.491085839357044,4.985658894755013,6.4469189418758885,5.781656027781052,3.4806646292775216,6.365433404967407,5560.0,442.0,627.0,839.0,931.0,909.0,749.6,253.0,204.0,707.0,1070.0,558.5,5727.83203125
LPL21_169,LPL_2.WAV,-419.7944536404162,-5.628921319233286,-206.81266827481244,-10.564109035580827,49.4411047846924,1.2113539004964788,-3.270102202970452,7.342392581194542,-1.5861392325022252,4.012229867362275,1.7918506401329704,5.208187667473817,-7.7922701209164185,0.6819382365932961,-5.164910225773327,-0.8135919442821318,3.3157696668438614,2.5016721159259445,-0.40894119590248607,-2.5941180711905676,70.85033647159938,35.6917479591398,57.49523393976494,74.62752315732992,48.114507191979506,47.01763076036926,32.52321853038763,24.514187892827813,32.1696920562827,11.641280673916025,12.590443785218644,12.483019193663774,13.356837907765762,6.13152532730343,5.396778562038004,5.616978710425535,5.469368915344604,5.152174411917823,7.437056958439961,8.330906342046633,5727.0,443.0,637.0,828.0,919.0,886.0,742.6,244.0,201.0,849.0,1117.0,602.75,5749.365234375
LPL21_170,LPL_2.WAV,-401.4662717205799,-7.585764975511044,-200.334090036402,5.250620670365704,43.755405077963026,-4.535238035457603,-1.8822611713795603,-15.405541009438311,5.608174940490678,3.432596257592899,-2.9108322182912603,2.2799669855375004,-2.3710624105011844,-4.851293598125984,-1.3379812464676872,1.9815121043642736,1.147165377618042,1.3209681933037987,3.3552682638888767,-5.205783488394547,82.29357539599319,36.75624659620968,53.49242944492357,74.74552335913569,49.85215420924686,40.502791065371746,24.242826040487742,15.408360098696152,30.981621441177854,15.59160919313594,18.19342988260187,9.720867760419285,9.554746119069016,7.682080443343373,6.751018389176432,5.2213513332796815,5.9257772846783805,4.3112924831104245,5.216019735998143,7.85705550161865,5491.0,445.0,607.0,774.0,900.0,871.0,719.4,256.0,215.0,806.0,1027.0,576.0,5663.232421875
LPL21_171,LPL_2.WAV,-375.33730038861717,-12.831560655746328,-196.62089033253727,9.580723648115766,38.259255762229,-3.258349594698154,-8.989191770694129,2.1418539696956604,3.4918331140880308,1.4139691898680877,8.890423227397184,4.008491874170071,2.4604944052356235,-5.426404662373285,3.6713554610826584,-3.5088512617336822,-0.3561257067479178,-1.687247120031553,-1.4818010535700836,-0.4715254706869447,92.48727549609376,31.76683476848105,54.70857174572134,63.12950670539352,51.51480338620225,40.58474782135854,29.263712774646557,20.115618405742627,30.71351637517695,13.114834749209846,7.625233990417657,12.433247314946426,7.429074911026853,9.68605598836349,10.710081037279828,3.0676686048350983,7.967934621662441,4.857099453031468,7.075208961943445,7.933212689795763,5510.0,385.0,666.0,821.0,934.0,902.0,741.6,237.0,178.0,635.0,1100.0,537.5,5792.431640625
LPL21_172,LPL_2.WAV,-377.87285408839824,-3.770380547387599,-194.46166792203496,4.304340950350386,38.91888417701665,-4.505429337944459,-11.984027343486716,-1.5543917647997858,-6.0274523137306435,3.8953508573454796,-1.6414102745393797,1.4817435980640312,5.097498370596943,-2.972015249859777,2.0386580796434233,2.1514852678228578,-0.010480183038965904,-0.9497327566344077,0.2398680858899257,0.5053686702391983,94.15313255239862,27.133863767248545,54.069916906938595,53.84850760589049,54.076932021297154,44.16875796334286,28.401191591284842,16.59593784414568,33.207284616091485,15.391864116748613,15.406701490918737,10.588231005239077,6.189058815659924,9.140687649351376,10.896170345675005,8.944037464018058,6.332443265057888,4.058550665470318,5.989161465257115,6.131646217514693,5577.0,440.0,620.0,808.0,905.0,899.0,734.4,243.0,205.0,690.0,1136.0,568.5,5727.83203125
LPL21_173,LPL_2.WAV,-385.362674957121,2.9232806142237937,-183.1940815495116,6.236550574858125,49.50711486261918,-0.5374002749179622,-8.09783980411368,0.4827857893466233,-7.1692205639847755,6.563737999302626,1.3393057492041305,0.05666875126322123,-0.4450879721870612,1.1286227021033401,-0.4137156730618302,3.13223814879968,0.4455194191307186,-0.3392404082102838,2.7458096061981205,-3.5306890692134547,103.55114163793368,33.17530495148647,61.457451279578386,58.955089176608496,51.2737107911344,48.045424201489965,28.56239629574601,19.652160273315133,27.82767284868031,10.925102787201913,14.268911475772601,10.586039543595188,10.003827914612438,7.2303273089487865,7.133489636996944,9.96393644364858,6.318227348589306,4.692086369781476,6.351365144017736,7.082857982220068,5602.0,370.0,596.0,769.0,918.0,883.0,707.2,295.0,248.0,750.0,1093.0,596.5,5706.298828125
LPL21_177,LPL_2.WAV,-373.62620723133676,-10.214897771631446,-184.76031617721887,-4.029025793110969,49.860352411464454,2.6715460180596318,-20.902926421143075,-6.682928814551769,-6.804877163444658,-3.5345306270250583,-1.234233826621491,3.3509065845394477,0.3835279594934427,-5.854012339327511,0.7280198212831331,-1.0810644823926816,1.1676026680496527,-0.8384280362584094,0.6685323688984764,-1.1976470689931913,96.25345042792075,32.56061240090759,60.883231065391904,67.94387065522935,45.203004169418,37.112991107402365,34.05550975933196,18.791423105860183,26.956150229298995,15.8708126168929,21.146613217934778,11.042400743642492,8.91419869214574,9.96225397485059,11.815708871673413,8.551069905532577,6.280093191551825,6.95979473881905,6.055698111693525,5.498512641688185,5240.0,310.0,613.0,780.0,920.0,920.0,708.6,252.0,198.0,475.0,1058.0,495.75,5663.232421875
LPL21_179,LPL_2.WAV,-359.5742256237944,-19.306628945265402,-174.98149714211937,23.216452926521292,38.90763233250063,-0.12268791510217049,-19.766484956157413,5.0809313300920245,-11.272979934746681,3.5008293775555934,2.2389977870620354,-1.9489376309578652,-5.405904811936051,1.3527238049176098,-2.4712180900934935,1.9724995877465552,-2.938581711478113,1.4076694067210929,2.732342361332497,-1.6555775416599534,100.06346617058085,37.33992950904695,61.31594317898142,61.23957021533076,48.09939859003194,39.57879223215001,28.329977377588843,20.26843666679373,20.211997254381362,17.24980339926889,12.811819436215494,8.659225475659948,8.411165387599656,8.151794883367344,6.235128600941251,5.51717440356744,8.937385344519415,6.95661007587318,8.265651428032186,6.918388098667168,5583.0,388.0,628.0,787.0,923.0,910.0,727.2,270.0,263.0,694.0,1084.0,577.75,5857.03125
LPL21_180,LPL_2.WAV,-418.60327301702944,-22.47630543897271,-203.54476276842973,13.752222149928258,41.63426422822291,-9.472975102531402,4.12908074665709,-2.0361194313004822,3.0508501140928006,6.002135672342495,0.9864069948174828,-0.005109696589413088,0.81051657008894,-5.441483869703147,0.9360205918011608,-0.9276178276377111,-0.1433348758387662,3.7608457679031058,-2.6088788213226084,-0.4293076217604342,85.71383600784115,27.882491074246897,58.77149185688356,63.693051517785975,50.92746959143717,42.919401334818076,24.381239268944206,18.683391024870698,35.12107579921017,17.956202686848435,9.92943604941405,10.850525755604737,6.471230926420261,6.908432690845263,7.768463990543586,6.485550552482501,6.938742980798136,4.086565271278261,6.00025611384763,5.2740102847666135,5797.0,365.0,629.0,792.0,865.0,878.0,705.8,322.0,196.0,902.0,1189.0,652.25,6136.962890625
LPL21_181,LPL_2.WAV,-385.24211208874016,-4.288255400334845,-178.24784592607918,3.7783180501332834,44.100111433725914,-6.2733950279523745,-5.960549261918016,-9.863261547779391,7.58181685137763,-2.4480754222222343,-1.7676438811752524,5.586234282425521,-8.804812672413407,1.9772989976954976,-1.1458646734305593,-0.30162423608654815,2.426801300779066,5.515928339621956,-1.192340558824675,-1.5284698076638366,86.47202841643912,35.55242210092966,64.38013249953886,69.76160404935091,45.884311617288375,41.84197160882782,28.351132696406868,19.482748483473067,37.636668569053654,22.513314196673697,13.567731246498907,12.982068237516486,10.12295971268167,7.544621152791676,6.864460321007439,7.409727345157408,7.565003551929459,8.736359241773632,6.05326429913941,6.200111761703737,5534.0,278.0,614.0,773.0,903.0,914.0,696.4,283.0,198.0,776.0,1055.0,578.0,5663.232421875
LPL21_182,LPL_2.WAV,-388.1628804838512,-10.653251336501945,-181.53797601858517,1.992785758884533,46.59273028859431,2.522399042501163,-18.031728195009993,4.337015804780808,-1.4292613829448664,0.4765405080485061,5.171583630038661,-1.5595545948155092,1.9878058276704378,-4.966109156279125,1.156729010469638,1.6378095379724644,1.2810275429986107,2.126345999464861,-0.827507352193576,-2.8796933273701804,89.6041745244449,31.843737184670392,64.08540895684999,65.83974615156176,48.12311434165651,46.601226944406974,34.540399379707495,22.86541988853648,26.01034991527288,20.15653655375905,12.438401499380573,10.380109714112328,5.611116032395688,6.809560452944235,7.375300291106779,6.137193410162164,6.3405867982454165,5.762592202803837,6.343735226525202,7.683764489163845,5458.0,340.0,619.0,793.0,891.0,850.0,698.6,281.0,200.0,720.0,1067.0,567.0,6115.4296875
LPL21_183,LPL_2.WAV,-398.7684671832807,2.5568815329116568,-189.81442753355506,5.492172529687569,52.00870771033923,-5.832603449407909,-23.80219719242172,7.257409938593861,-11.500585288492742,5.86769284226337,8.824131474165068,-4.247907716421168,1.2444774295347545,-3.999158139122215,2.7777102471378,-2.0476395111517784,1.7185872911237599,2.1637838791516044,-2.3824211052573343,-1.7146400487641502,80.74330714652854,44.93257435631379,55.37737523561171,71.84672043939868,45.42707482604685,39.48195178422727,39.84641189786061,28.703657423288014,17.494777678600304,20.035113677301155,7.557616205190178,10.364298065401691,4.834580622703262,7.620869237440816,9.688549523524571,6.50778975105646,6.184406696139455,4.611926450004489,6.119108470380851,6.371080472699322,5405.0,348.0,616.0,790.0,925.0,920.0,719.8,257.0,182.0,713.0,984.0,534.0,6136.962890625
LPL21_184,LPL_2.WAV,-401.8572297487104,-15.186977984511667,-187.46535634793673,-8.403403096030281,44.35880314235159,-7.210652447679457,-7.975174079571861,-1.6275773999994496,0.4649077764519193,10.128534843838763,-2.9524251567293174,3.0988015089563063,1.5381024291406067,-3.315458214738813,2.128192294880522,-2.3676050546289704,1.4554377511218581,3.380883538057755,-2.7971922365193156,-0.4492029537330363,89.690004404329,29.632742858993023,61.41056975600659,72.43723734609475,49.554623984339386,46.67801447316798,31.00657993209928,18.952086084669528,29.501146425414067,13.941230033384336,14.096486961155819,16.28748532927766,7.750789019452859,6.946720263561333,10.668382153054022,4.63698145454111,4.017771780191495,4.85141211866704,4.994135748979184,4.7331431853163,5632.0,433.0,622.0,819.0,877.0,879.0,726.0,272.0,182.0,771.0,1139.0,591.0,6136.962890625
LPL21_185,LPL_2.WAV,-397.6202472363641,-3.3241183185156933,-187.4179435585884,-1.2760001640269762,50.49265593799284,-12.750578069761865,-5.575069538313812,-6.143516115556522,-3.065171997563074,2.3860389895098666,2.661476455694351,1.8281981492209922,-6.248243607838946,2.0435043843913574,-1.8277502028331047,0.9060300408508118,-1.4350794687042048,4.487316003485204,0.11266237906263613,1.1191340636944576,96.86107107651067,31.62474418791404,64.85902085077468,68.30234162911776,48.88502798360292,43.69795158121144,27.713870971169346,16.303060544943296,27.539900546568642,15.332671516395894,14.062844678732443,9.868885290687997,7.717179796716125,6.5976077233581005,6.9737095195262455,7.329643824412663,7.804052633710149,7.060167665346113,5.5242042742873725,4.14834178565122,5567.0,396.0,526.0,768.0,918.0,865.0,694.6,362.0,212.0,685.0,1186.0,611.25,5663.232421875
LPL21_187,LPL_2.WAV,-406.0332096154938,-14.856667637672034,-175.00581000416383,-1.1433338863325715,46.10880765176449,-5.034284074082548,-11.351874970993379,-4.708457476302228,-5.299810022055286,9.661452526762286,-4.946954795366124,4.785803861967528,-3.1746503822077488,4.2936559218907835,-5.034776055868571,0.7399398226392772,3.911894165742581,-2.1777075988904357,0.3108157702862325,-3.714842984373829,95.71730817051004,33.596093837015644,59.37474360196633,78.04759780083448,48.67284997749625,45.418120428312655,28.636639048767762,16.68422452583012,25.859238686614074,9.957819636727775,20.3457918805657,14.737938635174109,7.629707873105338,8.358524493231187,6.823157514600317,6.0854735462200225,7.596086710698938,6.522406136530113,8.290981738777814,6.654706238098415,5781.0,372.0,603.0,771.0,853.0,889.0,697.6,284.0,230.0,926.0,1187.0,656.75,6115.4296875
LPL21_188,LPL_2.WAV,-425.1476609315774,-7.647775354687831,-186.63750757783424,-9.041858559925815,50.58968305168665,-3.4291820637502783,-10.57777470226039,-11.430520506105568,12.941281835588379,2.943917832989268,1.3526408776904033,4.423266847413043,-3.916720534203899,-0.3563546955446848,0.7880077262696741,-1.923021272536451,3.1787825507435414,2.5049008865764035,-3.2544744461671646,-0.7313359957444414,72.93936416663588,36.5871510659821,55.82435413057021,83.86386027787026,47.12952622701801,44.983861250635314,31.62006859071678,19.8238678678969,37.60650602572449,19.903575985095102,11.300048719183355,18.35429732231351,5.8402662954293065,8.429417321740997,5.3587193920693315,5.199907764431484,6.37890594641213,6.106630228391356,5.50999775606477,5.667299759830432,5632.0,391.0,604.0,784.0,894.0,914.0,717.4,300.0,229.0,831.0,1075.0,608.75,5684.765625
LPL21_190,LPL_2.WAV,-411.00178510286366,-17.23911145648966,-190.52500435749945,4.088636756065105,41.088210692770055,-11.826643149302877,-6.312682022207216,1.942983819740619,1.602215691814621,-0.06743242602173695,0.1659185338390644,1.0556833409207995,-4.0965133940516285,0.22489389491603917,2.8970232443817214,-1.7299040633496405,2.198347520670577,4.838083426630264,-1.5543553925683837,-0.7207934393340983,82.88929620281071,35.21949804178413,60.962247085508835,74.69399971706183,48.59244007479068,39.41973919249318,32.72459817758021,18.48958491680721,25.258065299425112,18.131679278254428,13.66897504245367,12.045619234853351,7.721881141523099,10.115531087321505,9.236660908101797,5.237616021535189,7.030225556605008,9.14177200350722,3.1345700205142295,5.589633396058023,5589.0,105.0,611.0,780.0,873.0,853.0,644.4,499.0,229.0,767.0,1162.0,664.25,6136.962890625
LPL21_191,LPL_2.WAV,-413.9046419596049,-4.342420235812339,-176.9667790574317,5.333405047718545,41.197348010189245,1.4964439618584437,-18.063084042673868,-2.6349937691380347,4.282228386037047,-12.091179997237264,2.150302260713921,1.7505996326315911,-11.722803010460003,1.8218285013611129,-3.67046114924243,-0.6353630711326144,5.450402190369246,4.284024939356877,-1.61871923186058,-1.8440288611945657,79.80368379221848,54.34147424187726,58.92497893136115,82.20133513328928,44.1758355192327,34.31583547936838,29.863816816382766,19.95885849535169,23.385336332466192,19.410444581138336,20.194026240642785,11.598485353490775,10.679647297648783,7.684345856054659,7.092213386677817,4.461976355395713,4.399784088055262,8.197138150159223,5.87028935050807,5.600893279804777,5645.0,125.0,627.0,753.0,875.0,856.0,647.2,461.0,181.0,861.0,1177.0,670.0,6115.4296875
LPL21_193,LPL_2.WAV,-409.10786709914623,-3.0500869996442974,-184.05345483128048,5.6624680920348425,50.48204965072211,-9.93727956511128,-9.489285892905597,-3.5446618135283523,0.2249696748065316,3.812801663524343,0.4029017912020889,0.0888430208665011,-6.848734717803335,-0.4755663376094352,-3.352295518731637,4.352996246925203,-1.3255966029874782,5.140548582227301,-2.3628598474649225,-2.3159650313162343,84.6727187996409,39.11977668889462,53.9288900801501,72.59004714585636,49.46578595820266,43.36452710024074,28.202039041667266,19.214666623008466,29.256118177079827,17.979225959651508,16.52884469955713,12.85911833953446,6.800181189410002,9.232356706059793,7.234821699809848,6.362304243169731,9.113077840914755,7.249736128223894,4.11927248847594,4.849917311499725,5649.0,361.0,621.0,786.0,912.0,883.0,712.6,308.0,215.0,780.0,1112.0,603.75,6115.4296875
LPL21_194,LPL_2.WAV,-450.10885793054626,-4.1154847485111015,-201.0054040638844,-9.07913002585788,46.96175180452897,2.43001332305873,-15.20414891939452,4.998822081562564,5.315222902575651,-7.554812646240334,7.069913299981564,1.8218173273477798,-3.161399906698598,2.906902878607259,1.432302415562763,-1.8089466478506717,-0.1857226671579939,4.949335035102932,-2.1636054714883977,0.4939479267291398,66.42173547612357,51.61877155525902,60.70055735550235,86.24928220121458,40.87357481889325,33.67265133734251,30.084675358115803,18.407079353978506,26.93674958798517,12.495450963386618,14.337044766330733,13.869756189570708,9.451306620816764,6.815077487967128,11.22104354038403,4.938663280551816,3.9026324245385444,6.705553076478012,5.791887501029323,5.805421201895231,5727.0,375.0,616.0,772.0,815.0,826.0,680.8,291.0,241.0,862.0,1276.0,667.5,5598.6328125
LPL21_195,LPL_2.WAV,-415.93284255559837,-8.589331501794106,-182.8810480681579,-3.343970302440968,51.51029241345824,-12.586902130199006,-8.810262306765951,-6.188583176452488,-0.2590453390480251,-0.9523119370827076,2.993897152451564,7.872153087580387,-8.076391915959,1.2545278984681245,0.35492521749955114,-4.094596136016031,6.610154905105737,1.3391393329280026,-0.9126620776252868,-0.6132476387614656,79.81850811620178,39.011849030324974,56.34054223040645,84.90531699337399,43.44784981325638,38.86059270056112,29.189945380551023,18.85606307167839,24.710814120129154,19.11011412240604,12.950079016115453,13.997185354762241,9.198074534722133,8.140437881659706,9.019791943494466,8.277091364108541,5.3211326601069455,6.6912630214402435,7.516503363223149,5.056227865383617,5756.0,341.0,617.0,789.0,923.0,880.0,710.0,297.0,218.0,826.0,1189.0,632.5,6136.962890625
LPL21_196,LPL_2.WAV,-399.532949352188,-7.605063715699255,-184.17945868116752,24.433734391709756,44.263264146069645,-11.076260874512993,-9.295633701352175,0.6145949928743624,3.2307795395592853,-0.3548462648019309,8.997708231150694,-9.454628487711899,0.4359760514817369,-4.957884451407403,-0.23420297552599728,-0.5748997081026673,-1.2346919888696573,5.309328387163053,-0.5190415428958347,-3.809468584935418,94.60303247634475,32.96327578084335,56.19506884484491,59.71948485328697,50.508127584793435,41.74162833725338,29.44306027386315,24.85471263171399,27.44663435194186,25.60801226892255,12.697870326263532,7.428716286556653,5.576503356024435,11.163297904886644,9.47919165330029,4.938443503447658,9.250898354239062,7.190484996931055,4.722086387759726,6.80936837713295,5764.0,248.0,621.0,778.0,914.0,883.0,688.8,335.0,280.0,895.0,1095.0,651.25,6136.962890625
LPL21_197,LPL_2.WAV,-398.2536310008864,-15.187496177851337,-199.75515525045103,14.699991876186726,41.13603917564752,-14.252950999346336,-4.822484866766624,3.140990485655139,-3.921268935177169,6.31088456292515,2.646797745301325,-5.37973764480762,3.2174997657229163,-9.541859623249062,7.07841347468744,-3.0632181203058466,1.6313782931439347,7.345870090396844,-5.040636457341674,0.658179361904341,81.55994128606936,30.635530921993645,54.864407741082026,61.80510836036447,56.0662049035658,40.90748248494359,28.906866134323963,23.218660682633764,28.500906818088296,20.972564267174196,10.00751828103906,10.273652195219444,7.993691064501547,9.90672489684527,14.173811778626078,7.635118058681095,4.847301390927624,6.203638857052745,5.341430592295518,4.733313874293653,5514.0,105.0,621.0,783.0,917.0,925.0,670.2,499.0,217.0,737.0,966.0,604.75,6136.962890625
LPL21_198,LPL_2.WAV,-415.18909090400257,-22.006862579105487,-203.81160908897124,8.844423875250888,47.651830358062554,-5.962197208941125,-4.688772415244689,6.913965617702736,5.694650142072678,3.8351184134901826,-0.2344907639313987,7.256304325850976,-10.642089016959256,-1.246555252446516,-2.8011984204279425,-0.8322706757507328,1.5343797022624215,1.427059311999463,3.6626823927192675,-2.882044456346046,76.99505189188152,28.012543671784744,53.62812571446769,66.47228777365719,49.57860797209758,41.53189411456468,24.83809645945413,24.743710512228507,30.099707125960865,16.05713043246548,14.305103553265866,16.562176991869336,11.786924746923356,10.932047642129529,9.349510658229597,5.201160775079825,8.808697835410253,4.443396665732752,5.439929412295126,6.471816947593229,5531.0,229.0,590.0,779.0,894.0,840.0,666.4,419.0,234.0,664.0,1155.0,618.0,5857.03125
LPL21_199,LPL_2.WAV,-395.79195926487336,-10.971569676969855,-195.94442188384528,8.737100114542429,40.393798590554646,-5.4012817080086934,-9.12596913047522,2.9466698074656303,6.33001304659913,-3.2069917986835743,10.337974251289573,1.3027501879061767,0.5174931923271897,-1.8318812178747452,-2.942601300692155,2.226062822108084,-3.7960003451296056,3.6707712180193077,-2.7429872280949836,1.009770266086109,92.88679041970953,32.14572173332369,58.756868701786914,66.18891002470312,51.68637539333293,43.563383480817066,28.29699323323453,22.06599304346859,33.40355162216682,22.399716930323088,9.2351361209231,12.25315709663716,5.75322120388199,8.347779343142467,8.329242075658534,6.067991269748082,13.1299473107711,6.550934462975201,5.454566465379612,6.502538988570291,5456.0,113.0,639.0,765.0,911.0,838.0,653.2,536.0,221.0,667.0,1054.0,619.5,5857.03125
LPL21_200,LPL_2.WAV,-412.3207315962152,-14.852431663392847,-203.22086926331485,8.042242003469223,40.561299336973924,-3.396604875311216,-12.159521899274429,6.804281889330079,-3.2516311755522236,3.397677810362824,7.004715071784896,-0.3697762746681331,0.5728825423824987,-4.713043824699051,4.081992396224153,-1.9608829610606964,3.023942752767305,-0.646859444853733,0.02268193741087894,-1.0115395667025289,83.21058135390118,33.156202815944546,53.28583321385815,65.76105706617089,53.50631035735406,42.77990592977664,31.419350111215564,25.73158964566402,20.356998747636165,14.641076962981936,11.433650291915956,13.715949064045518,8.305381815266026,12.213649978836765,14.80062451411442,6.186036248509667,7.295223355736901,6.361243019975052,2.6437985517631697,6.074997792949443,5628.0,356.0,662.0,832.0,932.0,878.0,732.0,242.0,184.0,766.0,1052.0,561.0,5857.03125
LPL21_203,LPL_2.WAV,-360.2875156171013,-37.76216943736255,-170.76904992243544,-7.31724789574678,39.86682550985635,19.23232476649257,-17.652915349011767,7.037761606042783,-7.906643262859028,-0.9447816411904074,-4.645511026542282,4.562773504171003,-4.475650638405764,2.651451641815661,6.839735078359261,-1.2558743982137246,1.0299597349146836,-7.419770391914092,2.9334969107064377,-0.31798170041786267,75.92014139218122,40.17227848757251,51.2066175825543,74.12236457939724,38.29115812732458,36.17858725332145,32.88634423410003,23.403387206061378,29.85316050437045,18.36521690718148,9.024950595761034,14.370453632356776,9.819856318288844,8.736800479352388,9.62276944966193,5.838629175412993,6.796066882010899,7.700255079412363,6.320912507146892,7.1165464504079505,5440.0,408.0,622.0,840.0,865.0,870.0,721.0,271.0,193.0,654.0,1076.0,548.5,5749.365234375
LPL21_204,LPL_2.WAV,-395.6126226537769,-17.138417014387716,-192.97127100038858,17.103342977106553,42.88403453344036,-0.9858836855724733,-9.148075286787103,1.4780806636692319,1.3128447991188865,0.9269687654365346,8.602444307589064,-0.8191272215568823,-1.9207068593064078,-3.6995318621136843,1.3541126804561672,0.09676596302477701,1.661801974290087,4.836075702306978,-2.8363098903958552,0.27126521850952745,91.8105545703079,31.223007374246986,56.19816601178953,64.02095661734407,51.167591602891434,39.40638744942467,29.88782491311494,23.310419243858977,27.42465127912563,17.54136022746573,7.479643605741488,9.781437594638273,6.6403617111904225,5.755752012641337,10.300442829296712,6.470256185572845,7.387542652770926,5.910047788100893,4.674223678553785,7.191645080326902,5630.0,329.0,603.0,808.0,896.0,874.0,702.0,360.0,213.0,802.0,1072.0,611.75,5835.498046875
LPL21_206,LPL_2.WAV,-416.37568986373714,-13.067099105373812,-201.2714975500351,-3.404151117814583,52.23835138142879,-0.44905985365628026,-9.597399626082781,5.160940831193267,1.0378863848382447,-1.3210317273362635,9.507977323804536,1.4077767701619899,-3.9465671567747314,-6.164346416609224,1.2796771031825844,0.05718721487171551,0.14979650654893953,6.283627268297819,-4.203600135498994,-0.693424901974252,73.92469454928765,29.73080424883236,58.071046631128446,72.33260514816887,48.30766458487914,45.85918332089968,34.6695507704117,24.631868055136437,32.245994566406814,24.642208669907305,6.142336050021198,10.35554674750132,11.18709527793629,6.303821777648208,9.928059237097042,7.078463208963155,7.465852908540042,6.831807452750472,6.760670937032264,4.755891748495363,5759.0,404.0,615.0,853.0,955.0,900.0,745.4,302.0,178.0,800.0,1094.0,593.5,5813.96484375
LPL21_207,LPL_2.WAV,-417.34400427098365,-22.193739160487247,-208.12675322103306,-1.7603172522325008,59.015708168911296,-3.823409586152019,-2.33988703697722,5.87071321682845,-1.9755223376112727,2.761326089755536,0.6159247989023501,10.538169470008459,-9.094639576609264,-9.07713871080855,4.349805818360718,-1.5470606172573957,1.6249512493365157,1.0449713499248385,1.4034090058393676,-0.702065672892094,71.88804642479955,28.847831311840135,53.87548068683789,73.8447557431756,45.37772366515936,44.704940342626486,29.20000817130057,26.378567709660537,29.7791126585122,20.221011241630517,12.526096081497279,13.613785275615209,9.240496335710139,7.411156753893535,7.929036440507697,5.2182081583055995,5.989438854735775,3.887909345529952,6.72276122716477,5.111455744103886,5553.0,411.0,637.0,847.0,929.0,886.0,742.0,236.0,173.0,769.0,989.0,541.75,5792.431640625
LPL21_208,LPL_2.WAV,-420.5079163650404,-5.378193972855592,-180.58519906311918,-6.938556425722073,49.341028884493184,3.1958289580409747,-23.069749272439147,5.2690463698736245,3.2015448498171866,0.9429135594900598,4.534923566722746,10.957927598254546,-12.078858383786347,-2.812096308516696,-0.8272377371084983,0.19227096521453355,0.5299632607142879,0.0656693306421783,1.3188501097649428,-3.6173936499716417,101.22705722662488,32.75073557462869,63.48121175368449,79.52790209636703,50.84624942828145,49.36653926669886,34.08593940649104,20.225212992043822,27.294200987907143,20.121759291542496,12.55249104486965,18.35018707866009,12.086311936087819,6.964627973061018,6.5125736682053015,5.830967893114989,8.294714889765451,7.167082053850808,8.30421796868572,4.5895183384923826,5785.0,357.0,646.0,766.0,840.0,828.0,687.4,287.0,186.0,949.0,1218.0,660.0,5792.431640625
LPL21_209,LPL_2.WAV,-366.7791950211036,-13.254775063038759,-158.55605015686825,22.397869148943904,19.32069003417506,8.724505527016143,-28.917002329425422,-9.506208719607194,5.7217355431697605,-3.398982793551158,1.7897401948067921,4.637066035464969,-10.710438621698163,-1.418496111985856,-0.7128296496207257,-2.6058190984693588,2.923334600416707,3.09312546327035,-3.991627003253044,-1.306655296394027,96.10713132017844,34.73644809498082,63.09988700410617,75.05675873058209,39.28949984504436,30.368981243598746,28.62042231605269,23.468233383904042,23.025732940785204,13.771983376765911,21.702562686634604,10.441588923100937,10.408240539893011,7.758382580783379,8.412318350528919,5.283546735208058,8.370235088538637,8.916082758339476,8.96294261217424,6.290438990256997,5758.0,311.0,570.0,754.0,852.0,747.0,646.8,352.0,262.0,903.0,1270.0,696.75,5684.765625
LPL21_210,LPL_2.WAV,-459.6258399288985,-3.710915216677292,-194.5235247409451,-29.9263670675414,48.917740805404534,1.0611048696027225,-13.08445637979021,3.092488568645483,0.33789667305634263,-6.876831095754023,0.3393967724218149,6.450304599199291,-2.584919205825047,2.2701024820767666,4.9826067752826795,-2.9882678064587562,-0.3371163432473889,4.777118476373589,-1.2284917853934414,-3.6829945969739017,99.82843709200527,31.5051537388874,60.33412875475814,70.90395567581369,50.15790210226481,38.086847052918785,24.65451157008553,19.44767202079419,27.208140798822008,12.464731813864484,18.95299623584388,11.409442466930328,9.407887808392386,7.933715022436261,8.841161587404699,8.760643688507901,6.0373886450034915,5.399343891024134,5.964243521641626,7.28458774346327,5693.0,228.0,528.0,749.0,734.0,735.0,594.8,390.0,212.0,1010.0,1292.0,726.0,5684.765625
LPL21_211,LPL_2.WAV,-433.78297251260335,-6.290146592505626,-199.77405726271502,-0.0891461702654062,48.19254668506268,-11.11127223079199,5.050946519838958,3.4519484375728786,-3.8246288973078375,2.3940220009137336,0.018264637717740638,6.221378721504209,-3.1811784835944623,-0.4401888405628005,-0.3710660139699173,-4.252802163805747,5.099710331998393,3.922072301518619,-3.031263842909717,-1.5087978776949458,70.83538653232534,34.56664716764752,62.31433721284336,73.54093355444346,47.18582586787247,39.240837611009276,26.54952103613154,20.641779696984074,24.985052217845887,11.14718758843502,12.72671348243183,12.995432808987157,8.769759593023098,7.763904530498007,7.942944410108125,5.933719038023231,6.183848753152671,4.8865260140395845,5.084001954760931,6.657658978928031,5792.0,109.0,638.0,783.0,880.0,874.0,656.8,452.0,236.0,925.0,1141.0,688.5,6115.4296875
LPL21_213,LPL_2.WAV,-476.0037574281251,6.28089610582884,-186.13365321803624,-12.497207497190779,70.23753835376891,-1.1767410508529674,1.0137808951713927,5.424586656308942,-20.555636478596035,9.13266809851807,13.918600450612075,-16.942462016867044,-2.440805280255376,6.369619997603782,-3.4903367772793894,1.3066681240455553,2.9969024915346267,1.9986385232239658,1.4797823644503247,-3.980234193463008,58.16413079933291,36.348674828550436,53.16155277364012,72.83021919934063,36.30794417176801,50.44573534643542,29.21084833609136,24.675930894136464,28.37517691845908,17.885095352367443,15.820737260141058,11.463505505030374,6.834203168585829,7.861181709789629,9.893338688236518,4.132814319294105,7.309169819540255,5.624477894369175,3.546994483757966,3.575908786437593,5630.0,333.0,315.0,475.0,892.0,881.0,579.2,580.0,564.0,792.0,1106.0,760.5,6136.962890625
LPL21_217,LPL_2.WAV,-473.2915030807062,14.100890975609513,-201.1915659635432,-26.226641397158797,71.85353186186987,-4.331318263957043,0.06830589003634338,14.276500715308057,-16.058773204299932,10.25490212341663,8.333073381963699,-11.04651247071043,-2.460816424250345,-0.30111597726594896,-4.665781187424674,0.8615065544977166,2.0200744152844416,6.93367310393899,-0.008738603263476145,-3.215244829772593,53.48750948515375,40.07237460908159,54.54225433758697,81.35619054903117,37.764733448642154,44.07321931365639,26.87880965801003,30.87987643379645,29.431784158285883,14.899372407186101,14.037260946478956,11.52523985139177,11.840071002331463,9.314219914460573,10.197653097590543,3.720856319150495,5.496895554266263,8.051184069944853,5.615200198188416,2.383257605525067,5712.0,291.0,444.0,756.0,889.0,877.0,651.4,481.0,281.0,865.0,1103.0,682.5,6136.962890625
LPL21_218,LPL_2.WAV,-492.33473563393943,15.614381728768434,-207.39871579846516,-20.54273690861843,73.91312440581586,-3.701860413641663,4.223006920983279,10.640648512001512,-16.760026009030653,5.404345560515167,11.497578493601328,-11.403421305383612,-4.654051496399417,2.864914568514514,-3.1808029158852236,0.6772256145644439,3.4993309046102925,3.2926551575714385,1.0770661615533395,-5.104293064670649,56.59824651719096,39.5627177910143,59.33531658791876,73.44622781707675,39.32971250257057,44.81322627220569,23.280711358204222,24.988991633172578,26.158631787490812,19.729901310594755,12.733819744281734,11.936883114052607,9.658901310942898,5.27141860906146,8.95567509741853,4.5864355920058015,4.768216631053396,4.790735814463991,6.135013499725791,3.4435421779399427,5800.0,147.0,441.0,796.0,890.0,877.0,630.2,484.0,226.0,880.0,1181.0,692.75,6136.962890625
LPL21_219,LPL_2.WAV,-488.3077485095854,10.249791502986245,-202.6460154978409,-20.024799432220615,63.643031691870405,4.024143242967707,-4.68172216383496,12.534231283788658,-6.011612674437641,0.5960371778508928,10.920768709115153,-15.116757139337823,0.8849385749900702,3.3984069004144795,-9.465373421644603,3.9117958384645877,1.3157505695750973,5.293042595615021,1.3142744070982546,-5.003448647992314,66.67871397284267,39.53313111918611,63.27996358893639,76.25403180055902,41.68364982055251,44.35693844624413,26.197778089827565,25.067716699688816,33.05294537108786,19.332222848154874,13.997127508072298,9.05476011367766,8.198997844447737,6.752949122758236,5.704294764624816,6.993523796913353,6.560816975202287,5.311595766106551,5.018645385365369,5.022026069639854,5827.0,218.0,503.0,765.0,838.0,778.0,620.4,425.0,256.0,971.0,1268.0,730.0,5598.6328125
LPL21_225,LPL_2.WAV,-459.0657094844604,7.681657080703674,-202.61260105878625,-8.287665789032742,64.65014918813438,-8.449370471789479,-4.001719613358674,12.468180260723095,-7.455007522285469,2.8302305384453743,10.84470554060234,-8.436747864619733,0.7178507268054248,-1.6310007044231714,-7.252096758702899,3.044221774304158,-0.11282178720980357,4.647005052703037,-0.4243122536862321,-3.5965567897263377,56.48102344541581,43.822129038919996,54.521917951207435,80.12313396045785,41.01671444445429,43.17452682927497,27.23307048306171,25.319035985540435,29.340044858711387,20.433179319793435,10.604208860023217,9.928746251939831,5.336102999628944,6.5390061251483935,5.73932720998429,5.287703436445834,8.717357415665353,5.467298807502815,4.712652093570339,4.77906776201886,5820.0,134.0,603.0,784.0,920.0,905.0,669.2,318.0,253.0,957.0,1089.0,654.25,6136.962890625
LPL21_226,LPL_2.WAV,-455.2986539358882,2.3108378453470126,-195.31459222048218,-4.660715030164433,55.39497147592442,-10.404288952362776,-11.983907798988296,16.76433559134812,-2.3203062398908965,5.899785132270095,8.786672473292963,-8.041404173348623,1.0572981962022878,-4.688026529696466,-3.2636443688859185,0.5559952629562682,-0.026068516805544322,1.939975344039468,0.7501693041384521,-0.43982388744933437,67.33098151017862,44.61856481411294,60.391251557632465,82.51453734625831,45.70246887874901,41.93100869916702,33.683350822836665,31.171288516274718,28.946847673759816,20.09345033031108,7.81117707184407,13.119927572242716,6.011454448341296,7.548173221501367,7.4122225374089785,4.535014386278121,5.635294229684861,6.657589014210751,5.468879106391391,5.386334528604462,5826.0,137.0,622.0,735.0,880.0,861.0,647.0,317.0,282.0,926.0,1150.0,668.75,6136.962890625
LPL21_227,LPL_2.WAV,-441.3903905708822,-10.47292554788141,-212.71699345911216,16.288082925398207,43.876904936377365,-5.935054970113271,8.830929589719442,4.327320028738843,-5.810861639034924,0.4873341497314306,9.174655130465911,-11.57919963290635,-5.512509170843665,2.73666226756926,-1.9942732397186824,2.705449588068001,0.08734338220988686,7.276627509752922,1.010753514284683,-5.475630673839124,74.47160352612794,27.805267411163435,58.607178390842726,58.27210786447638,56.601196441645484,45.375442368082545,25.58783558188541,24.18989630427738,29.409108196400886,23.400084729545302,10.505586264489553,8.972364822134246,10.567904294243743,5.57880103681299,6.1606785345092065,4.919221280466099,6.168853587183179,8.45827142900275,4.5283728789675814,5.0945065696944285,5687.0,101.0,607.0,767.0,873.0,848.0,639.2,349.0,266.0,795.0,1171.0,645.25,6136.962890625
LPL21_229,LPL_2.WAV,-451.024002288804,1.1615771040392127,-202.1729170646157,1.1332066732813126,56.243280508228125,-14.0488921881282,-0.10131790174649397,13.07455016254303,-6.2942275250690916,7.0352365790593385,4.752934642043883,-5.203738298111455,-1.8225630215052635,-5.260673505972866,3.924862892401452,-3.795589575889276,-1.5979910102393147,7.82202663072532,-2.641892640845003,-1.0972595540551249,69.66863941629632,39.12700795769985,64.18324642049701,72.16276298584259,46.277892108018136,41.3279441334662,23.265695411251574,25.396688569918712,22.101453250738516,11.368725138336549,13.844150918687095,7.012395884971017,5.991279812154783,11.095755044421725,10.081287160179862,3.7547711506579713,7.97365369510296,6.791011067415083,4.863719970816645,4.111898833764577,5848.0,105.0,565.0,830.0,866.0,819.0,637.0,368.0,226.0,897.0,1236.0,681.75,5943.1640625
LPL21_230,LPL_2.WAV,-459.8883332931192,15.205379054407198,-212.4603055949144,-10.863212265463401,70.77858725425052,-14.922030030328555,-2.848992878514626,5.334098474370915,-7.522028939619689,10.078122476005435,5.154375947378008,-1.6363638393374595,0.10577757539003768,-4.444607583313591,0.6919179576430631,-0.6095761058037157,-3.1624948428583206,3.887666394948297,0.06143232967925231,-2.3393002412089254,55.95243089069157,43.380203496508884,54.86523798843252,71.91103307363392,39.1478928888361,42.555025690928204,23.492197302967917,19.345980443425116,29.17877038738778,10.178512360155628,15.143796776683933,14.191970974305796,7.729352155525021,7.709056063177258,8.263122223067857,4.178426156820583,7.668046015303362,4.234250833525775,4.038298584607227,4.846441698988131,5695.0,247.0,598.0,790.0,889.0,894.0,683.6,292.0,239.0,848.0,1130.0,627.25,6115.4296875
LPL21_231,LPL_2.WAV,-446.0610763803524,5.3955626822190785,-206.22681206091843,-5.881677322873636,54.736787013273165,-4.936526891530548,-7.006217611624544,8.10127043448814,0.48403631434665084,-1.1415259759647196,10.219935639135091,-2.1764262139845187,-2.728038817927585,0.4785965212868082,-3.354873893555727,-1.2838239534260607,0.3413082342043857,2.6104502123104627,-2.2121709382548227,-0.38163065581021005,64.74849894937947,39.62256662558404,62.047740052508324,74.54247470483735,46.0127576919426,43.78320186562379,33.04769487211363,24.691109968847897,33.24076952451651,23.766987169546383,10.369713932459396,6.9363233633347505,9.024621794003723,5.858463051204376,5.585516509374025,3.648872093615491,6.103177581400512,4.414559947507607,5.042268601623081,3.7827070481095286,5814.0,126.0,611.0,862.0,896.0,863.0,671.6,312.0,233.0,880.0,1147.0,643.0,5770.8984375
LPL21_232,LPL_2.WAV,-412.73467008962297,-3.9518031177995057,-198.0654583369157,-10.704008435721681,61.38466787032123,-9.870337262509697,-10.782338087395138,9.463996352582434,-1.9586417352805017,4.866009680085394,9.310587063931465,-2.105081125081974,-11.706905554205205,-2.641306483127757,0.6861042279697835,-2.2626923698639594,-0.09676594886438838,4.36030800720586,-2.309882209238399,0.10517341366609884,73.66180945339036,31.177807035766904,56.074461994233566,74.84533125688048,44.73176539968759,42.43617427603008,31.933799703611218,23.254766841521388,30.72122348401702,16.700139550082042,10.06074452077572,13.820253283708217,13.84836449002267,6.6336777198009225,9.95912293650657,8.450920111114453,8.327115291376208,7.851683916807908,3.8392682313095703,6.3313115334955565,5562.0,389.0,590.0,813.0,936.0,914.0,728.4,308.0,191.0,721.0,1031.0,562.75,5857.03125
LPL21_233,LPL_2.WAV,-405.09274065863457,-25.525452086985332,-208.98235179019437,17.081242078599544,31.71019640152651,-0.6813014694737123,-6.728506230423899,9.87563048226301,-2.5950287760781894,5.734007613534797,3.4108537977951396,0.9608905210452292,-1.1019057908644134,-3.425072382606655,0.7798307013145663,0.040690212078231626,-0.9809692527764426,-1.3838445779830517,3.8167328853073617,-5.619021631495736,82.4155289512829,31.197938485397096,56.1048732783193,59.32777860310918,60.72227378297948,40.72162614291793,28.423836633933032,21.84701780692471,30.19909341643622,12.12255251076302,12.358444017963688,12.858357454624054,7.148273867049248,7.565016125623624,7.669036534665872,4.45364012800206,6.10941169705235,4.851679972744623,6.577246763886987,7.603912992392253,5575.0,299.0,623.0,747.0,891.0,910.0,694.0,298.0,286.0,741.0,1046.0,592.75,5878.564453125
LPL21_234,LPL_2.WAV,-440.8266529585439,1.4530253928940178,-204.15917188530236,-10.976394413133418,63.65589924349805,-14.523896062744381,-2.143474903110092,10.366810724405743,-3.435096394710306,10.257103770198999,-0.40762283490083184,2.3921363169080156,-7.1872419654323405,-4.36831484269781,4.462751113677539,-5.6781085977275065,1.290556541700314,4.426858538427728,-0.5003648966458312,-2.225787995882113,58.45562865133579,39.20537574430117,56.04496862461376,83.01442223713278,42.49050704073577,40.74386016787826,29.31730806169316,27.2734054721497,27.96085182855667,12.017837780922582,12.674334961177658,15.174317985375806,11.252579302126486,7.010171085311226,9.097615933101874,7.4941372731058635,3.9261921964924102,5.364082440059721,4.851426492278357,5.501539188752275,5636.0,130.0,630.0,810.0,882.0,914.0,673.2,304.0,213.0,831.0,1040.0,597.0,6136.962890625
LPL21_237,LPL_2.WAV,-425.60381601906823,8.304386055013666,-191.45204522490766,-0.7663849983021785,56.10991805652401,-8.278807450003946,-11.548853450117644,2.081989076023175,-10.723131535417767,-4.881025491996049,9.008114832994535,3.8684208992880107,-9.697258750357646,-2.188847002638631,0.36746547833910426,-2.988833203284048,2.1797579353070695,2.867651448089975,-1.9011880940591468,-1.9409029861517781,76.96474097696392,48.77188282054789,62.73696822245111,79.02145112529459,42.79958688136917,40.846567176140624,34.0195029407854,22.059565162379922,17.80389155968985,25.21776800982437,7.847285197585058,10.330323104925792,10.79207488620087,6.864134159048394,7.983591933316678,4.186667490485795,8.103370342156715,5.6686753694327185,4.518145553389837,4.748533658850659,5891.0,336.0,662.0,830.0,932.0,911.0,734.2,287.0,226.0,937.0,1092.0,635.5,6136.962890625
LPL21_239,LPL_2.WAV,-427.1627499977692,-24.228014458429698,-191.6886912920951,-1.2651874670615375,35.341061409523014,2.620092830620092,-12.456136944644868,4.005337515682475,9.805577469580479,1.2508536840784916,12.998882684514633,-2.3274010378567485,-1.9955711404101018,1.3786289363792692,1.1134824250521003,1.101794336811845,-3.591587557947607,4.810647702905265,-1.264784637298779,-3.9249753133261605,103.95313875962957,26.624508232578425,57.23534793961492,68.18734462108398,54.571177724425205,39.59984257329969,21.84852823719534,19.22353738916952,29.368849471991393,11.934691245978719,10.468869929607804,11.34607135531637,9.24491193463201,6.740465479760217,7.315060641649178,6.425079839117373,8.219412798055073,5.039507796503423,7.06176767133579,8.323296917822914,5761.0,337.0,520.0,773.0,844.0,770.0,648.8,390.0,223.0,912.0,1295.0,705.0,5577.099609375
LPL21_240,LPL_2.WAV,-411.72955942283727,0.06498780650958658,-185.02458321839742,-0.656515174495837,52.02217648731279,0.12738826202884196,-14.837824916862512,-1.9995514544670494,-9.496015796465866,-0.21288264778298588,-4.542717092814603,2.648026357032025,-0.6319178380927196,-5.269715534716231,5.441465917102471,-1.774201695954313,-1.3593378268507783,5.6095986537285665,-1.5460587263884717,-0.18803628669415906,95.17564727093459,36.63706283010538,61.27552753740371,67.74593905874983,43.04642582278714,41.97627856606232,33.439871427744265,21.382622350641984,16.425233231231033,13.920191458815827,18.12156650051238,9.624318780356392,7.988333946154541,11.344941913023748,10.445982499347629,6.510431605943678,9.319239058553919,6.895540039118545,5.490612238600187,3.616210175512663,5602.0,305.0,590.0,771.0,869.0,866.0,680.2,303.0,262.0,809.0,1109.0,620.75,5813.96484375
LPL21_244,LPL_2.WAV,-420.7256204069467,8.16372596073464,-189.99955745408067,1.4371662244213548,59.76086365574949,-13.460956097427927,-16.49281254331802,4.224313314798568,-8.646250097452254,-1.2902097828532415,9.789816906736752,-7.762870606963836,-4.314645321328721,-3.5433546671271503,0.6326451271722908,2.1648505917072365,-4.103400602550164,0.37597229428502793,3.997375138728224,-8.215066817677473,83.53424637125241,40.42489579576486,58.38693781380516,68.35064028224754,46.35241460947748,40.14977466032924,29.30870792768742,22.423899171444344,22.346582660684966,23.061178232118838,10.205108130465016,9.328444394681023,9.43866378666763,8.639778732080224,8.404924946905817,5.56073801241409,9.227999028353313,6.686190623389024,8.142853513297508,10.924699360512049,5612.0,349.0,597.0,752.0,917.0,904.0,703.8,323.0,238.0,758.0,1081.0,600.0,5857.03125
LPL21_246,LPL_2.WAV,-431.35865991231134,-2.5982287279981846,-207.3785733261875,-10.16944116204256,60.611312498524036,-8.551428112123597,-9.887590674900972,1.6771839316337012,4.836941270245961,6.177021306889164,6.558705541284959,0.25444830118335854,-8.946042020426745,1.6963594517160996,2.111610039183796,-4.847610953171268,3.510716954602273,-0.20818838336177029,0.039343355031659755,-1.015281352661285,54.636958734155236,44.58476671641349,51.466188347270865,87.95865684652854,44.55701298542572,38.66902320033547,23.9994139293934,17.52333616041758,36.688661747323636,17.6929413392615,12.306957382644157,13.049686412637552,10.99775725080619,9.172326720231158,6.324589737529845,5.475574285509439,6.379657717047391,5.813404805792867,4.14820707363956,3.8664499118151308,5265.0,401.0,597.0,770.0,915.0,886.0,713.8,269.0,234.0,547.0,1013.0,515.75,6115.4296875
LPL21_247,LPL_2.WAV,-408.9706471074408,-27.054346352831523,-196.30868297571502,5.107876439028484,35.485611084980285,-4.607304041691513,-3.707851098744046,1.5166751627939492,7.488216740082815,7.148438640296359,2.368814249419916,-2.432360960859927,1.029842582475074,-7.192574500681356,3.772883120598039,-0.240137687594894,-2.4853779776237497,4.617560915090064,-0.6683259103366969,-1.920487761486269,90.5482724829412,28.392733126392574,57.043256511091506,70.7369970669541,53.08414498158466,42.108023417946036,28.26150285338668,23.10706473943477,36.89921678196111,19.610816988740098,8.484438114937241,11.21421999853184,5.202902771080483,10.070566155644542,8.472296340611086,8.317299705525848,9.682499552061442,5.89241514576162,5.389834815778824,6.169164607741894,5692.0,169.0,691.0,807.0,900.0,860.0,685.4,451.0,183.0,773.0,1129.0,634.0,5835.498046875
LPL21_250,LPL_2.WAV,-436.6596397100029,7.204237728640227,-205.0929476653335,8.666284004983625,51.36170550408998,-23.052470400740262,-5.86668742100724,15.437047225369124,-14.52187303649164,-1.555516995833221,11.7139165940317,-8.722322781230998,2.7956605404509953,-3.764184453886252,0.1329959467049915,1.775103767592238,-3.284761154823047,8.007116732854197,-0.7714151718613238,-4.490663889032539,74.42857143973401,42.90382881524739,55.727759671053505,61.78207027899434,47.49908432292543,36.349935701726984,26.289337390402476,26.100190319483232,20.607446753009366,24.565264548592523,11.616385913829417,10.77622439553584,7.230565179462052,5.511940833762955,7.356018265858247,4.330757399271549,6.206994205326353,6.314286613211436,5.159328558148948,6.686755424748092,5754.0,124.0,603.0,804.0,868.0,837.0,647.2,518.0,224.0,803.0,1180.0,681.25,5943.1640625
LPL21_256,LPL_2.WAV,-415.65928599901923,-31.75163605788414,-200.46569618516335,23.452846231690387,40.009077436342146,1.3892404472694628,-8.013786992164587,6.178735422396888,-2.8736100496967945,7.358552610252843,-3.5948720306537423,-1.675548056813306,-8.141224323113292,-6.188568202837496,4.286096452874756,0.8323469872741565,0.85246724565279,3.5282798988934534,1.1103037708413082,-2.2464691524622045,82.98332967828767,31.8183933605356,55.17211331874016,62.8696848627143,53.24211480889745,42.579226178530064,24.615161058620235,26.565589510304324,21.287119173219786,14.96392299446844,16.68687153841601,12.117658235359974,9.521251880745169,11.213422130197923,7.946920595394369,3.4031945346183887,6.604735758473573,4.932039857288599,9.041992599672417,7.455712149370047,5682.0,105.0,613.0,761.0,914.0,887.0,656.0,478.0,280.0,783.0,1096.0,659.25,6136.962890625
LPL21_258,LPL_2.WAV,-382.267959213557,-0.15202122848361097,-183.5157779677772,25.31274405997531,24.333942006658706,-5.26825116338623,-15.795289641606384,-17.603825426710166,4.664323460490174,-4.737590109378198,-1.9791430958077485,5.787659413393279,-5.136628588052081,-2.625565805806711,6.415589071542654,-3.1583671063050742,2.3567990903061298,-4.751802580046233,1.7736720155994763,-3.0627333350833976,100.89082102580687,44.584859658183326,53.264842637884215,65.16652693439973,48.36181803107141,38.116025350892734,33.57803970188854,23.49139184011472,20.779871270710743,22.242567197453553,12.404518781673357,10.90956407291577,7.1154904949785704,14.045270519742635,8.370390162524965,5.046954983605609,7.241449193055198,7.995769174630389,8.982886195145467,7.636494142278045,5686.0,274.0,674.0,777.0,908.0,892.0,705.0,296.0,197.0,806.0,1112.0,602.75,5813.96484375
LPL21_265,LPL_2.WAV,-357.4165959516638,-20.71157524403953,-172.58398693142186,-0.8981446155371505,18.342513827860046,-5.847632920772852,-19.583483391571114,-1.204119084671806,2.8051926770503144,0.42888511214133307,1.3645703939194838,-3.1108255406202496,-9.506054237154594,-8.639696130734732,6.446230579013569,-0.6191301869099679,4.124396805988928,2.9492621518359696,-0.9202455620870545,-1.3982954247222206,92.73929043053877,33.94489495404227,59.516247300189946,54.49752175756035,47.85957002355169,38.25834029320187,24.54093097766321,20.732663873019746,19.591383997997752,19.743735953587805,15.18507123933458,12.674096345322244,9.657102183431224,8.936675509799748,8.917841232669133,5.076386434815093,9.273324139021865,8.027122953669878,4.5731482310641995,5.203132240071697,5699.0,101.0,668.0,791.0,774.0,890.0,644.8,272.0,201.0,969.0,1099.0,635.25,5857.03125
LPL21_272,LPL_2.WAV,-381.95561841994953,-9.431087542710683,-215.09723114243934,5.278284758675581,37.06677239855913,-4.118800956075043,-8.544073373513289,6.4641628787659,-7.592296595995943,-1.1750095766681024,10.902611674948856,1.5344245311892204,-0.395390812329539,0.5704739369541072,4.001783236043385,-5.20052914535293,-4.204032678365348,3.5413702457901155,2.3014951229880163,0.4138356520261909,77.56913651869382,39.15427415063861,56.82230940362517,63.09026150122569,47.28045416404229,38.01945690522141,29.77486892123732,22.073029111976172,16.174091585240383,10.663594277107087,8.8451974615739,8.685860266329481,7.002187688273522,6.8009483556727295,10.72741211965374,5.259617830723213,6.932506184155264,6.161267899423554,6.060742718318136,6.060811022692768,5758.0,408.0,663.0,881.0,916.0,912.0,756.0,285.0,193.0,762.0,1111.0,587.75,5921.630859375
LPL21_273,LPL_2.WAV,-381.8713342339661,-15.3438853942552,-194.55589673642356,2.773811385357724,31.66681116690143,17.209068425617772,-16.748119404337018,-3.08762689136441,-2.4904466623396666,-3.9850905131015617,6.195891888650532,-0.13786315979964656,-0.8999671138250981,8.168545999116416,-4.4452546308886145,-2.1946493097927826,-1.298954586748357,-0.28202379285636836,1.2141070277486932,-2.892537791896982,84.49991409307675,38.71440723240928,56.460979207735924,71.9072960019703,46.86599964268764,39.299769939323056,30.272754189252797,17.477627854424746,17.078848837012924,11.201256362070316,18.62103057116793,11.63486205105688,8.214604994206118,5.766037327494134,8.023586427881026,7.321299299894518,8.993250584162839,6.214611712611942,5.807362823740941,5.922472830681592,5721.0,500.0,650.0,788.0,909.0,896.0,748.6,270.0,243.0,851.0,1070.0,608.5,5598.6328125
LPL21_274,LPL_2.WAV,-398.9853028000811,-3.796132683808087,-212.21933226334883,-0.9610774475163161,48.09768804660617,-5.052627786333934,-1.5481518998121178,6.577513916639551,-0.7788159534108556,3.874503424014637,9.398548212910466,-5.588828773378671,3.9589637230375008,-6.091882759920702,-2.879914456957011,0.273580646494025,-3.3319589480825877,3.2215499218763126,1.597883902824808,-2.0597046842000313,69.36623217744888,27.062631157007566,55.47313911458532,56.21570333729885,50.208280757045955,43.93213138084901,23.734396756311654,23.144634933051517,34.992882242089756,17.640665534369116,12.671940204387287,12.012290373228447,8.877688433438955,9.374052906911762,8.109358945817709,3.9889829719466903,7.783856471937673,5.2890559525296,4.148403647080233,5.644108540918754,5616.0,382.0,667.0,872.0,937.0,920.0,755.6,231.0,186.0,706.0,1061.0,546.0,5878.564453125
LPL21_275,LPL_2.WAV,-404.9383127233733,-11.224803733902347,-209.47604416852707,5.753711279956184,51.788709774979615,-8.795933056299562,-5.077576898472807,7.918458248907749,-10.770938106007183,8.91440625222525,0.8332184060684297,4.414943209865641,-2.594756373118256,-4.2727294713008535,7.078048411047878,-8.870585552778808,4.813413750725629,1.1400391532042802,-0.6147195294908554,-0.05578428060570211,72.47204047663274,37.41352223836581,58.02650927426929,70.37889128717534,44.08131000020756,37.32895511562222,26.103819626461533,26.996055837066194,17.4071084535673,12.159329231168629,17.55483752515589,13.1098705092007,9.23763610697842,8.005086087830195,15.242423423749926,11.918460728327547,6.011949831447711,3.745761406954277,5.8303870856376,4.105693841609201,5808.0,454.0,664.0,877.0,933.0,927.0,771.0,288.0,179.0,803.0,1101.0,592.75,5878.564453125
LPL21_276,LPL_2.WAV,-385.5410862767546,-19.666539436162218,-177.60599726302806,4.0616424823334025,29.30405622575396,12.732873279955554,-22.528755119195708,5.978867620764191,-4.927754504899643,-3.055349686825375,3.207434791962268,-2.2461410838036624,2.2299226894572106,2.75967641578998,0.5535994605803675,0.9893884043581184,-4.2225550442475175,3.6020538039907644,2.934101849785571,-2.4293219873755807,96.23341156904766,40.76218024297507,63.385594034904436,73.10073554770942,43.341686447101786,33.31854179844405,28.434168971289257,20.41787282023982,15.274811767326776,9.980414631721347,19.084634965663387,10.441719146401663,7.597002604906457,10.54148663865022,8.082564792168261,8.44026731468212,4.3608413514387285,6.825553679551398,4.846770950547373,7.46458117764132,5776.0,400.0,544.0,775.0,857.0,824.0,680.0,330.0,225.0,930.0,1171.0,664.0,5555.56640625
LPL21_277,LPL_2.WAV,-399.4349240656899,-1.790403447163447,-201.3597424778295,10.964018146864923,38.36544451722641,2.0235657188331033,-5.011909898747926,-0.6744074968260508,3.2223351444704664,-6.860085211390125,11.592939598532201,-3.2377887020251657,0.733863134516107,1.4426555685719498,-6.3554926232729505,-0.6058188781632233,0.02554499396363001,1.9631863676838632,1.7585044278821909,-1.57197621595591,78.40430873060347,46.561256994875436,57.45299031886683,66.55395020407559,47.352252866836864,39.22607478390118,27.02628312979819,19.480049975486224,27.042683754280436,15.317086367127471,7.7070489058430045,8.059976311739774,8.315456659657054,8.932909377063108,6.74812083819875,11.25578850390774,8.23433524460673,4.3272132839575095,6.002158704796553,5.677098775826914,5690.0,441.0,619.0,792.0,897.0,893.0,728.4,284.0,210.0,825.0,1148.0,616.75,5835.498046875
LPL21_279,LPL_2.WAV,-386.62640764797993,-18.179003561560616,-191.37032560656039,-1.9438313076243232,47.27801490690667,-3.9582262863421174,-11.21239812262697,1.8793886492665306,-6.755332389698771,5.282597236600875,3.735832487237453,-0.9465495737391194,-0.6441741654226091,-4.324979894384127,2.1144888925526777,-1.3029460809778954,2.7843574632768,4.520471360327172,-1.7443477044855475,2.8202061631141673,79.70689361528909,33.77111617589054,54.94101964675716,59.637287957202915,48.70595978483914,35.84247133542896,22.507899897279295,23.412334214338475,37.35117838208725,18.94804671715204,18.538966992099372,17.174598318132293,8.857712492453032,4.651518189346132,8.033348217676354,6.670886979040638,8.158699229151855,6.229926099118353,6.402747917328031,5.5979759115350225,5645.0,386.0,644.0,831.0,944.0,921.0,745.2,260.0,195.0,754.0,1057.0,566.5,6136.962890625
LPL21_280,LPL_2.WAV,-355.45058462387755,-22.926355219500103,-185.82389443226418,19.051991349997,31.320158713238794,-0.026528303155023227,-18.63128602153077,6.973885311636394,-9.022859460517097,6.879463583123398,-3.5148803729342903,3.3247177873035216,-3.278090958763277,-0.21259277272615706,-2.44818244371761,-1.8731528273614313,1.100539089408938,-2.8163517827422195,3.805950457996562,-1.4084519565137081,111.37248909131867,33.157898438235435,56.50217792054244,60.08433644581187,53.66463938978685,37.122365442176374,31.649893961792163,20.067366877815946,22.539409576171735,13.114722116437964,13.15787885632354,8.23728652267109,7.511529028845367,11.235782959606023,6.4328452856804486,4.838661318802468,6.468575670906026,5.17906529126056,4.394760744542252,5.118712684461066,5771.0,556.0,703.0,803.0,900.0,874.0,767.2,162.0,258.0,798.0,1085.0,575.75,5792.431640625
LPL21_281,LPL_2.WAV,-400.0650198188342,-13.451875555888178,-191.42270022284094,19.11176773341943,34.24624857145941,1.3002019376940064,-16.651827961857087,-2.1515545265654787,-2.311025470328201,-4.508670921689795,3.404145153727209,3.1642955008600455,-6.001963333118842,-3.478337984873852,4.151817404686819,-3.9850850894946968,5.042784691212951,4.490306284494511,-0.2372514441898966,-0.6132158097219822,76.15961017997317,43.27836164946817,58.27782551840776,69.56900934812144,47.435986789151514,37.231688052153245,34.13538641928791,26.12119422507728,16.71359121700172,14.425091702238364,17.310332318274384,9.110826163748188,8.706354315313645,12.008909214621985,14.275613744650025,4.726332690672416,5.515540600651433,7.027282466425959,5.180437750819647,4.277569237261184,5902.0,326.0,618.0,828.0,913.0,885.0,714.0,308.0,216.0,927.0,1169.0,655.0,5878.564453125
LPL21_282,LPL_2.WAV,-398.40355577863096,-15.240537446288073,-183.46248397999292,-7.602794529069106,42.54054683567615,3.644531464765798,-13.444991777791065,3.1131584689026672,-0.7035491326307645,8.976986387796973,2.5034711751373626,-6.336216035248923,-0.0725245415061592,-2.2399168595362977,0.11477704714952872,0.6195955581258432,-0.7198600676511338,4.939676369141024,-1.3815425169874376,-1.426992587698006,88.83185348679889,33.37400284462833,56.10418840973385,75.07247527850986,45.00041388206826,42.35091654829098,25.623580869899456,24.371811118658236,26.64792629577058,11.158291107596789,16.23138252137665,9.165786179555871,8.710677456635004,9.73579599209012,8.95719254309505,7.7650193811008,8.470486785362736,7.2524571839471585,6.142272994628852,4.238536889940963,5718.0,477.0,552.0,728.0,889.0,873.0,703.8,365.0,270.0,774.0,1180.0,647.25,5577.099609375
LPL21_284,LPL_2.WAV,-425.0956355187728,-8.420572019583497,-212.65367775776411,12.988832241447623,44.55738157604129,-13.876629460780947,2.466928913426684,4.29120138296439,2.2968886864471694,1.223200464396303,7.787385419885056,1.0852604885009283,-4.832486255056946,-5.41615532498949,1.4975077462723065,0.7185845566742615,-3.284968630359993,3.8588462740618032,0.6758379280986395,-2.7851160775182517,81.8580037112599,30.642886516493576,61.8351858741504,59.789469592680966,51.726283784557765,37.74048903705859,23.06475219403375,19.586007466501567,27.945173144344295,16.832053582577874,8.344535745854897,12.572823773733191,5.9027727199848785,8.798001476547352,6.3166855248752585,4.430447307646961,7.814287912985505,5.167070088680436,4.956490662213618,6.810054982480599,5814.0,421.0,664.0,820.0,892.0,848.0,729.0,231.0,180.0,874.0,1205.0,622.5,5878.564453125
LPL21_285,LPL_2.WAV,-391.1116238623028,-12.548523039881577,-194.7506376663381,6.230732476514,38.02611371260932,-5.80802833581547,-13.753077769406302,-2.3370223877413956,-0.018129238665923992,-2.830963426406438,3.4261669601042906,-1.125190180336475,-1.593017482577625,-2.80387119436361,1.5864984785048457,1.2628316465807343,4.3237486275814705,1.1908545122112573,2.4991043251489,-1.5096301375545877,88.74428141430472,26.65890948246528,54.87080412529067,64.60594074876998,59.75071701502275,43.81965998489836,31.66388731737917,18.05407426620492,31.642340786963587,19.911055483656604,13.740493967165671,12.477476692562592,12.520135586355948,10.067120008103151,8.917541165661719,5.761928293673626,5.903095990489928,5.774364285083602,7.245489833623063,7.123959793182971,5520.0,224.0,593.0,790.0,889.0,952.0,689.6,335.0,189.0,757.0,974.0,563.75,6115.4296875
LPL21_286,LPL_2.WAV,-426.9762707019375,9.625542116516293,-194.86018798848383,24.046102629098282,56.88167382543598,-9.910601663868036,-3.3211972389455644,5.226104118066608,-5.85145780193585,-2.7165596940507437,5.652117880963797,-0.602434205303135,-5.51231182079544,0.9236473131504764,3.935256244444391,-2.7087596666873357,2.2042369297934234,3.019193825007718,-0.25810799753652636,-3.360930827176682,81.4602362451593,49.227882003406606,58.88392725770169,60.40751788404483,43.414181469784275,37.23666687666242,23.913029813637113,26.33740059989365,21.515364233293802,22.639732745490498,8.620001442905322,8.454849374672941,9.875079975219194,5.395135078213054,8.071511733169089,6.460600431931709,4.624715533308061,4.187239460147094,5.572548476509833,6.702152992727029,5937.0,166.0,618.0,847.0,892.0,879.0,680.4,489.0,249.0,927.0,1151.0,704.0,5943.1640625
LPL21_288,LPL_2.WAV,-416.57011167922093,0.24383972815077512,-198.16546995223743,-8.981153125059917,47.82970878233254,-7.029375120024888,-11.023570563569066,4.895248990072622,-6.9617238753651165,8.814842765902382,-1.5579544399493588,-0.7290354364286368,7.75964036147373,-5.320147685768127,0.787032335243657,1.8667796493048838,-2.7929125658609855,5.075332720794824,2.4130867314842104,-5.494373366082394,77.4911920476025,33.070963557724546,55.316923114787095,72.0443995536255,48.15522880851949,43.88727275818638,34.8160472944383,22.910883298180014,26.746262239927773,13.057731568714866,12.821476414955475,11.885936655819558,7.13217670042071,9.558892620684949,9.548246324917317,7.493097844300106,10.408314642969849,4.873789102390826,7.481449769956854,8.880684607956338,5582.0,418.0,671.0,800.0,932.0,860.0,736.2,243.0,208.0,672.0,1149.0,568.0,5684.765625
LPL21_289,LPL_2.WAV,-413.51364165280575,-14.409679733674666,-192.9653157021328,-4.460447579924367,48.120282847240716,-10.917953588947809,-1.7080448367130168,4.011677739770189,0.0016917631727760242,5.262357554319353,3.7875812872475487,3.721001521704836,-4.2858493960537505,3.1509746104016405,-1.2897336921945841,-6.948411559306667,0.1970256304935297,3.453343289528742,0.781407260333528,-1.9237917332644576,83.51931964413527,29.939710755093333,59.67327850841151,76.10447102276503,45.6019705149177,39.012479534218905,25.980564921033185,19.376883374448134,29.682026167938705,11.048620896357063,9.655754962732079,13.547842228628381,9.998245002286511,8.667378738470738,7.8703700812384465,7.058528822346321,8.04656652071538,5.925074103163261,4.079386339171774,5.161597638682919,5838.0,361.0,677.0,838.0,897.0,873.0,729.2,262.0,216.0,919.0,1102.0,624.75,6115.4296875
LPL21_291,LPL_2.WAV,-445.81477714954343,-3.229167030729833,-204.50367313935445,2.570451694201778,61.91857695650595,-11.375466509923202,-8.801554111530029,16.063898752836423,-4.752254989516364,-1.1905189410039267,11.142380959020377,-1.6536144036304408,-6.15111650884974,-1.2857824790422878,-2.3376196795199786,-1.1945119840847984,1.7460952826345377,3.9673807936015546,-0.5907514074811395,-4.147078861770315,66.04961934851752,38.44457264029463,61.07276426603402,61.67690013485227,45.61698888629497,39.57938032248925,22.524519391129626,24.896467723283948,31.731762287913376,23.916596885005532,7.751558900133386,11.127853614918159,5.928027629202345,6.123649991770125,4.799604915586655,6.33698114330431,10.183213089168547,6.515605110206628,3.9466035965037634,5.696688699026637,5977.0,315.0,598.0,850.0,925.0,890.0,715.6,356.0,215.0,918.0,1183.0,668.0,5900.09765625
LPL21_292,LPL_2.WAV,-423.2184017472929,-12.908531612977695,-207.82912472447646,10.468340919382143,42.18817652933616,-11.68680927300382,-4.980261985065941,-1.8290341821282756,2.3310392961977824,3.2104990764949615,2.1657807769099766,2.9612410940033933,-7.041793454961279,2.136520777428939,2.181271643186067,-3.0260746717480016,0.44906134614518456,2.9744146939012857,-0.9324720153798131,-2.5611003955351896,83.68146336398945,29.9071264996642,60.44685005376461,62.71070040336303,54.34269152636411,36.854163427895315,25.57970592010432,20.192716088670476,30.488189871192176,19.26064197111958,13.902362438698791,14.263384117079807,11.84635740791164,7.198800540857302,8.590663843924554,4.569968085261946,7.356668975392881,5.553384247474403,7.245800117485276,6.238483084023749,5708.0,305.0,637.0,794.0,886.0,877.0,699.8,304.0,260.0,831.0,1110.0,626.25,5900.09765625
LPL21_293,LPL_2.WAV,-391.7144384131979,0.16044414636781948,-178.33000776124197,8.074859914767304,28.31348446523908,-9.780512449528892,-20.528126645803173,-6.056169581388125,7.875383679743186,0.9369154352844112,3.5899351593828137,6.1890175380875005,-6.522376819694769,-3.5523589251775096,3.5146847365445884,-4.498412465569786,8.066743054353791,-4.0041688487130624,0.7671483612249697,-3.3445759777860755,101.06328959297518,42.973247689367966,57.14010432298633,72.74952259555575,50.778710997629005,37.7143698876714,25.55847838976354,19.081053070763268,29.907787445498975,21.232359415975022,10.992502993158206,14.024718907619473,6.4506541069353,11.942886909715492,10.092588821301627,5.535900926021317,5.981049724873874,5.422175496681265,8.18054281480421,7.616491254701866,5862.0,521.0,706.0,772.0,883.0,886.0,753.6,199.0,171.0,1009.0,1107.0,621.5,5813.96484375
LPL21_294,LPL_2.WAV,-434.07263239515953,-1.3981333856905087,-192.52434489521193,6.201963110490823,53.63452514985631,-20.092118841038697,-4.250466129846623,2.379334893576731,-3.0484116163216957,10.38225492629198,2.205191206591604,-6.448268959519112,4.796129422935602,-2.973255074122054,-1.092315213784744,5.184731886289414,1.9493754836114847,-2.3220664728588267,0.5764454240541155,-4.104984230010637,94.0236168542362,34.577384758692375,60.78771116118507,64.23882450596977,51.60044759525913,39.58146032575336,23.329354120052166,19.966049660186187,26.936302291898645,13.852192230102512,16.333892711613547,12.029986629672328,10.482538130226105,7.715814314743451,8.831655919125247,7.1343407964980825,6.571342480659633,7.691085368577509,6.098267380701927,4.909912699686168,5783.0,105.0,571.0,821.0,868.0,861.0,645.2,509.0,227.0,866.0,1193.0,698.75,6115.4296875
LPL21_297,LPL_2.WAV,-432.6949704493835,-12.275209229798337,-202.55699661535678,7.32638489051755,40.89313745024428,-6.708051432729883,-10.24644832627415,12.629228372432813,4.477379435201708,4.381432151924468,7.479276203443949,-3.211103577593832,2.642875378852611,-4.757515545279001,-1.7942144980039187,1.0106454647969725,-1.3648378756668995,1.8090865599417207,1.1196776407678102,-0.8071199565966662,82.11294158955026,33.68301175581855,55.68031467816906,67.1981036542738,57.360942383749205,39.70413444019362,25.774437960170996,24.26727381454068,33.382173355885755,16.95629836769729,9.141345347618111,13.438057488835014,5.7167801031294525,6.983170630062771,7.061518424647121,8.09680493379541,6.033399170607739,5.524017824613096,6.895539099506191,5.372682745081312,5807.0,313.0,634.0,772.0,898.0,900.0,703.4,241.0,263.0,845.0,1106.0,613.75,5706.298828125
LPL21_299,LPL_2.WAV,-412.5089682342909,-9.816058664480558,-199.2045023543089,12.904259169533978,37.04368206687121,-21.74477862526227,-8.739445396663704,12.343395207632035,-10.6572582353861,14.482550722132826,10.382379413173899,0.16312862624093874,1.402457972076239,-4.488774689010667,-0.9145532776293352,-0.9571346099200961,0.3332001983215694,1.0532669341339749,-0.8816579540129739,-4.2059018073011485,74.94437974290344,27.68265815794689,59.11878393821914,49.787099400247,55.10592455129062,43.551427212106404,28.49292934195523,30.241413090625382,27.49076673805778,24.15233540545579,9.708392223621974,9.508937726407977,7.6255772376861986,8.5806757859421,10.19611224897609,5.145079263961135,6.3051194915459,6.1399184201212345,4.200600492190336,4.803617125397489,5885.0,200.0,670.0,850.0,936.0,902.0,711.6,470.0,201.0,866.0,1083.0,655.0,5921.630859375
LPL21_300,LPL_2.WAV,-411.64752152334125,-9.588028785815654,-206.60592732176397,13.568879880985355,43.258970289759326,-9.354076692686291,-15.504338546325002,6.802562001277324,-1.3095480520503748,-1.3476971101492197,3.843892087128045,5.726536965374934,-4.773235933701996,-2.591742284632637,5.9316337885015225,-3.305293729716466,3.9439968623754935,-1.30027366308281,-1.2389403950223679,-0.5718114826438899,71.81893946839129,39.87582407293914,50.14199516195582,66.95462978317488,49.459715126739525,33.912692664554605,28.5465007745977,25.226170908904837,22.975635467462023,21.79378343489236,14.142818661930393,15.827036396335073,6.384215891662219,8.477673278490611,10.706418458123446,4.798053050807259,6.6149736277815645,4.718843222599908,6.550247881823444,3.983333936750834,5279.0,147.0,597.0,801.0,907.0,904.0,671.2,453.0,197.0,480.0,1036.0,541.5,5857.03125
LPL21_303,LPL_2.WAV,-408.21867113353113,-15.726229289927828,-196.0527861456682,10.329903237307157,43.45345863374702,0.6004182105434125,-11.058542257413137,11.878087289776404,-0.48328266171347134,4.258512165910994,4.329162736996969,1.5891452341928056,-9.397577968556394,-1.0358861428193362,-1.3511398412733309,-0.7918378157037329,0.4792908355139528,4.9830952106716495,0.6870667550803915,-1.130024945413445,91.19182923723655,25.4913552733667,55.54017081338561,59.47712616310618,54.94050437133166,48.79711492707675,29.158080444760465,28.173381808099396,26.26336568803414,17.11585226110972,14.31380708537619,15.493264490556841,11.622851435682183,9.91332973267025,8.692819708339275,5.37986609841459,8.078764501399185,6.572387991531988,5.8397571801711585,5.155825329640616,5693.0,324.0,651.0,857.0,881.0,860.0,714.6,291.0,185.0,785.0,1123.0,596.0,5921.630859375
LPL21_304,LPL_2.WAV,-409.87014607077344,9.176230674448346,-186.63546348283657,7.309337035988174,54.464572501370235,-9.769377870317507,-1.6455345049554875,-1.5521781096578904,-3.7657229200749076,5.354413046531713,-0.8540594253834701,3.3191013631657005,-5.833248636758152,-0.5620171597196895,0.2964772273710798,-1.7579692314780337,-1.2185952319275004,3.9655943530389166,-1.8674032271698344,-2.2029428918090987,92.96563696789897,37.963829598821796,61.59042990115109,63.715968973097915,46.43226775926105,44.446519827593846,26.141825004111336,21.03619474073806,24.720063742151154,15.929596171255634,12.623486135379398,9.199665880420302,9.63228373939928,8.905107339754345,7.288062813701419,4.980678465655052,6.573446997482497,7.041221672776207,6.126853726649774,5.5156278820688165,5705.0,333.0,539.0,788.0,890.0,884.0,686.8,391.0,255.0,829.0,1104.0,644.75,5620.166015625
LPL21_306,LPL_2.WAV,-401.6315784606816,-12.655660209510735,-198.71645970772136,3.134932414155947,41.41032407070891,-6.9373821763502,-14.934211050731308,0.2904615637950215,-4.3830366131073015,5.157210688337136,8.899733447032279,-3.035979291635999,-2.1828568109028956,-4.168602007762822,-0.7400469434127974,4.136382881099594,0.2754283509339259,6.137549397900492,1.5234174893106414,-2.712318841933322,83.53582890618803,29.704244224656996,54.47348190705692,70.14923262401153,56.538879994702874,40.84941349420327,32.43085088510209,21.55540695409835,27.878111261806392,18.554121668358725,14.927260758780642,12.01602261545869,6.213539192580091,6.22696906986045,9.03599867432452,4.624656744410109,7.396633857319939,5.658009381691282,5.9351746177875855,4.722626332486207,5467.0,276.0,553.0,783.0,938.0,912.0,692.4,329.0,206.0,668.0,1031.0,558.5,6136.962890625
LPL21_307,LPL_2.WAV,-422.25297046933844,-13.585560441123034,-205.4015209410625,21.668601985407708,46.86813201979368,-9.282623859284303,-7.930106607517268,5.051298688188154,-4.5210606319397435,-0.45282105034833076,14.172489653503076,-6.343953324486084,-3.609351988420752,-3.133661479001004,-0.2241162194919186,4.523924278123916,-1.1874673642819726,6.432046088602332,-0.37609833590173053,-4.837025415344836,77.9327195215251,32.324254189999166,58.332351714827496,58.91908773832363,53.26643959375045,39.94803198310326,26.24012622834364,24.721819744466025,26.45928150758487,25.412803972747458,7.716483194852494,11.038705629461454,8.053515827996314,5.898256896135808,7.868426783531997,2.982268943014197,5.931587704935233,6.830726396540509,3.4903293432433316,3.0452128967599976,5917.0,420.0,680.0,808.0,934.0,867.0,741.8,264.0,245.0,926.0,1089.0,631.0,5943.1640625
LPL21_308,LPL_2.WAV,-379.97528805014014,-20.459573881107236,-192.7439962843687,-3.7986999354855993,31.457568331057622,-13.058665341323529,-13.392369123508933,2.9712322351848526,-0.48017157447668707,9.848166440068546,7.92400974539219,-1.9215978609624864,-1.9729111910286332,-1.336587346999308,-1.9970417893076382,3.85622299356932,0.536978203262188,-0.12489097620855713,5.8953972364875264,-6.22042508965676,82.48022644117567,27.40929822142474,56.42820069478735,69.85653553203299,50.11340914017006,47.234650610654306,25.378928719469663,28.955842235749778,27.63731820169582,18.800699923040828,17.037188448519956,9.553513712985541,7.899535414633986,8.149673321100925,8.135339541391174,7.364064079845257,8.30036254272791,6.316171340589556,8.598993671285195,6.2490598297141,5460.0,384.0,615.0,807.0,907.0,913.0,725.2,288.0,178.0,666.0,1023.0,538.75,5835.498046875
LPL21_309,LPL_2.WAV,-350.66423743963884,-15.083345493472859,-180.27133162791205,10.564581849991166,11.711538288486487,17.159344671694708,-22.594545380301202,7.6609596960263175,1.217090170366168,-1.995190450074557,3.871699721982862,-1.472000431789172,-1.8725587161134352,-0.9725015254149308,0.49633949959401386,3.510380965105546,-1.4488224922985922,1.6226113264581867,-1.562749173969766,-0.6309228175702546,73.28027350264328,39.7541243498235,51.509904014657465,69.86383584935315,46.24627126459419,38.29648487547358,30.28477620186533,24.542114463963127,23.656637889448742,16.597544036747255,13.319789911965666,12.8642970447284,9.225571180536468,12.253198020938282,9.560002188746347,7.3444005784767725,9.664870396616427,6.269770262559931,8.859790026887,6.944599800512585,5423.0,168.0,623.0,812.0,943.0,926.0,694.4,278.0,201.0,654.0,966.0,524.75,6136.962890625
LPL21_311,LPL_2.WAV,-391.16340646942194,-19.479308775538627,-194.65798589478678,34.42842319698456,37.47435893754606,-6.486811064480376,-9.882898725950698,2.1742500393273128,-4.389604319044022,-1.4228316738119373,4.614756565291549,2.431050769622858,-7.4474831832488855,-1.205414055370647,4.185412019317164,-4.318652466599574,3.0182905779778366,0.7772089804086746,1.4024779331164061,-2.388693624646634,92.07212688436472,32.40020317186324,53.75308507123047,55.01295069466303,54.02293242115284,40.07148799398647,27.822170906918494,21.952912107547903,18.555111041106162,22.666397106427297,10.477327159365284,16.431140153636427,7.604237050316548,7.212727710630551,9.316850302046912,6.856385489521881,5.476136479334908,4.92460466898805,5.475882560872676,7.734136782368493,5672.0,238.0,672.0,834.0,907.0,857.0,701.6,436.0,216.0,691.0,1121.0,616.0,5900.09765625
LPL21_313,LPL_2.WAV,-415.8968784936775,-23.624142370789368,-201.39139205072453,19.468230957859774,46.833820240980835,-1.4361434433007596,-8.140480671025063,10.017013354876173,-0.5884122843689193,5.646578588259593,1.7010258865438013,1.2569132550081596,-6.3119712568972925,-3.664905903103003,0.6959501539281051,1.8638452254572557,-1.206532572708153,1.0803406170261942,2.477228428981985,-3.8227191400372154,80.05153864594988,32.9930513312375,55.22992635695642,65.73775350266791,51.98648908252321,42.55948018730589,23.83751501079696,25.120776765082905,24.90369946666229,15.587945159885264,13.007219505200487,12.091346161834284,6.889493994229792,9.121173747246228,6.520011176108704,4.036731281526706,6.980679400204085,3.7213216721911864,6.848578437905731,5.47306437872829,5767.0,324.0,638.0,761.0,918.0,912.0,710.6,305.0,267.0,855.0,1078.0,626.25,6115.4296875
LPL21_314,LPL_2.WAV,-392.414923435308,-39.02509882782039,-194.93113760465118,15.529056998871708,42.43732134047179,8.232083765676107,-8.226991125657827,11.732505714428708,2.3125486284068884,-0.14924071357524868,8.084900367876015,-2.8869521582438415,-10.43957784883125,-1.771989576097098,3.60910837390123,-2.52185859934625,1.702066947439389,4.3238196932932675,-0.9687317830984428,-0.5153991240830441,84.53985480307198,31.38789909509499,55.46034485933178,66.87566810356203,51.95685082720128,46.97668663532482,23.61805147685484,27.807194106598875,27.799959262200762,16.72083311950791,9.943416487953222,8.996258729792126,15.14367225578939,6.308388478166571,8.44050898461273,5.414561750134536,6.121354833042281,5.510656310163381,5.465760008974768,6.86031362249898,5757.0,383.0,644.0,849.0,902.0,886.0,732.8,304.0,245.0,807.0,1039.0,598.75,6093.896484375
LPL21_315,LPL_2.WAV,-406.37239188935564,1.0214690325426015,-196.67545589835714,-0.3445170768912168,55.201965332843706,-16.473566651283267,-2.0142846440374838,2.8367296098140296,1.8163462601476654,-1.1505617190689974,4.624273179022662,-0.42331948005022657,-7.307301823158368,-5.765347634571199,1.184187163537756,1.2710987813827201,-1.7157317516653063,4.927411725758746,-2.6104036485772797,2.2986077740031274,74.05086839045072,35.385725310559685,55.10713620288932,70.34994689344553,43.66744528958556,42.14830523903034,25.543230349951653,22.718597414186412,26.855903646615584,23.84322055549978,10.848068214226215,12.86070144828681,9.436519569602218,11.376505934547756,9.17460187583102,4.102714482609634,7.5230596760640385,4.235947321237687,4.733740332485018,4.9680347065648744,5758.0,412.0,645.0,846.0,926.0,923.0,750.4,236.0,200.0,812.0,1064.0,578.0,5813.96484375
LPL21_316,LPL_2.WAV,-374.73814216055484,-11.860618946958045,-192.90926233796714,11.274087056078384,44.609561323372404,-17.275676935064386,-11.51490518337505,-1.464182542548329,-9.127426654566396,5.461083334576555,7.682964276625317,-4.044419894151563,0.6963608168845247,-6.544922669963365,0.8189244738922542,0.6276237973051322,-0.9948324419826741,6.496430352779225,-4.898449372179385,-0.14194676465860734,86.01708835702024,31.745845309414257,51.24614015747502,60.451224457226296,47.98556066553433,42.26114199533272,26.450925505766577,20.92471112553237,19.009762087083004,15.924682387998754,10.922240686190335,10.083392549381669,6.306911846327041,8.673033561452877,7.25616964238657,5.625182408773814,8.998969576294762,5.896135110554713,6.019967283967898,7.685548205452473,5687.0,415.0,702.0,828.0,890.0,915.0,750.0,237.0,232.0,771.0,1037.0,569.25,5878.564453125
LPL21_317,LPL_2.WAV,-391.935809507113,-28.086942825929196,-206.23552581072633,33.493527088924345,32.38148661872378,0.5784838444580266,-3.72750542908665,3.19696561695609,1.3368160763104178,-0.3507880610970107,9.767841317358975,-1.8234148297332453,-2.1022136367850814,-3.8196413510597136,-0.9764906573722628,-3.401498825842869,0.08922529376101072,3.684960970202084,-2.7393305400653345,-0.9029150096888586,80.24823533133707,32.77710720910975,55.325740444943456,58.88803198071527,58.6812243131154,44.39286029995815,26.360037123033518,24.036204272282262,24.047890816118944,17.623243706928328,7.997613493230125,8.380375579571348,6.192751327055868,10.624929109431825,6.668758811543571,4.608046002794269,7.578394076718141,5.296422673216257,3.8816065715291175,4.401767091604233,5709.0,153.0,621.0,831.0,939.0,912.0,691.2,354.0,238.0,754.0,1018.0,591.0,6115.4296875
LPL21_318,LPL_2.WAV,-414.55571679603185,-7.2642618348631345,-203.79175048041722,21.343213062542812,46.01708226018217,-16.190119360777764,-3.612481728584223,-2.7226098361465367,0.01841304416567091,3.150746978557566,7.5134226383108516,5.034456981419982,-3.995601273609444,-2.1959961472198612,0.6953734755110011,-2.6718061779919897,1.741532399243575,2.8364984283465473,-2.3602518369886654,-1.8436715733640432,69.34479447141553,41.92433240642417,58.90711617535411,66.4570609750003,48.02568789028894,37.0300539038263,24.476786740174123,23.748249894928044,20.609583591252967,21.200776294119663,7.5513417814262365,10.004118211431928,8.342611474501288,8.323590548598558,7.460088339997619,4.9639035641788025,9.84493463067017,6.133258378583816,4.228769125851029,6.8310853675579315,5867.0,371.0,662.0,868.0,936.0,893.0,746.0,270.0,201.0,898.0,1061.0,607.5,5900.09765625
LPL21_319,LPL_2.WAV,-401.4526370894458,-31.134753536217776,-201.57799692988905,12.47034824765662,40.315023953339725,-5.533330892059123,-9.418028024862931,9.296695304395463,-6.724285269072852,-1.8718759810454546,7.169207923434308,3.829745267281354,-6.827356133214061,2.284430855640617,1.7056498327455523,-0.43312988406923686,0.018269702392899045,1.830357555338781,-1.739100939336366,-1.4400659833246614,94.36362631447952,29.214030269076908,58.76527563506119,60.386904834902744,56.85391661485621,39.197953182455585,27.972435121623278,24.335952837362044,20.7352940426215,19.050147786975085,8.32693706613193,11.497419354848125,9.345386852064125,10.20359543359143,7.0124666889421565,5.0005172300126866,6.3274409585705005,4.764431087035135,4.390549032667939,4.343571075540817,5814.0,423.0,650.0,843.0,909.0,879.0,740.8,266.0,206.0,794.0,1162.0,607.0,5964.697265625
LPL21_321,LPL_2.WAV,-416.79312750065077,-18.871649423364087,-185.71348165705936,4.182646955167638,44.49116378146618,5.293176801155607,-15.906080895939366,-2.163476703527252,8.27536167990406,-4.170311715801976,7.525283302533445,4.416500899364534,-3.448422400297972,-3.735154116126666,1.5272813724425292,-3.8405351065345608,4.426388975912467,-0.6588920643513833,0.06982244824056337,-1.006099710832008,80.93228680490822,34.91967505612508,58.132857704189234,75.38349295122555,48.09446266962438,43.15832163243434,33.57032857077852,22.152777024859642,31.988914658747643,24.372709522645717,7.19243877440604,10.83904491779885,7.191665945978882,7.315243374593666,6.4564961970666905,5.19619174465906,5.487324594925336,5.044483755225134,5.43934257851949,5.13757137280604,5910.0,323.0,638.0,837.0,932.0,863.0,718.6,308.0,211.0,914.0,1180.0,653.25,5706.298828125
LPL21_322,LPL_2.WAV,-415.9844429672558,-13.132545404609386,-189.84548552662494,1.4648546111057283,40.870434860443346,2.339399863012527,-17.231292793496497,7.396039857946541,9.319313283995651,-0.5994882782440742,5.935280490667814,6.874722665673409,-7.299605227442125,-5.457927670657064,3.0392065423742203,-7.724398901097582,4.154357381723376,-1.2102501571221145,1.8575829315730195,0.03457209853182849,89.80718337926207,35.41758045838982,58.10968430337345,77.06789607062335,51.473184701186916,42.414975155140525,33.18463488930297,27.30870202378637,32.28066140651888,19.48949326361428,8.23664929204467,13.721626029313935,7.382969136002882,9.787628588073549,8.342575683439751,6.047896869706938,5.672857754200665,5.576238772244454,5.0034941980941925,4.9049470102088435,5862.0,429.0,662.0,798.0,913.0,869.0,734.2,202.0,243.0,905.0,1134.0,621.0,5749.365234375
LPL21_323,LPL_2.WAV,-407.04211711678767,-19.08131439310006,-191.5752419393284,4.9688770098900745,33.899476043248114,1.3116916207937097,-14.185127883412365,2.4339329191544987,-1.2366346454984107,11.170136216532773,-1.0843118810748893,6.046011985740274,0.2281925958594257,-5.055605195802075,-2.1641102662946965,2.335864433645906,-3.251265843200121,3.7129756805443885,-1.6307077723989636,-2.0342191183772833,101.57243034014631,28.35696268868661,57.691022556739526,66.11328268085191,59.36518080371607,41.24902876376159,32.031634249505416,24.622025230675067,26.317243936202555,9.84844670734159,16.190642272431983,14.673960787497803,6.637757087493654,6.059677440008788,7.245744120492593,6.183147457001861,10.662622389760156,5.253146591753881,5.8871717037927676,5.628949395102118,5868.0,365.0,636.0,836.0,900.0,878.0,723.0,288.0,192.0,936.0,1124.0,635.0,5727.83203125
LPL21_325,LPL_2.WAV,-424.0235979402471,-7.139319647228494,-190.45067268423855,-21.40161489059485,62.16223184773993,-8.432641109522192,-12.296618998390395,12.799963496484793,-4.155817952612457,-0.5231872139490963,7.504409170116892,-2.8003139268480544,0.02191546228409942,-0.9062684564342588,-5.370778967345591,6.223428009478668,-5.498771325720245,3.9562470477331626,3.1486251853326186,-6.491831502522588,86.87224313917135,27.492836221204723,59.449195166336075,73.37220647567152,47.18518164284283,40.77846375276188,31.958318005543045,24.10613649517299,31.01141792211419,19.380126949637976,10.688308396919775,11.954705822833924,8.097818742101754,5.908715896883658,6.863048387389374,6.584574206801128,7.785094772536909,5.386255527571617,5.469006255178315,7.515989520381877,5699.0,328.0,683.0,834.0,868.0,854.0,713.4,249.0,183.0,850.0,1143.0,606.25,5857.03125
LPL21_326,LPL_2.WAV,-414.23644117700366,-4.761767050438599,-193.34982217764178,-9.13542734190195,51.39306564711108,-2.883478974608985,-10.97072632306575,11.637743016537089,0.25050850329616126,1.0110207655810945,6.7337920150031305,0.9864434886055784,-3.5916110419634557,-5.459198946512789,3.5463671192216073,-5.3219258646988,-0.07810841091230143,6.3160859262764255,-2.523029161782557,1.708131322276316,86.32539925324926,28.767335158375168,60.31375487560109,73.2132441961608,47.19383177357045,44.685675060908615,31.564380425518447,26.04520906666752,31.599324227618414,18.90537402057096,8.077323275776202,16.645990372953065,11.719823267843358,8.138722648039193,13.768895842856221,7.891226452553367,6.587378464947317,7.267373967480539,4.308623388942551,4.012568985881581,5715.0,381.0,672.0,832.0,880.0,884.0,729.8,290.0,179.0,750.0,1171.0,597.5,5878.564453125
LPL21_329,LPL_2.WAV,-376.37692457929194,-7.311504446327444,-186.96641400714987,4.353957606702844,47.52309384871405,-13.413466335107191,-8.240597842489558,1.1648888934372759,-11.52326053720948,1.9226338756146337,-0.3602919922912054,-3.3823353209579796,2.969402417630314,-0.643623447265244,-4.150615980344912,6.947892736678672,-6.665489714812827,6.774642225855563,0.9166156243128051,-1.8093059894451762,112.25148170380244,34.10368613944103,61.860373798095004,61.387669273391225,48.43321770388361,36.43903086192494,29.395358375355993,16.806821563336886,20.085905114557935,12.39241689000144,13.008773067697486,9.857573685606008,9.871463971665532,6.304416323783907,4.369081808009993,10.98198820837734,8.712299016587448,7.446360903133145,6.485147649581843,6.068061128324287,5851.0,448.0,677.0,812.0,924.0,894.0,751.0,279.0,187.0,893.0,1144.0,625.75,5857.03125
LPL21_330,LPL_2.WAV,-397.44221354532215,-11.226905718656214,-221.60498253434486,8.151051156179099,52.48161983540988,0.8940542670093561,-4.738721429786531,10.424192830185978,-2.138930069808117,2.034035143106853,11.982092353350657,-13.01214348714716,-0.3899257465493463,-4.747938987691683,-4.72403862697804,4.443176978908295,-1.2171549337298524,4.451685465552832,-0.2347163280459435,-2.173588031394641,73.24164270400316,26.64271015495274,54.43088103496285,57.7404956271764,53.18228560799484,44.26679581625393,24.85138374954078,23.69110540526092,32.06800446459363,17.850409026381705,7.909179637929732,9.34393106266357,7.765622770436125,7.9606973407778785,7.033823384922096,6.352713495266311,7.964807105433361,5.842635652054838,5.691131716512801,5.234333855737726,5506.0,480.0,647.0,848.0,946.0,930.0,770.2,294.0,165.0,559.0,1075.0,523.25,5857.03125
LPL21_331,LPL_2.WAV,-411.3661338187703,-6.466198981753092,-210.77185740399423,-14.216261909432061,66.67172359261748,-6.626890824980074,-8.016459872243512,22.878493426700782,-18.653658390467633,5.042576109816532,5.4766319626381215,-11.132906333803115,8.226680164234265,-6.031729802251164,-0.2622497585907039,0.008547846385823253,-2.313437221111119,5.194989855768658,-0.6742416813587346,-0.25470288548831355,68.74565428799991,30.537726106353343,60.0506231313258,72.30373003422808,41.27468676528122,37.84698649169893,31.12597542943012,33.90050052252229,20.78831716869829,12.21015687974985,11.427899909998155,8.947048731856132,8.847893393847773,6.371499670217565,7.24108477980739,4.272363192005219,7.5620645940259505,6.1644371257882,5.93646460346486,6.523419124300076,5650.0,467.0,688.0,895.0,910.0,902.0,772.4,252.0,169.0,707.0,1088.0,554.0,5792.431640625
LPL21_332,LPL_2.WAV,-341.725003486638,-2.856246108779735,-174.6033607204574,-0.45838636935972615,38.482057560982156,-5.401048036662482,-28.154715230797606,8.05430152850529,-19.340399695274595,4.864852588890892,1.722820437772365,1.543987108313574,8.744960709275151,-14.817650375621295,5.565030450274872,2.4331851763034504,-1.6216289667476977,1.1443574769399734,-0.6852754711349174,-1.681897620562537,95.86817205183067,39.036854185263664,54.179483462167624,59.85230152691526,44.82873992519528,28.467316482076804,21.880871608856516,22.713227270764488,27.584731038792828,12.825323544441524,15.784762090064728,15.115889817555924,5.38985221235046,10.68689113548375,9.928530788286682,6.198315652374589,8.594972699373349,3.8870328182987546,7.399104610389584,9.604299468010927,5780.0,514.0,708.0,821.0,906.0,927.0,775.2,184.0,158.0,874.0,1082.0,574.5,5813.96484375
LPL21_333,LPL_2.WAV,-416.219728336604,6.36480578467681,-205.89646726111334,-21.87200157033773,65.07380767037048,-14.405093615240206,-6.900546976612244,8.476420575617196,-8.058240624802272,0.23446964745379256,4.343940884266785,1.531638647782646,1.2013926332870883,1.2225199438282417,-3.6092700806832334,2.474902565885805,-0.5087532714216803,3.84382941497144,0.7874407067833087,-0.04668503571601505,76.96298383956264,34.373107299128534,59.138134159142545,74.65353858289694,43.96335709554909,37.424188793189174,33.08718008086611,24.051338942536944,29.2843456719371,14.581245961913377,11.484252750730077,13.828719427453146,10.202035545085089,7.744947085648204,9.555842530063725,7.214217779938845,6.748877046538516,6.719733498088086,7.013892037342617,4.782269603139035,5793.0,467.0,677.0,848.0,927.0,936.0,771.0,252.0,189.0,850.0,1064.0,588.75,5770.8984375
LPL21_334,LPL_2.WAV,-421.0470614967181,-15.023486280708253,-223.42878164086414,9.430323464187692,52.91730504470182,-0.5723960603402655,6.830108124189699,12.002176364427273,-10.656772846637432,-0.5174410240613946,-1.2144659929001216,0.4650581340179915,3.8565182754551492,-8.344743685703556,3.137814812225464,-4.276594765972948,1.6233629298828707,5.893387679591734,-1.6888145799771888,1.0044494302656803,73.90217981175317,30.16895865604078,59.38576462475091,59.25260105705969,43.63800927048949,39.85728568933353,27.804430057770915,26.20581295707154,21.095335645191906,12.766270874908042,9.634222570582052,7.712207437460892,8.20420332139504,11.484162668273203,9.932460363189259,6.08513363601334,5.254113000718666,5.010940101016228,5.528473013119396,5.701482787534028,5965.0,463.0,661.0,878.0,894.0,928.0,764.8,269.0,180.0,917.0,1165.0,632.75,5641.69921875
LPL21_335,LPL_2.WAV,-406.9672620481269,-25.006796722591005,-207.46654042173236,6.896251784499519,43.32376667776449,11.724630147486714,0.6519937801126997,11.026583818023065,-5.583835642857541,-0.42733913076933905,-1.8207162891327113,1.015130861536743,-8.117789228829865,7.485008299374318,-4.971976660841204,-4.650716209595377,4.722759025435425,-1.3274271265831035,2.495630653018377,-4.21200570750429,71.64132650246654,37.73861734035506,63.29063759949735,65.88912630204342,43.83131686370611,38.52221146031618,22.07818920914927,27.68519753435221,24.160335717574945,13.867995184062707,8.454499181573814,6.339923897462087,11.68727356172432,6.8459490823168405,4.776083402502225,5.721832116499859,5.885389454735234,5.522280161476801,4.745502766904113,6.686291663480386,5895.0,465.0,688.0,881.0,915.0,906.0,771.0,264.0,193.0,834.0,1173.0,616.0,5598.6328125
LPL21_336,LPL_2.WAV,-419.98288795059193,-1.2158263672240652,-215.42487842080578,-6.069790191309831,58.62512570885937,-3.8132602278963956,-4.564756396091531,8.545905069021611,0.2547179185780672,-0.9461712224750798,5.247021153609221,-2.681319303955635,-2.9056916051425414,2.494756964455949,-2.6563443344227937,-2.941330962336415,2.10469201818015,2.042778802234815,2.850114189455529,-4.162666280761768,66.43415628591292,31.443855638246667,57.12671135640193,64.8501956142735,42.54800850197605,44.6782888120217,28.122298564092386,20.7266273641296,33.865922758465516,19.76147372709005,11.057122423766701,10.288744757170269,12.295457074575715,6.400747425211546,7.469463718999297,3.593940715385694,4.544027565838057,5.3424761414438855,5.629181674039648,7.183500199964547,5804.0,488.0,703.0,860.0,895.0,926.0,774.4,251.0,187.0,886.0,1051.0,593.75,5620.166015625
LPL21_337,LPL_2.WAV,-393.7198147714938,-25.98209664054801,-208.56851465583907,14.745349465045674,44.70212348306991,14.842017764077143,-9.811667014833118,14.57212683389696,-10.294991792930908,-3.4278253551794515,2.5026863737955485,-9.320649193767467,3.850019050964625,-1.9963208921386975,0.9009636191463813,-2.5800408820192606,0.551785157341214,5.7488793003142575,-3.549787137009926,0.8119925087165908,82.35322487980773,30.920773416198355,55.11543936921525,59.9239321198735,45.9277207391019,42.99840765063601,26.91833117027352,26.679983189219463,20.88550394627944,10.595952824793617,11.254371868900813,7.664144977279989,7.976958390729785,5.5509605639770845,7.30113909713224,3.5499197777804703,6.247430619397706,5.4819730781869085,6.003174358595385,6.475055641729272,5791.0,470.0,670.0,828.0,908.0,846.0,744.4,296.0,256.0,857.0,1094.0,625.75,5921.630859375
LPL21_338,LPL_2.WAV,-380.32444058772376,-8.857381311095931,-202.74593936274238,14.220088535080508,45.531172794262666,9.445278728065226,-6.312036133153162,3.5669265929455087,-8.322230288727823,-2.934523359090233,-0.9410472317504612,0.3742032421856439,3.059732986935519,3.17608872014757,-2.6802522384659238,0.11148816266929464,-3.8879311383795843,1.3590679772550698,2.406454850954254,-2.410076412225287,74.90566445916595,41.62649806646773,55.034018741476686,55.36951670773899,43.55699134626316,40.99917756321084,25.15223008005343,22.87916815316572,26.944919878827474,9.74751364771841,10.910760649436133,9.63793882796604,15.829495743586186,7.202815431768875,8.679807632882138,6.569882588723499,3.3080174788658727,5.392375579319589,5.94945031365944,6.869401480586847,5669.0,462.0,656.0,836.0,931.0,897.0,756.4,288.0,170.0,811.0,1063.0,583.0,5835.498046875
LPL21_339,LPL_2.WAV,-383.9676190739373,-5.630248020903423,-208.35853912575882,13.336567097263819,34.97631184976265,-4.686160806209136,-9.85009729150493,-0.8127311405670476,0.42377779563828794,-13.653732447095829,6.948788205340635,1.0943364382298162,0.12453529747735964,5.282389986496273,0.0895180653385703,2.1318747332349783,-1.9627225446845715,1.9523956161141898,1.455960955476692,-3.520908019524005,67.76120493195651,42.32189031058632,57.647605409826205,66.03807705610984,44.322427581022076,33.16901761165302,28.13432866127336,20.85267827477075,25.697785513598248,14.627487130256112,11.321192116858187,9.093345956946166,7.049034818270788,9.637382957398021,7.26960060238409,6.238762005213313,6.007420090000436,5.192137091846714,4.266724312941264,6.835422146953508,5801.0,456.0,704.0,856.0,929.0,916.0,772.2,228.0,161.0,858.0,1084.0,582.75,5857.03125
LPL21_341,LPL_2.WAV,-315.86957351718894,6.02084288328585,-190.3720510707729,4.7900072887176295,27.360169375759728,-11.294381267362887,-23.689365220089943,9.434715285156315,-18.8100948984901,3.468086094718327,-3.230541111678731,2.529928798236125,2.485672240156641,-1.6127871028116827,6.870359481341281,-7.086110116350772,2.5985082345549717,-0.445209491115216,3.5832324465526706,-2.8149380638022996,73.8919480332117,34.40602420558233,52.461946840487066,51.87359629852403,40.5020220691905,36.41980497991661,22.80274656698968,20.280162084689184,26.076198913338914,11.240582149080696,14.88105348721693,10.473965369587074,7.338334592791314,13.438282545698256,11.79734197081766,4.6096167523484874,5.148351931016053,5.540034245140939,6.586514584147278,6.074013526771566,5440.0,536.0,705.0,862.0,944.0,969.0,803.2,194.0,145.0,573.0,953.0,466.25,5900.09765625
RBB13_0,RBB_n3_1.WAV,-311.77767310388145,21.088013960961387,-166.08164819345592,-38.84339906530069,29.620068212374917,-6.26495848947261,-20.006937997691647,6.762908550801685,-14.098535150344823,-7.524049241022285,2.4893250200722363,1.7744955367246222,-2.0614042167306597,-0.7739541632542902,2.3038054434642663,-5.0222614541840995,1.660694423092712,2.5390126427208415,-0.41304507942293217,-4.448480418391671,50.980175842354996,55.62302418647886,65.51677330975046,60.006481941079194,40.82646879160652,40.16150172253045,28.96736082803469,17.332931527345718,23.06215339163791,12.323386877956056,12.736199666643877,9.666791839924803,10.174869879545279,8.796082964645255,6.8246292786299065,6.9044400248046625,5.072928488066927,6.661995779154682,4.326674010322698,5.287897589277274,6645.0,531.0,803.0,1002.0,1051.0,1057.0,888.8,316.0,301.0,1003.0,1023.0,660.75,5641.69921875
RBB13_1,RBB_n3_1.WAV,-335.4314634817246,29.492588193146023,-179.54174731335118,-27.55532056771858,41.0043637414911,-14.385963266663202,-5.749110096404892,6.565386601104363,-4.534142261999162,-9.195401539921404,8.605617906229545,-5.925053423622833,-0.39384733929521665,4.854109664487944,-0.7390580628600998,-2.5093966542668933,1.1701761002792639,1.5158494766705213,-1.975848612780943,-0.7103845319515448,47.520942656545515,50.02618401075247,62.27575296190464,62.574153921765614,46.20244025670131,43.34489064598288,24.719565663851732,18.36987877617804,14.91631868727214,10.722032766755836,12.048343846875463,13.246103843161743,14.949123683849768,9.374938873350978,6.299219522125081,7.43025922057888,5.362888712119382,5.739580526078041,4.252269492262087,7.724322951458792,6601.0,414.0,778.0,998.0,1058.0,1043.0,858.2,416.0,262.0,930.0,1117.0,681.25,5663.232421875
RBB13_2,RBB_n3_1.WAV,-351.44987334320814,16.948004004590004,-191.1565446623163,-30.028541499650853,31.193101063341842,0.46450797923863996,-12.098685250104214,10.376592612018994,-4.8066514050739695,-10.433532609815556,2.089709983316943,-2.1657340298982395,-5.101683908908239,-0.09474811625099824,5.704214393926021,-0.02855481852112817,2.292926847061186,6.36981821300458,-2.810930075262717,0.07064357298651291,48.99446995414812,52.674918258107624,60.421221887241536,58.66715178725557,43.0876005893524,40.91311076175304,29.715382796303334,18.06852007471013,15.992301093879615,13.518270316330447,11.525533141863392,16.07899282193156,7.7974021393108695,7.061011724704479,10.030736821313194,11.789907452884913,5.970319347442238,5.998113185651285,5.300702083280057,8.92363144911927,6520.0,395.0,776.0,967.0,1021.0,1050.0,841.8,371.0,324.0,924.0,1078.0,674.25,5620.166015625
RBB13_3,RBB_n3_1.WAV,-366.34859703982795,23.765061642082006,-196.92074903243704,-33.50855071134441,32.4937810770423,-8.494134207526296,-13.399283175716253,14.044136910640132,-6.5658701958495485,-7.882192005123299,11.814129007834554,4.461152362758424,-3.3527160857840452,10.56644689729061,0.7855724799762798,-2.023167492739538,5.55675053261986,-1.3166575143052979,-0.33085260742396805,-0.3363504856366337,53.5933524216181,60.63957503740878,62.02400755684284,70.39087830664856,49.76687542014508,42.88335757740667,24.64555022700854,22.9358375064502,15.10891550027664,10.428310522187658,13.89017235912402,13.247394617080241,10.141554564326988,9.570183914310912,6.873726201514842,6.520241919933056,4.998476138658593,4.363195313067975,4.184198274835665,4.038115308077248,6570.0,385.0,759.0,963.0,1023.0,1044.0,834.8,356.0,316.0,933.0,1107.0,678.0,5706.298828125
RBB13_5,RBB_n3_1.WAV,-382.40864820792973,38.51070872692317,-195.67298357983535,-44.17884649583006,60.54574303374476,-18.346039968113317,5.3063780536672,9.284671068289102,-2.242306541848611,-8.920249252293386,4.9795631260347655,-0.28119371413775895,-4.092747775322455,1.3387825412770284,3.228711412154912,-7.532316416907396,0.6144444621737648,3.19356446473553,-5.328290785985569,3.1176619998248647,40.6507024153665,58.51161554067697,64.95551314097476,57.779470235833756,43.49140937373605,47.65848437612865,30.686502718386038,24.404391423820226,22.4824990957169,16.2043742747239,15.792216369109669,10.557216413138201,13.108137923112444,8.926511763812986,8.107529498631253,7.989011910061632,3.99296260749775,4.566964255289716,6.61312982485094,8.302844672051874,6576.0,368.0,771.0,999.0,1043.0,1061.0,848.4,453.0,290.0,956.0,996.0,673.75,5663.232421875
RBB13_8,RBB_n3_1.WAV,-364.9201102847334,17.703741288304006,-210.4016052957187,-31.989023662316914,34.435728820188224,-6.759793733145596,-0.30714465293336324,15.795452678951564,-6.605153279930673,-7.12431660905669,6.9943612778266795,-5.477696765601101,0.9694397162747843,-0.5106902292592925,5.495515134139347,-5.738799354016556,4.891752855050431,1.1511638833438167,-3.02497206385539,3.8484897593892136,42.34843738382757,52.26615306355285,61.927649140989196,58.35430426112178,46.20847530343938,42.786870213698904,27.960007599776393,21.102625240738774,16.373423106458393,11.079383600881473,16.841652702806698,11.604228459252129,10.171563692839284,8.553465605069315,7.3800445564113835,7.0678229943688695,5.047604070556919,5.050980520752374,7.001174490981177,5.160249543886274,6604.0,525.0,749.0,974.0,1049.0,1041.0,867.6,361.0,325.0,948.0,1063.0,674.25,5663.232421875
RBB13_9,RBB_n3_1.WAV,-396.45913553631743,39.442603493004306,-201.36981294790112,-49.9145012947819,58.03623830360668,-6.116702644910805,-5.147376494163909,33.56509792334548,-6.801667311099165,-4.892471874914305,19.77879189361319,-10.418144501820809,-1.332652616029658,2.743047263216796,-1.0878058150160492,-4.454054753493906,-0.27497354574471794,2.2217520729445615,-3.843425938133946,1.315101756919256,42.384810012849066,54.8771738731425,63.08810519924417,52.93813129226072,42.316328500127156,41.66585608802616,28.663484510760775,22.797053824107305,17.814728878147747,13.503729801968051,15.895571885996107,13.06850747115195,13.868787304602753,9.356847413502159,5.3270362261877375,9.38347088956947,6.4433322052678195,6.182974478897518,4.9431550670659545,4.035639141517473,6674.0,386.0,716.0,981.0,1019.0,1035.0,827.4,456.0,336.0,982.0,1130.0,726.0,5641.69921875
RBB13_10,RBB_n3_1.WAV,-372.3612459705447,15.594430957496256,-200.12553305170727,-39.03248548854343,41.026947060511915,-7.019280882086395,-3.9879631210195514,12.82104793956532,-2.0385891952210797,-11.210554246263252,3.705669954416029,0.32473931158577174,-3.154108552832171,1.1743281669782653,5.776415079287087,-6.879120410254971,2.2906271527122484,3.5767465035003276,0.03806933993344032,0.46650444649462547,44.61467325906,50.68353623516194,59.40592487713993,55.15174214123977,44.54352638863268,47.60637766686882,29.80929307473235,24.91238143341222,18.932888306758866,16.02354509664804,14.806084505763494,9.306152690257589,9.101343526537477,7.419716647722735,6.887356507356344,6.602521547029853,8.026660922864895,5.901085378378924,5.7959613062563955,4.3629336002120525,6524.0,321.0,730.0,973.0,1036.0,1055.0,823.0,443.0,312.0,941.0,1068.0,691.0,5684.765625
RBB13_11,RBB_n3_1.WAV,-370.62039842648915,31.490364769799978,-187.7646021937476,-33.27026657250161,49.17626757412843,-2.1148639387783525,-9.125157484828014,8.630541954189821,-10.125485426361115,-8.572680564919937,0.31961496403253814,6.743479805667883,-4.455533973953724,2.7628701139599836,1.8199787503284213,-5.282323356489749,-4.793970666345006,3.897152904075199,-5.799853402150612,-1.2916931421614648,43.202199305024294,48.41162541295252,66.23471327204513,71.87750152620042,40.07720653921884,42.780051762651034,25.535771795690554,24.50192000572249,24.12605195901704,20.315834540044886,13.491690928729225,7.8943905667884025,10.789440295844583,10.495167936477884,11.190473004146195,7.9997981241548,6.127323749240442,6.875344986073197,5.559896969944574,6.904066307347482,6585.0,421.0,743.0,952.0,1025.0,1025.0,833.2,401.0,275.0,1008.0,1121.0,701.25,5706.298828125
RBB13_13,RBB_n3_1.WAV,-375.9381402371542,29.27642165972783,-197.326350476996,-32.6292245343087,32.52065696644834,-13.433082008009844,-10.56516752204147,15.871724811964242,-8.46002188125208,0.29967075778114705,4.021163608370031,1.0093091486079273,-9.860393432949254,5.652563125984011,0.8657718789123312,-7.847450063904932,8.400651300895078,-0.287285474975987,-1.6848030453342355,-0.8235221337938545,57.83390335884457,55.66107248609024,64.79751365366226,63.55816377509486,52.96322791239921,44.273603449935266,23.58477684421498,24.032353705441455,16.473228587595347,16.043707866378462,15.45391280993218,8.287917565264467,10.423387802205637,8.981109961495424,4.698863769298722,7.547220964020495,6.177636996734729,7.012075833796502,5.1803467809518144,4.891345085017897,6756.0,117.0,768.0,997.0,1051.0,1025.0,791.6,647.0,330.0,988.0,1089.0,763.5,5986.23046875
RBB13_14,RBB_n3_1.WAV,-394.1753902295398,26.715538037061005,-205.8057508344473,-30.84639881946912,60.70663421345653,-6.539598118169622,6.772281856631738,20.33637878991897,-9.685292541470723,-6.292915907471044,-0.9422610205864501,2.0060467155243087,-8.150309630381528,3.559234502688588,0.2685409837014788,-5.021356668074372,4.759847065683842,1.888056927180185,0.9465559382911198,-2.156373133357934,49.31241192795646,51.67095464630753,61.318450042535225,60.69634102430697,44.64941702581554,44.42166566965482,32.649497121776704,19.98703825631732,17.68858839711057,16.667090299589542,15.35658994316727,8.609163332543336,7.847351478453619,6.900972497076342,6.497156023618673,5.931009143076864,4.360417577710098,6.794879351336736,6.163563670020808,4.905619889433748,6595.0,244.0,737.0,963.0,1033.0,1049.0,805.2,480.0,329.0,970.0,1104.0,720.75,5684.765625
RBB13_15,RBB_n3_1.WAV,-394.41075144295166,40.75393118233553,-209.74158231080625,-34.90089715164161,52.95395859300714,-5.305283824563064,-7.334665426053748,17.282047377497747,-8.734196819169643,-8.778207174381846,3.3068836922468368,1.0756268305701815,-9.706032127934417,4.34499944038837,-0.5612252844566542,-4.750112197582862,3.4213306202307523,-1.0142696436825707,1.2038151266974857,-2.1846364859977894,48.11928000374554,51.61215724492809,61.14359632656879,67.04945591735176,48.35168472100778,38.526244968067154,28.18576628548429,25.673107822548115,19.692409688727363,11.987782552658686,14.445960828452716,10.056335866168586,9.971181845424017,8.44822024599012,6.04772218195046,8.330549661975473,5.343770250739225,7.880011100424273,5.200461005581398,4.891579724332649,6590.0,308.0,744.0,991.0,1047.0,1060.0,830.0,475.0,345.0,950.0,995.0,691.25,5663.232421875
RBB13_16,RBB_n3_1.WAV,-380.66026611084146,28.45023685832962,-207.0918694922762,-28.41057414203834,37.69907632308413,-9.369572261410863,-4.900505034143285,7.943673454855607,-1.328981137444864,-0.2734813324787924,0.5298711364788915,10.13348548947961,-7.893830278087614,2.4065238387747714,4.0923982744818845,-5.555291594067284,1.8478153639032,1.5681082789361431,-2.6515238191635735,0.05464996670511554,46.32259486643949,56.74709365850896,60.39167628259628,62.88014410772496,45.05046955016331,40.53646592537494,30.552403525888234,20.118166075379246,22.612096255954548,14.026930917452177,13.539122283650883,8.36168765652954,9.868706875604143,8.95525580146433,9.28286080113959,6.011269071316121,6.059322480765356,8.043369189730582,4.555867101988914,5.212548430952099,6582.0,261.0,769.0,977.0,1021.0,1065.0,818.6,487.0,348.0,967.0,1007.0,702.25,5620.166015625
RBB13_17,RBB_n3_1.WAV,-390.74564514332695,41.096846970937605,-196.3961001030205,-38.35777150273236,51.894452665666556,-1.3313337634536169,-7.596295559705726,18.772129811494217,-4.716012950684597,-8.346109090331712,8.828946342876925,6.139086947606727,-6.002685102652488,5.945276822267916,2.7744532059135554,-3.006261622756294,4.124956048066962,1.1504093504709731,-2.4091208402376365,-2.9672223463681435,58.478467127193085,58.097337436378254,65.84990271236745,65.67056713527866,42.64991209783874,41.56901577194203,31.498368619206595,18.224180007291178,17.08639924413894,12.016178048990898,13.646249831332657,9.287576996048438,10.197713986444922,8.309863203831936,6.606855434867314,8.559498190798294,5.333519148149982,7.0478544988913425,5.1220914396876775,4.536890023901193,6703.0,281.0,751.0,953.0,989.0,1053.0,805.4,457.0,344.0,1015.0,1151.0,741.75,5684.765625
RBB13_20,RBB_n3_1.WAV,-384.73735645733024,19.537446083521708,-200.75244072709475,-34.807198672311536,38.97779678491103,1.5083348568792867,-16.884373671183305,15.740438823947496,-4.265140770169937,-8.53480091811122,7.98706463315993,3.5637599491381797,-1.282948092265921,3.9729460735491124,5.183366301069185,-5.25095327514353,0.8290458231194643,0.5492782152555854,-5.062846287056628,-2.25647018126878,49.734233295972345,60.40673074943072,60.54353951191956,66.53374392636961,45.02412748907565,43.41361509965124,21.398741247768633,20.050600032081487,20.081312592206196,16.258093468071078,11.292997628502594,9.747713102958038,9.368384970725891,6.0579865689284285,5.637761184757767,6.073140977816432,3.777369969417995,6.378777041963492,4.8261057546448995,4.192079658606313,6672.0,321.0,728.0,959.0,1021.0,1029.0,811.6,449.0,310.0,1046.0,1161.0,741.5,5684.765625
RBB13_22,RBB_n3_1.WAV,-404.3109790648023,26.710334506141592,-210.3929653397181,-23.156033762444743,45.24542323416328,-0.8302916394818245,0.8272464461535163,5.110301727984992,-1.7575746940427355,-11.144032031001206,4.354334369210948,2.3313151403883996,-2.927335870710738,4.835304746525498,3.510519147614747,-2.336473182870043,-1.1202126805586128,1.815666304387848,-4.678194912763279,-0.09086175084121469,48.69803528945896,53.6276659505049,60.74189344751808,72.40659412264937,48.33750678254779,41.34203874553223,34.60027316518145,21.950185432501275,17.615881029775053,13.244187301688614,14.579365764979416,9.779855271050348,7.833979224049777,7.157891144388205,6.596094377839192,6.173278935394465,7.2100042774174815,3.9440621052483813,6.531229380663707,6.263639587931703,6640.0,220.0,720.0,971.0,1035.0,1047.0,798.6,457.0,388.0,985.0,1109.0,734.75,5663.232421875
RBB13_23,RBB_n3_1.WAV,-387.3398919651438,33.702068162108475,-206.44794611658847,-35.93549953781209,46.60550583110356,-14.111818043369835,-8.355152335531628,8.20110742943659,-6.823512087085551,-10.237478806321077,8.628438707600365,0.6108138248488489,1.3595557096063033,3.852368208240841,4.79022048569349,-3.0196139149994976,2.410245852478094,1.2284311453261074,-2.107233716959444,-0.7273980340273,52.339021761474015,45.711033020017894,59.553759212438436,64.4909565969744,49.169676364672874,43.47003858864417,24.559744039228026,24.944049343935536,17.53998000487903,11.743966556410117,11.715440687954786,8.217000361153149,11.035887285111606,6.792543944839787,7.1058513486758415,7.596672934904459,5.6771047586901835,5.7625290853932984,5.130890524643561,6.138720857072445,6577.0,200.0,750.0,969.0,1040.0,1053.0,802.4,590.0,278.0,922.0,1085.0,718.75,5663.232421875
RBB13_26,RBB_n3_1.WAV,-389.6164858630463,28.81201383823711,-207.17124993457298,-32.999143372700296,45.59291960582158,-7.678886917629834,-4.793938012261979,10.115285059113576,-0.4315085784545383,-9.808732676307462,2.349053671112478,5.390495357193121,-3.3386554381589666,4.823923903868337,5.580250334533537,-3.6162383538643743,2.2530762530205917,-2.930000175069794,-0.9441243538540796,-3.144763814339856,44.51237316062581,54.12922030536991,60.426859349974684,66.1854736461408,46.58824169484404,44.86858805272799,26.104898872662403,22.300906147761342,24.397720833571686,16.887342390874434,11.968254896620497,12.00895060020866,13.913647551761276,5.413884909929586,8.06790943403566,5.296409822783027,7.06111287488384,5.981799493597891,5.249134282686171,5.282788602612144,6546.0,391.0,699.0,965.0,1030.0,1057.0,828.4,482.0,307.0,975.0,994.0,689.5,5727.83203125
RBB13_30,RBB_n3_1.WAV,-386.3160173752955,20.396021720116302,-203.26662329469434,-23.846421945228666,43.57918101433706,4.015968374046277,0.37320736986314135,5.760496298222779,8.950014003398035,-12.500327402082418,4.554887417567384,8.350638796579425,-6.246530939935778,0.6644585879804181,3.8825849007777604,-7.117327040078101,1.4120233582733512,-1.51088336030787,-1.3340242433021947,-2.4255458552346028,46.85643834453181,51.79324340302092,64.21088347858267,63.6666647532029,47.570210150916914,41.50790980302307,35.13816319831711,17.718964857519047,15.798939747360116,11.995585927987753,7.021055122517908,12.385405155533057,11.666288697479901,9.084271133346059,10.66594689325793,6.824956756636639,6.513571983007123,7.5157688832828775,5.253806156974658,4.938744518839867,6509.0,236.0,740.0,962.0,1037.0,1036.0,802.2,471.0,314.0,955.0,1049.0,697.25,5641.69921875
RBB13_33,RBB_n3_1.WAV,-382.87528755472454,18.90296616189557,-204.48562047912117,-34.70435708836706,39.336879608370495,-8.459895777088807,-11.024680769320664,12.954834996513373,-12.623421400589619,-8.162805437873935,6.413604798525645,6.552750106320608,-1.205270416806056,3.8367238098346674,3.794719013395205,-7.532122122257218,4.869925395868532,2.058668685120617,-4.226378002382307,2.0632520639110132,59.42887601620658,51.981540158917724,61.60419043086243,61.42542572037928,51.998349969058175,43.526745589373675,25.093940583272552,22.936547040700155,21.64455764071191,14.263210027976159,14.364726887741357,8.267490173955167,10.897921486348523,6.362568832914032,8.34761804186664,7.222420010625428,5.696133520295354,6.220835004952521,4.343528385062011,5.063284858110237,6379.0,320.0,732.0,952.0,1028.0,1030.0,812.4,510.0,326.0,843.0,984.0,665.75,5641.69921875
RBB13_38,RBB_n3_1.WAV,-392.78102559594186,36.925684957377065,-203.77116563182136,-36.04484716249321,41.255107124372444,-7.251709876240991,-8.711098142323571,15.844798676068002,-10.255399593752134,-0.9524241565906405,0.30675515682562343,5.693290288159782,-2.299072870717166,0.7821669001458272,4.120659173244295,-4.443580280440739,-2.7420302321249634,0.5093492517390262,-1.7121506500610648,-2.6711453578867004,46.198317172661454,54.5462241040877,63.08153413601172,63.67357312039665,47.436583205915234,42.875051640247094,34.747271379214546,18.597203189821627,36.27446812311887,13.452571975144354,13.889060987820962,12.280754142701147,13.613041586343165,9.185303432060717,9.216923036891238,5.387500136483192,6.856454384034673,4.718924211903524,6.3035914897697305,6.15925813562955,6664.0,526.0,764.0,953.0,1035.0,1022.0,860.0,370.0,333.0,988.0,1065.0,689.0,5620.166015625
RBB13_41,RBB_n3_1.WAV,-382.1525842488273,19.053479438193147,-200.4019067680984,-22.46755361166402,41.33964778277162,-2.322536775954069,2.2671887839142166,15.160848417842736,-9.568229581918091,-6.557001818424002,0.4933556954376014,5.695890070077869,-7.633582183331831,6.343654067346084,-0.4714993795392672,-3.0220901310339134,0.9992276767436867,4.615613885097801,-1.637391270265312,-0.1340347156501659,57.44845739897476,50.48051078389179,70.59454928850631,60.34437389550186,46.43433870157172,42.046416184135396,27.731146944290913,23.428637046858494,20.166567879797864,11.841544951314251,14.528644401592503,9.400533152714972,8.488411215224351,6.625013425119444,6.619844692849598,8.28485620985223,5.2403369804508495,4.7752175205462715,5.6047225505911,5.458771207490412,6674.0,264.0,740.0,1000.0,1021.0,1044.0,813.8,615.0,304.0,998.0,1059.0,744.0,5749.365234375
RBB13_42,RBB_n3_1.WAV,-423.4180192197842,23.742549644424685,-217.09208855535192,-36.74612061855047,64.44796333185123,-14.236392732472144,11.512455522863492,18.089380234552,-8.859311529927375,-4.307276969386638,3.9158449112469786,-1.0056223137609857,-6.834937033529243,2.008642979498589,3.467076426882946,-8.422941265348237,2.924670529442952,0.2711493151486524,-5.27686902447074,-0.4811865572902333,49.35724476918339,51.486937976627004,59.782371514839475,62.27505361261072,44.030044712604564,42.82387431923434,40.489049876580914,24.92635320702758,18.175316296147848,15.553644915900438,17.98001056693966,8.833645456392182,8.882108183926938,7.729956768013993,6.804397699651643,6.984197684494691,6.291650168583639,5.850591263822096,3.7303065352551283,4.160895656687634,6632.0,282.0,733.0,954.0,1034.0,1042.0,809.0,501.0,366.0,969.0,1044.0,720.0,5706.298828125
RBB13_46,RBB_n3_1.WAV,-386.00774346992125,26.89984043380646,-201.87397156477635,-32.5936409037862,34.44988716506128,-4.141560516592787,-9.928906433454465,12.357654529340783,-2.4271992882411344,-6.59607535435137,7.13214433645604,3.085584059274592,-5.476377657976632,2.432658283228482,1.6786490166724968,-6.855138630940385,2.0462579119930306,-0.2798951207492328,-1.5235681755335055,-2.329217710116343,54.78706019649723,51.16754140695479,66.23751873735002,66.03667525234778,50.17192603763326,38.94642228203674,22.91006301420532,21.597433114562946,21.82604344786499,10.427857456606647,11.289991213482274,9.48976059721983,12.70006256526249,6.7237718527890955,7.315929406326393,7.681410210081497,7.006604232280638,6.695099149570172,5.490905311978726,4.170962940926297,6635.0,354.0,741.0,976.0,1020.0,1014.0,821.0,485.0,320.0,964.0,1088.0,714.25,5620.166015625
RBB13_50,RBB_n3_1.WAV,-379.39480617840854,17.567190080615838,-219.82116472622099,-39.154953506106835,50.68051460489061,-9.252649856133882,6.692372817421654,11.04496977349235,-3.549705030147004,-2.6799624387185,8.167139092978825,-0.1272529916671725,-0.8035940148845649,2.253357771028425,2.6688097215500903,-7.429370949878293,1.9449938849940358,-2.7116626707999147,-2.0940958172268185,0.46168166904596863,49.84693485522222,47.423280903476005,57.18159640199794,68.81043149633997,47.41337979212038,42.39936933779045,26.37777799239609,25.215071622457728,20.948577444472328,11.590384811127295,11.75433122084297,9.49159365565894,13.248095681150422,6.783290092721179,6.335240659841113,6.014684624739695,6.5632332417313455,6.22976350265596,4.505545715341468,5.966611446958667,6803.0,583.0,810.0,1020.0,1055.0,1056.0,904.8,332.0,340.0,962.0,1032.0,666.5,5598.6328125
RBB13_52,RBB_n3_1.WAV,-389.7785383059385,2.1018772054338912,-204.05852919111874,-37.756784527307985,60.430119622940545,-10.078111086291623,8.588476345502176,0.44770993107887247,-1.8814389104149414,2.879860864692404,-2.2219706417105725,13.189737721303368,-6.6847353786640955,4.297227791189647,-0.3128919575463266,-5.79709595116377,2.6988820699234735,-1.6750969048919748,-1.1228332384579578,-2.10877904937848,51.686226578693606,43.07958768403771,58.23568995797224,63.403201561147625,44.032181144867096,46.44133874877368,25.515381059893404,16.61392193181561,27.531817038950727,12.94536519513099,13.79051423928685,12.050967546751385,9.693031854106243,8.418504751715105,5.60858240018055,8.182395110390257,6.6525266441613695,4.582118157683481,5.313517909739607,4.347781537520778,6549.0,268.0,671.0,972.0,1033.0,1071.0,803.0,507.0,351.0,918.0,1091.0,716.75,5641.69921875
RBB13_53,RBB_n3_1.WAV,-387.0444057608297,9.286048585494221,-208.17148074940388,-36.33583714390809,61.98334497988215,5.985368237086247,3.3113534149044,15.156315308454394,-6.230399702457782,-9.160425338249693,2.272005530696005,4.021619867041502,-6.495635265771603,6.118148760911144,3.26483154785969,-4.917443490530029,4.406265620977813,0.6155089268786869,-2.6344266706527426,-1.2266971631424919,46.04347229614742,53.334227144347416,62.352814863936075,61.67386911317707,42.19000999080268,40.70650346321656,31.136769729126794,23.607608626738102,17.452646371122494,11.778402100930323,14.919030044382886,8.55268405632478,10.91405014999921,8.265873361856219,5.548549760829148,8.473392654067982,3.981241022872292,7.794869654152251,4.50806403061435,3.1503167617700716,6611.0,454.0,736.0,987.0,1032.0,1025.0,846.8,369.0,305.0,979.0,1137.0,697.5,5663.232421875
RBB13_54,RBB_n3_1.WAV,-391.0844184183843,25.610050872113554,-208.46833191194523,-26.718519462327087,56.11603750928037,-3.839341503372713,5.197698661335776,10.27424632469974,-4.959438026337892,-9.523769132983464,8.155495700206362,0.16334162999133434,1.078839446244362,3.7122755102667058,4.643027236811627,-6.806028669208287,0.6240317575140748,-0.46016787592430125,-4.412260325650066,2.0028954380367403,54.424540977459706,49.308122426054645,63.723004132030994,68.6005132024162,42.70159784671319,46.86965037117299,26.784836140447474,25.12460792645389,14.129843770588886,11.27917164800651,13.41060247833642,10.261685587112163,10.92834725373991,6.747820974801231,9.036260756244708,5.139289472517661,6.933028287940356,5.5905983898435965,4.575279770763376,4.468263325371121,6744.0,408.0,763.0,998.0,1031.0,1025.0,845.0,406.0,298.0,1023.0,1113.0,710.0,5727.83203125
RBB13_55,RBB_n3_1.WAV,-386.84789901359545,8.362962050354598,-219.79124224968047,-24.169124085228344,43.866463024874164,7.025332366963549,0.03757649235240465,11.611866953145643,-0.06667377956543995,-9.759707606156628,7.357493996389912,0.3025553362702976,-2.8292529953111383,2.519117097058675,2.5052126181044145,-1.1680483690707133,2.2603259943103398,1.3864498437097594,-1.5295823134984345,-5.128447857091764,45.13520561778735,57.45750393706376,58.99309987429445,71.57143321388082,45.005454087213245,41.10454917428833,26.39108570764243,18.779506364814377,19.564346942577576,10.944217174166962,12.354916401816025,14.418306602729244,11.255488022733541,7.309117804128994,6.609186032877975,8.675855622628989,5.9910412292570205,5.255581637790603,5.2331298495679555,4.294112996252185,6447.0,502.0,710.0,950.0,1021.0,1064.0,849.4,398.0,316.0,968.0,948.0,657.5,5641.69921875
RBB13_56,RBB_n3_1.WAV,-398.4331512078601,16.201187444096764,-211.2115349624732,-36.15245752313863,60.06431382315753,-10.541915273962653,-3.700986053854379,11.734757024152374,-7.6126123301368676,-11.95764851749501,7.716266468621791,-0.4775590151542,0.15685396575918092,5.098128906771395,3.144503292586453,-1.2633559390153901,-2.5424276795039082,3.9571162958473076,-2.999562915503749,-3.129943117136483,53.04292763020677,55.516263227893006,61.246602300817315,63.55841007277981,47.40739564782776,41.307020543839535,33.65113111792763,22.964087296847836,16.12056628019381,10.146891734866546,12.480285846135232,14.638357633278993,13.742869763564967,6.181576498344154,6.123441648058834,8.167882750161443,6.059269045330234,5.572562540578013,4.74914195745323,3.978438805921811,6619.0,448.0,742.0,960.0,1025.0,1048.0,844.6,428.0,321.0,981.0,1047.0,694.25,5684.765625
RBB13_59,RBB_n3_1.WAV,-413.7696673106244,37.55656247873209,-209.52765133235349,-43.798831555448096,63.9722112475687,-10.466063228586021,9.586810654137201,23.29150923375887,-9.08636695433105,-8.41757665200124,2.9122836626164306,-0.1828255725119688,-2.6593650870154955,2.6033458259386344,2.6595452470697354,-3.6886017934136395,0.6799401819690458,1.8791932115340597,-3.205251610690087,0.17069103887711373,53.116459602556304,42.110007466665124,58.63145655218733,57.907214694977064,46.33870655503047,43.00705984711429,40.63382944179921,23.580743710891227,24.387734356839395,13.878247393616173,15.603340133323108,10.339595933098641,10.492953531125334,5.790678303230521,6.044398113021432,8.054274306297128,6.192029122199489,6.865595496554564,6.390985197502425,4.484218129176646,6661.0,133.0,729.0,977.0,1042.0,1041.0,784.4,556.0,330.0,971.0,1114.0,742.75,5641.69921875
RBB13_62,RBB_n3_1.WAV,-411.4208752104992,31.928714858852757,-209.48843295419726,-39.872329594555275,63.5136672285267,-7.442376878481512,0.02566515831821486,21.42458477073697,-18.841471774627415,-1.2288730288927048,1.2565913711507064,-3.452368871634419,1.8237360373215878,-2.419174893215536,3.150819959678557,-2.504055326774078,0.39179463616724847,0.4755643937030498,-1.5957895362717318,-5.662074513196131,55.16822689762402,51.80705648602166,57.60285563826628,60.3407360915281,42.81269360454187,42.73038856211724,40.388452944249,24.240023768775355,23.55864470935638,12.086891501993966,11.216914692388972,11.272055233422504,15.327873071945126,4.37367932236852,5.366607489176593,5.185662384394473,4.169745545721235,4.638210506501018,3.4446722260838745,5.0654699776144145,6405.0,161.0,714.0,934.0,1041.0,1057.0,781.4,505.0,366.0,851.0,1010.0,683.0,5663.232421875
RBB13_65,RBB_n3_1.WAV,-412.03052230616606,36.96083206924225,-212.2963836199852,-41.55245362938553,60.96214706920272,-11.228370994502383,-1.2180955401745146,12.340303864758756,-6.861421125838518,-12.327729045263418,6.418533110124617,3.8522953445099586,-10.76110419109145,9.33143676917973,1.5177008770766418,-4.366793969184497,4.741004625204204,3.236841268686078,-6.9366474889132945,2.508079400739591,45.89756557724474,60.7165223321979,56.0297439184857,61.72398278200974,42.396354005181095,40.993932761394255,37.75476694105955,25.10704730442356,15.21059596101516,12.1210960952095,14.569664683571528,12.639788031938592,9.182814816042882,7.408271266573359,4.6404828673704595,6.7204197578483695,5.558671437088412,6.331735342893691,3.9024953844396855,4.241256786101445,6691.0,487.0,775.0,959.0,1023.0,1052.0,859.2,408.0,383.0,909.0,1101.0,700.25,5641.69921875
RBB13_67,RBB_n3_1.WAV,-406.1905341110852,23.944293745845076,-206.2467876261673,-39.708092157986485,50.16266084347721,2.790014102713603,-7.721629421242807,16.414854761289128,1.779401961805605,-13.450055948948641,10.98093072232453,-2.5847574881560944,-2.408835354385732,-1.0271067046225786,3.3764659674506023,-0.9711375756031924,-1.8070455242354269,4.413537012086506,-4.891710831968759,-1.9271984769925719,45.297239708924884,58.4737799377911,59.77812735560239,65.38737299145879,43.95235792952926,42.0922745438088,33.575662224026715,18.16087957857695,22.7500616970579,12.288272096611387,11.875210118588829,18.483473897000394,13.87644581904413,6.884379435268714,7.1655657677880065,6.079863245422491,4.887616352791988,6.652300686162128,7.316451770385615,5.71323683001944,6716.0,397.0,756.0,974.0,1024.0,1054.0,841.0,426.0,333.0,987.0,1130.0,719.0,5641.69921875
RBB13_68,RBB_n3_1.WAV,-399.62085049716376,26.193218763549297,-211.03172689854276,-39.737708550599606,49.133571714514,-5.9158598308179755,0.5414683443709715,21.15280556779545,-4.352777434726926,-5.703462381090948,2.228537082841994,6.233537488314948,-6.283536025837994,3.2346910778679443,-0.4425060351963255,-3.1398741265881807,-0.07088138262253443,2.701311341050357,-3.2652287615250337,-3.527153039857381,41.64371406305077,53.81635943526176,59.94984889962361,63.08283678211523,46.904805159022146,41.987892581461445,28.479672387197134,18.437037481317702,25.58842041072595,16.365699633045317,15.130637730001855,10.791799214556713,11.732004850814493,8.767545509511505,8.731056554990989,7.282175829456516,5.673343516388376,3.316643160096202,4.9779203660346845,4.507415422030486,6603.0,466.0,761.0,993.0,1042.0,1050.0,862.4,392.0,301.0,944.0,1052.0,672.25,5684.765625
RBB13_69,RBB_n3_1.WAV,-408.5920967199312,28.169009792779708,-206.2786262470409,-38.623506733635345,54.610157697607946,-1.2454134718681298,7.230052184061685,22.59068528992806,-10.61692904716605,-0.8610725208059484,-1.5664781285876288,5.881801315492325,-7.037812157188191,3.5976044040798314,4.137516007767472,-5.539856422974534,2.96070718158641,1.1675867524727215,-4.578518359110707,0.2644966316925651,43.86978302697494,50.066590450476795,62.139984994197036,61.460863325881846,45.10903036303911,46.1546927602113,35.743182008625524,21.59424014325607,22.83877942601526,16.75317269807201,17.107106083585112,7.089060890440508,8.358511019479252,5.697513501233662,10.242709615932496,8.172994737344103,8.975997475642744,6.928659072916748,5.004897686212204,4.917334628410452,6679.0,129.0,771.0,999.0,1042.0,1043.0,796.8,585.0,320.0,970.0,1124.0,749.75,5684.765625
RBB13_84,RBB_n3_1.WAV,-402.83943611432073,28.430482043779698,-206.80482262629005,-33.34542512986331,54.68209859110843,-16.249421385691804,-0.07391975625381189,8.855304970846138,-11.512709918764862,-0.14829354857210858,-3.9044219610043793,4.805101128355383,-6.105298621107577,1.271691347417111,6.898187126506551,-3.023611973007482,2.586188618420418,4.597974048531065,-7.029642764175843,-2.3442813281103785,47.04903137198955,62.9009295029763,59.5859651577272,59.90672499190888,44.49970954623584,42.17661914998991,40.57450333217598,20.294617630691352,22.108562379009264,19.895418111105993,13.51982014788523,10.301956697296864,12.855657790548465,6.757153617218521,7.333497621866987,7.333801404753869,5.832765209241814,6.655382106228645,4.577240716278331,5.775581726621785,6455.0,310.0,699.0,948.0,1045.0,1055.0,811.4,467.0,341.0,909.0,1041.0,689.5,5641.69921875
RBB13_88,RBB_n3_1.WAV,-423.8307620983145,32.56541625559957,-210.07007785459245,-43.06182647442713,60.080347566836075,-10.307813537177706,-6.353056550433362,21.114143163591425,-2.6919713188910985,-12.295645707695474,3.982654732845609,4.365912495440818,-9.236769965367913,6.520193217525682,1.5777796631483272,-2.49684510902097,2.728927764653936,4.150406635048436,-5.838502942643131,-1.3103969608049666,52.01742957341408,50.06960711132144,58.54865659699559,62.546541318887996,44.58507819044903,41.14038559720929,35.58171905804487,24.088191685967185,17.000645643989454,12.331840203547584,17.77386132954594,9.708395589467841,9.55360625669944,8.634181503396695,7.802569792163489,7.359631737491897,6.458755375828826,7.0060156855384,6.862765680736174,5.38109002396198,6608.0,125.0,727.0,952.0,1020.0,1045.0,773.8,544.0,318.0,970.0,1138.0,742.5,5684.765625
RBB13_91,RBB_n3_1.WAV,-410.3025600583654,24.369357440263887,-223.42849791417214,-26.00723163153955,39.67163983723809,-4.552775142985911,0.8244145827167695,5.2272238957489545,2.1765129967785994,-7.62592878717082,4.621767184498131,8.52604729383659,-5.32544183493183,3.118290465194684,5.775870100475944,-5.595595130576796,1.062745753191014,1.0648657643429549,-5.710875390698016,-1.5321070886659862,47.72256366419478,50.61042634949173,57.30791049715405,70.462553284959,43.644037340297444,42.59470079260896,36.22685464442134,18.298332174385727,17.719591730658305,13.92656410470533,11.34023585321603,11.648961876570004,13.975351243570941,8.358567147112035,10.191006009932323,7.898014380042975,4.872513613297236,6.996657664927318,4.35816052297888,5.900172358196685,6518.0,335.0,739.0,936.0,1035.0,1045.0,818.0,475.0,334.0,890.0,1076.0,693.75,5663.232421875
RBB13_92,RBB_n3_1.WAV,-381.85059760813743,20.537896520083237,-190.0847054007044,-28.02425835142753,43.81169067686233,-7.524318386020618,-24.299226104169623,8.594252517314242,-17.878207341521012,-13.545798514821653,6.101926125551462,3.920209401154432,-2.386551047531897,5.6949527081190485,1.9030043226585212,-6.80219421573356,2.2471449354848705,-0.09661550633220055,-2.7681020073174105,-0.11672776498135709,60.37075312143704,60.108293788368094,67.88787529856754,70.16170473260976,47.43254042112015,42.75483009092231,21.05771282947474,24.790972616082957,26.77722097216109,11.585585637256518,15.288610959426295,9.158045123273167,12.918833003842531,6.331711440535257,6.50070966801123,6.477163270723103,6.33777978655642,7.6622871497935545,7.277736649833151,5.4344687367547495,6609.0,282.0,741.0,981.0,1017.0,1023.0,808.8,498.0,312.0,959.0,1091.0,715.0,5684.765625
RBB13_94,RBB_n3_1.WAV,-377.03390712209597,20.481483555428728,-202.2256756092073,-24.796993300471044,27.47208349637482,10.1291406394242,-4.882493961588202,-0.15808953474543816,0.7170221030117557,-8.113453751646155,4.956304311875991,0.8875657662944699,4.4532507648275175,0.3581145854772444,1.698401891935645,3.029693443664829,-9.591422141160969,3.5650330438938984,-1.5074764397450056,-2.7081961494528826,61.62896407819868,49.557890812977035,57.82179081867201,69.6688494745084,44.39033515867174,34.60883709475473,30.37556671885908,21.935641831275042,30.468733933623444,10.52245755542203,12.656109673813518,15.207415467285973,12.542911365483604,9.435602918679065,7.125074610567,6.432549949757536,8.417327640711214,5.8727546146988185,6.080404843218234,7.393670440440668,6645.0,501.0,712.0,945.0,1033.0,1046.0,847.4,363.0,350.0,979.0,1092.0,696.0,5598.6328125
RBB13_95,RBB_n3_1.WAV,-413.7795611919834,20.22950816525903,-208.338421135053,-31.94376758419688,50.85931401999289,-9.048904798082289,1.1721203652260288,12.208717175630504,-8.137614968563406,-6.210823493489353,4.6194620604551675,5.314755280141271,-5.374433985113973,7.502066776747423,1.9528016534377288,-7.95490347421618,2.888428246515414,-1.5120373320712959,-5.531207453602903,0.37559896593850367,51.33391244462401,63.14028845346915,62.39150019473587,62.50528316863042,45.06484680178394,45.54690309299112,34.46411648314915,22.328180602689255,16.23158426746319,14.907304112628623,22.08905008935482,14.448511236334511,11.176946270601775,8.378869700585916,5.5803956869266464,6.832073387000992,5.559108593017621,4.651731214445473,3.7307449084867397,4.447528355578685,6689.0,216.0,714.0,959.0,1032.0,1035.0,791.2,533.0,352.0,1006.0,1110.0,750.25,5641.69921875
RBB13_96,RBB_n3_1.WAV,-401.45762122790273,3.8126576290762264,-214.6937284407519,-38.708516353402786,48.26066114894747,7.664279005431173,0.5466007498025828,25.741741455934996,-6.706926663392775,-3.790967550369031,-1.9956972407287197,-1.832012432451052,-3.2486512576885884,-1.6518875361836374,4.765602701417259,-7.465571438367087,1.5823617766855331,1.454966383847542,-4.1613573538783575,1.1701865417493578,52.547793458796875,48.32597241071561,57.03267472890979,65.34237344262804,43.945684198095876,38.3674924425941,35.00387585587982,23.28384571754863,22.158833701603772,13.728240239421934,16.47240899178113,11.250907203065166,11.35950175012494,8.403473974414888,6.452797272384002,5.730473757262819,7.622216148099319,6.332757427110935,4.954470843018071,5.8568127902667735,6622.0,474.0,723.0,949.0,1015.0,1045.0,841.2,367.0,371.0,968.0,1065.0,692.75,5598.6328125
RBB13_97,RBB_n3_1.WAV,-428.0011371079416,27.27149019968255,-217.29488450234797,-44.2402819370177,71.62509999499102,-16.665218290807037,3.947659631635864,28.087687618296957,-14.426380546626403,-7.847264297711051,10.181707265929019,-2.2719052459475546,-6.976170404451664,11.451530405554207,-2.6647557385015364,-3.1026896547466154,-0.30993277323452373,4.028117572566285,-8.819622484742295,2.9384207232815864,48.90185266902183,45.208022164550606,57.249593781526634,56.43337188863608,43.29465555978335,43.90237560255794,35.5420152788122,23.30362341082574,17.78171925136221,11.754599034018446,15.713886166505565,8.278337992338896,8.86348685012708,7.990265297929828,6.3170632859696365,9.256998321022074,6.0889031256763415,5.08363217356599,5.268740942377609,5.206324886336924,6546.0,215.0,749.0,989.0,1035.0,1031.0,803.8,542.0,364.0,863.0,1017.0,696.5,5641.69921875
RBB13_99,RBB_n3_1.WAV,-411.6659626039842,19.0571395745639,-212.6869265549585,-42.92725236401837,58.30855226633835,-17.51260966016042,14.468932149416714,15.590815713299357,-3.5660688641040883,0.24003767321129452,2.582257883805849,0.004693767732322988,-2.2024512332084365,4.761078763566205,-0.2452573085022365,1.4588819212075212,-2.1387225691606377,2.8594238935621346,-0.3301024965512962,-2.539193158751526,56.07636513187995,49.531548403238304,57.36195768572631,56.770833350728964,46.644793971493996,45.95051238153237,30.583246112468224,17.746753413802715,30.15128665726736,12.520743024799582,13.989854352721476,16.378743136505395,11.344925019759376,7.241748784210361,5.3582162632846435,7.493279734175396,6.2750193960640575,6.2127573359552555,6.122729692590378,5.882976411903237,6713.0,393.0,771.0,968.0,1032.0,1043.0,841.4,451.0,348.0,958.0,1106.0,715.75,5641.69921875
RBB13_103,RBB_n3_1.WAV,-368.9923174485958,18.48078356310096,-187.59729997678306,-46.39219220164638,34.91386324122415,-0.950818969041444,-12.36151311612184,21.199272278243086,-7.728806384907646,-1.2535821385847281,6.273516807119362,5.134397919805925,-8.793147631604192,1.2211714782545713,0.23353030790609441,-4.359871793752665,-1.396312102654593,3.1731770339695995,-0.024351110705096997,-0.061763966109495604,49.733376932165015,58.50156547848139,65.88848524712814,59.09712039817863,52.28712230752355,42.19231203980582,25.3779105975065,21.560944109803938,23.279232111550012,16.569149775575717,13.259288180664607,10.960885295965358,8.798906382206335,5.6220930508706,7.603487345214287,7.270469221747615,6.934832055791186,6.084818888236215,5.3400850592554505,6.775788321558999,6695.0,357.0,777.0,1010.0,1024.0,1064.0,846.4,375.0,314.0,1027.0,1093.0,702.25,5663.232421875
RBB13_105,RBB_n3_1.WAV,-366.1838624983441,26.703441432782654,-201.25547886360795,-42.92674243528156,28.719687712269018,-6.222064206242079,-0.16036599034621635,12.3671081980934,1.5898544409347637,-1.3421541587008599,-1.089726194383622,1.0005246695104757,-8.266309143852764,-3.9857131595793533,6.546624336199626,-7.786478487134842,1.9892385077559045,1.4930633815143197,-0.8792745244628105,-2.390220809953959,51.03256599578803,51.34056199960325,63.194755351692464,60.5757839330483,46.225970205063675,44.844253402052935,38.01308826125992,19.601877615905934,18.07515179259997,13.45034937540907,11.045441890567409,8.526134296686923,9.168688441724303,9.107912636227818,9.363113065000936,7.597185010977777,5.467310491550636,5.5463457509479035,5.156769857415573,5.567961111706844,6657.0,531.0,778.0,1013.0,1055.0,1056.0,886.6,328.0,302.0,984.0,970.0,646.0,5620.166015625
RBB13_106,RBB_n3_1.WAV,-367.6980026803942,34.6368334574388,-202.10770392337636,-45.11783253945279,35.81132887861291,-17.091316265256143,-4.144039576255766,11.082100047615238,3.2645566778286574,-4.721314999780874,4.854770632086594,5.317603647210967,-11.014494510619341,3.760528825113405,2.844750114840774,-3.2613942312322837,0.30735734713354435,1.7676447945825087,-3.380702367821312,-3.1902958800871644,47.93594185895578,51.645882530754136,66.07452371048899,62.169041355844875,47.72202538869693,47.768327158122936,29.13643792089923,21.94864133886429,21.30203743000127,12.427377588358265,13.494638241320036,11.097541984235797,7.845157597587967,5.7780957858931545,8.352100473016247,5.849696192292836,9.53537914273074,6.557557981405715,5.9745622756772025,5.435000486922128,6692.0,639.0,793.0,1000.0,1040.0,1038.0,902.0,333.0,350.0,943.0,992.0,654.5,5663.232421875
RBB13_109,RBB_n3_1.WAV,-377.7838862364806,37.79596699812484,-199.48942499681337,-34.30968199891374,42.87011342685218,-13.746788517938064,-13.097263956973645,9.072352527777957,-10.606216735038988,-7.972286418369745,4.761949276401573,2.8421552155631535,-5.773499313724517,4.631938606645245,0.4534071025338107,-2.6117856431108275,0.6775847842324346,3.8532075613263648,-2.7424171553592824,-0.360813922783921,46.461162496435826,58.87838227211953,65.90976049815899,62.30693093782591,45.84847467372576,47.45150761822578,24.81321920764923,22.3004223336223,19.195051280587727,13.548494655493014,14.440486625893035,6.994407990175766,9.08700279444791,9.023838389386698,6.785951128640337,5.458556826067837,6.02091601073361,6.463960217220305,5.705119791771051,4.623523643805294,6559.0,484.0,745.0,970.0,1025.0,1027.0,850.2,412.0,338.0,943.0,1031.0,681.0,5641.69921875
RBB13_110,RBB_n3_1.WAV,-386.2712917398314,28.309521980957005,-201.91735569689178,-44.462025273261766,39.433910337964015,-11.037977363714793,-10.634632859573948,17.323338532744867,-4.5079651053761856,-2.673662272148576,4.626489157033345,1.0317534820514125,-4.404248905510895,5.177781365404015,0.9929463516553138,-4.238165529925488,2.2948889072130267,-0.09212848423228129,1.7232864315810899,-1.4886172126778894,43.667815290722636,56.24224739304259,61.83577212386277,62.07014362376406,46.52331016343352,47.312432962479676,30.182902066980418,22.29825383676971,20.042574035312597,12.13719233837789,15.097928589075899,15.11733270692649,10.29851988026872,10.630334795306794,8.807420355904556,9.682308278230002,5.246318128508173,4.684014706327067,3.595408597768751,5.525476265777236,6595.0,456.0,728.0,966.0,1041.0,1044.0,847.0,386.0,363.0,867.0,1144.0,690.0,5641.69921875
RBB13_111,RBB_n3_1.WAV,-393.53252609312216,22.747774625750274,-198.6304116915822,-42.65397755567809,41.896379697187186,2.0894823046688193,-12.339933603415094,19.074379200443452,-10.890731291590027,-7.4187044715522905,4.206585994578236,-1.7048181617973424,-4.525304407119824,3.367596322653796,1.379970569538353,-2.2980117462404306,-0.012473826963532142,0.5693517637605727,-3.602045180284426,-1.9556951399786513,43.85359843695498,61.35947771297939,63.50021452990853,61.72445931903588,44.86040194553796,42.653785552292064,30.198298518260668,19.87071180630643,25.59541970648038,12.374560640627529,19.813867900693076,12.186918855874458,10.32104346031369,7.9336949861302335,6.006773784248645,8.469263367379522,4.327042109868445,5.13356606253965,4.881509331464231,3.4131837566277645,6663.0,465.0,708.0,945.0,1035.0,1046.0,839.8,413.0,339.0,1019.0,1080.0,712.75,5663.232421875
RBB13_113,RBB_n3_1.WAV,-385.99300544689095,15.910388992234521,-205.7998687955597,-27.93494630741968,41.651690888406876,9.105180008258799,-1.3760444054205687,12.34059854177407,-0.6436932283690694,-13.015089732384746,5.45316511005882,2.45607005855995,-7.718309310263023,2.6718831014484343,-0.8407296578830322,-1.6242003373926324,-0.5819053355482895,4.161066282342984,-5.475606054026428,-2.1771176067821556,40.726015187953706,63.58355377092546,61.34382108319888,67.90821181412541,45.65312847062991,41.32041531445515,27.999975392594024,17.372138092497817,18.218613445794755,11.544089036064166,12.31293531721666,14.94167965912765,10.58425203868737,7.848545843466479,7.902789916808396,5.218601068547183,8.38346863992846,8.302679528083202,4.361531314990516,4.899336348789775,6508.0,459.0,753.0,952.0,1012.0,1042.0,843.6,396.0,321.0,942.0,1053.0,678.0,5641.69921875
RBB13_115,RBB_n3_1.WAV,-396.98194656153936,37.33957691023298,-202.05093880309548,-29.298041479884805,35.41480035725912,-4.796926411007815,-5.909912870795143,13.786946357436326,-11.63431848733271,-5.616697636388615,5.313497574357323,-1.0040166897362246,-3.8897882181415073,4.394841167407751,2.7441405429047685,-8.160700604711696,5.268487215671017,-2.3346187968635332,-1.8017220017617188,-4.6015258620807,46.65539246987806,51.12483684560983,65.11905934826736,66.37574496628817,49.74295805365837,41.867000113833186,26.81581427963682,21.417714142037298,19.47730676049887,11.435235182390004,18.11987538095676,13.966693669802186,10.713514493967152,7.394478338189377,6.5020233239057665,8.933781893303665,6.202672605071368,8.239819328713043,6.584695653272797,5.939308586492754,6888.0,434.0,758.0,987.0,1041.0,1039.0,851.8,450.0,338.0,977.0,1271.0,759.0,5620.166015625
RBB13_118,RBB_n3_1.WAV,-412.53149359203076,31.088449529014227,-203.5309456057165,-43.78624211409153,52.81882358786869,-4.799602329629422,-7.994813337522866,24.176706539411814,-10.85725641885653,-8.09570311556727,7.609324317111612,-5.147490401629622,-4.851954150296203,4.819116743806372,3.3994889174690397,-9.152672359010051,6.336585648008367,-0.041273489157299094,-4.1532278283154485,1.968434592433643,51.542637966678726,57.09616450514302,61.29193198097827,58.10690168335903,45.22374548934991,45.04922340617606,25.700185548946532,23.16135616869535,14.456052733385283,11.534021654871134,14.247823392832583,9.551247810824599,10.707304361469722,10.429220811378732,4.671832696447981,5.565921503125193,4.629796076931821,5.184045884953925,4.865179384875202,3.661804418036853,6853.0,282.0,742.0,1004.0,1009.0,987.0,804.8,593.0,345.0,963.0,1226.0,781.75,5964.697265625
RBB13_126,RBB_n3_1.WAV,-404.4521017177916,15.289874540091807,-199.76197128662972,-30.954044500163725,39.982916997154206,-2.4385236957734415,5.504831133181011,2.19787046417653,2.213150386599556,-9.032028806727318,2.8055661789653983,2.8028111437778995,-5.377685585879907,1.5912614630841238,-0.2915734221790153,-0.10185210570019158,-0.8325516943375744,2.543029241572973,-4.062824215735479,-3.810825747566781,47.75192974291985,53.86420235474839,62.995131960254966,70.51277305339656,50.95978739347155,43.21777505457881,28.538490395619426,21.09150747570186,16.547688191973908,12.39868183637926,13.179407373203015,17.712344634919305,12.232433521595125,6.584405596129924,7.596892624442337,9.147669924806038,6.216922914537662,7.161439712388329,5.0425852077307765,3.8488579734899,6679.0,313.0,696.0,948.0,1038.0,1028.0,804.6,485.0,378.0,1016.0,1121.0,750.0,5663.232421875
RBB13_127,RBB_n3_1.WAV,-438.69516793119317,40.56690313262735,-221.41390044900388,-51.092476404727456,63.79046087360261,-12.788232861529645,-4.584878514936532,21.949886994254204,-6.606747922536401,-7.181040503734614,10.12682466718125,4.247198360559439,-11.128000964589756,11.267910883138631,2.466618439055691,-0.4634282186512621,3.5430606779156686,1.9372672166823022,-6.011903929874726,-1.591900376785634,44.721675398255755,47.55572810021551,56.595550778503465,60.51298730201199,43.939438744027264,41.620462099617804,35.90860039651636,21.29436432283325,24.287764492983673,16.455268135053345,16.879573581389444,10.220069893304435,13.538746002919682,7.91808384131745,7.096420698481774,8.646319201091158,5.748362656036661,5.302062709318241,5.10402164434921,3.019072600708343,6476.0,275.0,740.0,937.0,1007.0,1030.0,797.8,467.0,383.0,900.0,1029.0,694.75,5706.298828125
RBB13_128,RBB_n3_1.WAV,-412.9200528301728,19.008566556000922,-214.86470170098724,-28.34137307738113,42.05397655776424,-2.7091949301144194,5.053437417046756,14.887142686571075,-14.271916050099495,2.640127809003525,-0.1640088836069385,2.6292801037864586,3.3117158737638213,-3.1810594417650533,7.636877609014859,-7.2067826337230825,2.878494304607365,3.4521290995021556,-4.471748617774126,0.824740107018472,46.17481160050036,56.43327018826538,63.395238111653256,64.40404426580572,46.206197096644345,42.37811723735937,30.519750435006895,21.17527809191747,24.854020504428906,16.402991327868776,17.65652682232597,8.535095238836643,14.06777837213461,8.349305477793537,8.904040100800524,7.546584139057142,6.597517852052498,5.258867979520151,5.024052688556195,5.254486873059213,6625.0,341.0,752.0,961.0,1023.0,1036.0,822.6,495.0,366.0,967.0,1074.0,725.5,5706.298828125
RBB13_132,RBB_n3_1.WAV,-421.8002345513391,24.102234165595046,-216.48682733846283,-32.236961683498286,49.345312000089315,-16.593870597934515,13.713237757827434,5.803743495695782,-1.6340170836917172,-8.903609003524641,8.119339060414072,-2.3192809675099633,-3.7359193954009977,2.8223799403964818,2.34595879528659,-0.6137318847378752,0.5444803769245119,2.846127035180165,-5.20063466498309,1.674844477314376,45.753728884631784,58.497004194708175,61.37376792997374,63.733595204980034,45.43565644902144,42.827424762262886,32.836933273891894,25.999394098429278,17.491880396377766,12.01037831645332,15.27288900293168,14.259043608511087,12.622677546566628,9.339881369988571,8.142446187249416,8.517076510153347,5.257797682348541,4.425831051253307,6.570501566637123,4.44681271888609,6676.0,129.0,734.0,955.0,1025.0,1037.0,776.0,588.0,377.0,993.0,1072.0,757.5,5684.765625
RBB13_139,RBB_n3_1.WAV,-402.3483735246425,15.87775500234276,-211.70912908701663,-31.33243736003721,35.4349653050792,2.5172621176598304,-3.0722753654633324,13.588246457401342,0.8969699770324181,-7.7940928316730735,5.392731320262775,1.1779569095917557,-7.622394020054669,3.666136232650293,2.458387596326482,-1.2739776431999579,2.050056123746677,0.10110610844699379,-1.6916015767694077,-1.230295247833967,42.22978905025911,54.22844335408951,60.78951224767656,67.11061101364257,46.005291123272364,40.83664364837358,27.08101592826398,17.983123392913434,16.784849444112016,12.351728765266532,15.922119675720623,15.882409641206946,9.570821434255153,7.028627016991646,5.753113327809769,8.248650153386253,6.672308065324704,5.855292083838394,4.880843969779397,5.503292334839949,6555.0,363.0,684.0,931.0,1014.0,1025.0,803.4,491.0,350.0,939.0,1113.0,723.25,5684.765625
RBB13_148,RBB_n3_1.WAV,-426.6219425002673,45.21036706346003,-215.52458694743947,-36.24304804123283,43.87593642334433,-14.182129123464035,-1.5729042006897667,13.322965699582111,-1.880991917373384,-10.018834693728058,12.247177720417344,2.5470146805693767,-7.025169325383191,6.86625534291317,1.3566991566036388,-5.31237493162556,1.5961992614634823,2.0842811414811377,-7.125341098620191,1.1600990211200477,49.097167586987325,57.01091670269403,59.799572146399434,67.82912978122667,47.24760937144442,44.02970887079835,33.85124621464826,23.33203903703754,16.489690298734143,14.137885827986116,15.237091649345917,8.872643502986472,7.569019235306787,7.146752912713412,7.5508217247706,7.974388378333491,6.186017738943266,5.225077181392663,4.4478019996832785,4.719783322641229,6827.0,207.0,752.0,941.0,1018.0,1033.0,790.2,599.0,365.0,1014.0,1201.0,794.75,5706.298828125
RBB13_179,RBB_n3_1.WAV,-401.4364551233519,28.004022246580572,-202.50028560727222,-50.907066293837715,55.7574047334273,-11.259666200175012,-7.603820292144019,23.333851571749566,-12.593214096158368,-0.5119528568874635,2.5189361528976053,1.587333810464753,-2.048396041549351,3.912726480018643,6.711892062366105,-1.6594034047858828,-0.8946115052955013,6.955587850568325,-8.64826914035695,0.4540568443100901,46.74289770440928,52.32948621970332,62.43922799295896,56.56186774903125,43.0530899013293,44.94944134067778,36.928583644516415,20.95603774428937,20.733730320793047,13.065866601411551,13.586724256695891,6.998354023465443,6.735449810828178,5.645494612341632,9.057395757506136,8.231844549702666,5.631825032801896,4.0940119835889375,5.811044696124213,5.605814581345445,6599.0,216.0,714.0,954.0,1037.0,1033.0,790.8,548.0,334.0,1006.0,1138.0,756.5,5641.69921875
RBB13_180,RBB_n3_1.WAV,-381.25104404584863,14.963921600895105,-197.89420273463304,-38.8054360692667,37.8390076110279,8.832605501131697,-5.8494498025608985,-0.14553569436144512,9.428723934308335,-15.675300528474873,-0.4129916880147743,-0.24412689453880823,-1.4597685240339968,2.218842121945157,1.6429624264979756,2.4257972147944433,-1.0730806161131645,2.115252105985241,-3.408022944846513,-0.5146302218394702,58.12831438698429,47.90305507976276,56.91276759944143,67.93365848889945,46.33206245042724,36.27620528026627,32.93984650576099,17.5812525261174,19.99523284220417,8.476642338898316,10.47006137256853,9.98603600606763,10.734532251843065,10.884138603404901,6.054382502902929,6.615469966311519,8.534336599135827,7.597741761306196,4.512291922081638,3.922215566193798,6622.0,396.0,661.0,946.0,1036.0,1039.0,815.6,523.0,318.0,1031.0,1075.0,736.75,5641.69921875
RBB13_184,RBB_n3_1.WAV,-408.91288541487245,32.584916918743446,-209.66636274727216,-44.78346412482262,47.62127337115658,-8.011141091897715,9.334855152383845,11.25535128798665,1.4977883478009335,-6.2361152087352805,1.9545503150085346,1.236494300537019,-3.9872595904681964,-2.759258789885125,6.0947748680385665,-5.4976790165177425,-0.5150317387500047,3.862289706352534,-5.810966864641076,0.02301221077144676,44.41396823667769,51.267323982654254,60.75555172509301,63.60236016086727,47.323637099509945,43.85684581731601,36.57586904757085,19.929089827496906,20.96767059490125,11.959645565001805,13.772661783307829,12.800753512028633,8.374837275837075,7.7020799155138135,6.749153037574066,4.764901534450322,7.676721289865354,5.532924490606414,5.103977056431743,6.783243729192572,6666.0,109.0,736.0,993.0,1035.0,1045.0,783.6,603.0,309.0,1029.0,1092.0,758.25,5727.83203125
RBB13_189,RBB_n3_1.WAV,-393.60033111625205,15.903682455140922,-213.0565543365202,-36.23045142994237,39.28114409893921,8.657866886550282,-4.726889165064665,16.79408038986367,-4.480589081048077,-6.323520839983075,4.842939247531147,1.6744190266957433,-0.2414849248646597,-1.4584982572081948,3.142424075123344,-2.3813394920916036,-4.125283883104403,5.891227938473117,-7.8763834375259565,-0.5518816939248123,47.53586853416236,52.008746850703545,57.57294459029426,62.40677896305458,43.1427745772849,39.49426317255278,33.631577363404745,22.820707217602678,20.115879020971466,12.514851440155702,12.255605478628663,13.650600185623599,7.974015723074351,6.658848755248357,6.1430476272983485,5.2474235521300665,7.932084487854994,6.102289213773455,3.8240375109032403,7.358894651374864,6645.0,510.0,767.0,978.0,1032.0,1036.0,864.6,367.0,347.0,984.0,1044.0,685.5,5663.232421875
RBB13_197,RBB_n3_1.WAV,-393.55802156231414,17.509823341829897,-210.9867115262071,-46.48961763887055,59.10801463574136,-14.565425355856117,-3.401143254478325,11.685613270108496,-8.932416453190084,-6.915417781789648,9.571348159996335,4.670331923372021,-3.358347732467256,10.81084385597465,-1.3352918107409246,-3.6702724807216174,1.5810688279718514,-0.2635504996469336,-5.771882190698542,1.3795380328675877,50.41582930192392,53.370433135194524,60.9627393771528,60.77181021343812,48.38097979864742,46.736499435658274,33.954853035734736,21.364930063845524,17.477725389221554,11.107343842412632,14.651798161691248,8.72056802172902,9.213183158942902,7.713154952430473,6.422575398505515,5.701249442006496,5.02606959629071,6.5667440031496715,5.19541917357521,4.561131817708271,6565.0,442.0,737.0,978.0,1017.0,1056.0,846.0,378.0,366.0,951.0,1036.0,682.75,5620.166015625
RBB13_199,RBB_n3_1.WAV,-405.1086464487979,17.535938189942684,-212.88817497015697,-37.89836954385463,59.50919766094609,-5.373088610639191,0.4377282291605219,7.440216543122285,-12.895783382998935,-11.014529646956479,6.227325925252992,3.859399799000864,-3.883881816657422,7.098979487621263,6.770340140160312,-8.281653332899497,7.105881698379461,-2.2771269927376667,-2.073784640502252,-2.144332740410348,46.88257964174053,53.7074015014338,61.72752526432611,67.08752766277384,44.975080359500986,44.849924152041204,35.58504199555466,29.17065043255198,14.032654527061283,11.568669128861277,15.637610979269365,10.5532908763398,8.871367895508968,6.932824652358225,5.852512652494701,8.846436077879689,7.836165906179166,9.11530082885851,6.470359325940203,5.511357366355526,6685.0,459.0,771.0,992.0,1022.0,1042.0,857.2,392.0,321.0,992.0,1096.0,700.25,5684.765625
RBB13_200,RBB_n3_1.WAV,-403.42098037019883,9.333565290417395,-214.69192900455928,-35.713838351245364,50.49358891285113,6.916676272355067,-7.8333059332468045,23.105386181783857,-13.760920058859615,-10.331377197487193,7.887543366868726,-1.0933633490662564,2.147241166428975,4.53601349332501,6.146155744008625,-6.013697159754957,2.7237802118362797,-1.3399534824570487,-3.378034177315523,-3.4270337397689876,50.32692118114547,59.2002941546282,59.82549647281797,66.84984814691774,50.43645681615182,39.99997312004988,24.410078322249884,20.807616321978642,19.61790368067446,12.398833398773466,13.412210008110117,12.361491408105305,14.77214698981813,5.978976572408363,6.708396175919678,6.771208104847743,5.499050427415581,8.61422680636974,5.449926649204095,5.240202632543449,6593.0,324.0,754.0,968.0,1035.0,1042.0,824.6,470.0,310.0,980.0,1043.0,700.75,5663.232421875
RBB13_201,RBB_n3_1.WAV,-416.068226036176,19.187329813830026,-218.1526677864814,-42.170320046789776,61.68247385745357,1.9148130699868564,-2.4233893756845193,19.198136165309506,-17.768259684649227,-7.692833308138364,1.6691575926696727,5.206362151157197,-3.5003297166845124,5.85103901808766,4.177551158888281,-2.8475613180547468,2.1917895020888114,-0.48677694049148457,-3.0342448583271624,-2.8159702793194623,50.30836297892606,54.60191633555886,57.50243746169482,65.02101995250186,49.71145053425119,41.47259564794476,31.22990199368008,23.11704299589408,25.366551841458875,15.770669966646482,17.26578196331738,7.111294962224432,10.50323850761079,7.388277068571886,8.75923667905033,7.982773719223684,4.56751849564567,5.463426176243558,3.142172499963123,3.88228572401385,6630.0,514.0,745.0,982.0,1020.0,1037.0,859.6,374.0,324.0,978.0,1050.0,681.5,5663.232421875
RBB13_206,RBB_n3_1.WAV,-403.68747859883894,25.645681903119893,-210.20042968583928,-45.616942958672084,59.39860698249035,-13.714582651711604,4.136142346197212,20.226882507298612,-14.527270923939877,-0.8271707976818383,0.48631591195108714,0.785986741125299,-1.6709993593107237,3.1269917963956906,6.159906543684499,-4.577415739929181,0.8611025525558088,2.829454873371385,-5.605883044318149,0.9790948150534942,48.83339299454294,49.01977660466465,60.7438961109363,54.87007616131514,44.64095459383003,46.99923162920194,27.378764073842163,20.944845504657426,25.793136866553837,13.264032655805382,16.11264432610529,7.79686955772007,13.42024744041618,9.263199925795846,8.96112571103545,8.278033284575862,4.757890061149336,4.556768820202883,4.872905991071296,3.858657036253464,6732.0,463.0,749.0,990.0,1024.0,1028.0,850.8,449.0,355.0,954.0,1111.0,717.25,5620.166015625
RBB13_208,RBB_n3_1.WAV,-379.6592346345699,3.8034346744216228,-201.04371537613605,-29.167087128083313,26.609044723331,5.93414222353717,-16.770930858735237,17.32439617682083,-2.4318526374394525,-7.1211430912353375,11.115615188616818,2.1356852209314807,-2.269335109684054,5.291160835207452,0.908998360721638,-8.748463899349876,-1.1827946403191802,1.7973627410613071,-4.641277372599624,2.681104305189798,50.476151173577676,44.62707488752982,58.331226254783004,63.58171403304457,45.16568543446246,40.861708654933594,23.841899079341264,23.188103066802917,18.277573032479424,12.74401957730637,12.977093079733615,12.8323011935772,13.977199733054666,9.220819876230097,6.768074179451703,7.311289791947481,6.081401868503943,7.1543294207939745,4.702313753195583,5.795698059974071,6549.0,109.0,697.0,943.0,1003.0,1021.0,754.6,656.0,339.0,990.0,1086.0,767.75,5706.298828125
RBB13_209,RBB_n3_1.WAV,-395.4956975077395,14.750937673726991,-199.45916436462358,-33.946027196804025,42.778060443260955,0.2915595180962716,-3.6279490455989296,12.625711589765077,-4.9104182936028415,-7.883105785551379,6.788790022079133,1.133542928971664,-3.848333108182112,2.0825589261917066,3.022774972729589,-6.81084347466992,-0.03528865955141781,4.189363240228937,-4.926470484775011,3.183113868198501,53.74370539013132,55.639158545271755,62.00341275510463,65.55094680656246,50.87667504902238,41.56861654493864,29.724992158253936,23.531400871152822,20.05495644907252,14.817052698904073,13.519871996040296,8.564846979854508,9.440226283421199,8.0700968378653,8.105168903855843,7.697548724522898,6.714551865816846,6.345829635883531,5.523605507552315,6.388736958121594,6631.0,173.0,713.0,959.0,1023.0,1030.0,779.6,587.0,330.0,1019.0,1098.0,758.5,5663.232421875
RBB13_210,RBB_n3_1.WAV,-406.69588924310347,27.57723343990668,-223.25037083687502,-32.466380509922566,50.40700337785015,-16.162754576855313,1.305787622548763,6.063377633923694,-9.005621936848213,-5.101455747781077,2.9105539736262895,5.244005954109527,-3.607763749545933,4.206345992876657,3.636692934627491,-8.10689888026343,4.795101587913847,-1.7221112039728705,0.9274457702371985,-0.4752060268158971,43.97825174410081,45.16626275598348,56.28189671976118,61.5203188249561,45.233573921514875,43.41571597247342,24.066101302730296,26.784089150063448,20.481520396889408,12.834643521791332,13.638133656228016,8.73501497294268,9.474198770333633,7.275234300537835,5.993046958376452,6.795769700542968,7.662873555151555,7.981673795008461,5.92344904515988,4.039374110251388,6576.0,362.0,713.0,963.0,1027.0,1028.0,818.6,470.0,381.0,950.0,1036.0,709.25,5749.365234375
RBB13_212,RBB_n3_1.WAV,-425.9784662856133,33.09352976705303,-207.62841930367898,-55.477377822314416,57.38254895652336,-3.9099405460801924,-9.248727574932616,24.180811517518453,-10.556893215667083,-5.7429403826764265,4.340970770968882,1.0549205965960655,-3.074947543583261,3.4736670938005263,7.945372107649741,-7.170625903884432,4.0230330195311,-0.05416314679554599,-6.321875724865958,-0.7695115399798506,48.107488174658236,48.41946366780469,58.665195720819256,55.9838517412828,45.209461892840984,41.66186221418765,27.924654627866765,23.211041229611027,25.96367211318892,16.074308090383038,16.738514505803725,10.925965505643168,10.8876621978281,8.615329322733274,6.672098816732174,7.042746531549773,6.432330047189231,5.9797112722348835,4.4278504793948725,2.938088698831023,6641.0,309.0,709.0,910.0,1013.0,1025.0,793.2,461.0,380.0,992.0,1212.0,761.25,5598.6328125
RBB13_216,RBB_n3_1.WAV,-401.5272913674073,19.90605657458892,-214.47769518634468,-22.0874267100858,35.56536396550498,6.609204552283917,-2.0136595054165762,-1.3024616877860946,3.931963934223292,-8.792230676451718,0.10569846959337487,12.266439726073695,-5.563456263553225,6.993065522675237,6.0581183279262,-3.826581383604752,3.70798782530895,-3.931233103479428,3.402209637100588,-5.554436296005921,45.44595208078621,50.034376469115536,59.72764122780794,65.51834623918086,42.345287365530304,37.67613553959393,30.364174262947536,15.724058311537085,27.47723195717799,13.20685578651476,9.047503993482199,10.264262938085205,8.39398772034111,11.55276894275645,5.236573297743371,5.720000452358784,8.437280506056062,8.112743013395097,5.378075854395077,5.7891498761646,6620.0,479.0,714.0,876.0,1021.0,1010.0,820.0,365.0,355.0,1054.0,1162.0,734.0,5620.166015625
RBB13_218,RBB_n3_1.WAV,-435.5078914967783,48.22765036879505,-204.46457130351433,-64.70641163927088,60.05745021154356,-1.2498219018556798,-5.511783190574607,24.081727559328854,-4.140216828542149,-8.934402137029629,-0.9057818013170356,8.423992211924809,-11.147262865126459,2.1424100130699038,6.84097296339389,-1.9228579577394669,-0.9994627323755602,6.34325555100665,-3.489937634466172,-2.331912152985603,45.89962721067395,49.36682991274785,58.86015195916819,55.53960222125802,47.00758451584681,40.87138885065008,36.09303001595683,22.520946509350118,27.805640678630706,18.53797537306073,17.22007877024961,12.592524310909374,9.02802243130527,7.30855417401047,6.749779520727697,8.460725408833202,7.211686851593611,5.734152420483844,4.728662081556172,4.000225785160733,6671.0,279.0,727.0,915.0,1002.0,1029.0,790.4,449.0,355.0,1075.0,1125.0,751.0,5641.69921875
RBB13_219,RBB_n3_1.WAV,-394.466297228124,23.946539233784897,-201.73950301267948,-31.4890321429579,43.852629746392275,-8.137963313414094,-5.902644270533155,12.328534130138303,-8.972772992766785,-10.926909377967094,6.623304680611932,2.5967954074167996,1.2412416759700227,-0.20290926811249713,8.86724437342881,-8.809387991296019,3.989218755498053,0.04307061980896306,-4.4930990435137845,-1.5051581342835987,44.910910891715325,61.42320564559202,64.74812976897175,63.00474392523108,45.1687856666837,43.8532113481093,24.846239128273897,20.48877221775531,24.16204932191195,12.803724326363087,14.546601955358518,11.298324144048603,12.882598421511954,10.209529318688723,6.417604391753853,9.199442406528949,6.677394725878771,4.500769989285083,4.560891738019261,5.334610699862131,6847.0,493.0,772.0,973.0,1013.0,1009.0,852.0,404.0,363.0,1015.0,1189.0,742.75,5727.83203125
RBB13_220,RBB_n3_1.WAV,-409.6267105350066,37.02408475721899,-207.48288527828453,-51.5572812395496,55.56067084779647,-12.970793327040193,-12.296435204612932,25.396078093750678,-12.044936527814219,0.8374581726464326,10.77793861639755,3.21537620757094,-3.4962935435645233,6.0776900398708475,-1.150015367202197,-10.673357485135453,0.8445045791911604,-0.8245471822291588,-2.391159821213559,-0.6823999110913093,58.3252657015206,45.37716987889695,62.40354545205917,60.9065655385091,45.68593732063642,47.415421010244515,27.98527442753325,18.953398870501886,19.280195248247562,13.888025459722042,17.48974765654728,10.368474692508027,9.935127214350064,6.658258093673875,8.860255175015359,7.81341218990106,6.003016832441663,5.171123679783895,4.690265357021096,4.858704288165704,6321.0,165.0,702.0,887.0,1031.0,1016.0,760.2,574.0,369.0,803.0,1068.0,703.5,5684.765625
RBB13_221,RBB_n3_1.WAV,-411.6906100600016,21.562423986575716,-211.52491858863687,-35.753824484824506,47.84319727532094,-5.818533217691782,3.20074502884201,8.928716480002896,-2.1632833204457356,-7.973901704538924,1.9613368682121501,3.140299850632172,-3.631403947577939,1.6864286616828332,7.132970085216869,-4.114910514222481,0.10123692891589998,0.5383615127232286,-2.4449379623399925,-4.236363704439755,47.25089297388509,59.62821400508606,59.68662835437026,61.51552346856606,44.235683728425364,44.28949420296922,30.933041928527345,18.32465279505611,20.47086824301602,11.9651368697773,14.299483011023627,13.240379379781015,11.148617641597015,7.510893154746501,6.99642977390488,8.422190134415818,5.987643939096197,7.853287737947247,6.533315115434192,6.347329214116128,6790.0,407.0,706.0,962.0,1029.0,1006.0,822.0,464.0,354.0,1032.0,1189.0,759.75,5706.298828125
RBB13_228,RBB_n3_1.WAV,-416.341032726222,31.756587804180974,-217.64568157181304,-30.711796798708612,39.632364610816516,-7.536177375898465,4.675759833410001,13.336278632376208,1.5015975226080778,-5.618758722148502,3.6864805947901265,7.48640417072561,-4.477351031855664,3.353313562580007,3.93223236521939,-7.0660021100887125,3.8450236182826836,-0.7776689117196967,-2.5641014610682222,-2.420814587720803,47.88420611436514,53.515502432665706,60.00240523814356,69.30590333344371,47.90955968374715,44.93187767894809,30.85299846426743,19.65955475184031,13.682811440914579,13.445055842206036,13.885968365165878,8.49812480982096,10.16207495996362,6.54259929475514,7.0239379276607785,5.758606183425535,6.742471607565192,7.193317873186559,4.495014399870865,5.037717823025484,6749.0,296.0,747.0,970.0,1001.0,1021.0,807.0,558.0,337.0,1043.0,1115.0,763.25,5706.298828125
RBB13_240,RBB_n3_1.WAV,-403.71733586769176,26.337739443283564,-204.25028713046584,-20.850135800442676,43.869488173612574,2.3380979893171285,1.9789509061190889,12.740809213553598,-5.445294924448319,-6.951483140865447,3.117671612968928,3.583885173203357,-3.138798339276901,4.042614881610272,6.599185168187058,-8.795865751064651,-0.3894142652028565,1.6580417158246548,-4.547291194329946,-0.24050714960087216,46.56806452047797,51.99935647388143,66.44696821600934,72.05272301011462,43.11027028306572,44.47473666986831,29.905067428149035,24.412571652632902,20.87651074358553,11.391070796229373,15.267023081540176,10.295291364928307,10.64131414991045,8.681146512882371,5.097207132342168,8.014298992409698,6.886422189702211,9.21913924256361,5.008656692751409,5.221201567632296,6701.0,287.0,751.0,979.0,1010.0,1022.0,809.8,531.0,369.0,976.0,1087.0,740.75,5641.69921875
RBB13_243,RBB_n3_1.WAV,-414.6272734906119,15.092757601756347,-218.22989128967777,-25.525196733854695,33.46936498482732,9.92929437220582,0.4723673903360627,19.66677809661688,1.200106466420661,-6.453438318213449,6.61018020134181,2.085634969855581,-4.931610892930691,4.737386659702135,6.220451681532848,-9.883121371378166,6.36119614180544,-1.1619281156488583,-1.814206934398942,0.43137893077795814,48.514916625199284,57.9638228403474,59.91127224060881,67.21255278397471,47.409705591535754,41.40797731588684,25.782692659435835,21.56001060476309,22.404625932406784,11.610945117613543,14.794390262029765,9.578234515211978,11.800243253499367,7.96868940731384,6.741151655318153,5.115659140673053,5.80063811233221,4.313403399568341,6.255417357883186,5.180404671004454,6624.0,121.0,718.0,901.0,1009.0,1012.0,752.2,640.0,400.0,959.0,1108.0,776.75,5706.298828125
RBB13_247,RBB_n3_1.WAV,-360.96505341158445,54.15397474128312,-192.48055853798866,-39.14272188919674,45.350588104775106,-7.5519263456141035,-6.42527356712021,15.979828207695041,-7.089990909027804,-5.709657242824401,4.937405669152607,-0.49482479772150023,-7.051695147597142,5.472813558564991,0.24663161452850266,-0.8974931414376062,1.6761150852456521,3.8944153179112893,-2.9736862347313515,-0.09074035983170584,50.642256168606416,55.8115077450469,64.57392415763304,58.37943308243318,47.123032203826064,44.505125582470235,34.5736033426233,18.366972564186984,13.932839930059522,17.766947190371255,11.837695220541251,10.359865313742276,9.446512406615026,7.012970968236983,9.164928670911145,11.245922219147339,6.338245877393588,5.998906382211613,5.166414650915505,5.191769892015061,6647.0,479.0,774.0,993.0,1018.0,1053.0,863.4,351.0,323.0,1014.0,1077.0,691.25,5598.6328125
RBB13_248,RBB_n3_1.WAV,-380.68950755522025,61.743736591480115,-202.10248504123336,-55.617203129826336,52.742361286095736,-15.938286586636735,-13.912286656585435,25.2296153446988,-13.010881436200988,-9.90469185695427,15.993877457863459,-6.545210568371981,-0.3879482525580463,6.161545101996764,-0.7082460143718933,-1.610955876051151,0.5584516571776067,-0.6442554006817557,-3.141142533124224,-1.1555734792512111,44.414001168744655,44.55712688746157,64.33242120961253,58.5327598634621,47.11997956389616,44.639029550049216,27.003900227817148,20.843486742750216,21.308249609563124,10.762662786757026,14.10359195138578,11.184616211509715,11.830329320529895,7.3000436155012425,7.621309096867399,9.839596139139738,4.654365555315505,5.34629512460956,5.651223772686598,5.001394171133084,6670.0,592.0,775.0,1009.0,1057.0,1043.0,895.2,368.0,276.0,930.0,1050.0,656.0,5641.69921875
RBB13_250,RBB_n3_1.WAV,-352.35938022634207,31.25774276884492,-196.4141131502265,-37.326094073684835,33.482462353593405,-6.810991331465216,-15.736191944675364,10.94160366315473,-6.954882613886119,-9.834156354274104,7.843165911066622,-0.06893625440578753,-2.2156723074823295,-0.5290666424728048,6.413674379143466,-8.439179565423638,6.4525371425533,-0.4492677675588226,-3.729008811500564,2.99193601688717,42.365257214317104,52.09444878796177,64.61009899665169,61.47935031802104,51.706437663470986,40.576944509480214,27.626694093606883,19.645812013222653,18.18852930789112,13.221252724331547,13.955481696094097,11.722121294305248,12.13902221268629,7.059281245028572,7.114681917502438,6.31352065690149,6.033274645481971,6.169312245428292,4.7471322709716555,5.029011122534499,6607.0,537.0,747.0,976.0,1047.0,1039.0,869.2,330.0,334.0,965.0,1084.0,678.25,5641.69921875
RBB13_251,RBB_n3_1.WAV,-373.7105280546187,42.786413964613594,-200.39519524973224,-46.258106143047875,45.415143724085134,-1.7393346816617783,-13.8555815604897,12.948827465763987,-7.153771870031047,-11.470290052921575,3.2560165965385957,4.093379436806651,-2.8260431901522964,3.367788466970168,3.4080033743907956,-5.551259076132449,1.1776146541496404,-0.04759936943392987,-3.443803229181394,1.091624295415089,42.915130847519315,52.765752868745246,59.244577110001565,65.21818340162851,45.32672167868606,41.9070489522986,23.942630235803826,19.691993688368836,27.596332641507043,14.496857777289478,12.530963963286707,13.996076801257049,13.308163165226622,6.442340764912953,7.798034470683396,5.054578761553852,5.874281002593614,6.86162789525109,6.905596387065118,9.183147113471724,6680.0,561.0,756.0,988.0,1036.0,1059.0,880.0,320.0,308.0,1013.0,1100.0,685.25,5663.232421875
RBB13_252,RBB_n3_1.WAV,-372.0327989142799,49.78685688356243,-189.95038694752438,-33.88266575645729,49.60331251823815,-15.437190255402824,-9.289429521248707,11.796248929058866,-18.57319616705657,-5.682878584031583,12.433704323317466,-5.868753261304762,-0.008431350350948686,7.274081717986465,1.1310651210281448,-2.046279274208984,1.033159548456112,1.7355974773358023,-4.718030744462564,0.5763123925406116,47.67000911323908,52.07870057540589,67.98285898159037,58.78840256553411,49.78664242592767,46.235511892630655,24.67769831739415,22.724306037020423,13.926851474512334,12.266665023188418,13.168421264221514,8.701116754495487,13.501271278505312,8.57559607582197,5.592259953001512,9.536287816331665,7.728999151741492,4.895222179411417,4.392554819149369,5.692927353601141,6739.0,444.0,778.0,998.0,1030.0,1040.0,858.0,425.0,336.0,1019.0,1091.0,717.75,5986.23046875
RBB13_253,RBB_n3_1.WAV,-385.49005142499055,30.864356255820688,-211.51581589661788,-43.66771445384217,45.31965089894023,-0.7442474111906506,-2.2241629457429375,18.62222116307246,-2.269246548790403,-7.429750080271647,11.082562899212922,-4.152461545084492,-4.3697849849622346,5.569100910063835,-0.6986198364646866,-5.054901262156301,3.3973879790610715,0.014464553509284321,-1.9274537882787226,0.0002534225794299516,44.64157481935745,51.202790087718014,61.12428702673341,63.942316981177726,47.07933277062085,44.7072006389834,28.381978243265642,20.286857602218603,17.860108383632454,10.945712176114315,13.533994668345496,16.576281829282056,11.291336831837794,6.449895333307577,6.265846572948212,10.56994296514027,5.11765828803284,4.657742035997066,6.044060584624285,5.4177421676155575,6668.0,553.0,749.0,987.0,1031.0,1043.0,872.6,356.0,339.0,967.0,1092.0,688.5,5684.765625
RBB13_254,RBB_n3_1.WAV,-376.12906786652593,44.45362582443588,-191.4630518982574,-38.629151824209636,55.89566522167156,-11.927565120666713,-8.810240213353437,9.788828357922437,-11.424297358779308,-3.308982498838872,1.2528622854139848,1.4326475608660674,-8.022032889993058,0.5878506156559418,4.985563688030111,-6.011946829278407,3.212878815936365,0.6968615625616661,-0.9511722949281979,-0.39427351802244376,44.36094392835483,51.6482258658711,62.541507007691955,66.36621783793736,45.362389948273986,39.02415487382484,34.50344133889837,25.786622511670984,14.747864461919301,11.515527574434763,12.014275781710534,9.980775380399916,10.553153567180555,10.320974557365133,7.283540881849247,10.06199784588529,6.044445356589083,4.797843742554799,6.8470890367091295,6.417687613424625,6593.0,374.0,738.0,978.0,1022.0,1049.0,832.2,406.0,325.0,968.0,1132.0,707.75,5706.298828125
RBB13_255,RBB_n3_1.WAV,-351.9656969105478,34.83711133060014,-189.41113800282932,-29.607078263021847,37.260988161763585,3.6890200199417302,-9.858557178875229,13.687882534000064,0.39496632497430245,-13.242999276059283,10.396475609238438,4.535947063969942,-8.411889969552393,6.210449658471902,-0.047293082196869056,-7.787088330916274,3.9662695780608686,-2.371283500570413,-2.3917964510491965,0.7514711213720048,55.64622366897253,48.00447447126948,70.10425777505925,66.35292119365856,47.479216460859185,38.943782952395885,23.178943052495054,19.836633355299917,19.0218407039444,14.41734033112285,14.82383728228493,9.937743676755348,11.254112518882053,7.707231626891226,9.816972490674877,7.0624960587176515,4.375002439895222,5.604857931282438,5.271369731696884,5.544128824244209,6668.0,551.0,764.0,983.0,1023.0,1011.0,866.4,344.0,307.0,975.0,1155.0,695.25,5727.83203125
RBB13_256,RBB_n3_1.WAV,-351.1019815839379,33.16761381688384,-193.59837513078335,-36.09558901156533,37.5805296698346,-5.719470273627934,-7.3034182937621805,17.682368160444547,-13.70451410834186,-2.9565410449982172,3.531545979134785,2.7544502235690596,-8.459376230396437,4.95461928302565,0.07654520761903078,-1.817668626681574,3.9394107262357343,1.7214807246720374,-2.269797270734499,-0.06669212487980118,45.466057310238504,59.99913257945084,66.9226115525513,58.94672077670279,43.84441794870793,41.45973222166253,32.60146692080021,21.797942484326775,15.44175960925946,12.303434149848156,14.600504146461919,9.194392649382083,8.934994810483786,7.802600939742591,7.996880710004816,7.880761473918292,4.12628999001385,4.917496350320677,4.103424426615977,4.1787352685877,6657.0,544.0,774.0,987.0,1040.0,1046.0,878.2,361.0,331.0,939.0,1093.0,681.0,5727.83203125
RBB13_258,RBB_n3_1.WAV,-351.643323702533,34.06610811557946,-191.6860174083317,-31.10594252625651,39.761272645149624,-10.131181238003128,-8.197198616753932,12.42976606222962,-6.242005292533391,-1.7180730099142143,6.959529768631392,0.6101792896832609,-1.1860397147594695,1.0076365249145998,6.820007423632295,-6.632686217633111,4.752235042909016,-3.0520700351206074,-1.5701717889877556,-0.6903619163077525,47.18377983135868,48.90364643947015,69.62435554521879,63.46551582679591,48.69368940155149,46.288831877912266,24.334386903251858,21.84616115935093,16.39351197315204,12.28350687665388,14.148511720328074,9.071189470187296,11.857376142872571,7.87088451480898,6.5029172152854,7.559844321019311,4.6704166333618895,5.020565542483058,3.921820980280365,5.134501656699485,6827.0,579.0,785.0,1018.0,1048.0,1053.0,896.6,379.0,333.0,963.0,1130.0,701.25,5684.765625
RBB13_259,RBB_n3_1.WAV,-366.94775375631315,41.4407434490687,-189.48031653452688,-26.95403475235373,44.5523933324719,1.3099184591307325,1.8016388402441454,7.439803514503242,-2.539785564437166,-11.318832431098432,1.7189218449104875,1.3160284507217672,-9.76639017635656,2.674899317496091,3.4656731389608697,-3.5052059665174524,0.3666890678911293,2.341645795798911,-1.3150449326760367,-3.9634517235759366,44.0056989669085,42.40784800374878,62.357373417448954,65.34317729224406,43.80840110313925,44.30908319096616,38.57843152438161,20.355493275403507,13.162647438046271,11.205362083911831,11.35390132461931,10.348873890126745,10.992794628335137,6.66369645171344,8.304666762601947,6.599230064231844,9.386858551928503,6.710662720424654,5.502391024804172,3.9099943655741565,6672.0,441.0,726.0,996.0,1031.0,1035.0,845.8,437.0,298.0,1008.0,1149.0,723.0,5878.564453125
RBB13_260,RBB_n3_1.WAV,-386.65212934234694,52.6343166839215,-182.93116083478748,-53.15750559482151,58.45579175603047,-6.735788082684179,-20.893586281448,17.973294099322604,-4.44744547373096,-14.971844006555733,15.294601206624955,4.083232645583978,-8.451081452035677,7.161329157684519,2.618832577613258,-8.148050317934857,1.3871393312595233,3.5036285189914596,-5.682650646460147,-1.4579134884249862,44.17882327768327,48.98278833289216,63.92558209279418,52.288849724934614,46.680451992869685,40.85261605944715,27.099810797183498,19.819465305530123,20.205453986498043,14.64471937702987,14.743156944744637,8.848652112208498,12.088445965074916,9.070314988210246,7.741205959159879,6.347285025683373,8.742924914583842,6.95785098635162,6.00025349219891,3.7765433107156383,6612.0,448.0,739.0,949.0,1007.0,1022.0,833.0,421.0,310.0,1077.0,1061.0,717.25,5598.6328125
RBB13_261,RBB_n3_1.WAV,-339.2858246962932,32.91771272300194,-173.2774103645516,-29.67277460039107,39.96681761151971,1.161057249615258,-21.856748593031877,7.0325705817296935,6.572839846285302,-14.4065014586466,10.209912826716657,1.47665423317213,-12.277017011098483,6.731200512415683,-0.7510161251703469,-1.005386410328776,-1.1606281827727358,4.5364263151430455,-1.5490062970233331,-3.439682226768761,44.02827493842047,50.42577535930341,62.68227881341072,57.43170761264584,46.01594114818326,43.77549965010626,29.705567167853633,20.029053318747213,18.14294201025948,14.684661807456937,14.432596506309803,8.855624400377323,8.299540821404337,8.01590288739182,8.027782553552601,6.197481528683792,8.860530079765871,7.8692852060062135,5.576435798644898,6.8321231385800045,6346.0,413.0,746.0,951.0,996.0,1037.0,828.6,410.0,344.0,990.0,917.0,665.25,5706.298828125
