accuracy,night1v,night1,night2,night3
accuracy,1.0,0.9966101694915255,0.7026022304832714,0.34285714285714286
